imgnum;imgpath;code;cause;type;organisme;confirmed;train_test_set;date;hour;artist;day_obs_count;subid
Idf02709;../data/Bousset_data/Images/Alt/Idf02709.jpg;Alt;Alternariose;Champignon;Alternaria brassicicola, A. brasicae;1;train;2023:03:21;09:34:39;nan;12;Alternaria brassicicola, A. brasicae
Idf02840;../data/Bousset_data/Images/Alt/Idf02840.jpg;Alt;Alternariose;Champignon;Alternaria brassicicola, A. brasicae;1;train;2023:03:21;10:11:34;nan;12;Alternaria brassicicola, A. brasicae
Idf02878;../data/Bousset_data/Images/Alt/Idf02878.jpg;Alt;Alternariose;Champignon;Alternaria brassicicola, A. brasicae;1;train;2023:03:21;10:20:57;nan;12;Alternaria brassicicola, A. brasicae
Idf02885;../data/Bousset_data/Images/Alt/Idf02885.jpg;Alt;Alternariose;Champignon;Alternaria brassicicola, A. brasicae;1;train;2023:03:21;10:22:02;nan;12;Alternaria brassicicola, A. brasicae
Idf02886;../data/Bousset_data/Images/Alt/Idf02886.jpg;Alt;Alternariose;Champignon;Alternaria brassicicola, A. brasicae;1;train;2023:03:21;10:22:14;nan;12;Alternaria brassicicola, A. brasicae
Idf02887;../data/Bousset_data/Images/Alt/Idf02887.jpg;Alt;Alternariose;Champignon;Alternaria brassicicola, A. brasicae;1;train;2023:03:21;10:22:20;nan;12;Alternaria brassicicola, A. brasicae
Idf02888;../data/Bousset_data/Images/Alt/Idf02888.jpg;Alt;Alternariose;Champignon;Alternaria brassicicola, A. brasicae;1;train;2023:03:21;10:22:22;nan;12;Alternaria brassicicola, A. brasicae
Idf02890;../data/Bousset_data/Images/Alt/Idf02890.jpg;Alt;Alternariose;Champignon;Alternaria brassicicola, A. brasicae;1;train;2023:03:21;10:22:34;nan;12;Alternaria brassicicola, A. brasicae
Idf02891;../data/Bousset_data/Images/Alt/Idf02891.jpg;Alt;Alternariose;Champignon;Alternaria brassicicola, A. brasicae;1;train;2023:03:21;10:22:47;nan;12;Alternaria brassicicola, A. brasicae
Idf02893;../data/Bousset_data/Images/Alt/Idf02893.jpg;Alt;Alternariose;Champignon;Alternaria brassicicola, A. brasicae;1;train;2023:03:21;10:23:10;nan;12;Alternaria brassicicola, A. brasicae
Idf02894;../data/Bousset_data/Images/Alt/Idf02894.jpg;Alt;Alternariose;Champignon;Alternaria brassicicola, A. brasicae;1;train;2023:03:21;10:23:16;nan;12;Alternaria brassicicola, A. brasicae
Idf02895;../data/Bousset_data/Images/Alt/Idf02895.jpg;Alt;Alternariose;Champignon;Alternaria brassicicola, A. brasicae;1;train;2023:03:21;10:23:19;nan;12;Alternaria brassicicola, A. brasicae
Idf02896;../data/Bousset_data/Images/Alt/Idf02896.jpg;Alt;Alternariose;Champignon;Alternaria brassicicola, A. brasicae;1;train;2023:03:21;10:23:31;nan;12;Alternaria brassicicola, A. brasicae
Idf03901;../data/Bousset_data/Images/Alt/Idf03901.jpg;Alt;Alternariose;Champignon;Alternaria brassicicola, A. brasicae;1;train;2023:04:05;15:52:10;nan;12;Alternaria brassicicola, A. brasicae
Idf03902;../data/Bousset_data/Images/Alt/Idf03902.jpg;Alt;Alternariose;Champignon;Alternaria brassicicola, A. brasicae;1;train;2023:04:05;15:52:13;nan;12;Alternaria brassicicola, A. brasicae
Idf04019;../data/VAULT/Bousset_data/Images/Alt/Idf04019.jpg;Alt;Alternariose;Champignon;Alternaria brassicicola, A. brasicae;1;vault;2023:04:06;12:55:14;nan;12;Alternaria brassicicola, A. brasicae
Idf04022;../data/VAULT/Bousset_data/Images/Alt/Idf04022.jpg;Alt;Alternariose;Champignon;Alternaria brassicicola, A. brasicae;1;vault;2023:04:06;12:55:28;nan;12;Alternaria brassicicola, A. brasicae
Idf04091;../data/VAULT/Bousset_data/Images/Alt/Idf04091.jpg;Alt;Alternariose;Champignon;Alternaria brassicicola, A. brasicae;1;vault;2023:04:06;13:09:24;nan;12;Alternaria brassicicola, A. brasicae
Idf04162;../data/VAULT/Bousset_data/Images/Alt/Idf04162.jpg;Alt;Alternariose;Champignon;Alternaria brassicicola, A. brasicae;1;vault;2023:04:06;15:35:49;nan;12;Alternaria brassicicola, A. brasicae
Idf04166;../data/VAULT/Bousset_data/Images/Alt/Idf04166.jpg;Alt;Alternariose;Champignon;Alternaria brassicicola, A. brasicae;1;vault;2023:04:06;15:36:18;nan;12;Alternaria brassicicola, A. brasicae
Idf04232;../data/VAULT/Bousset_data/Images/Alt/Idf04232.jpg;Alt;Alternariose;Champignon;Alternaria brassicicola, A. brasicae;1;vault;2023:04:06;15:47:08;nan;12;Alternaria brassicicola, A. brasicae
Idf04233;../data/VAULT/Bousset_data/Images/Alt/Idf04233.jpg;Alt;Alternariose;Champignon;Alternaria brassicicola, A. brasicae;1;vault;2023:04:06;15:47:20;nan;12;Alternaria brassicicola, A. brasicae
Idf04234;../data/VAULT/Bousset_data/Images/Alt/Idf04234.jpg;Alt;Alternariose;Champignon;Alternaria brassicicola, A. brasicae;1;vault;2023:04:06;15:47:25;nan;12;Alternaria brassicicola, A. brasicae
Idf04243;../data/VAULT/Bousset_data/Images/Alt/Idf04243.jpg;Alt;Alternariose;Champignon;Alternaria brassicicola, A. brasicae;1;vault;2023:04:06;15:48:58;nan;12;Alternaria brassicicola, A. brasicae
Idf04244;../data/VAULT/Bousset_data/Images/Alt/Idf04244.jpg;Alt;Alternariose;Champignon;Alternaria brassicicola, A. brasicae;1;vault;2023:04:06;15:49:10;nan;12;Alternaria brassicicola, A. brasicae
Idf04245;../data/VAULT/Bousset_data/Images/Alt/Idf04245.jpg;Alt;Alternariose;Champignon;Alternaria brassicicola, A. brasicae;1;vault;2023:04:06;15:49:16;nan;12;Alternaria brassicicola, A. brasicae
Idf04247;../data/VAULT/Bousset_data/Images/Alt/Idf04247.jpg;Alt;Alternariose;Champignon;Alternaria brassicicola, A. brasicae;1;vault;2023:04:06;15:49:24;nan;12;Alternaria brassicicola, A. brasicae
Idf04249;../data/VAULT/Bousset_data/Images/Alt/Idf04249.jpg;Alt;Alternariose;Champignon;Alternaria brassicicola, A. brasicae;1;vault;2023:04:06;15:49:40;nan;12;Alternaria brassicicola, A. brasicae
Idf04251;../data/VAULT/Bousset_data/Images/Alt/Idf04251.jpg;Alt;Alternariose;Champignon;Alternaria brassicicola, A. brasicae;1;vault;2023:04:06;15:49:57;nan;12;Alternaria brassicicola, A. brasicae
Idf04252;../data/VAULT/Bousset_data/Images/Alt/Idf04252.jpg;Alt;Alternariose;Champignon;Alternaria brassicicola, A. brasicae;1;vault;2023:04:06;15:50:03;nan;12;Alternaria brassicicola, A. brasicae
Idf04256;../data/VAULT/Bousset_data/Images/Alt/Idf04256.jpg;Alt;Alternariose;Champignon;Alternaria brassicicola, A. brasicae;1;vault;2023:04:06;15:50:49;nan;12;Alternaria brassicicola, A. brasicae
Idf04266;../data/VAULT/Bousset_data/Images/Alt/Idf04266.jpg;Alt;Alternariose;Champignon;Alternaria brassicicola, A. brasicae;1;vault;2023:04:06;15:53:14;nan;12;Alternaria brassicicola, A. brasicae
Idf04268;../data/VAULT/Bousset_data/Images/Alt/Idf04268.jpg;Alt;Alternariose;Champignon;Alternaria brassicicola, A. brasicae;1;vault;2023:04:06;15:53:38;nan;12;Alternaria brassicicola, A. brasicae
Idf04269;../data/VAULT/Bousset_data/Images/Alt/Idf04269.jpg;Alt;Alternariose;Champignon;Alternaria brassicicola, A. brasicae;1;vault;2023:04:06;15:53:50;nan;12;Alternaria brassicicola, A. brasicae
Idf04270;../data/VAULT/Bousset_data/Images/Alt/Idf04270.jpg;Alt;Alternariose;Champignon;Alternaria brassicicola, A. brasicae;1;vault;2023:04:06;15:53:57;nan;12;Alternaria brassicicola, A. brasicae
Idf04271;../data/VAULT/Bousset_data/Images/Alt/Idf04271.jpg;Alt;Alternariose;Champignon;Alternaria brassicicola, A. brasicae;1;vault;2023:04:06;15:54:07;nan;12;Alternaria brassicicola, A. brasicae
Idf04272;../data/VAULT/Bousset_data/Images/Alt/Idf04272.jpg;Alt;Alternariose;Champignon;Alternaria brassicicola, A. brasicae;1;vault;2023:04:06;15:54:17;nan;12;Alternaria brassicicola, A. brasicae
Idf04273;../data/VAULT/Bousset_data/Images/Alt/Idf04273.jpg;Alt;Alternariose;Champignon;Alternaria brassicicola, A. brasicae;1;vault;2023:04:06;15:54:23;nan;12;Alternaria brassicicola, A. brasicae
Idf04274;../data/VAULT/Bousset_data/Images/Alt/Idf04274.jpg;Alt;Alternariose;Champignon;Alternaria brassicicola, A. brasicae;1;vault;2023:04:06;15:54:53;nan;12;Alternaria brassicicola, A. brasicae
Idf04275;../data/VAULT/Bousset_data/Images/Alt/Idf04275.jpg;Alt;Alternariose;Champignon;Alternaria brassicicola, A. brasicae;1;vault;2023:04:06;15:55:07;nan;12;Alternaria brassicicola, A. brasicae
Idf04276;../data/VAULT/Bousset_data/Images/Alt/Idf04276.jpg;Alt;Alternariose;Champignon;Alternaria brassicicola, A. brasicae;1;vault;2023:04:06;15:55:22;nan;12;Alternaria brassicicola, A. brasicae
Idf04277;../data/VAULT/Bousset_data/Images/Alt/Idf04277.jpg;Alt;Alternariose;Champignon;Alternaria brassicicola, A. brasicae;1;vault;2023:04:06;15:55:35;nan;12;Alternaria brassicicola, A. brasicae
Idf04278;../data/VAULT/Bousset_data/Images/Alt/Idf04278.jpg;Alt;Alternariose;Champignon;Alternaria brassicicola, A. brasicae;1;vault;2023:04:06;15:55:39;nan;12;Alternaria brassicicola, A. brasicae
Idf04281;../data/VAULT/Bousset_data/Images/Alt/Idf04281.jpg;Alt;Alternariose;Champignon;Alternaria brassicicola, A. brasicae;1;vault;2023:04:06;15:55:50;nan;12;Alternaria brassicicola, A. brasicae
Idf04282;../data/VAULT/Bousset_data/Images/Alt/Idf04282.jpg;Alt;Alternariose;Champignon;Alternaria brassicicola, A. brasicae;1;vault;2023:04:06;15:55:59;nan;12;Alternaria brassicicola, A. brasicae
Idf04283;../data/VAULT/Bousset_data/Images/Alt/Idf04283.jpg;Alt;Alternariose;Champignon;Alternaria brassicicola, A. brasicae;1;vault;2023:04:06;15:56:02;nan;12;Alternaria brassicicola, A. brasicae
Idf04284;../data/VAULT/Bousset_data/Images/Alt/Idf04284.jpg;Alt;Alternariose;Champignon;Alternaria brassicicola, A. brasicae;1;vault;2023:04:06;15:56:08;nan;12;Alternaria brassicicola, A. brasicae
Idf04285;../data/VAULT/Bousset_data/Images/Alt/Idf04285.jpg;Alt;Alternariose;Champignon;Alternaria brassicicola, A. brasicae;1;vault;2023:04:06;15:56:12;nan;12;Alternaria brassicicola, A. brasicae
Idf04286;../data/VAULT/Bousset_data/Images/Alt/Idf04286.jpg;Alt;Alternariose;Champignon;Alternaria brassicicola, A. brasicae;1;vault;2023:04:06;15:56:29;nan;12;Alternaria brassicicola, A. brasicae
Idf04288;../data/VAULT/Bousset_data/Images/Alt/Idf04288.jpg;Alt;Alternariose;Champignon;Alternaria brassicicola, A. brasicae;1;vault;2023:04:06;15:57:10;nan;12;Alternaria brassicicola, A. brasicae
Idf04289;../data/VAULT/Bousset_data/Images/Alt/Idf04289.jpg;Alt;Alternariose;Champignon;Alternaria brassicicola, A. brasicae;1;vault;2023:04:06;15:57:25;nan;12;Alternaria brassicicola, A. brasicae
Idf04542;../data/Bousset_data/Images/Alt/Idf04542.jpg;Alt;Alternariose;Champignon;Alternaria brassicicola, A. brasicae;1;train;2023:04:20;14:11:45;nan;12;Alternaria brassicicola, A. brasicae
Idf04543;../data/Bousset_data/Images/Alt/Idf04543.jpg;Alt;Alternariose;Champignon;Alternaria brassicicola, A. brasicae;1;train;2023:04:20;14:11:56;nan;12;Alternaria brassicicola, A. brasicae
Idf04544;../data/Bousset_data/Images/Alt/Idf04544.jpg;Alt;Alternariose;Champignon;Alternaria brassicicola, A. brasicae;1;train;2023:04:20;14:12:06;nan;12;Alternaria brassicicola, A. brasicae
Idf04552;../data/Bousset_data/Images/Alt/Idf04552.jpg;Alt;Alternariose;Champignon;Alternaria brassicicola, A. brasicae;1;train;2023:04:20;14:13:21;nan;12;Alternaria brassicicola, A. brasicae
Idf04553;../data/Bousset_data/Images/Alt/Idf04553.jpg;Alt;Alternariose;Champignon;Alternaria brassicicola, A. brasicae;1;train;2023:04:20;14:13:27;nan;12;Alternaria brassicicola, A. brasicae
Idf04554;../data/Bousset_data/Images/Alt/Idf04554.jpg;Alt;Alternariose;Champignon;Alternaria brassicicola, A. brasicae;1;train;2023:04:20;14:13:32;nan;12;Alternaria brassicicola, A. brasicae
Idf04555;../data/Bousset_data/Images/Alt/Idf04555.jpg;Alt;Alternariose;Champignon;Alternaria brassicicola, A. brasicae;1;train;2023:04:20;14:13:39;nan;12;Alternaria brassicicola, A. brasicae
Idf04556;../data/Bousset_data/Images/Alt/Idf04556.jpg;Alt;Alternariose;Champignon;Alternaria brassicicola, A. brasicae;1;train;2023:04:20;14:13:41;nan;12;Alternaria brassicicola, A. brasicae
Idf04557;../data/Bousset_data/Images/Alt/Idf04557.jpg;Alt;Alternariose;Champignon;Alternaria brassicicola, A. brasicae;1;train;2023:04:20;14:13:47;nan;12;Alternaria brassicicola, A. brasicae
Idf04558;../data/Bousset_data/Images/Alt/Idf04558.jpg;Alt;Alternariose;Champignon;Alternaria brassicicola, A. brasicae;1;train;2023:04:20;14:13:52;nan;12;Alternaria brassicicola, A. brasicae
Idf04559;../data/Bousset_data/Images/Alt/Idf04559.jpg;Alt;Alternariose;Champignon;Alternaria brassicicola, A. brasicae;1;train;2023:04:20;14:13:55;nan;12;Alternaria brassicicola, A. brasicae
Idf04560;../data/Bousset_data/Images/Alt/Idf04560.jpg;Alt;Alternariose;Champignon;Alternaria brassicicola, A. brasicae;1;train;2023:04:20;14:14:02;nan;12;Alternaria brassicicola, A. brasicae
Idf04561;../data/Bousset_data/Images/Alt/Idf04561.jpg;Alt;Alternariose;Champignon;Alternaria brassicicola, A. brasicae;1;train;2023:04:20;14:14:21;nan;12;Alternaria brassicicola, A. brasicae
Idf04563;../data/Bousset_data/Images/Alt/Idf04563.jpg;Alt;Alternariose;Champignon;Alternaria brassicicola, A. brasicae;1;train;2023:04:20;14:14:29;nan;12;Alternaria brassicicola, A. brasicae
Idf04564;../data/Bousset_data/Images/Alt/Idf04564.jpg;Alt;Alternariose;Champignon;Alternaria brassicicola, A. brasicae;1;train;2023:04:20;14:14:37;nan;12;Alternaria brassicicola, A. brasicae
Idf04568;../data/Bousset_data/Images/Alt/Idf04568.jpg;Alt;Alternariose;Champignon;Alternaria brassicicola, A. brasicae;1;train;2023:04:20;14:15:46;nan;12;Alternaria brassicicola, A. brasicae
Idf04584;../data/Bousset_data/Images/Alt/Idf04584.jpg;Alt;Alternariose;Champignon;Alternaria brassicicola, A. brasicae;1;train;2023:04:20;14:18:17;nan;12;Alternaria brassicicola, A. brasicae
Idf04599;../data/Bousset_data/Images/Alt/Idf04599.jpg;Alt;Alternariose;Champignon;Alternaria brassicicola, A. brasicae;1;train;2023:04:20;14:20:06;nan;12;Alternaria brassicicola, A. brasicae
Idf04600;../data/Bousset_data/Images/Alt/Idf04600.jpg;Alt;Alternariose;Champignon;Alternaria brassicicola, A. brasicae;1;train;2023:04:20;14:20:18;nan;12;Alternaria brassicicola, A. brasicae
Idf04603;../data/Bousset_data/Images/Alt/Idf04603.jpg;Alt;Alternariose;Champignon;Alternaria brassicicola, A. brasicae;1;train;2023:04:20;14:20:34;nan;12;Alternaria brassicicola, A. brasicae
Idf04604;../data/Bousset_data/Images/Alt/Idf04604.jpg;Alt;Alternariose;Champignon;Alternaria brassicicola, A. brasicae;1;train;2023:04:20;14:20:41;nan;12;Alternaria brassicicola, A. brasicae
Idf04605;../data/Bousset_data/Images/Alt/Idf04605.jpg;Alt;Alternariose;Champignon;Alternaria brassicicola, A. brasicae;1;train;2023:04:20;14:20:54;nan;12;Alternaria brassicicola, A. brasicae
Idf04606;../data/Bousset_data/Images/Alt/Idf04606.jpg;Alt;Alternariose;Champignon;Alternaria brassicicola, A. brasicae;1;train;2023:04:20;14:20:59;nan;12;Alternaria brassicicola, A. brasicae
Idf04607;../data/Bousset_data/Images/Alt/Idf04607.jpg;Alt;Alternariose;Champignon;Alternaria brassicicola, A. brasicae;1;train;2023:04:20;14:21:01;nan;12;Alternaria brassicicola, A. brasicae
Idf04608;../data/Bousset_data/Images/Alt/Idf04608.jpg;Alt;Alternariose;Champignon;Alternaria brassicicola, A. brasicae;1;train;2023:04:20;14:21:11;nan;12;Alternaria brassicicola, A. brasicae
Idf04610;../data/Bousset_data/Images/Alt/Idf04610.jpg;Alt;Alternariose;Champignon;Alternaria brassicicola, A. brasicae;1;train;2023:04:20;14:21:25;nan;12;Alternaria brassicicola, A. brasicae
Idf04611;../data/Bousset_data/Images/Alt/Idf04611.jpg;Alt;Alternariose;Champignon;Alternaria brassicicola, A. brasicae;1;train;2023:04:20;14:21:26;nan;12;Alternaria brassicicola, A. brasicae
Idf04612;../data/Bousset_data/Images/Alt/Idf04612.jpg;Alt;Alternariose;Champignon;Alternaria brassicicola, A. brasicae;1;train;2023:04:20;14:21:32;nan;12;Alternaria brassicicola, A. brasicae
Idf04613;../data/Bousset_data/Images/Alt/Idf04613.jpg;Alt;Alternariose;Champignon;Alternaria brassicicola, A. brasicae;1;train;2023:04:20;14:21:40;nan;12;Alternaria brassicicola, A. brasicae
Idf04614;../data/Bousset_data/Images/Alt/Idf04614.jpg;Alt;Alternariose;Champignon;Alternaria brassicicola, A. brasicae;1;train;2023:04:20;14:21:45;nan;12;Alternaria brassicicola, A. brasicae
Idf04615;../data/Bousset_data/Images/Alt/Idf04615.jpg;Alt;Alternariose;Champignon;Alternaria brassicicola, A. brasicae;1;train;2023:04:20;14:21:49;nan;12;Alternaria brassicicola, A. brasicae
Idf04616;../data/Bousset_data/Images/Alt/Idf04616.jpg;Alt;Alternariose;Champignon;Alternaria brassicicola, A. brasicae;1;train;2023:04:20;14:21:57;nan;12;Alternaria brassicicola, A. brasicae
Idf04617;../data/Bousset_data/Images/Alt/Idf04617.jpg;Alt;Alternariose;Champignon;Alternaria brassicicola, A. brasicae;1;train;2023:04:20;14:22:02;nan;12;Alternaria brassicicola, A. brasicae
Idf04619;../data/Bousset_data/Images/Alt/Idf04619.jpg;Alt;Alternariose;Champignon;Alternaria brassicicola, A. brasicae;1;train;2023:04:20;14:22:13;nan;12;Alternaria brassicicola, A. brasicae
Idf04620;../data/Bousset_data/Images/Alt/Idf04620.jpg;Alt;Alternariose;Champignon;Alternaria brassicicola, A. brasicae;1;train;2023:04:20;14:22:16;nan;12;Alternaria brassicicola, A. brasicae
Idf04623;../data/Bousset_data/Images/Alt/Idf04623.jpg;Alt;Alternariose;Champignon;Alternaria brassicicola, A. brasicae;1;train;2023:04:20;14:22:32;nan;12;Alternaria brassicicola, A. brasicae
Idf04624;../data/Bousset_data/Images/Alt/Idf04624.jpg;Alt;Alternariose;Champignon;Alternaria brassicicola, A. brasicae;1;train;2023:04:20;14:22:43;nan;12;Alternaria brassicicola, A. brasicae
Idf04625;../data/Bousset_data/Images/Alt/Idf04625.jpg;Alt;Alternariose;Champignon;Alternaria brassicicola, A. brasicae;1;train;2023:04:20;14:22:45;nan;12;Alternaria brassicicola, A. brasicae
Idf04626;../data/Bousset_data/Images/Alt/Idf04626.jpg;Alt;Alternariose;Champignon;Alternaria brassicicola, A. brasicae;1;train;2023:04:20;14:23:01;nan;12;Alternaria brassicicola, A. brasicae
Idf04641;../data/Bousset_data/Images/Alt/Idf04641.jpg;Alt;Alternariose;Champignon;Alternaria brassicicola, A. brasicae;1;train;2023:04:20;14:24:29;nan;12;Alternaria brassicicola, A. brasicae
Idf04642;../data/Bousset_data/Images/Alt/Idf04642.jpg;Alt;Alternariose;Champignon;Alternaria brassicicola, A. brasicae;1;train;2023:04:20;14:24:41;nan;12;Alternaria brassicicola, A. brasicae
Idf04647;../data/Bousset_data/Images/Alt/Idf04647.jpg;Alt;Alternariose;Champignon;Alternaria brassicicola, A. brasicae;1;train;2023:04:20;14:25:26;nan;12;Alternaria brassicicola, A. brasicae
Idf04648;../data/Bousset_data/Images/Alt/Idf04648.jpg;Alt;Alternariose;Champignon;Alternaria brassicicola, A. brasicae;1;train;2023:04:20;14:25:34;nan;12;Alternaria brassicicola, A. brasicae
Idf04649;../data/Bousset_data/Images/Alt/Idf04649.jpg;Alt;Alternariose;Champignon;Alternaria brassicicola, A. brasicae;1;train;2023:04:20;14:25:42;nan;12;Alternaria brassicicola, A. brasicae
Idf04655;../data/Bousset_data/Images/Alt/Idf04655.jpg;Alt;Alternariose;Champignon;Alternaria brassicicola, A. brasicae;1;train;2023:04:20;14:26:39;nan;12;Alternaria brassicicola, A. brasicae
Idf04656;../data/Bousset_data/Images/Alt/Idf04656.jpg;Alt;Alternariose;Champignon;Alternaria brassicicola, A. brasicae;1;train;2023:04:20;14:26:42;nan;12;Alternaria brassicicola, A. brasicae
Idf04666;../data/Bousset_data/Images/Alt/Idf04666.jpg;Alt;Alternariose;Champignon;Alternaria brassicicola, A. brasicae;1;train;2023:04:20;14:27:58;nan;12;Alternaria brassicicola, A. brasicae
Idf04668;../data/Bousset_data/Images/Alt/Idf04668.jpg;Alt;Alternariose;Champignon;Alternaria brassicicola, A. brasicae;1;train;2023:04:20;14:28:13;nan;12;Alternaria brassicicola, A. brasicae
Idf04669;../data/Bousset_data/Images/Alt/Idf04669.jpg;Alt;Alternariose;Champignon;Alternaria brassicicola, A. brasicae;1;train;2023:04:20;14:28:21;nan;12;Alternaria brassicicola, A. brasicae
Idf04679;../data/Bousset_data/Images/Alt/Idf04679.jpg;Alt;Alternariose;Champignon;Alternaria brassicicola, A. brasicae;1;train;2023:04:20;14:29:25;nan;12;Alternaria brassicicola, A. brasicae
Idf04682;../data/Bousset_data/Images/Alt/Idf04682.jpg;Alt;Alternariose;Champignon;Alternaria brassicicola, A. brasicae;1;train;2023:04:20;14:29:46;nan;12;Alternaria brassicicola, A. brasicae
Idf04683;../data/Bousset_data/Images/Alt/Idf04683.jpg;Alt;Alternariose;Champignon;Alternaria brassicicola, A. brasicae;1;train;2023:04:20;14:29:50;nan;12;Alternaria brassicicola, A. brasicae
Idf04684;../data/Bousset_data/Images/Alt/Idf04684.jpg;Alt;Alternariose;Champignon;Alternaria brassicicola, A. brasicae;1;train;2023:04:20;14:29:54;nan;12;Alternaria brassicicola, A. brasicae
Idf04700;../data/Bousset_data/Images/Alt/Idf04700.jpg;Alt;Alternariose;Champignon;Alternaria brassicicola, A. brasicae;1;train;2023:04:20;14:32:11;nan;12;Alternaria brassicicola, A. brasicae
Idf04701;../data/Bousset_data/Images/Alt/Idf04701.jpg;Alt;Alternariose;Champignon;Alternaria brassicicola, A. brasicae;1;train;2023:04:20;14:32:14;nan;12;Alternaria brassicicola, A. brasicae
Idf04704;../data/Bousset_data/Images/Alt/Idf04704.jpg;Alt;Alternariose;Champignon;Alternaria brassicicola, A. brasicae;1;train;2023:04:20;14:32:33;nan;12;Alternaria brassicicola, A. brasicae
Idf04705;../data/Bousset_data/Images/Alt/Idf04705.jpg;Alt;Alternariose;Champignon;Alternaria brassicicola, A. brasicae;1;train;2023:04:20;14:32:41;nan;12;Alternaria brassicicola, A. brasicae
Idf04710;../data/Bousset_data/Images/Alt/Idf04710.jpg;Alt;Alternariose;Champignon;Alternaria brassicicola, A. brasicae;1;train;2023:04:20;14:33:13;nan;12;Alternaria brassicicola, A. brasicae
Idf04711;../data/Bousset_data/Images/Alt/Idf04711.jpg;Alt;Alternariose;Champignon;Alternaria brassicicola, A. brasicae;1;train;2023:04:20;14:33:16;nan;12;Alternaria brassicicola, A. brasicae
Idf04714;../data/Bousset_data/Images/Alt/Idf04714.jpg;Alt;Alternariose;Champignon;Alternaria brassicicola, A. brasicae;1;train;2023:04:20;14:33:39;nan;12;Alternaria brassicicola, A. brasicae
Idf04715;../data/Bousset_data/Images/Alt/Idf04715.jpg;Alt;Alternariose;Champignon;Alternaria brassicicola, A. brasicae;1;train;2023:04:20;14:33:42;nan;12;Alternaria brassicicola, A. brasicae
Idf04716;../data/Bousset_data/Images/Alt/Idf04716.jpg;Alt;Alternariose;Champignon;Alternaria brassicicola, A. brasicae;1;train;2023:04:20;14:33:45;nan;12;Alternaria brassicicola, A. brasicae
Idf04717;../data/Bousset_data/Images/Alt/Idf04717.jpg;Alt;Alternariose;Champignon;Alternaria brassicicola, A. brasicae;1;train;2023:04:20;14:33:48;nan;12;Alternaria brassicicola, A. brasicae
Idf04720;../data/Bousset_data/Images/Alt/Idf04720.jpg;Alt;Alternariose;Champignon;Alternaria brassicicola, A. brasicae;1;train;2023:04:20;14:34:03;nan;12;Alternaria brassicicola, A. brasicae
Idf04721;../data/Bousset_data/Images/Alt/Idf04721.jpg;Alt;Alternariose;Champignon;Alternaria brassicicola, A. brasicae;1;train;2023:04:20;14:34:07;nan;12;Alternaria brassicicola, A. brasicae
Idf08248;../data/Bousset_data/Images/Alt/Idf08248.jpg;Alt;Alternariose;Champignon;Alternaria brassicicola, A. brasicae;1;train;2023:10:06;16:58:21;nan;12;Alternaria brassicicola, A. brasicae
Idf09186;../data/Bousset_data/Images/Alt/Idf09186.jpg;Alt;Alternariose;Champignon;Alternaria brassicicola, A. brasicae;1;train;2023:11:15;15:10:43;nan;12;Alternaria brassicicola, A. brasicae
Idf09658;../data/Bousset_data/Images/Alt/Idf09658.jpg;Alt;Alternariose;Champignon;Alternaria brassicicola, A. brasicae;1;train;2023:11:24;15:41:31;nan;12;Alternaria brassicicola, A. brasicae
Idf09664;../data/Bousset_data/Images/Alt/Idf09664.jpg;Alt;Alternariose;Champignon;Alternaria brassicicola, A. brasicae;1;train;2023:11:24;15:42:11;nan;12;Alternaria brassicicola, A. brasicae
Idf09671;../data/Bousset_data/Images/Alt/Idf09671.jpg;Alt;Alternariose;Champignon;Alternaria brassicicola, A. brasicae;1;train;2023:11:24;15:43:15;nan;12;Alternaria brassicicola, A. brasicae
Idf09672;../data/Bousset_data/Images/Alt/Idf09672.jpg;Alt;Alternariose;Champignon;Alternaria brassicicola, A. brasicae;1;train;2023:11:24;15:43:20;nan;12;Alternaria brassicicola, A. brasicae
Idf09683;../data/Bousset_data/Images/Alt/Idf09683.jpg;Alt;Alternariose;Champignon;Alternaria brassicicola, A. brasicae;1;train;2023:11:24;15:44:50;nan;12;Alternaria brassicicola, A. brasicae
Idf09687;../data/Bousset_data/Images/Alt/Idf09687.jpg;Alt;Alternariose;Champignon;Alternaria brassicicola, A. brasicae;1;train;2023:11:24;15:45:19;nan;12;Alternaria brassicicola, A. brasicae
Idf09691;../data/Bousset_data/Images/Alt/Idf09691.jpg;Alt;Alternariose;Champignon;Alternaria brassicicola, A. brasicae;1;train;2023:11:24;15:46:06;nan;12;Alternaria brassicicola, A. brasicae
Idf09692;../data/Bousset_data/Images/Alt/Idf09692.jpg;Alt;Alternariose;Champignon;Alternaria brassicicola, A. brasicae;1;train;2023:11:24;15:46:09;nan;12;Alternaria brassicicola, A. brasicae
Idf09693;../data/Bousset_data/Images/Alt/Idf09693.jpg;Alt;Alternariose;Champignon;Alternaria brassicicola, A. brasicae;1;train;2023:11:24;15:46:14;nan;12;Alternaria brassicicola, A. brasicae
Idf09694;../data/Bousset_data/Images/Alt/Idf09694.jpg;Alt;Alternariose;Champignon;Alternaria brassicicola, A. brasicae;1;train;2023:11:24;15:46:18;nan;12;Alternaria brassicicola, A. brasicae
Idf09695;../data/Bousset_data/Images/Alt/Idf09695.jpg;Alt;Alternariose;Champignon;Alternaria brassicicola, A. brasicae;1;train;2023:11:28;11:59:06;nan;12;Alternaria brassicicola, A. brasicae
Idf09696;../data/Bousset_data/Images/Alt/Idf09696.jpg;Alt;Alternariose;Champignon;Alternaria brassicicola, A. brasicae;1;train;2023:11:28;11:59:15;nan;12;Alternaria brassicicola, A. brasicae
Idf09702;../data/Bousset_data/Images/Alt/Idf09702.jpg;Alt;Alternariose;Champignon;Alternaria brassicicola, A. brasicae;1;train;2023:11:28;12:01:53;nan;12;Alternaria brassicicola, A. brasicae
Idf09703;../data/Bousset_data/Images/Alt/Idf09703.jpg;Alt;Alternariose;Champignon;Alternaria brassicicola, A. brasicae;1;train;2023:11:28;12:02:03;nan;12;Alternaria brassicicola, A. brasicae
Idf10326;../data/Bousset_data/Images/Alt/Idf10326.jpg;Alt;Alternariose;Champignon;Alternaria brassicicola, A. brasicae;1;train;2023:12:22;13:55:24;nan;12;Alternaria brassicicola, A. brasicae
Idf10434;../data/Bousset_data/Images/Alt/Idf10434.jpg;Alt;Alternariose;Champignon;Alternaria brassicicola, A. brasicae;1;train;2024:01:22;12:21:12;nan;12;Alternaria brassicicola, A. brasicae
Idf10442;../data/Bousset_data/Images/Alt/Idf10442.jpg;Alt;Alternariose;Champignon;Alternaria brassicicola, A. brasicae;1;train;2024:01:22;12:21:51;nan;12;Alternaria brassicicola, A. brasicae
Idf10777;../data/Bousset_data/Images/Alt/Idf10777.jpg;Alt;Alternariose;Champignon;Alternaria brassicicola, A. brasicae;1;train;2024:02:15;12:46:55;nan;12;Alternaria brassicicola, A. brasicae
Idf10778;../data/Bousset_data/Images/Alt/Idf10778.jpg;Alt;Alternariose;Champignon;Alternaria brassicicola, A. brasicae;1;train;2024:02:15;12:47:07;nan;12;Alternaria brassicicola, A. brasicae
Idf10779;../data/Bousset_data/Images/Alt/Idf10779.jpg;Alt;Alternariose;Champignon;Alternaria brassicicola, A. brasicae;1;train;2024:02:15;12:47:17;nan;12;Alternaria brassicicola, A. brasicae
Idf10780;../data/Bousset_data/Images/Alt/Idf10780.jpg;Alt;Alternariose;Champignon;Alternaria brassicicola, A. brasicae;1;train;2024:02:15;12:47:20;nan;12;Alternaria brassicicola, A. brasicae
Idf10781;../data/Bousset_data/Images/Alt/Idf10781.jpg;Alt;Alternariose;Champignon;Alternaria brassicicola, A. brasicae;1;train;2024:02:15;12:47:25;nan;12;Alternaria brassicicola, A. brasicae
Idf10782;../data/Bousset_data/Images/Alt/Idf10782.jpg;Alt;Alternariose;Champignon;Alternaria brassicicola, A. brasicae;1;train;2024:02:15;12:47:27;nan;12;Alternaria brassicicola, A. brasicae
Idf10783;../data/Bousset_data/Images/Alt/Idf10783.jpg;Alt;Alternariose;Champignon;Alternaria brassicicola, A. brasicae;1;train;2024:02:15;12:47:37;nan;12;Alternaria brassicicola, A. brasicae
Idf10784;../data/Bousset_data/Images/Alt/Idf10784.jpg;Alt;Alternariose;Champignon;Alternaria brassicicola, A. brasicae;1;train;2024:02:15;12:47:40;nan;12;Alternaria brassicicola, A. brasicae
Idf10785;../data/Bousset_data/Images/Alt/Idf10785.jpg;Alt;Alternariose;Champignon;Alternaria brassicicola, A. brasicae;1;train;2024:02:15;12:47:50;nan;12;Alternaria brassicicola, A. brasicae
Idf10786;../data/Bousset_data/Images/Alt/Idf10786.jpg;Alt;Alternariose;Champignon;Alternaria brassicicola, A. brasicae;1;train;2024:02:15;12:47:52;nan;12;Alternaria brassicicola, A. brasicae
Idf10787;../data/Bousset_data/Images/Alt/Idf10787.jpg;Alt;Alternariose;Champignon;Alternaria brassicicola, A. brasicae;1;train;2024:02:15;12:47:57;nan;12;Alternaria brassicicola, A. brasicae
Idf10788;../data/Bousset_data/Images/Alt/Idf10788.jpg;Alt;Alternariose;Champignon;Alternaria brassicicola, A. brasicae;1;train;2024:02:15;12:48:01;nan;12;Alternaria brassicicola, A. brasicae
Idf10789;../data/Bousset_data/Images/Alt/Idf10789.jpg;Alt;Alternariose;Champignon;Alternaria brassicicola, A. brasicae;1;train;2024:02:15;12:48:07;nan;12;Alternaria brassicicola, A. brasicae
Idf10790;../data/Bousset_data/Images/Alt/Idf10790.jpg;Alt;Alternariose;Champignon;Alternaria brassicicola, A. brasicae;1;train;2024:02:15;12:48:13;nan;12;Alternaria brassicicola, A. brasicae
Idf10791;../data/Bousset_data/Images/Alt/Idf10791.jpg;Alt;Alternariose;Champignon;Alternaria brassicicola, A. brasicae;1;train;2024:02:15;12:48:25;nan;12;Alternaria brassicicola, A. brasicae
Idf10792;../data/Bousset_data/Images/Alt/Idf10792.jpg;Alt;Alternariose;Champignon;Alternaria brassicicola, A. brasicae;1;train;2024:02:15;12:48:27;nan;12;Alternaria brassicicola, A. brasicae
Idf10793;../data/Bousset_data/Images/Alt/Idf10793.jpg;Alt;Alternariose;Champignon;Alternaria brassicicola, A. brasicae;1;train;2024:02:15;12:48:37;nan;12;Alternaria brassicicola, A. brasicae
Idf10794;../data/Bousset_data/Images/Alt/Idf10794.jpg;Alt;Alternariose;Champignon;Alternaria brassicicola, A. brasicae;1;train;2024:02:15;12:48:48;nan;12;Alternaria brassicicola, A. brasicae
Idf10795;../data/Bousset_data/Images/Alt/Idf10795.jpg;Alt;Alternariose;Champignon;Alternaria brassicicola, A. brasicae;1;train;2024:02:15;12:48:50;nan;12;Alternaria brassicicola, A. brasicae
Idf10796;../data/Bousset_data/Images/Alt/Idf10796.jpg;Alt;Alternariose;Champignon;Alternaria brassicicola, A. brasicae;1;train;2024:02:15;12:48:54;nan;12;Alternaria brassicicola, A. brasicae
Idf10797;../data/Bousset_data/Images/Alt/Idf10797.jpg;Alt;Alternariose;Champignon;Alternaria brassicicola, A. brasicae;1;train;2024:02:15;12:49:02;nan;12;Alternaria brassicicola, A. brasicae
Idf10799;../data/Bousset_data/Images/Alt/Idf10799.jpg;Alt;Alternariose;Champignon;Alternaria brassicicola, A. brasicae;1;train;2024:02:15;12:49:11;nan;12;Alternaria brassicicola, A. brasicae
Idf10800;../data/Bousset_data/Images/Alt/Idf10800.jpg;Alt;Alternariose;Champignon;Alternaria brassicicola, A. brasicae;1;train;2024:02:15;12:49:17;nan;12;Alternaria brassicicola, A. brasicae
Idf10803;../data/Bousset_data/Images/Alt/Idf10803.jpg;Alt;Alternariose;Champignon;Alternaria brassicicola, A. brasicae;1;train;2024:02:15;12:49:36;nan;12;Alternaria brassicicola, A. brasicae
Idf10804;../data/Bousset_data/Images/Alt/Idf10804.jpg;Alt;Alternariose;Champignon;Alternaria brassicicola, A. brasicae;1;train;2024:02:15;12:49:39;nan;12;Alternaria brassicicola, A. brasicae
Idf10805;../data/Bousset_data/Images/Alt/Idf10805.jpg;Alt;Alternariose;Champignon;Alternaria brassicicola, A. brasicae;1;train;2024:02:15;12:49:43;nan;12;Alternaria brassicicola, A. brasicae
Idf10807;../data/Bousset_data/Images/Alt/Idf10807.jpg;Alt;Alternariose;Champignon;Alternaria brassicicola, A. brasicae;1;train;2024:02:15;12:49:56;nan;12;Alternaria brassicicola, A. brasicae
Idf10808;../data/Bousset_data/Images/Alt/Idf10808.jpg;Alt;Alternariose;Champignon;Alternaria brassicicola, A. brasicae;1;train;2024:02:15;12:49:57;nan;12;Alternaria brassicicola, A. brasicae
Idf10809;../data/Bousset_data/Images/Alt/Idf10809.jpg;Alt;Alternariose;Champignon;Alternaria brassicicola, A. brasicae;1;train;2024:02:15;12:50:05;nan;12;Alternaria brassicicola, A. brasicae
Idf10810;../data/Bousset_data/Images/Alt/Idf10810.jpg;Alt;Alternariose;Champignon;Alternaria brassicicola, A. brasicae;1;train;2024:02:15;12:50:11;nan;12;Alternaria brassicicola, A. brasicae
Idf10811;../data/Bousset_data/Images/Alt/Idf10811.jpg;Alt;Alternariose;Champignon;Alternaria brassicicola, A. brasicae;1;train;2024:02:15;12:50:14;nan;12;Alternaria brassicicola, A. brasicae
Idf10812;../data/Bousset_data/Images/Alt/Idf10812.jpg;Alt;Alternariose;Champignon;Alternaria brassicicola, A. brasicae;1;train;2024:02:15;12:50:22;nan;12;Alternaria brassicicola, A. brasicae
Idf10814;../data/Bousset_data/Images/Alt/Idf10814.jpg;Alt;Alternariose;Champignon;Alternaria brassicicola, A. brasicae;1;train;2024:02:15;12:50:43;nan;12;Alternaria brassicicola, A. brasicae
Idf10815;../data/Bousset_data/Images/Alt/Idf10815.jpg;Alt;Alternariose;Champignon;Alternaria brassicicola, A. brasicae;1;train;2024:02:15;12:50:46;nan;12;Alternaria brassicicola, A. brasicae
Idf10816;../data/Bousset_data/Images/Alt/Idf10816.jpg;Alt;Alternariose;Champignon;Alternaria brassicicola, A. brasicae;1;train;2024:02:15;12:50:51;nan;12;Alternaria brassicicola, A. brasicae
Idf10817;../data/Bousset_data/Images/Alt/Idf10817.jpg;Alt;Alternariose;Champignon;Alternaria brassicicola, A. brasicae;1;train;2024:02:15;12:50:55;nan;12;Alternaria brassicicola, A. brasicae
Idf10818;../data/Bousset_data/Images/Alt/Idf10818.jpg;Alt;Alternariose;Champignon;Alternaria brassicicola, A. brasicae;1;train;2024:02:15;12:51:00;nan;12;Alternaria brassicicola, A. brasicae
Idf10819;../data/Bousset_data/Images/Alt/Idf10819.jpg;Alt;Alternariose;Champignon;Alternaria brassicicola, A. brasicae;1;train;2024:02:15;12:51:04;nan;12;Alternaria brassicicola, A. brasicae
Idf10820;../data/Bousset_data/Images/Alt/Idf10820.jpg;Alt;Alternariose;Champignon;Alternaria brassicicola, A. brasicae;1;train;2024:02:15;12:51:09;nan;12;Alternaria brassicicola, A. brasicae
Idf10821;../data/Bousset_data/Images/Alt/Idf10821.jpg;Alt;Alternariose;Champignon;Alternaria brassicicola, A. brasicae;1;train;2024:02:15;12:51:11;nan;12;Alternaria brassicicola, A. brasicae
Idf10822;../data/Bousset_data/Images/Alt/Idf10822.jpg;Alt;Alternariose;Champignon;Alternaria brassicicola, A. brasicae;1;train;2024:02:15;12:51:14;nan;12;Alternaria brassicicola, A. brasicae
Idf10823;../data/Bousset_data/Images/Alt/Idf10823.jpg;Alt;Alternariose;Champignon;Alternaria brassicicola, A. brasicae;1;train;2024:02:15;12:51:29;nan;12;Alternaria brassicicola, A. brasicae
Idf10827;../data/Bousset_data/Images/Alt/Idf10827.jpg;Alt;Alternariose;Champignon;Alternaria brassicicola, A. brasicae;1;train;2024:02:15;12:51:50;nan;12;Alternaria brassicicola, A. brasicae
Idf10828;../data/Bousset_data/Images/Alt/Idf10828.jpg;Alt;Alternariose;Champignon;Alternaria brassicicola, A. brasicae;1;train;2024:02:15;12:51:53;nan;12;Alternaria brassicicola, A. brasicae
Idf10829;../data/Bousset_data/Images/Alt/Idf10829.jpg;Alt;Alternariose;Champignon;Alternaria brassicicola, A. brasicae;1;train;2024:02:15;12:51:58;nan;12;Alternaria brassicicola, A. brasicae
Idf10830;../data/Bousset_data/Images/Alt/Idf10830.jpg;Alt;Alternariose;Champignon;Alternaria brassicicola, A. brasicae;1;train;2024:02:15;12:52:02;nan;12;Alternaria brassicicola, A. brasicae
Idf10831;../data/Bousset_data/Images/Alt/Idf10831.jpg;Alt;Alternariose;Champignon;Alternaria brassicicola, A. brasicae;1;train;2024:02:15;12:52:06;nan;12;Alternaria brassicicola, A. brasicae
Idf10832;../data/Bousset_data/Images/Alt/Idf10832.jpg;Alt;Alternariose;Champignon;Alternaria brassicicola, A. brasicae;1;train;2024:02:15;12:52:08;nan;12;Alternaria brassicicola, A. brasicae
Idf10833;../data/Bousset_data/Images/Alt/Idf10833.jpg;Alt;Alternariose;Champignon;Alternaria brassicicola, A. brasicae;1;train;2024:02:15;12:52:11;nan;12;Alternaria brassicicola, A. brasicae
Idf10834;../data/Bousset_data/Images/Alt/Idf10834.jpg;Alt;Alternariose;Champignon;Alternaria brassicicola, A. brasicae;1;train;2024:02:15;12:52:15;nan;12;Alternaria brassicicola, A. brasicae
Idf10835;../data/Bousset_data/Images/Alt/Idf10835.jpg;Alt;Alternariose;Champignon;Alternaria brassicicola, A. brasicae;1;train;2024:02:15;12:52:18;nan;12;Alternaria brassicicola, A. brasicae
Idf10836;../data/Bousset_data/Images/Alt/Idf10836.jpg;Alt;Alternariose;Champignon;Alternaria brassicicola, A. brasicae;1;train;2024:02:15;12:52:26;nan;12;Alternaria brassicicola, A. brasicae
Idf10837;../data/Bousset_data/Images/Alt/Idf10837.jpg;Alt;Alternariose;Champignon;Alternaria brassicicola, A. brasicae;1;train;2024:02:15;12:52:29;nan;12;Alternaria brassicicola, A. brasicae
Idf10838;../data/Bousset_data/Images/Alt/Idf10838.jpg;Alt;Alternariose;Champignon;Alternaria brassicicola, A. brasicae;1;train;2024:02:15;12:52:35;nan;12;Alternaria brassicicola, A. brasicae
Idf10839;../data/Bousset_data/Images/Alt/Idf10839.jpg;Alt;Alternariose;Champignon;Alternaria brassicicola, A. brasicae;1;train;2024:02:15;12:52:39;nan;12;Alternaria brassicicola, A. brasicae
Idf10840;../data/Bousset_data/Images/Alt/Idf10840.jpg;Alt;Alternariose;Champignon;Alternaria brassicicola, A. brasicae;1;train;2024:02:15;12:52:44;nan;12;Alternaria brassicicola, A. brasicae
Idf10841;../data/Bousset_data/Images/Alt/Idf10841.jpg;Alt;Alternariose;Champignon;Alternaria brassicicola, A. brasicae;1;train;2024:02:15;12:52:47;nan;12;Alternaria brassicicola, A. brasicae
Idf10842;../data/Bousset_data/Images/Alt/Idf10842.jpg;Alt;Alternariose;Champignon;Alternaria brassicicola, A. brasicae;1;train;2024:02:15;12:52:58;nan;12;Alternaria brassicicola, A. brasicae
Idf10843;../data/Bousset_data/Images/Alt/Idf10843.jpg;Alt;Alternariose;Champignon;Alternaria brassicicola, A. brasicae;1;train;2024:02:15;12:53:06;nan;12;Alternaria brassicicola, A. brasicae
Idf10844;../data/Bousset_data/Images/Alt/Idf10844.jpg;Alt;Alternariose;Champignon;Alternaria brassicicola, A. brasicae;1;train;2024:02:15;12:53:08;nan;12;Alternaria brassicicola, A. brasicae
Idf10845;../data/Bousset_data/Images/Alt/Idf10845.jpg;Alt;Alternariose;Champignon;Alternaria brassicicola, A. brasicae;1;train;2024:02:15;12:53:13;nan;12;Alternaria brassicicola, A. brasicae
Idf10846;../data/Bousset_data/Images/Alt/Idf10846.jpg;Alt;Alternariose;Champignon;Alternaria brassicicola, A. brasicae;1;train;2024:02:15;12:53:21;nan;12;Alternaria brassicicola, A. brasicae
Idf10847;../data/Bousset_data/Images/Alt/Idf10847.jpg;Alt;Alternariose;Champignon;Alternaria brassicicola, A. brasicae;1;train;2024:02:15;12:53:25;nan;12;Alternaria brassicicola, A. brasicae
Idf10848;../data/Bousset_data/Images/Alt/Idf10848.jpg;Alt;Alternariose;Champignon;Alternaria brassicicola, A. brasicae;1;train;2024:02:15;12:53:31;nan;12;Alternaria brassicicola, A. brasicae
Idf10849;../data/Bousset_data/Images/Alt/Idf10849.jpg;Alt;Alternariose;Champignon;Alternaria brassicicola, A. brasicae;1;train;2024:02:15;12:53:37;nan;12;Alternaria brassicicola, A. brasicae
Idf10850;../data/Bousset_data/Images/Alt/Idf10850.jpg;Alt;Alternariose;Champignon;Alternaria brassicicola, A. brasicae;1;train;2024:02:15;12:53:40;nan;12;Alternaria brassicicola, A. brasicae
Idf10851;../data/Bousset_data/Images/Alt/Idf10851.jpg;Alt;Alternariose;Champignon;Alternaria brassicicola, A. brasicae;1;train;2024:02:15;12:53:42;nan;12;Alternaria brassicicola, A. brasicae
Idf10852;../data/Bousset_data/Images/Alt/Idf10852.jpg;Alt;Alternariose;Champignon;Alternaria brassicicola, A. brasicae;1;train;2024:02:15;12:53:46;nan;12;Alternaria brassicicola, A. brasicae
Idf10853;../data/Bousset_data/Images/Alt/Idf10853.jpg;Alt;Alternariose;Champignon;Alternaria brassicicola, A. brasicae;1;train;2024:02:15;12:53:48;nan;12;Alternaria brassicicola, A. brasicae
Idf10854;../data/Bousset_data/Images/Alt/Idf10854.jpg;Alt;Alternariose;Champignon;Alternaria brassicicola, A. brasicae;1;train;2024:02:15;12:53:51;nan;12;Alternaria brassicicola, A. brasicae
Idf10855;../data/Bousset_data/Images/Alt/Idf10855.jpg;Alt;Alternariose;Champignon;Alternaria brassicicola, A. brasicae;1;train;2024:02:15;12:53:53;nan;12;Alternaria brassicicola, A. brasicae
Idf10858;../data/Bousset_data/Images/Alt/Idf10858.jpg;Alt;Alternariose;Champignon;Alternaria brassicicola, A. brasicae;1;train;2024:02:15;12:54:04;nan;12;Alternaria brassicicola, A. brasicae
Idf10859;../data/Bousset_data/Images/Alt/Idf10859.jpg;Alt;Alternariose;Champignon;Alternaria brassicicola, A. brasicae;1;train;2024:02:15;12:54:11;nan;12;Alternaria brassicicola, A. brasicae
Idf10860;../data/Bousset_data/Images/Alt/Idf10860.jpg;Alt;Alternariose;Champignon;Alternaria brassicicola, A. brasicae;1;train;2024:02:15;12:54:15;nan;12;Alternaria brassicicola, A. brasicae
Idf10861;../data/Bousset_data/Images/Alt/Idf10861.jpg;Alt;Alternariose;Champignon;Alternaria brassicicola, A. brasicae;1;train;2024:02:15;12:54:23;nan;12;Alternaria brassicicola, A. brasicae
Idf10862;../data/Bousset_data/Images/Alt/Idf10862.jpg;Alt;Alternariose;Champignon;Alternaria brassicicola, A. brasicae;1;train;2024:02:15;12:54:28;nan;12;Alternaria brassicicola, A. brasicae
Idf10863;../data/Bousset_data/Images/Alt/Idf10863.jpg;Alt;Alternariose;Champignon;Alternaria brassicicola, A. brasicae;1;train;2024:02:15;12:54:31;nan;12;Alternaria brassicicola, A. brasicae
Idf10864;../data/Bousset_data/Images/Alt/Idf10864.jpg;Alt;Alternariose;Champignon;Alternaria brassicicola, A. brasicae;1;train;2024:02:15;12:54:40;nan;12;Alternaria brassicicola, A. brasicae
Idf10865;../data/Bousset_data/Images/Alt/Idf10865.jpg;Alt;Alternariose;Champignon;Alternaria brassicicola, A. brasicae;1;train;2024:02:15;12:54:50;nan;12;Alternaria brassicicola, A. brasicae
Idf10866;../data/Bousset_data/Images/Alt/Idf10866.jpg;Alt;Alternariose;Champignon;Alternaria brassicicola, A. brasicae;1;train;2024:02:15;12:55:03;nan;12;Alternaria brassicicola, A. brasicae
Idf10867;../data/Bousset_data/Images/Alt/Idf10867.jpg;Alt;Alternariose;Champignon;Alternaria brassicicola, A. brasicae;1;train;2024:02:15;12:55:20;nan;12;Alternaria brassicicola, A. brasicae
Idf10868;../data/Bousset_data/Images/Alt/Idf10868.jpg;Alt;Alternariose;Champignon;Alternaria brassicicola, A. brasicae;1;train;2024:02:15;12:55:25;nan;12;Alternaria brassicicola, A. brasicae
Idf10869;../data/Bousset_data/Images/Alt/Idf10869.jpg;Alt;Alternariose;Champignon;Alternaria brassicicola, A. brasicae;1;train;2024:02:15;12:55:27;nan;12;Alternaria brassicicola, A. brasicae
Idf10870;../data/Bousset_data/Images/Alt/Idf10870.jpg;Alt;Alternariose;Champignon;Alternaria brassicicola, A. brasicae;1;train;2024:02:15;12:55:36;nan;12;Alternaria brassicicola, A. brasicae
Idf10871;../data/Bousset_data/Images/Alt/Idf10871.jpg;Alt;Alternariose;Champignon;Alternaria brassicicola, A. brasicae;1;train;2024:02:15;12:55:38;nan;12;Alternaria brassicicola, A. brasicae
Idf10872;../data/Bousset_data/Images/Alt/Idf10872.jpg;Alt;Alternariose;Champignon;Alternaria brassicicola, A. brasicae;1;train;2024:02:15;12:55:46;nan;12;Alternaria brassicicola, A. brasicae
Idf10873;../data/Bousset_data/Images/Alt/Idf10873.jpg;Alt;Alternariose;Champignon;Alternaria brassicicola, A. brasicae;1;train;2024:02:15;12:56:02;nan;12;Alternaria brassicicola, A. brasicae
Idf10874;../data/Bousset_data/Images/Alt/Idf10874.jpg;Alt;Alternariose;Champignon;Alternaria brassicicola, A. brasicae;1;train;2024:02:15;12:56:04;nan;12;Alternaria brassicicola, A. brasicae
Idf11063;../data/Bousset_data/Images/Alt/Idf11063.jpg;Alt;Alternariose;Champignon;Alternaria brassicicola, A. brasicae;1;train;2024:02:15;13:51:53;nan;12;Alternaria brassicicola, A. brasicae
Idf11124;../data/Bousset_data/Images/Alt/Idf11124.jpg;Alt;Alternariose;Champignon;Alternaria brassicicola, A. brasicae;1;train;2024:02:15;13:26:26;nan;12;Alternaria brassicicola, A. brasicae
Idf11125;../data/Bousset_data/Images/Alt/Idf11125.jpg;Alt;Alternariose;Champignon;Alternaria brassicicola, A. brasicae;1;train;2024:02:15;13:26:27;nan;12;Alternaria brassicicola, A. brasicae
Idf11132;../data/Bousset_data/Images/Alt/Idf11132.jpg;Alt;Alternariose;Champignon;Alternaria brassicicola, A. brasicae;1;train;2024:02:15;13:27:06;nan;12;Alternaria brassicicola, A. brasicae
Idf11134;../data/Bousset_data/Images/Alt/Idf11134.jpg;Alt;Alternariose;Champignon;Alternaria brassicicola, A. brasicae;1;train;2024:02:15;13:27:16;nan;12;Alternaria brassicicola, A. brasicae
Idf11135;../data/Bousset_data/Images/Alt/Idf11135.jpg;Alt;Alternariose;Champignon;Alternaria brassicicola, A. brasicae;1;train;2024:02:15;13:27:21;nan;12;Alternaria brassicicola, A. brasicae
Idf11136;../data/Bousset_data/Images/Alt/Idf11136.jpg;Alt;Alternariose;Champignon;Alternaria brassicicola, A. brasicae;1;train;2024:02:15;13:27:23;nan;12;Alternaria brassicicola, A. brasicae
Idf11137;../data/Bousset_data/Images/Alt/Idf11137.jpg;Alt;Alternariose;Champignon;Alternaria brassicicola, A. brasicae;1;train;2024:02:15;13:27:28;nan;12;Alternaria brassicicola, A. brasicae
Idf11138;../data/Bousset_data/Images/Alt/Idf11138.jpg;Alt;Alternariose;Champignon;Alternaria brassicicola, A. brasicae;1;train;2024:02:15;13:27:47;nan;12;Alternaria brassicicola, A. brasicae
Idf11139;../data/Bousset_data/Images/Alt/Idf11139.jpg;Alt;Alternariose;Champignon;Alternaria brassicicola, A. brasicae;1;train;2024:02:15;13:27:51;nan;12;Alternaria brassicicola, A. brasicae
Idf11140;../data/Bousset_data/Images/Alt/Idf11140.jpg;Alt;Alternariose;Champignon;Alternaria brassicicola, A. brasicae;1;train;2024:02:15;13:27:53;nan;12;Alternaria brassicicola, A. brasicae
Idf11141;../data/Bousset_data/Images/Alt/Idf11141.jpg;Alt;Alternariose;Champignon;Alternaria brassicicola, A. brasicae;1;train;2024:02:15;13:28:01;nan;12;Alternaria brassicicola, A. brasicae
Idf11142;../data/Bousset_data/Images/Alt/Idf11142.jpg;Alt;Alternariose;Champignon;Alternaria brassicicola, A. brasicae;1;train;2024:02:15;13:28:03;nan;12;Alternaria brassicicola, A. brasicae
Idf11143;../data/Bousset_data/Images/Alt/Idf11143.jpg;Alt;Alternariose;Champignon;Alternaria brassicicola, A. brasicae;1;train;2024:02:15;13:28:12;nan;12;Alternaria brassicicola, A. brasicae
Idf11144;../data/Bousset_data/Images/Alt/Idf11144.jpg;Alt;Alternariose;Champignon;Alternaria brassicicola, A. brasicae;1;train;2024:02:15;13:28:15;nan;12;Alternaria brassicicola, A. brasicae
Idf11145;../data/Bousset_data/Images/Alt/Idf11145.jpg;Alt;Alternariose;Champignon;Alternaria brassicicola, A. brasicae;1;train;2024:02:15;13:28:29;nan;12;Alternaria brassicicola, A. brasicae
Idf11153;../data/Bousset_data/Images/Alt/Idf11153.jpg;Alt;Alternariose;Champignon;Alternaria brassicicola, A. brasicae;1;train;2024:02:15;13:29:02;nan;12;Alternaria brassicicola, A. brasicae
Idf11155;../data/Bousset_data/Images/Alt/Idf11155.jpg;Alt;Alternariose;Champignon;Alternaria brassicicola, A. brasicae;1;train;2024:02:15;13:29:11;nan;12;Alternaria brassicicola, A. brasicae
Idf11156;../data/Bousset_data/Images/Alt/Idf11156.jpg;Alt;Alternariose;Champignon;Alternaria brassicicola, A. brasicae;1;train;2024:02:15;13:29:13;nan;12;Alternaria brassicicola, A. brasicae
Idf11157;../data/Bousset_data/Images/Alt/Idf11157.jpg;Alt;Alternariose;Champignon;Alternaria brassicicola, A. brasicae;1;train;2024:02:15;13:29:15;nan;12;Alternaria brassicicola, A. brasicae
Idf11171;../data/Bousset_data/Images/Alt/Idf11171.jpg;Alt;Alternariose;Champignon;Alternaria brassicicola, A. brasicae;1;train;2024:02:15;13:30:21;nan;12;Alternaria brassicicola, A. brasicae
Idf11172;../data/Bousset_data/Images/Alt/Idf11172.jpg;Alt;Alternariose;Champignon;Alternaria brassicicola, A. brasicae;1;train;2024:02:15;13:30:24;nan;12;Alternaria brassicicola, A. brasicae
Idf11173;../data/Bousset_data/Images/Alt/Idf11173.jpg;Alt;Alternariose;Champignon;Alternaria brassicicola, A. brasicae;1;train;2024:02:15;13:30:31;nan;12;Alternaria brassicicola, A. brasicae
Idf11174;../data/Bousset_data/Images/Alt/Idf11174.jpg;Alt;Alternariose;Champignon;Alternaria brassicicola, A. brasicae;1;train;2024:02:15;13:30:38;nan;12;Alternaria brassicicola, A. brasicae
Idf11175;../data/Bousset_data/Images/Alt/Idf11175.jpg;Alt;Alternariose;Champignon;Alternaria brassicicola, A. brasicae;1;train;2024:02:15;13:30:39;nan;12;Alternaria brassicicola, A. brasicae
Idf11176;../data/Bousset_data/Images/Alt/Idf11176.jpg;Alt;Alternariose;Champignon;Alternaria brassicicola, A. brasicae;1;train;2024:02:15;13:30:43;nan;12;Alternaria brassicicola, A. brasicae
Idf11177;../data/Bousset_data/Images/Alt/Idf11177.jpg;Alt;Alternariose;Champignon;Alternaria brassicicola, A. brasicae;1;train;2024:02:15;13:30:45;nan;12;Alternaria brassicicola, A. brasicae
Idf11178;../data/Bousset_data/Images/Alt/Idf11178.jpg;Alt;Alternariose;Champignon;Alternaria brassicicola, A. brasicae;1;train;2024:02:15;13:30:51;nan;12;Alternaria brassicicola, A. brasicae
Idf12151;../data/Bousset_data/Images/Alt/Idf12151.jpg;Alt;Alternariose;Champignon;Alternaria brassicicola, A. brasicae;1;train;2024:03:19;13:05:13;nan;12;Alternaria brassicicola, A. brasicae
Idf12155;../data/Bousset_data/Images/Alt/Idf12155.jpg;Alt;Alternariose;Champignon;Alternaria brassicicola, A. brasicae;1;train;2024:03:19;13:06:01;nan;12;Alternaria brassicicola, A. brasicae
Idf12161;../data/Bousset_data/Images/Alt/Idf12161.jpg;Alt;Alternariose;Champignon;Alternaria brassicicola, A. brasicae;1;train;2024:03:19;13:06:52;nan;12;Alternaria brassicicola, A. brasicae
Idf12249;../data/Bousset_data/Images/Alt/Idf12249.jpg;Alt;Alternariose;Champignon;Alternaria brassicicola, A. brasicae;1;train;2024:03:19;12:34:09;nan;12;Alternaria brassicicola, A. brasicae
Idf12250;../data/Bousset_data/Images/Alt/Idf12250.jpg;Alt;Alternariose;Champignon;Alternaria brassicicola, A. brasicae;1;train;2024:03:19;12:34:31;nan;12;Alternaria brassicicola, A. brasicae
Idf12251;../data/Bousset_data/Images/Alt/Idf12251.jpg;Alt;Alternariose;Champignon;Alternaria brassicicola, A. brasicae;1;train;2024:03:19;12:34:44;nan;12;Alternaria brassicicola, A. brasicae
Idf12252;../data/Bousset_data/Images/Alt/Idf12252.jpg;Alt;Alternariose;Champignon;Alternaria brassicicola, A. brasicae;1;train;2024:03:19;12:35:06;nan;12;Alternaria brassicicola, A. brasicae
Idf12253;../data/Bousset_data/Images/Alt/Idf12253.jpg;Alt;Alternariose;Champignon;Alternaria brassicicola, A. brasicae;1;train;2024:03:19;12:35:14;nan;12;Alternaria brassicicola, A. brasicae
Idf12254;../data/Bousset_data/Images/Alt/Idf12254.jpg;Alt;Alternariose;Champignon;Alternaria brassicicola, A. brasicae;1;train;2024:03:19;12:35:21;nan;12;Alternaria brassicicola, A. brasicae
Idf12255;../data/Bousset_data/Images/Alt/Idf12255.jpg;Alt;Alternariose;Champignon;Alternaria brassicicola, A. brasicae;1;train;2024:03:19;12:35:31;nan;12;Alternaria brassicicola, A. brasicae
Idf12256;../data/Bousset_data/Images/Alt/Idf12256.jpg;Alt;Alternariose;Champignon;Alternaria brassicicola, A. brasicae;1;train;2024:03:19;12:36:24;nan;12;Alternaria brassicicola, A. brasicae
Idf12257;../data/Bousset_data/Images/Alt/Idf12257.jpg;Alt;Alternariose;Champignon;Alternaria brassicicola, A. brasicae;1;train;2024:03:19;12:36:29;nan;12;Alternaria brassicicola, A. brasicae
Idf12258;../data/Bousset_data/Images/Alt/Idf12258.jpg;Alt;Alternariose;Champignon;Alternaria brassicicola, A. brasicae;1;train;2024:03:19;12:36:33;nan;12;Alternaria brassicicola, A. brasicae
Idf12259;../data/Bousset_data/Images/Alt/Idf12259.jpg;Alt;Alternariose;Champignon;Alternaria brassicicola, A. brasicae;1;train;2024:03:19;12:36:37;nan;12;Alternaria brassicicola, A. brasicae
Idf12260;../data/Bousset_data/Images/Alt/Idf12260.jpg;Alt;Alternariose;Champignon;Alternaria brassicicola, A. brasicae;1;train;2024:03:19;12:36:41;nan;12;Alternaria brassicicola, A. brasicae
Idf12261;../data/Bousset_data/Images/Alt/Idf12261.jpg;Alt;Alternariose;Champignon;Alternaria brassicicola, A. brasicae;1;train;2024:03:19;12:36:55;nan;12;Alternaria brassicicola, A. brasicae
Idf12262;../data/Bousset_data/Images/Alt/Idf12262.jpg;Alt;Alternariose;Champignon;Alternaria brassicicola, A. brasicae;1;train;2024:03:19;12:36:57;nan;12;Alternaria brassicicola, A. brasicae
Idf12263;../data/Bousset_data/Images/Alt/Idf12263.jpg;Alt;Alternariose;Champignon;Alternaria brassicicola, A. brasicae;1;train;2024:03:19;12:37:14;nan;12;Alternaria brassicicola, A. brasicae
Idf12265;../data/Bousset_data/Images/Alt/Idf12265.jpg;Alt;Alternariose;Champignon;Alternaria brassicicola, A. brasicae;1;train;2024:03:19;12:37:50;nan;12;Alternaria brassicicola, A. brasicae
Idf12266;../data/Bousset_data/Images/Alt/Idf12266.jpg;Alt;Alternariose;Champignon;Alternaria brassicicola, A. brasicae;1;train;2024:03:19;12:37:55;nan;12;Alternaria brassicicola, A. brasicae
Idf12268;../data/Bousset_data/Images/Alt/Idf12268.jpg;Alt;Alternariose;Champignon;Alternaria brassicicola, A. brasicae;1;train;2024:03:19;12:38:11;nan;12;Alternaria brassicicola, A. brasicae
Idf12269;../data/Bousset_data/Images/Alt/Idf12269.jpg;Alt;Alternariose;Champignon;Alternaria brassicicola, A. brasicae;1;train;2024:03:19;12:38:24;nan;12;Alternaria brassicicola, A. brasicae
Idf12270;../data/Bousset_data/Images/Alt/Idf12270.jpg;Alt;Alternariose;Champignon;Alternaria brassicicola, A. brasicae;1;train;2024:03:19;12:38:27;nan;12;Alternaria brassicicola, A. brasicae
Idf12272;../data/Bousset_data/Images/Alt/Idf12272.jpg;Alt;Alternariose;Champignon;Alternaria brassicicola, A. brasicae;1;train;2024:03:19;12:38:47;nan;12;Alternaria brassicicola, A. brasicae
Idf12273;../data/Bousset_data/Images/Alt/Idf12273.jpg;Alt;Alternariose;Champignon;Alternaria brassicicola, A. brasicae;1;train;2024:03:19;12:38:50;nan;12;Alternaria brassicicola, A. brasicae
Idf12274;../data/Bousset_data/Images/Alt/Idf12274.jpg;Alt;Alternariose;Champignon;Alternaria brassicicola, A. brasicae;1;train;2024:03:19;12:38:54;nan;12;Alternaria brassicicola, A. brasicae
Idf12275;../data/Bousset_data/Images/Alt/Idf12275.jpg;Alt;Alternariose;Champignon;Alternaria brassicicola, A. brasicae;1;train;2024:03:19;12:38:58;nan;12;Alternaria brassicicola, A. brasicae
Idf12276;../data/Bousset_data/Images/Alt/Idf12276.jpg;Alt;Alternariose;Champignon;Alternaria brassicicola, A. brasicae;1;train;2024:03:19;12:39:06;nan;12;Alternaria brassicicola, A. brasicae
Idf12277;../data/Bousset_data/Images/Alt/Idf12277.jpg;Alt;Alternariose;Champignon;Alternaria brassicicola, A. brasicae;1;train;2024:03:19;12:39:18;nan;12;Alternaria brassicicola, A. brasicae
Idf12278;../data/Bousset_data/Images/Alt/Idf12278.jpg;Alt;Alternariose;Champignon;Alternaria brassicicola, A. brasicae;1;train;2024:03:19;12:39:38;nan;12;Alternaria brassicicola, A. brasicae
Idf12279;../data/Bousset_data/Images/Alt/Idf12279.jpg;Alt;Alternariose;Champignon;Alternaria brassicicola, A. brasicae;1;train;2024:03:19;12:39:55;nan;12;Alternaria brassicicola, A. brasicae
Idf12280;../data/Bousset_data/Images/Alt/Idf12280.jpg;Alt;Alternariose;Champignon;Alternaria brassicicola, A. brasicae;1;train;2024:03:19;12:40:30;nan;12;Alternaria brassicicola, A. brasicae
Idf12281;../data/Bousset_data/Images/Alt/Idf12281.jpg;Alt;Alternariose;Champignon;Alternaria brassicicola, A. brasicae;1;train;2024:03:19;12:40:35;nan;12;Alternaria brassicicola, A. brasicae
Idf12282;../data/Bousset_data/Images/Alt/Idf12282.jpg;Alt;Alternariose;Champignon;Alternaria brassicicola, A. brasicae;1;train;2024:03:19;12:57:45;nan;12;Alternaria brassicicola, A. brasicae
Idf12283;../data/Bousset_data/Images/Alt/Idf12283.jpg;Alt;Alternariose;Champignon;Alternaria brassicicola, A. brasicae;1;train;2024:03:19;12:57:49;nan;12;Alternaria brassicicola, A. brasicae
Idf12284;../data/Bousset_data/Images/Alt/Idf12284.jpg;Alt;Alternariose;Champignon;Alternaria brassicicola, A. brasicae;1;train;2024:03:19;12:57:54;nan;12;Alternaria brassicicola, A. brasicae
Idf12288;../data/Bousset_data/Images/Alt/Idf12288.jpg;Alt;Alternariose;Champignon;Alternaria brassicicola, A. brasicae;1;train;2024:03:19;12:59:15;nan;12;Alternaria brassicicola, A. brasicae
Idf12289;../data/Bousset_data/Images/Alt/Idf12289.jpg;Alt;Alternariose;Champignon;Alternaria brassicicola, A. brasicae;1;train;2024:03:19;12:59:18;nan;12;Alternaria brassicicola, A. brasicae
Idf12290;../data/Bousset_data/Images/Alt/Idf12290.jpg;Alt;Alternariose;Champignon;Alternaria brassicicola, A. brasicae;1;train;2024:03:19;12:59:20;nan;12;Alternaria brassicicola, A. brasicae
Idf12291;../data/Bousset_data/Images/Alt/Idf12291.jpg;Alt;Alternariose;Champignon;Alternaria brassicicola, A. brasicae;1;train;2024:03:19;12:59:22;nan;12;Alternaria brassicicola, A. brasicae
Idf12292;../data/Bousset_data/Images/Alt/Idf12292.jpg;Alt;Alternariose;Champignon;Alternaria brassicicola, A. brasicae;1;train;2024:03:19;13:00:06;nan;12;Alternaria brassicicola, A. brasicae
Idf12293;../data/Bousset_data/Images/Alt/Idf12293.jpg;Alt;Alternariose;Champignon;Alternaria brassicicola, A. brasicae;1;train;2024:03:19;13:00:10;nan;12;Alternaria brassicicola, A. brasicae
Idf12294;../data/Bousset_data/Images/Alt/Idf12294.jpg;Alt;Alternariose;Champignon;Alternaria brassicicola, A. brasicae;1;train;2024:03:19;13:00:17;nan;12;Alternaria brassicicola, A. brasicae
Idf12295;../data/Bousset_data/Images/Alt/Idf12295.jpg;Alt;Alternariose;Champignon;Alternaria brassicicola, A. brasicae;1;train;2024:03:19;13:00:32;nan;12;Alternaria brassicicola, A. brasicae
Idf12296;../data/Bousset_data/Images/Alt/Idf12296.jpg;Alt;Alternariose;Champignon;Alternaria brassicicola, A. brasicae;1;train;2024:03:19;13:00:41;nan;12;Alternaria brassicicola, A. brasicae
Idf00071;../data/Bousset_data/Images/Big/Idf00071.jpg;Big;Phoma;Champignon;Leptosphaeria biglobosa;1;train;2022:11:25;11:56:35;nan;26;Leptosphaeria biglobosa
Idf00074;../data/Bousset_data/Images/Big/Idf00074.jpg;Big;Phoma;Champignon;Leptosphaeria biglobosa;1;train;2022:11:25;11:57:36;nan;26;Leptosphaeria biglobosa
Idf00103;../data/Bousset_data/Images/Big/Idf00103.jpg;Big;Phoma;Champignon;Leptosphaeria biglobosa;1;train;2022:11:25;15:33:28;nan;26;Leptosphaeria biglobosa
Idf00108;../data/Bousset_data/Images/Big/Idf00108.jpg;Big;Phoma;Champignon;Leptosphaeria biglobosa;1;train;2022:11:25;15:35:46;nan;26;Leptosphaeria biglobosa
Idf00110;../data/Bousset_data/Images/Big/Idf00110.jpg;Big;Phoma;Champignon;Leptosphaeria biglobosa;1;train;2022:11:25;15:36:40;nan;26;Leptosphaeria biglobosa
Idf00114;../data/Bousset_data/Images/Big/Idf00114.jpg;Big;Phoma;Champignon;Leptosphaeria biglobosa;1;train;2022:11:25;15:37:35;nan;26;Leptosphaeria biglobosa
Idf00117;../data/Bousset_data/Images/Big/Idf00117.jpg;Big;Phoma;Champignon;Leptosphaeria biglobosa;1;train;2022:11:25;15:38:26;nan;26;Leptosphaeria biglobosa
Idf00121;../data/Bousset_data/Images/Big/Idf00121.jpg;Big;Phoma;Champignon;Leptosphaeria biglobosa;1;train;2022:11:25;15:40:01;nan;26;Leptosphaeria biglobosa
Idf00122;../data/Bousset_data/Images/Big/Idf00122.jpg;Big;Phoma;Champignon;Leptosphaeria biglobosa;1;train;2022:11:25;15:40:16;nan;26;Leptosphaeria biglobosa
Idf00127;../data/Bousset_data/Images/Big/Idf00127.jpg;Big;Phoma;Champignon;Leptosphaeria biglobosa;1;train;2022:11:25;15:41:27;nan;26;Leptosphaeria biglobosa
Idf00201;../data/Bousset_data/Images/Big/Idf00201.jpg;Big;Phoma;Champignon;Leptosphaeria biglobosa;1;train;2022:11:28;16:06:05;nan;26;Leptosphaeria biglobosa
Idf00205;../data/Bousset_data/Images/Big/Idf00205.jpg;Big;Phoma;Champignon;Leptosphaeria biglobosa;1;train;2022:11:28;16:06:39;nan;26;Leptosphaeria biglobosa
Idf00290;../data/Bousset_data/Images/Big/Idf00290.jpg;Big;Phoma;Champignon;Leptosphaeria biglobosa;1;train;2022:11:28;16:23:16;nan;26;Leptosphaeria biglobosa
Idf00508;../data/Bousset_data/Images/Big/Idf00508.jpg;Big;Phoma;Champignon;Leptosphaeria biglobosa;1;train;2022:12:22;11:08:54;nan;26;Leptosphaeria biglobosa
Idf00512;../data/Bousset_data/Images/Big/Idf00512.jpg;Big;Phoma;Champignon;Leptosphaeria biglobosa;1;train;2022:12:22;10:45:53;nan;26;Leptosphaeria biglobosa
Idf00566;../data/Bousset_data/Images/Big/Idf00566.jpg;Big;Phoma;Champignon;Leptosphaeria biglobosa;1;train;2022:12:22;11:15:57;nan;26;Leptosphaeria biglobosa
Idf00599;../data/Bousset_data/Images/Big/Idf00599.jpg;Big;Phoma;Champignon;Leptosphaeria biglobosa;1;train;2022:12:22;11:51:10;nan;26;Leptosphaeria biglobosa
Idf00602;../data/Bousset_data/Images/Big/Idf00602.jpg;Big;Phoma;Champignon;Leptosphaeria biglobosa;1;train;2022:12:22;11:51:53;nan;26;Leptosphaeria biglobosa
Idf00605;../data/Bousset_data/Images/Big/Idf00605.jpg;Big;Phoma;Champignon;Leptosphaeria biglobosa;1;train;2022:12:22;11:52:31;nan;26;Leptosphaeria biglobosa
Idf00682;../data/Bousset_data/Images/Big/Idf00682.jpg;Big;Phoma;Champignon;Leptosphaeria biglobosa;1;train;2022:12:22;11:44:53;nan;26;Leptosphaeria biglobosa
Idf00696;../data/Bousset_data/Images/Big/Idf00696.jpg;Big;Phoma;Champignon;Leptosphaeria biglobosa;1;train;2023:01:09;10:15:22;nan;26;Leptosphaeria biglobosa
Idf00697;../data/Bousset_data/Images/Big/Idf00697.jpg;Big;Phoma;Champignon;Leptosphaeria biglobosa;1;train;2023:01:09;10:15:30;nan;26;Leptosphaeria biglobosa
Idf00698;../data/Bousset_data/Images/Big/Idf00698.jpg;Big;Phoma;Champignon;Leptosphaeria biglobosa;1;train;2023:01:09;10:16:00;nan;26;Leptosphaeria biglobosa
Idf00699;../data/Bousset_data/Images/Big/Idf00699.jpg;Big;Phoma;Champignon;Leptosphaeria biglobosa;1;train;2023:01:09;10:16:15;nan;26;Leptosphaeria biglobosa
Idf00700;../data/Bousset_data/Images/Big/Idf00700.jpg;Big;Phoma;Champignon;Leptosphaeria biglobosa;1;train;2023:01:09;10:16:21;nan;26;Leptosphaeria biglobosa
Idf00702;../data/Bousset_data/Images/Big/Idf00702.jpg;Big;Phoma;Champignon;Leptosphaeria biglobosa;1;train;2023:01:09;10:17:08;nan;26;Leptosphaeria biglobosa
Idf00703;../data/Bousset_data/Images/Big/Idf00703.jpg;Big;Phoma;Champignon;Leptosphaeria biglobosa;1;train;2023:01:09;10:17:19;nan;26;Leptosphaeria biglobosa
Idf00704;../data/Bousset_data/Images/Big/Idf00704.jpg;Big;Phoma;Champignon;Leptosphaeria biglobosa;1;train;2023:01:09;10:17:38;nan;26;Leptosphaeria biglobosa
Idf00705;../data/Bousset_data/Images/Big/Idf00705.jpg;Big;Phoma;Champignon;Leptosphaeria biglobosa;1;train;2023:01:09;10:17:41;nan;26;Leptosphaeria biglobosa
Idf00707;../data/Bousset_data/Images/Big/Idf00707.jpg;Big;Phoma;Champignon;Leptosphaeria biglobosa;1;train;2023:01:09;10:18:33;nan;26;Leptosphaeria biglobosa
Idf00708;../data/Bousset_data/Images/Big/Idf00708.jpg;Big;Phoma;Champignon;Leptosphaeria biglobosa;1;train;2023:01:09;10:18:43;nan;26;Leptosphaeria biglobosa
Idf00709;../data/Bousset_data/Images/Big/Idf00709.jpg;Big;Phoma;Champignon;Leptosphaeria biglobosa;1;train;2023:01:09;10:18:59;nan;26;Leptosphaeria biglobosa
Idf00710;../data/Bousset_data/Images/Big/Idf00710.jpg;Big;Phoma;Champignon;Leptosphaeria biglobosa;1;train;2023:01:09;10:19:12;nan;26;Leptosphaeria biglobosa
Idf00711;../data/Bousset_data/Images/Big/Idf00711.jpg;Big;Phoma;Champignon;Leptosphaeria biglobosa;1;train;2023:01:09;10:19:24;nan;26;Leptosphaeria biglobosa
Idf00713;../data/Bousset_data/Images/Big/Idf00713.jpg;Big;Phoma;Champignon;Leptosphaeria biglobosa;1;train;2023:01:09;10:19:55;nan;26;Leptosphaeria biglobosa
Idf00714;../data/Bousset_data/Images/Big/Idf00714.jpg;Big;Phoma;Champignon;Leptosphaeria biglobosa;1;train;2023:01:09;10:20:26;nan;26;Leptosphaeria biglobosa
Idf00715;../data/Bousset_data/Images/Big/Idf00715.jpg;Big;Phoma;Champignon;Leptosphaeria biglobosa;1;train;2023:01:09;10:20:52;nan;26;Leptosphaeria biglobosa
Idf00716;../data/Bousset_data/Images/Big/Idf00716.jpg;Big;Phoma;Champignon;Leptosphaeria biglobosa;1;train;2023:01:09;10:21:03;nan;26;Leptosphaeria biglobosa
Idf00717;../data/Bousset_data/Images/Big/Idf00717.jpg;Big;Phoma;Champignon;Leptosphaeria biglobosa;1;train;2023:01:09;10:21:21;nan;26;Leptosphaeria biglobosa
Idf00718;../data/Bousset_data/Images/Big/Idf00718.jpg;Big;Phoma;Champignon;Leptosphaeria biglobosa;1;train;2023:01:09;10:21:24;nan;26;Leptosphaeria biglobosa
Idf00719;../data/Bousset_data/Images/Big/Idf00719.jpg;Big;Phoma;Champignon;Leptosphaeria biglobosa;1;train;2023:01:09;10:21:49;nan;26;Leptosphaeria biglobosa
Idf00720;../data/Bousset_data/Images/Big/Idf00720.jpg;Big;Phoma;Champignon;Leptosphaeria biglobosa;1;train;2023:01:09;10:22:01;nan;26;Leptosphaeria biglobosa
Idf00721;../data/Bousset_data/Images/Big/Idf00721.jpg;Big;Phoma;Champignon;Leptosphaeria biglobosa;1;train;2023:01:09;10:22:12;nan;26;Leptosphaeria biglobosa
Idf00722;../data/Bousset_data/Images/Big/Idf00722.jpg;Big;Phoma;Champignon;Leptosphaeria biglobosa;1;train;2023:01:09;10:22:17;nan;26;Leptosphaeria biglobosa
Idf00723;../data/Bousset_data/Images/Big/Idf00723.jpg;Big;Phoma;Champignon;Leptosphaeria biglobosa;1;train;2023:01:09;10:22:39;nan;26;Leptosphaeria biglobosa
Idf00725;../data/Bousset_data/Images/Big/Idf00725.jpg;Big;Phoma;Champignon;Leptosphaeria biglobosa;1;train;2023:01:09;10:22:59;nan;26;Leptosphaeria biglobosa
Idf00728;../data/Bousset_data/Images/Big/Idf00728.jpg;Big;Phoma;Champignon;Leptosphaeria biglobosa;1;train;2023:01:09;10:24:25;nan;26;Leptosphaeria biglobosa
Idf00729;../data/Bousset_data/Images/Big/Idf00729.jpg;Big;Phoma;Champignon;Leptosphaeria biglobosa;1;train;2023:01:09;10:24:28;nan;26;Leptosphaeria biglobosa
Idf00730;../data/Bousset_data/Images/Big/Idf00730.jpg;Big;Phoma;Champignon;Leptosphaeria biglobosa;1;train;2023:01:09;10:24:32;nan;26;Leptosphaeria biglobosa
Idf00731;../data/Bousset_data/Images/Big/Idf00731.jpg;Big;Phoma;Champignon;Leptosphaeria biglobosa;1;train;2023:01:09;10:28:18;nan;26;Leptosphaeria biglobosa
Idf00732;../data/Bousset_data/Images/Big/Idf00732.jpg;Big;Phoma;Champignon;Leptosphaeria biglobosa;1;train;2023:01:09;10:28:27;nan;26;Leptosphaeria biglobosa
Idf00733;../data/Bousset_data/Images/Big/Idf00733.jpg;Big;Phoma;Champignon;Leptosphaeria biglobosa;1;train;2023:01:09;10:28:41;nan;26;Leptosphaeria biglobosa
Idf00734;../data/Bousset_data/Images/Big/Idf00734.jpg;Big;Phoma;Champignon;Leptosphaeria biglobosa;1;train;2023:01:09;10:28:50;nan;26;Leptosphaeria biglobosa
Idf00735;../data/Bousset_data/Images/Big/Idf00735.jpg;Big;Phoma;Champignon;Leptosphaeria biglobosa;1;train;2023:01:09;10:28:55;nan;26;Leptosphaeria biglobosa
Idf00736;../data/Bousset_data/Images/Big/Idf00736.jpg;Big;Phoma;Champignon;Leptosphaeria biglobosa;1;train;2023:01:09;10:29:13;nan;26;Leptosphaeria biglobosa
Idf00737;../data/Bousset_data/Images/Big/Idf00737.jpg;Big;Phoma;Champignon;Leptosphaeria biglobosa;1;train;2023:01:09;10:29:22;nan;26;Leptosphaeria biglobosa
Idf00738;../data/Bousset_data/Images/Big/Idf00738.jpg;Big;Phoma;Champignon;Leptosphaeria biglobosa;1;train;2023:01:09;10:29:32;nan;26;Leptosphaeria biglobosa
Idf00739;../data/Bousset_data/Images/Big/Idf00739.jpg;Big;Phoma;Champignon;Leptosphaeria biglobosa;1;train;2023:01:09;10:29:35;nan;26;Leptosphaeria biglobosa
Idf00740;../data/Bousset_data/Images/Big/Idf00740.jpg;Big;Phoma;Champignon;Leptosphaeria biglobosa;1;train;2023:01:09;10:29:44;nan;26;Leptosphaeria biglobosa
Idf00741;../data/Bousset_data/Images/Big/Idf00741.jpg;Big;Phoma;Champignon;Leptosphaeria biglobosa;1;train;2023:01:09;10:29:53;nan;26;Leptosphaeria biglobosa
Idf00742;../data/Bousset_data/Images/Big/Idf00742.jpg;Big;Phoma;Champignon;Leptosphaeria biglobosa;1;train;2023:01:09;10:30:03;nan;26;Leptosphaeria biglobosa
Idf00743;../data/Bousset_data/Images/Big/Idf00743.jpg;Big;Phoma;Champignon;Leptosphaeria biglobosa;1;train;2023:01:09;10:30:11;nan;26;Leptosphaeria biglobosa
Idf00744;../data/Bousset_data/Images/Big/Idf00744.jpg;Big;Phoma;Champignon;Leptosphaeria biglobosa;1;train;2023:01:09;10:30:17;nan;26;Leptosphaeria biglobosa
Idf00745;../data/Bousset_data/Images/Big/Idf00745.jpg;Big;Phoma;Champignon;Leptosphaeria biglobosa;1;train;2023:01:09;10:30:24;nan;26;Leptosphaeria biglobosa
Idf00749;../data/Bousset_data/Images/Big/Idf00749.jpg;Big;Phoma;Champignon;Leptosphaeria biglobosa;1;train;2023:01:09;10:31:34;nan;26;Leptosphaeria biglobosa
Idf00751;../data/Bousset_data/Images/Big/Idf00751.jpg;Big;Phoma;Champignon;Leptosphaeria biglobosa;1;train;2023:01:09;10:31:48;nan;26;Leptosphaeria biglobosa
Idf00752;../data/Bousset_data/Images/Big/Idf00752.jpg;Big;Phoma;Champignon;Leptosphaeria biglobosa;1;train;2023:01:09;10:31:53;nan;26;Leptosphaeria biglobosa
Idf00753;../data/Bousset_data/Images/Big/Idf00753.jpg;Big;Phoma;Champignon;Leptosphaeria biglobosa;1;train;2023:01:09;10:32:15;nan;26;Leptosphaeria biglobosa
Idf00754;../data/Bousset_data/Images/Big/Idf00754.jpg;Big;Phoma;Champignon;Leptosphaeria biglobosa;1;train;2023:01:09;10:32:37;nan;26;Leptosphaeria biglobosa
Idf00755;../data/Bousset_data/Images/Big/Idf00755.jpg;Big;Phoma;Champignon;Leptosphaeria biglobosa;1;train;2023:01:09;10:32:40;nan;26;Leptosphaeria biglobosa
Idf00756;../data/Bousset_data/Images/Big/Idf00756.jpg;Big;Phoma;Champignon;Leptosphaeria biglobosa;1;train;2023:01:09;10:32:52;nan;26;Leptosphaeria biglobosa
Idf00757;../data/Bousset_data/Images/Big/Idf00757.jpg;Big;Phoma;Champignon;Leptosphaeria biglobosa;1;train;2023:01:09;10:32:56;nan;26;Leptosphaeria biglobosa
Idf00758;../data/Bousset_data/Images/Big/Idf00758.jpg;Big;Phoma;Champignon;Leptosphaeria biglobosa;1;train;2023:01:09;10:33:07;nan;26;Leptosphaeria biglobosa
Idf00759;../data/Bousset_data/Images/Big/Idf00759.jpg;Big;Phoma;Champignon;Leptosphaeria biglobosa;1;train;2023:01:09;10:33:09;nan;26;Leptosphaeria biglobosa
Idf00761;../data/Bousset_data/Images/Big/Idf00761.jpg;Big;Phoma;Champignon;Leptosphaeria biglobosa;1;train;2023:01:09;10:33:41;nan;26;Leptosphaeria biglobosa
Idf00762;../data/Bousset_data/Images/Big/Idf00762.jpg;Big;Phoma;Champignon;Leptosphaeria biglobosa;1;train;2023:01:09;10:33:45;nan;26;Leptosphaeria biglobosa
Idf00763;../data/Bousset_data/Images/Big/Idf00763.jpg;Big;Phoma;Champignon;Leptosphaeria biglobosa;1;train;2023:01:09;10:33:55;nan;26;Leptosphaeria biglobosa
Idf00764;../data/Bousset_data/Images/Big/Idf00764.jpg;Big;Phoma;Champignon;Leptosphaeria biglobosa;1;train;2023:01:09;10:33:58;nan;26;Leptosphaeria biglobosa
Idf00765;../data/Bousset_data/Images/Big/Idf00765.jpg;Big;Phoma;Champignon;Leptosphaeria biglobosa;1;train;2023:01:09;10:34:20;nan;26;Leptosphaeria biglobosa
Idf00766;../data/Bousset_data/Images/Big/Idf00766.jpg;Big;Phoma;Champignon;Leptosphaeria biglobosa;1;train;2023:01:09;10:34:45;nan;26;Leptosphaeria biglobosa
Idf00767;../data/Bousset_data/Images/Big/Idf00767.jpg;Big;Phoma;Champignon;Leptosphaeria biglobosa;1;train;2023:01:09;10:34:55;nan;26;Leptosphaeria biglobosa
Idf00768;../data/Bousset_data/Images/Big/Idf00768.jpg;Big;Phoma;Champignon;Leptosphaeria biglobosa;1;train;2023:01:09;10:35:03;nan;26;Leptosphaeria biglobosa
Idf00769;../data/Bousset_data/Images/Big/Idf00769.jpg;Big;Phoma;Champignon;Leptosphaeria biglobosa;1;train;2023:01:09;10:35:07;nan;26;Leptosphaeria biglobosa
Idf00770;../data/Bousset_data/Images/Big/Idf00770.jpg;Big;Phoma;Champignon;Leptosphaeria biglobosa;1;train;2023:01:09;10:35:22;nan;26;Leptosphaeria biglobosa
Idf00771;../data/Bousset_data/Images/Big/Idf00771.jpg;Big;Phoma;Champignon;Leptosphaeria biglobosa;1;train;2023:01:09;10:35:27;nan;26;Leptosphaeria biglobosa
Idf00772;../data/Bousset_data/Images/Big/Idf00772.jpg;Big;Phoma;Champignon;Leptosphaeria biglobosa;1;train;2023:01:09;10:35:58;nan;26;Leptosphaeria biglobosa
Idf00773;../data/Bousset_data/Images/Big/Idf00773.jpg;Big;Phoma;Champignon;Leptosphaeria biglobosa;1;train;2023:01:09;10:36:04;nan;26;Leptosphaeria biglobosa
Idf00775;../data/Bousset_data/Images/Big/Idf00775.jpg;Big;Phoma;Champignon;Leptosphaeria biglobosa;1;train;2023:01:09;10:36:49;nan;26;Leptosphaeria biglobosa
Idf00776;../data/Bousset_data/Images/Big/Idf00776.jpg;Big;Phoma;Champignon;Leptosphaeria biglobosa;1;train;2023:01:09;10:37:00;nan;26;Leptosphaeria biglobosa
Idf00777;../data/Bousset_data/Images/Big/Idf00777.jpg;Big;Phoma;Champignon;Leptosphaeria biglobosa;1;train;2023:01:09;10:37:09;nan;26;Leptosphaeria biglobosa
Idf00795;../data/Bousset_data/Images/Big/Idf00795.jpg;Big;Phoma;Champignon;Leptosphaeria biglobosa;1;train;2023:01:09;15:53:10;nan;26;Leptosphaeria biglobosa
Idf00797;../data/Bousset_data/Images/Big/Idf00797.jpg;Big;Phoma;Champignon;Leptosphaeria biglobosa;1;train;2023:01:09;15:53:55;nan;26;Leptosphaeria biglobosa
Idf00798;../data/Bousset_data/Images/Big/Idf00798.jpg;Big;Phoma;Champignon;Leptosphaeria biglobosa;1;train;2023:01:09;15:54:10;nan;26;Leptosphaeria biglobosa
Idf00816;../data/Bousset_data/Images/Big/Idf00816.jpg;Big;Phoma;Champignon;Leptosphaeria biglobosa;1;train;2023:01:09;15:58:08;nan;26;Leptosphaeria biglobosa
Idf00817;../data/Bousset_data/Images/Big/Idf00817.jpg;Big;Phoma;Champignon;Leptosphaeria biglobosa;1;train;2023:01:09;15:58:32;nan;26;Leptosphaeria biglobosa
Idf00818;../data/Bousset_data/Images/Big/Idf00818.jpg;Big;Phoma;Champignon;Leptosphaeria biglobosa;1;train;2023:01:09;15:58:37;nan;26;Leptosphaeria biglobosa
Idf00819;../data/Bousset_data/Images/Big/Idf00819.jpg;Big;Phoma;Champignon;Leptosphaeria biglobosa;1;train;2023:01:09;15:58:46;nan;26;Leptosphaeria biglobosa
Idf00821;../data/Bousset_data/Images/Big/Idf00821.jpg;Big;Phoma;Champignon;Leptosphaeria biglobosa;1;train;2023:01:09;15:59:05;nan;26;Leptosphaeria biglobosa
Idf00829;../data/Bousset_data/Images/Big/Idf00829.jpg;Big;Phoma;Champignon;Leptosphaeria biglobosa;1;train;2023:01:09;16:00:18;nan;26;Leptosphaeria biglobosa
Idf00833;../data/Bousset_data/Images/Big/Idf00833.jpg;Big;Phoma;Champignon;Leptosphaeria biglobosa;1;train;2023:01:09;16:01:19;nan;26;Leptosphaeria biglobosa
Idf00839;../data/Bousset_data/Images/Big/Idf00839.jpg;Big;Phoma;Champignon;Leptosphaeria biglobosa;1;train;2023:01:09;16:02:22;nan;26;Leptosphaeria biglobosa
Idf00841;../data/Bousset_data/Images/Big/Idf00841.jpg;Big;Phoma;Champignon;Leptosphaeria biglobosa;1;train;2023:01:09;16:02:45;nan;26;Leptosphaeria biglobosa
Idf00857;../data/Bousset_data/Images/Big/Idf00857.jpg;Big;Phoma;Champignon;Leptosphaeria biglobosa;1;train;2023:01:09;16:07:01;nan;26;Leptosphaeria biglobosa
Idf00894;../data/Bousset_data/Images/Big/Idf00894.jpg;Big;Phoma;Champignon;Leptosphaeria biglobosa;1;train;2023:01:11;10:43:06;nan;26;Leptosphaeria biglobosa
Idf00898;../data/Bousset_data/Images/Big/Idf00898.jpg;Big;Phoma;Champignon;Leptosphaeria biglobosa;1;train;2023:01:11;10:43:36;nan;26;Leptosphaeria biglobosa
Idf00901;../data/Bousset_data/Images/Big/Idf00901.jpg;Big;Phoma;Champignon;Leptosphaeria biglobosa;1;train;2023:01:11;10:44:28;nan;26;Leptosphaeria biglobosa
Idf00907;../data/Bousset_data/Images/Big/Idf00907.jpg;Big;Phoma;Champignon;Leptosphaeria biglobosa;1;train;2023:01:11;10:45:21;nan;26;Leptosphaeria biglobosa
Idf00908;../data/Bousset_data/Images/Big/Idf00908.jpg;Big;Phoma;Champignon;Leptosphaeria biglobosa;1;train;2023:01:11;10:45:34;nan;26;Leptosphaeria biglobosa
Idf00926;../data/Bousset_data/Images/Big/Idf00926.jpg;Big;Phoma;Champignon;Leptosphaeria biglobosa;1;train;2023:01:11;10:48:55;nan;26;Leptosphaeria biglobosa
Idf00927;../data/Bousset_data/Images/Big/Idf00927.jpg;Big;Phoma;Champignon;Leptosphaeria biglobosa;1;train;2023:01:11;10:49:05;nan;26;Leptosphaeria biglobosa
Idf00933;../data/Bousset_data/Images/Big/Idf00933.jpg;Big;Phoma;Champignon;Leptosphaeria biglobosa;1;train;2023:01:11;10:50:16;nan;26;Leptosphaeria biglobosa
Idf00934;../data/Bousset_data/Images/Big/Idf00934.jpg;Big;Phoma;Champignon;Leptosphaeria biglobosa;1;train;2023:01:11;10:50:22;nan;26;Leptosphaeria biglobosa
Idf00941;../data/Bousset_data/Images/Big/Idf00941.jpg;Big;Phoma;Champignon;Leptosphaeria biglobosa;1;train;2023:01:11;10:51:07;nan;26;Leptosphaeria biglobosa
Idf00942;../data/Bousset_data/Images/Big/Idf00942.jpg;Big;Phoma;Champignon;Leptosphaeria biglobosa;1;train;2023:01:11;10:51:22;nan;26;Leptosphaeria biglobosa
Idf00945;../data/Bousset_data/Images/Big/Idf00945.jpg;Big;Phoma;Champignon;Leptosphaeria biglobosa;1;train;2023:01:11;10:51:54;nan;26;Leptosphaeria biglobosa
Idf00950;../data/Bousset_data/Images/Big/Idf00950.jpg;Big;Phoma;Champignon;Leptosphaeria biglobosa;1;train;2023:01:11;10:53:07;nan;26;Leptosphaeria biglobosa
Idf00951;../data/Bousset_data/Images/Big/Idf00951.jpg;Big;Phoma;Champignon;Leptosphaeria biglobosa;1;train;2023:01:11;10:53:11;nan;26;Leptosphaeria biglobosa
Idf00972;../data/Bousset_data/Images/Big/Idf00972.jpg;Big;Phoma;Champignon;Leptosphaeria biglobosa;1;train;2023:01:11;11:01:54;nan;26;Leptosphaeria biglobosa
Idf01008;../data/Bousset_data/Images/Big/Idf01008.jpg;Big;Phoma;Champignon;Leptosphaeria biglobosa;1;train;2023:01:11;11:30:06;nan;26;Leptosphaeria biglobosa
Idf01058;../data/Bousset_data/Images/Big/Idf01058.jpg;Big;Phoma;Champignon;Leptosphaeria biglobosa;1;train;2023:01:11;11:36:31;nan;26;Leptosphaeria biglobosa
Idf01059;../data/Bousset_data/Images/Big/Idf01059.jpg;Big;Phoma;Champignon;Leptosphaeria biglobosa;1;train;2023:01:11;11:36:34;nan;26;Leptosphaeria biglobosa
Idf01382;../data/VAULT/Bousset_data/Images/Big/Idf01382.jpg;Big;Phoma;Champignon;Leptosphaeria biglobosa;1;vault;2023:01:16;12:40:30;nan;26;Leptosphaeria biglobosa
Idf01397;../data/VAULT/Bousset_data/Images/Big/Idf01397.jpg;Big;Phoma;Champignon;Leptosphaeria biglobosa;1;vault;2023:01:16;12:43:57;nan;26;Leptosphaeria biglobosa
Idf01408;../data/VAULT/Bousset_data/Images/Big/Idf01408.jpg;Big;Phoma;Champignon;Leptosphaeria biglobosa;1;vault;2023:01:16;12:46:07;nan;26;Leptosphaeria biglobosa
Idf01427;../data/VAULT/Bousset_data/Images/Big/Idf01427.jpg;Big;Phoma;Champignon;Leptosphaeria biglobosa;1;vault;2023:01:16;12:51:54;nan;26;Leptosphaeria biglobosa
Idf01429;../data/VAULT/Bousset_data/Images/Big/Idf01429.jpg;Big;Phoma;Champignon;Leptosphaeria biglobosa;1;vault;2023:01:16;12:52:17;nan;26;Leptosphaeria biglobosa
Idf01430;../data/VAULT/Bousset_data/Images/Big/Idf01430.jpg;Big;Phoma;Champignon;Leptosphaeria biglobosa;1;vault;2023:01:16;12:52:28;nan;26;Leptosphaeria biglobosa
Idf01440;../data/VAULT/Bousset_data/Images/Big/Idf01440.jpg;Big;Phoma;Champignon;Leptosphaeria biglobosa;1;vault;2023:01:16;12:55:24;nan;26;Leptosphaeria biglobosa
Idf01442;../data/VAULT/Bousset_data/Images/Big/Idf01442.jpg;Big;Phoma;Champignon;Leptosphaeria biglobosa;1;vault;2023:01:16;12:55:56;nan;26;Leptosphaeria biglobosa
Idf01445;../data/VAULT/Bousset_data/Images/Big/Idf01445.jpg;Big;Phoma;Champignon;Leptosphaeria biglobosa;1;vault;2023:01:16;12:56:44;nan;26;Leptosphaeria biglobosa
Idf01446;../data/VAULT/Bousset_data/Images/Big/Idf01446.jpg;Big;Phoma;Champignon;Leptosphaeria biglobosa;1;vault;2023:01:16;12:57:24;nan;26;Leptosphaeria biglobosa
Idf01466;../data/VAULT/Bousset_data/Images/Big/Idf01466.jpg;Big;Phoma;Champignon;Leptosphaeria biglobosa;1;vault;2023:01:16;13:03:07;nan;26;Leptosphaeria biglobosa
Idf01467;../data/VAULT/Bousset_data/Images/Big/Idf01467.jpg;Big;Phoma;Champignon;Leptosphaeria biglobosa;1;vault;2023:01:16;13:03:35;nan;26;Leptosphaeria biglobosa
Idf01472;../data/VAULT/Bousset_data/Images/Big/Idf01472.jpg;Big;Phoma;Champignon;Leptosphaeria biglobosa;1;vault;2023:01:16;13:06:33;nan;26;Leptosphaeria biglobosa
Idf01480;../data/VAULT/Bousset_data/Images/Big/Idf01480.jpg;Big;Phoma;Champignon;Leptosphaeria biglobosa;1;vault;2023:01:16;13:09:39;nan;26;Leptosphaeria biglobosa
Idf01485;../data/VAULT/Bousset_data/Images/Big/Idf01485.jpg;Big;Phoma;Champignon;Leptosphaeria biglobosa;1;vault;2023:01:16;13:10:56;nan;26;Leptosphaeria biglobosa
Idf01487;../data/VAULT/Bousset_data/Images/Big/Idf01487.jpg;Big;Phoma;Champignon;Leptosphaeria biglobosa;1;vault;2023:01:16;13:11:40;nan;26;Leptosphaeria biglobosa
Idf01499;../data/VAULT/Bousset_data/Images/Big/Idf01499.jpg;Big;Phoma;Champignon;Leptosphaeria biglobosa;1;vault;2023:01:16;13:18:29;nan;26;Leptosphaeria biglobosa
Idf01500;../data/VAULT/Bousset_data/Images/Big/Idf01500.jpg;Big;Phoma;Champignon;Leptosphaeria biglobosa;1;vault;2023:01:16;13:18:42;nan;26;Leptosphaeria biglobosa
Idf01501;../data/VAULT/Bousset_data/Images/Big/Idf01501.jpg;Big;Phoma;Champignon;Leptosphaeria biglobosa;1;vault;2023:01:16;13:19:05;nan;26;Leptosphaeria biglobosa
Idf01502;../data/VAULT/Bousset_data/Images/Big/Idf01502.jpg;Big;Phoma;Champignon;Leptosphaeria biglobosa;1;vault;2023:01:16;13:19:49;nan;26;Leptosphaeria biglobosa
Idf01503;../data/VAULT/Bousset_data/Images/Big/Idf01503.jpg;Big;Phoma;Champignon;Leptosphaeria biglobosa;1;vault;2023:01:16;13:20:02;nan;26;Leptosphaeria biglobosa
Idf01845;../data/Bousset_data/Images/Big/Idf01845.jpg;Big;Phoma;Champignon;Leptosphaeria biglobosa;1;train;2023:02:23;12:47:09;nan;26;Leptosphaeria biglobosa
Idf02183;../data/Bousset_data/Images/Big/Idf02183.jpg;Big;Phoma;Champignon;Leptosphaeria biglobosa;1;train;2023:03:17;11:09:04;nan;26;Leptosphaeria biglobosa
Idf02614;../data/Bousset_data/Images/Big/Idf02614.jpg;Big;Phoma;Champignon;Leptosphaeria biglobosa;1;train;2023:03:20;14:52:34;nan;26;Leptosphaeria biglobosa
Idf03678;../data/Bousset_data/Images/Big/Idf03678.jpg;Big;Phoma;Champignon;Leptosphaeria biglobosa;1;train;2023:04:03;17:12:01;nan;26;Leptosphaeria biglobosa
Idf03679;../data/Bousset_data/Images/Big/Idf03679.jpg;Big;Phoma;Champignon;Leptosphaeria biglobosa;1;train;2023:04:03;17:12:19;nan;26;Leptosphaeria biglobosa
Idf03682;../data/Bousset_data/Images/Big/Idf03682.jpg;Big;Phoma;Champignon;Leptosphaeria biglobosa;1;train;2023:04:03;17:12:43;nan;26;Leptosphaeria biglobosa
Idf03723;../data/Bousset_data/Images/Big/Idf03723.jpg;Big;Phoma;Champignon;Leptosphaeria biglobosa;1;train;2023:04:03;17:21:01;nan;26;Leptosphaeria biglobosa
Idf03943;../data/Bousset_data/Images/Big/Idf03943.jpg;Big;Phoma;Champignon;Leptosphaeria biglobosa;1;train;2023:04:05;15:58:50;nan;26;Leptosphaeria biglobosa
Idf03954;../data/Bousset_data/Images/Big/Idf03954.jpg;Big;Phoma;Champignon;Leptosphaeria biglobosa;1;train;2023:04:05;16:02:22;nan;26;Leptosphaeria biglobosa
Idf03957;../data/Bousset_data/Images/Big/Idf03957.jpg;Big;Phoma;Champignon;Leptosphaeria biglobosa;1;train;2023:04:05;16:02:46;nan;26;Leptosphaeria biglobosa
Idf03991;../data/Bousset_data/Images/Big/Idf03991.jpg;Big;Phoma;Champignon;Leptosphaeria biglobosa;1;train;2023:04:05;16:09:27;nan;26;Leptosphaeria biglobosa
Idf03999;../data/Bousset_data/Images/Big/Idf03999.jpg;Big;Phoma;Champignon;Leptosphaeria biglobosa;1;train;2023:04:05;16:10:21;nan;26;Leptosphaeria biglobosa
Idf04007;../data/Bousset_data/Images/Big/Idf04007.jpg;Big;Phoma;Champignon;Leptosphaeria biglobosa;1;train;2023:04:05;16:11:51;nan;26;Leptosphaeria biglobosa
Idf04055;../data/Bousset_data/Images/Big/Idf04055.jpg;Big;Phoma;Champignon;Leptosphaeria biglobosa;1;train;2023:04:06;13:00:43;nan;26;Leptosphaeria biglobosa
Idf04168;../data/Bousset_data/Images/Big/Idf04168.jpg;Big;Phoma;Champignon;Leptosphaeria biglobosa;1;train;2023:04:06;15:36:44;nan;26;Leptosphaeria biglobosa
Idf07582;../data/Bousset_data/Images/Big/Idf07582.jpg;Big;Phoma;Champignon;Leptosphaeria biglobosa;1;train;2023:09:19;16:34:13;nan;26;Leptosphaeria biglobosa
Idf07603;../data/Bousset_data/Images/Big/Idf07603.jpg;Big;Phoma;Champignon;Leptosphaeria biglobosa;1;train;2023:09:19;16:40:06;nan;26;Leptosphaeria biglobosa
Idf07604;../data/Bousset_data/Images/Big/Idf07604.jpg;Big;Phoma;Champignon;Leptosphaeria biglobosa;1;train;2023:09:19;16:43:14;nan;26;Leptosphaeria biglobosa
Idf08143;../data/Bousset_data/Images/Big/Idf08143.jpg;Big;Phoma;Champignon;Leptosphaeria biglobosa;1;train;2023:10:06;14:27:50;nan;26;Leptosphaeria biglobosa
Idf08152;../data/Bousset_data/Images/Big/Idf08152.jpg;Big;Phoma;Champignon;Leptosphaeria biglobosa;1;train;2023:10:06;14:30:45;nan;26;Leptosphaeria biglobosa
Idf08157;../data/Bousset_data/Images/Big/Idf08157.jpg;Big;Phoma;Champignon;Leptosphaeria biglobosa;1;train;2023:10:06;14:33:50;nan;26;Leptosphaeria biglobosa
Idf08158;../data/Bousset_data/Images/Big/Idf08158.jpg;Big;Phoma;Champignon;Leptosphaeria biglobosa;1;train;2023:10:06;14:34:21;nan;26;Leptosphaeria biglobosa
Idf08161;../data/Bousset_data/Images/Big/Idf08161.jpg;Big;Phoma;Champignon;Leptosphaeria biglobosa;1;train;2023:10:06;14:36:38;nan;26;Leptosphaeria biglobosa
Idf08195;../data/Bousset_data/Images/Big/Idf08195.jpg;Big;Phoma;Champignon;Leptosphaeria biglobosa;1;train;2023:10:06;15:15:52;nan;26;Leptosphaeria biglobosa
Idf08385;../data/Bousset_data/Images/Big/Idf08385.jpg;Big;Phoma;Champignon;Leptosphaeria biglobosa;1;train;2023:10:11;14:58:54;nan;26;Leptosphaeria biglobosa
Idf08406;../data/Bousset_data/Images/Big/Idf08406.jpg;Big;Phoma;Champignon;Leptosphaeria biglobosa;1;train;2023:10:11;15:07:11;nan;26;Leptosphaeria biglobosa
Idf08407;../data/Bousset_data/Images/Big/Idf08407.jpg;Big;Phoma;Champignon;Leptosphaeria biglobosa;1;train;2023:10:11;15:07:36;nan;26;Leptosphaeria biglobosa
Idf08408;../data/Bousset_data/Images/Big/Idf08408.jpg;Big;Phoma;Champignon;Leptosphaeria biglobosa;1;train;2023:10:11;15:07:50;nan;26;Leptosphaeria biglobosa
Idf08436;../data/Bousset_data/Images/Big/Idf08436.jpg;Big;Phoma;Champignon;Leptosphaeria biglobosa;1;train;2023:10:11;15:11:59;nan;26;Leptosphaeria biglobosa
Idf08470;../data/Bousset_data/Images/Big/Idf08470.jpg;Big;Phoma;Champignon;Leptosphaeria biglobosa;1;train;2023:10:13;14:44:38;nan;26;Leptosphaeria biglobosa
Idf08478;../data/Bousset_data/Images/Big/Idf08478.jpg;Big;Phoma;Champignon;Leptosphaeria biglobosa;1;train;2023:10:13;14:48:06;nan;26;Leptosphaeria biglobosa
Idf08494;../data/Bousset_data/Images/Big/Idf08494.jpg;Big;Phoma;Champignon;Leptosphaeria biglobosa;1;train;2023:10:13;14:53:40;nan;26;Leptosphaeria biglobosa
Idf08495;../data/Bousset_data/Images/Big/Idf08495.jpg;Big;Phoma;Champignon;Leptosphaeria biglobosa;1;train;2023:10:13;14:53:55;nan;26;Leptosphaeria biglobosa
Idf08497;../data/Bousset_data/Images/Big/Idf08497.jpg;Big;Phoma;Champignon;Leptosphaeria biglobosa;1;train;2023:10:11;15:33:52;nan;26;Leptosphaeria biglobosa
Idf08635;../data/Bousset_data/Images/Big/Idf08635.jpg;Big;Phoma;Champignon;Leptosphaeria biglobosa;1;train;2023:10:13;14:39:18;nan;26;Leptosphaeria biglobosa
Idf08638;../data/Bousset_data/Images/Big/Idf08638.jpg;Big;Phoma;Champignon;Leptosphaeria biglobosa;1;train;2023:10:13;14:39:50;nan;26;Leptosphaeria biglobosa
Idf08639;../data/Bousset_data/Images/Big/Idf08639.jpg;Big;Phoma;Champignon;Leptosphaeria biglobosa;1;train;2023:10:13;14:40:42;nan;26;Leptosphaeria biglobosa
Idf08647;../data/Bousset_data/Images/Big/Idf08647.jpg;Big;Phoma;Champignon;Leptosphaeria biglobosa;1;train;2023:10:13;14:42:48;nan;26;Leptosphaeria biglobosa
Idf08648;../data/Bousset_data/Images/Big/Idf08648.jpg;Big;Phoma;Champignon;Leptosphaeria biglobosa;1;train;2023:10:13;14:42:53;nan;26;Leptosphaeria biglobosa
Idf08740;../data/Bousset_data/Images/Big/Idf08740.jpg;Big;Phoma;Champignon;Leptosphaeria biglobosa;1;train;2023:10:16;15:41:07;nan;26;Leptosphaeria biglobosa
Idf08784;../data/Bousset_data/Images/Big/Idf08784.jpg;Big;Phoma;Champignon;Leptosphaeria biglobosa;1;train;2023:10:26;09:42:05;nan;26;Leptosphaeria biglobosa
Idf08785;../data/Bousset_data/Images/Big/Idf08785.jpg;Big;Phoma;Champignon;Leptosphaeria biglobosa;1;train;2023:10:26;09:42:13;nan;26;Leptosphaeria biglobosa
Idf08793;../data/Bousset_data/Images/Big/Idf08793.jpg;Big;Phoma;Champignon;Leptosphaeria biglobosa;1;train;2023:10:26;09:43:49;nan;26;Leptosphaeria biglobosa
Idf08798;../data/Bousset_data/Images/Big/Idf08798.jpg;Big;Phoma;Champignon;Leptosphaeria biglobosa;1;train;2023:10:26;09:44:34;nan;26;Leptosphaeria biglobosa
Idf08853;../data/Bousset_data/Images/Big/Idf08853.jpg;Big;Phoma;Champignon;Leptosphaeria biglobosa;1;train;2023:11:07;11:42:25;nan;26;Leptosphaeria biglobosa
Idf08855;../data/Bousset_data/Images/Big/Idf08855.jpg;Big;Phoma;Champignon;Leptosphaeria biglobosa;1;train;2023:11:07;11:42:47;nan;26;Leptosphaeria biglobosa
Idf08857;../data/Bousset_data/Images/Big/Idf08857.jpg;Big;Phoma;Champignon;Leptosphaeria biglobosa;1;train;2023:11:07;11:43:01;nan;26;Leptosphaeria biglobosa
Idf08858;../data/Bousset_data/Images/Big/Idf08858.jpg;Big;Phoma;Champignon;Leptosphaeria biglobosa;1;train;2023:11:07;11:43:08;nan;26;Leptosphaeria biglobosa
Idf08869;../data/Bousset_data/Images/Big/Idf08869.jpg;Big;Phoma;Champignon;Leptosphaeria biglobosa;1;train;2023:11:07;11:45:43;nan;26;Leptosphaeria biglobosa
Idf08872;../data/Bousset_data/Images/Big/Idf08872.jpg;Big;Phoma;Champignon;Leptosphaeria biglobosa;1;train;2023:11:07;11:46:42;nan;26;Leptosphaeria biglobosa
Idf08909;../data/Bousset_data/Images/Big/Idf08909.jpg;Big;Phoma;Champignon;Leptosphaeria biglobosa;1;train;2023:11:07;11:52:56;nan;26;Leptosphaeria biglobosa
Idf08912;../data/Bousset_data/Images/Big/Idf08912.jpg;Big;Phoma;Champignon;Leptosphaeria biglobosa;1;train;2023:11:07;11:53:34;nan;26;Leptosphaeria biglobosa
Idf08913;../data/Bousset_data/Images/Big/Idf08913.jpg;Big;Phoma;Champignon;Leptosphaeria biglobosa;1;train;2023:11:07;11:53:40;nan;26;Leptosphaeria biglobosa
Idf08916;../data/Bousset_data/Images/Big/Idf08916.jpg;Big;Phoma;Champignon;Leptosphaeria biglobosa;1;train;2023:11:07;11:54:47;nan;26;Leptosphaeria biglobosa
Idf08919;../data/Bousset_data/Images/Big/Idf08919.jpg;Big;Phoma;Champignon;Leptosphaeria biglobosa;1;train;2023:11:07;11:56:19;nan;26;Leptosphaeria biglobosa
Idf08920;../data/Bousset_data/Images/Big/Idf08920.jpg;Big;Phoma;Champignon;Leptosphaeria biglobosa;1;train;2023:11:07;11:56:30;nan;26;Leptosphaeria biglobosa
Idf08930;../data/Bousset_data/Images/Big/Idf08930.jpg;Big;Phoma;Champignon;Leptosphaeria biglobosa;1;train;2023:11:07;12:01:05;nan;26;Leptosphaeria biglobosa
Idf08931;../data/Bousset_data/Images/Big/Idf08931.jpg;Big;Phoma;Champignon;Leptosphaeria biglobosa;1;train;2023:11:07;12:01:22;nan;26;Leptosphaeria biglobosa
Idf08932;../data/Bousset_data/Images/Big/Idf08932.jpg;Big;Phoma;Champignon;Leptosphaeria biglobosa;1;train;2023:11:07;12:01:28;nan;26;Leptosphaeria biglobosa
Idf08936;../data/Bousset_data/Images/Big/Idf08936.jpg;Big;Phoma;Champignon;Leptosphaeria biglobosa;1;train;2023:11:07;12:02:16;nan;26;Leptosphaeria biglobosa
Idf08942;../data/Bousset_data/Images/Big/Idf08942.jpg;Big;Phoma;Champignon;Leptosphaeria biglobosa;1;train;2023:11:07;12:03:49;nan;26;Leptosphaeria biglobosa
Idf08943;../data/Bousset_data/Images/Big/Idf08943.jpg;Big;Phoma;Champignon;Leptosphaeria biglobosa;1;train;2023:11:07;12:04:14;nan;26;Leptosphaeria biglobosa
Idf08944;../data/Bousset_data/Images/Big/Idf08944.jpg;Big;Phoma;Champignon;Leptosphaeria biglobosa;1;train;2023:11:07;12:04:54;nan;26;Leptosphaeria biglobosa
Idf08945;../data/Bousset_data/Images/Big/Idf08945.jpg;Big;Phoma;Champignon;Leptosphaeria biglobosa;1;train;2023:11:07;12:04:56;nan;26;Leptosphaeria biglobosa
Idf08987;../data/Bousset_data/Images/Big/Idf08987.jpg;Big;Phoma;Champignon;Leptosphaeria biglobosa;1;train;2023:11:14;15:32:15;nan;26;Leptosphaeria biglobosa
Idf09141;../data/Bousset_data/Images/Big/Idf09141.jpg;Big;Phoma;Champignon;Leptosphaeria biglobosa;1;train;2023:11:14;15:59:39;nan;26;Leptosphaeria biglobosa
Idf09163;../data/Bousset_data/Images/Big/Idf09163.jpg;Big;Phoma;Champignon;Leptosphaeria biglobosa;1;train;2023:11:15;15:06:15;nan;26;Leptosphaeria biglobosa
Idf09166;../data/Bousset_data/Images/Big/Idf09166.jpg;Big;Phoma;Champignon;Leptosphaeria biglobosa;1;train;2023:11:15;15:06:34;nan;26;Leptosphaeria biglobosa
Idf09167;../data/Bousset_data/Images/Big/Idf09167.jpg;Big;Phoma;Champignon;Leptosphaeria biglobosa;1;train;2023:11:15;15:07:06;nan;26;Leptosphaeria biglobosa
Idf09168;../data/Bousset_data/Images/Big/Idf09168.jpg;Big;Phoma;Champignon;Leptosphaeria biglobosa;1;train;2023:11:15;15:07:08;nan;26;Leptosphaeria biglobosa
Idf09176;../data/Bousset_data/Images/Big/Idf09176.jpg;Big;Phoma;Champignon;Leptosphaeria biglobosa;1;train;2023:11:15;15:08:21;nan;26;Leptosphaeria biglobosa
Idf09178;../data/Bousset_data/Images/Big/Idf09178.jpg;Big;Phoma;Champignon;Leptosphaeria biglobosa;1;train;2023:11:15;15:08:31;nan;26;Leptosphaeria biglobosa
Idf09179;../data/Bousset_data/Images/Big/Idf09179.jpg;Big;Phoma;Champignon;Leptosphaeria biglobosa;1;train;2023:11:15;15:08:55;nan;26;Leptosphaeria biglobosa
Idf09201;../data/Bousset_data/Images/Big/Idf09201.jpg;Big;Phoma;Champignon;Leptosphaeria biglobosa;1;train;2023:11:15;15:12:16;nan;26;Leptosphaeria biglobosa
Idf09222;../data/Bousset_data/Images/Big/Idf09222.jpg;Big;Phoma;Champignon;Leptosphaeria biglobosa;1;train;2023:11:20;11:52:28;nan;26;Leptosphaeria biglobosa
Idf09232;../data/Bousset_data/Images/Big/Idf09232.jpg;Big;Phoma;Champignon;Leptosphaeria biglobosa;1;train;2023:11:20;11:54:08;nan;26;Leptosphaeria biglobosa
Idf09235;../data/Bousset_data/Images/Big/Idf09235.jpg;Big;Phoma;Champignon;Leptosphaeria biglobosa;1;train;2023:11:20;11:54:30;nan;26;Leptosphaeria biglobosa
Idf09249;../data/Bousset_data/Images/Big/Idf09249.jpg;Big;Phoma;Champignon;Leptosphaeria biglobosa;1;train;2023:11:20;11:58:19;nan;26;Leptosphaeria biglobosa
Idf09250;../data/Bousset_data/Images/Big/Idf09250.jpg;Big;Phoma;Champignon;Leptosphaeria biglobosa;1;train;2023:11:20;11:58:35;nan;26;Leptosphaeria biglobosa
Idf09251;../data/Bousset_data/Images/Big/Idf09251.jpg;Big;Phoma;Champignon;Leptosphaeria biglobosa;1;train;2023:11:20;11:58:45;nan;26;Leptosphaeria biglobosa
Idf09252;../data/Bousset_data/Images/Big/Idf09252.jpg;Big;Phoma;Champignon;Leptosphaeria biglobosa;1;train;2023:11:20;11:59:10;nan;26;Leptosphaeria biglobosa
Idf09261;../data/Bousset_data/Images/Big/Idf09261.jpg;Big;Phoma;Champignon;Leptosphaeria biglobosa;1;train;2023:11:20;12:01:13;nan;26;Leptosphaeria biglobosa
Idf09262;../data/Bousset_data/Images/Big/Idf09262.jpg;Big;Phoma;Champignon;Leptosphaeria biglobosa;1;train;2023:11:20;12:01:18;nan;26;Leptosphaeria biglobosa
Idf09264;../data/Bousset_data/Images/Big/Idf09264.jpg;Big;Phoma;Champignon;Leptosphaeria biglobosa;1;train;2023:11:20;12:03:14;nan;26;Leptosphaeria biglobosa
Idf09266;../data/Bousset_data/Images/Big/Idf09266.jpg;Big;Phoma;Champignon;Leptosphaeria biglobosa;1;train;2023:11:20;12:04:23;nan;26;Leptosphaeria biglobosa
Idf09267;../data/Bousset_data/Images/Big/Idf09267.jpg;Big;Phoma;Champignon;Leptosphaeria biglobosa;1;train;2023:11:20;12:04:43;nan;26;Leptosphaeria biglobosa
Idf09268;../data/Bousset_data/Images/Big/Idf09268.jpg;Big;Phoma;Champignon;Leptosphaeria biglobosa;1;train;2023:11:20;12:04:54;nan;26;Leptosphaeria biglobosa
Idf09277;../data/Bousset_data/Images/Big/Idf09277.jpg;Big;Phoma;Champignon;Leptosphaeria biglobosa;1;train;2023:11:20;12:08:55;nan;26;Leptosphaeria biglobosa
Idf09278;../data/Bousset_data/Images/Big/Idf09278.jpg;Big;Phoma;Champignon;Leptosphaeria biglobosa;1;train;2023:11:20;12:09:13;nan;26;Leptosphaeria biglobosa
Idf09281;../data/Bousset_data/Images/Big/Idf09281.jpg;Big;Phoma;Champignon;Leptosphaeria biglobosa;1;train;2023:11:20;12:10:02;nan;26;Leptosphaeria biglobosa
Idf09282;../data/Bousset_data/Images/Big/Idf09282.jpg;Big;Phoma;Champignon;Leptosphaeria biglobosa;1;train;2023:11:20;12:10:16;nan;26;Leptosphaeria biglobosa
Idf09283;../data/Bousset_data/Images/Big/Idf09283.jpg;Big;Phoma;Champignon;Leptosphaeria biglobosa;1;train;2023:11:20;12:10:24;nan;26;Leptosphaeria biglobosa
Idf09284;../data/Bousset_data/Images/Big/Idf09284.jpg;Big;Phoma;Champignon;Leptosphaeria biglobosa;1;train;2023:11:20;12:10:39;nan;26;Leptosphaeria biglobosa
Idf09286;../data/Bousset_data/Images/Big/Idf09286.jpg;Big;Phoma;Champignon;Leptosphaeria biglobosa;1;train;2023:11:20;12:11:17;nan;26;Leptosphaeria biglobosa
Idf09287;../data/Bousset_data/Images/Big/Idf09287.jpg;Big;Phoma;Champignon;Leptosphaeria biglobosa;1;train;2023:11:20;12:11:22;nan;26;Leptosphaeria biglobosa
Idf09290;../data/Bousset_data/Images/Big/Idf09290.jpg;Big;Phoma;Champignon;Leptosphaeria biglobosa;1;train;2023:11:20;12:11:49;nan;26;Leptosphaeria biglobosa
Idf09292;../data/Bousset_data/Images/Big/Idf09292.jpg;Big;Phoma;Champignon;Leptosphaeria biglobosa;1;train;2023:11:20;12:12:01;nan;26;Leptosphaeria biglobosa
Idf09293;../data/Bousset_data/Images/Big/Idf09293.jpg;Big;Phoma;Champignon;Leptosphaeria biglobosa;1;train;2023:11:20;12:12:18;nan;26;Leptosphaeria biglobosa
Idf09294;../data/Bousset_data/Images/Big/Idf09294.jpg;Big;Phoma;Champignon;Leptosphaeria biglobosa;1;train;2023:11:20;12:12:20;nan;26;Leptosphaeria biglobosa
Idf09297;../data/Bousset_data/Images/Big/Idf09297.jpg;Big;Phoma;Champignon;Leptosphaeria biglobosa;1;train;2023:11:20;12:12:34;nan;26;Leptosphaeria biglobosa
Idf09299;../data/Bousset_data/Images/Big/Idf09299.jpg;Big;Phoma;Champignon;Leptosphaeria biglobosa;1;train;2023:11:20;12:12:39;nan;26;Leptosphaeria biglobosa
Idf09337;../data/Bousset_data/Images/Big/Idf09337.jpg;Big;Phoma;Champignon;Leptosphaeria biglobosa;1;train;2023:11:20;13:21:41;nan;26;Leptosphaeria biglobosa
Idf09358;../data/Bousset_data/Images/Big/Idf09358.jpg;Big;Phoma;Champignon;Leptosphaeria biglobosa;1;train;2023:11:20;13:23:41;nan;26;Leptosphaeria biglobosa
Idf09443;../data/Bousset_data/Images/Big/Idf09443.jpg;Big;Phoma;Champignon;Leptosphaeria biglobosa;1;train;2023:11:20;13:29:39;nan;26;Leptosphaeria biglobosa
Idf09473;../data/Bousset_data/Images/Big/Idf09473.jpg;Big;Phoma;Champignon;Leptosphaeria biglobosa;1;train;2023:11:20;13:32:40;nan;26;Leptosphaeria biglobosa
Idf09477;../data/Bousset_data/Images/Big/Idf09477.jpg;Big;Phoma;Champignon;Leptosphaeria biglobosa;1;train;2023:11:20;13:32:49;nan;26;Leptosphaeria biglobosa
Idf09501;../data/Bousset_data/Images/Big/Idf09501.jpg;Big;Phoma;Champignon;Leptosphaeria biglobosa;1;train;2023:11:20;13:34:52;nan;26;Leptosphaeria biglobosa
Idf09502;../data/Bousset_data/Images/Big/Idf09502.jpg;Big;Phoma;Champignon;Leptosphaeria biglobosa;1;train;2023:11:20;13:34:53;nan;26;Leptosphaeria biglobosa
Idf09518;../data/Bousset_data/Images/Big/Idf09518.jpg;Big;Phoma;Champignon;Leptosphaeria biglobosa;1;train;2023:11:20;13:36:24;nan;26;Leptosphaeria biglobosa
Idf09549;../data/Bousset_data/Images/Big/Idf09549.jpg;Big;Phoma;Champignon;Leptosphaeria biglobosa;1;train;2023:11:20;13:41:06;nan;26;Leptosphaeria biglobosa
Idf09587;../data/Bousset_data/Images/Big/Idf09587.jpg;Big;Phoma;Champignon;Leptosphaeria biglobosa;1;train;2023:11:24;14:36:39;nan;26;Leptosphaeria biglobosa
Idf09616;../data/Bousset_data/Images/Big/Idf09616.jpg;Big;Phoma;Champignon;Leptosphaeria biglobosa;1;train;2023:11:24;14:44:45;nan;26;Leptosphaeria biglobosa
Idf09642;../data/Bousset_data/Images/Big/Idf09642.jpg;Big;Phoma;Champignon;Leptosphaeria biglobosa;1;train;2023:11:24;14:48:58;nan;26;Leptosphaeria biglobosa
Idf09712;../data/Bousset_data/Images/Big/Idf09712.jpg;Big;Phoma;Champignon;Leptosphaeria biglobosa;1;train;2023:12:12;12:46:44;nan;26;Leptosphaeria biglobosa
Idf09713;../data/Bousset_data/Images/Big/Idf09713.jpg;Big;Phoma;Champignon;Leptosphaeria biglobosa;1;train;2023:12:12;12:47:01;nan;26;Leptosphaeria biglobosa
Idf10636;../data/Bousset_data/Images/Big/Idf10636.jpg;Big;Phoma;Champignon;Leptosphaeria biglobosa;1;train;2024:02:15;12:07:56;nan;26;Leptosphaeria biglobosa
Idf11875;../data/Bousset_data/Images/Big/Idf11875.jpg;Big;Phoma;Champignon;Leptosphaeria biglobosa;1;train;2024:03:12;18:18:49;nan;26;Leptosphaeria biglobosa
Idf11876;../data/Bousset_data/Images/Big/Idf11876.jpg;Big;Phoma;Champignon;Leptosphaeria biglobosa;1;train;2024:03:12;18:18:54;nan;26;Leptosphaeria biglobosa
Idf11899;../data/Bousset_data/Images/Big/Idf11899.jpg;Big;Phoma;Champignon;Leptosphaeria biglobosa;1;train;2024:03:12;18:22:11;nan;26;Leptosphaeria biglobosa
Idf11901;../data/Bousset_data/Images/Big/Idf11901.jpg;Big;Phoma;Champignon;Leptosphaeria biglobosa;1;train;2024:03:12;18:22:27;nan;26;Leptosphaeria biglobosa
Idf11970;../data/Bousset_data/Images/Big/Idf11970.jpg;Big;Phoma;Champignon;Leptosphaeria biglobosa;1;train;2024:03:12;18:31:31;nan;26;Leptosphaeria biglobosa
Idf02910;../data/VAULT/Bousset_data/Images/Cri/Idf02910.jpg;Cri;Virus du rabourgrissement du navet;Virus;Turnip Crincle virus;0;vault;2023:03:21;15:58:25;nan;10;Turnip Crincle virus
Idf02931;../data/VAULT/Bousset_data/Images/Cri/Idf02931.jpg;Cri;Virus du rabourgrissement du navet;Virus;Turnip Crincle virus;0;vault;2023:03:21;16:01:19;nan;10;Turnip Crincle virus
Idf02954;../data/VAULT/Bousset_data/Images/Cri/Idf02954.jpg;Cri;Virus du rabourgrissement du navet;Virus;Turnip Crincle virus;0;vault;2023:03:21;16:05:43;nan;10;Turnip Crincle virus
Idf02955;../data/VAULT/Bousset_data/Images/Cri/Idf02955.jpg;Cri;Virus du rabourgrissement du navet;Virus;Turnip Crincle virus;0;vault;2023:03:21;16:05:45;nan;10;Turnip Crincle virus
Idf02956;../data/VAULT/Bousset_data/Images/Cri/Idf02956.jpg;Cri;Virus du rabourgrissement du navet;Virus;Turnip Crincle virus;0;vault;2023:03:21;16:05:49;nan;10;Turnip Crincle virus
Idf02957;../data/VAULT/Bousset_data/Images/Cri/Idf02957.jpg;Cri;Virus du rabourgrissement du navet;Virus;Turnip Crincle virus;0;vault;2023:03:21;16:05:56;nan;10;Turnip Crincle virus
Idf02959;../data/VAULT/Bousset_data/Images/Cri/Idf02959.jpg;Cri;Virus du rabourgrissement du navet;Virus;Turnip Crincle virus;0;vault;2023:03:21;16:06:06;nan;10;Turnip Crincle virus
Idf02961;../data/VAULT/Bousset_data/Images/Cri/Idf02961.jpg;Cri;Virus du rabourgrissement du navet;Virus;Turnip Crincle virus;0;vault;2023:03:21;16:06:18;nan;10;Turnip Crincle virus
Idf02964;../data/VAULT/Bousset_data/Images/Cri/Idf02964.jpg;Cri;Virus du rabourgrissement du navet;Virus;Turnip Crincle virus;0;vault;2023:03:21;16:06:34;nan;10;Turnip Crincle virus
Idf03012;../data/VAULT/Bousset_data/Images/Cri/Idf03012.jpg;Cri;Virus du rabourgrissement du navet;Virus;Turnip Crincle virus;0;vault;2023:03:21;16:16:51;nan;10;Turnip Crincle virus
Idf03013;../data/VAULT/Bousset_data/Images/Cri/Idf03013.jpg;Cri;Virus du rabourgrissement du navet;Virus;Turnip Crincle virus;0;vault;2023:03:21;16:16:52;nan;10;Turnip Crincle virus
Idf03014;../data/VAULT/Bousset_data/Images/Cri/Idf03014.jpg;Cri;Virus du rabourgrissement du navet;Virus;Turnip Crincle virus;0;vault;2023:03:21;16:16:55;nan;10;Turnip Crincle virus
Idf04163;../data/Bousset_data/Images/Cri/Idf04163.jpg;Cri;Virus du rabourgrissement du navet;Virus;Turnip Crincle virus;0;train;2023:04:06;15:35:57;nan;10;Turnip Crincle virus
Idf08477;../data/Bousset_data/Images/Cri/Idf08477.jpg;Cri;Virus du rabourgrissement du navet;Virus;Turnip Crincle virus;0;train;2023:10:11;15:31:56;nan;10;Turnip Crincle virus
Idf08478;../data/Bousset_data/Images/Cri/Idf08478.jpg;Cri;Virus du rabourgrissement du navet;Virus;Turnip Crincle virus;0;train;2023:10:11;15:32:05;nan;10;Turnip Crincle virus
Idf08773;../data/Bousset_data/Images/Cri/Idf08773.jpg;Cri;Virus du rabourgrissement du navet;Virus;Turnip Crincle virus;0;train;2023:10:26;09:40:22;nan;10;Turnip Crincle virus
Idf08774;../data/Bousset_data/Images/Cri/Idf08774.jpg;Cri;Virus du rabourgrissement du navet;Virus;Turnip Crincle virus;0;train;2023:10:26;09:40:24;nan;10;Turnip Crincle virus
Idf10408;../data/Bousset_data/Images/Cri/Idf10408.jpg;Cri;Virus du rabourgrissement du navet;Virus;Turnip Crincle virus;0;train;2023:12:22;14:03:38;nan;10;Turnip Crincle virus
Idf10409;../data/Bousset_data/Images/Cri/Idf10409.jpg;Cri;Virus du rabourgrissement du navet;Virus;Turnip Crincle virus;0;train;2023:12:22;14:03:40;nan;10;Turnip Crincle virus
Idf10410;../data/Bousset_data/Images/Cri/Idf10410.jpg;Cri;Virus du rabourgrissement du navet;Virus;Turnip Crincle virus;0;train;2023:12:22;14:03:44;nan;10;Turnip Crincle virus
Idf10411;../data/Bousset_data/Images/Cri/Idf10411.jpg;Cri;Virus du rabourgrissement du navet;Virus;Turnip Crincle virus;0;train;2023:12:22;14:03:48;nan;10;Turnip Crincle virus
Idf10412;../data/Bousset_data/Images/Cri/Idf10412.jpg;Cri;Virus du rabourgrissement du navet;Virus;Turnip Crincle virus;0;train;2023:12:22;14:03:50;nan;10;Turnip Crincle virus
Idf10413;../data/Bousset_data/Images/Cri/Idf10413.jpg;Cri;Virus du rabourgrissement du navet;Virus;Turnip Crincle virus;0;train;2023:12:22;14:03:54;nan;10;Turnip Crincle virus
Idf11053;../data/Bousset_data/Images/Cri/Idf11053.jpg;Cri;Virus du rabourgrissement du navet;Virus;Turnip Crincle virus;0;train;2024:02:15;13:50:43;nan;10;Turnip Crincle virus
Idf11054;../data/Bousset_data/Images/Cri/Idf11054.jpg;Cri;Virus du rabourgrissement du navet;Virus;Turnip Crincle virus;0;train;2024:02:15;13:50:46;nan;10;Turnip Crincle virus
Idf11056;../data/Bousset_data/Images/Cri/Idf11056.jpg;Cri;Virus du rabourgrissement du navet;Virus;Turnip Crincle virus;0;train;2024:02:15;13:50:50;nan;10;Turnip Crincle virus
Idf11057;../data/Bousset_data/Images/Cri/Idf11057.jpg;Cri;Virus du rabourgrissement du navet;Virus;Turnip Crincle virus;0;train;2024:02:15;13:50:51;nan;10;Turnip Crincle virus
Idf11094;../data/Bousset_data/Images/Cri/Idf11094.jpg;Cri;Virus du rabourgrissement du navet;Virus;Turnip Crincle virus;0;train;2024:02:15;13:54:30;nan;10;Turnip Crincle virus
Idf11096;../data/Bousset_data/Images/Cri/Idf11096.jpg;Cri;Virus du rabourgrissement du navet;Virus;Turnip Crincle virus;0;train;2024:02:15;13:54:33;nan;10;Turnip Crincle virus
Idf11097;../data/Bousset_data/Images/Cri/Idf11097.jpg;Cri;Virus du rabourgrissement du navet;Virus;Turnip Crincle virus;0;train;2024:02:15;13:54:50;nan;10;Turnip Crincle virus
Idf11292;../data/Bousset_data/Images/Cri/Idf11292.jpg;Cri;Virus du rabourgrissement du navet;Virus;Turnip Crincle virus;0;train;2024:03:08;14:20:40;nan;10;Turnip Crincle virus
Idf11293;../data/Bousset_data/Images/Cri/Idf11293.jpg;Cri;Virus du rabourgrissement du navet;Virus;Turnip Crincle virus;0;train;2024:03:08;14:20:44;nan;10;Turnip Crincle virus
Idf11294;../data/Bousset_data/Images/Cri/Idf11294.jpg;Cri;Virus du rabourgrissement du navet;Virus;Turnip Crincle virus;0;train;2024:03:08;14:20:47;nan;10;Turnip Crincle virus
Idf11295;../data/Bousset_data/Images/Cri/Idf11295.jpg;Cri;Virus du rabourgrissement du navet;Virus;Turnip Crincle virus;0;train;2024:03:08;14:20:49;nan;10;Turnip Crincle virus
Idf11297;../data/Bousset_data/Images/Cri/Idf11297.jpg;Cri;Virus du rabourgrissement du navet;Virus;Turnip Crincle virus;0;train;2024:03:08;14:21:00;nan;10;Turnip Crincle virus
Idf11298;../data/Bousset_data/Images/Cri/Idf11298.jpg;Cri;Virus du rabourgrissement du navet;Virus;Turnip Crincle virus;0;train;2024:03:08;14:21:02;nan;10;Turnip Crincle virus
Idf11299;../data/Bousset_data/Images/Cri/Idf11299.jpg;Cri;Virus du rabourgrissement du navet;Virus;Turnip Crincle virus;0;train;2024:03:08;14:21:09;nan;10;Turnip Crincle virus
Idf11300;../data/Bousset_data/Images/Cri/Idf11300.jpg;Cri;Virus du rabourgrissement du navet;Virus;Turnip Crincle virus;0;train;2024:03:08;14:21:23;nan;10;Turnip Crincle virus
Idf11301;../data/Bousset_data/Images/Cri/Idf11301.jpg;Cri;Virus du rabourgrissement du navet;Virus;Turnip Crincle virus;0;train;2024:03:08;14:21:26;nan;10;Turnip Crincle virus
Idf11302;../data/Bousset_data/Images/Cri/Idf11302.jpg;Cri;Virus du rabourgrissement du navet;Virus;Turnip Crincle virus;0;train;2024:03:08;14:21:28;nan;10;Turnip Crincle virus
Idf11303;../data/Bousset_data/Images/Cri/Idf11303.jpg;Cri;Virus du rabourgrissement du navet;Virus;Turnip Crincle virus;0;train;2024:03:08;14:21:30;nan;10;Turnip Crincle virus
Idf11304;../data/Bousset_data/Images/Cri/Idf11304.jpg;Cri;Virus du rabourgrissement du navet;Virus;Turnip Crincle virus;0;train;2024:03:08;14:21:43;nan;10;Turnip Crincle virus
Idf11305;../data/Bousset_data/Images/Cri/Idf11305.jpg;Cri;Virus du rabourgrissement du navet;Virus;Turnip Crincle virus;0;train;2024:03:08;14:21:59;nan;10;Turnip Crincle virus
Idf11306;../data/Bousset_data/Images/Cri/Idf11306.jpg;Cri;Virus du rabourgrissement du navet;Virus;Turnip Crincle virus;0;train;2024:03:08;14:22:02;nan;10;Turnip Crincle virus
Idf11307;../data/Bousset_data/Images/Cri/Idf11307.jpg;Cri;Virus du rabourgrissement du navet;Virus;Turnip Crincle virus;0;train;2024:03:08;14:22:05;nan;10;Turnip Crincle virus
Idf11308;../data/Bousset_data/Images/Cri/Idf11308.jpg;Cri;Virus du rabourgrissement du navet;Virus;Turnip Crincle virus;0;train;2024:03:08;14:22:08;nan;10;Turnip Crincle virus
Idf11309;../data/Bousset_data/Images/Cri/Idf11309.jpg;Cri;Virus du rabourgrissement du navet;Virus;Turnip Crincle virus;0;train;2024:03:08;14:22:23;nan;10;Turnip Crincle virus
Idf11310;../data/Bousset_data/Images/Cri/Idf11310.jpg;Cri;Virus du rabourgrissement du navet;Virus;Turnip Crincle virus;0;train;2024:03:08;14:22:25;nan;10;Turnip Crincle virus
Idf11311;../data/Bousset_data/Images/Cri/Idf11311.jpg;Cri;Virus du rabourgrissement du navet;Virus;Turnip Crincle virus;0;train;2024:03:08;14:22:31;nan;10;Turnip Crincle virus
Idf11313;../data/Bousset_data/Images/Cri/Idf11313.jpg;Cri;Virus du rabourgrissement du navet;Virus;Turnip Crincle virus;0;train;2024:03:08;14:22:54;nan;10;Turnip Crincle virus
Idf11315;../data/Bousset_data/Images/Cri/Idf11315.jpg;Cri;Virus du rabourgrissement du navet;Virus;Turnip Crincle virus;0;train;2024:03:08;14:23:20;nan;10;Turnip Crincle virus
Idf11316;../data/Bousset_data/Images/Cri/Idf11316.jpg;Cri;Virus du rabourgrissement du navet;Virus;Turnip Crincle virus;0;train;2024:03:08;14:23:22;nan;10;Turnip Crincle virus
Idf11317;../data/Bousset_data/Images/Cri/Idf11317.jpg;Cri;Virus du rabourgrissement du navet;Virus;Turnip Crincle virus;0;train;2024:03:08;14:23:24;nan;10;Turnip Crincle virus
Idf11318;../data/Bousset_data/Images/Cri/Idf11318.jpg;Cri;Virus du rabourgrissement du navet;Virus;Turnip Crincle virus;0;train;2024:03:08;14:23:26;nan;10;Turnip Crincle virus
Idf11319;../data/Bousset_data/Images/Cri/Idf11319.jpg;Cri;Virus du rabourgrissement du navet;Virus;Turnip Crincle virus;0;train;2024:03:08;14:23:29;nan;10;Turnip Crincle virus
Idf11320;../data/Bousset_data/Images/Cri/Idf11320.jpg;Cri;Virus du rabourgrissement du navet;Virus;Turnip Crincle virus;0;train;2024:03:08;14:23:31;nan;10;Turnip Crincle virus
Idf11321;../data/Bousset_data/Images/Cri/Idf11321.jpg;Cri;Virus du rabourgrissement du navet;Virus;Turnip Crincle virus;0;train;2024:03:08;14:23:33;nan;10;Turnip Crincle virus
Idf11322;../data/Bousset_data/Images/Cri/Idf11322.jpg;Cri;Virus du rabourgrissement du navet;Virus;Turnip Crincle virus;0;train;2024:03:08;14:23:38;nan;10;Turnip Crincle virus
Idf11323;../data/Bousset_data/Images/Cri/Idf11323.jpg;Cri;Virus du rabourgrissement du navet;Virus;Turnip Crincle virus;0;train;2024:03:08;14:23:40;nan;10;Turnip Crincle virus
Idf11324;../data/Bousset_data/Images/Cri/Idf11324.jpg;Cri;Virus du rabourgrissement du navet;Virus;Turnip Crincle virus;0;train;2024:03:08;14:23:43;nan;10;Turnip Crincle virus
Idf11325;../data/Bousset_data/Images/Cri/Idf11325.jpg;Cri;Virus du rabourgrissement du navet;Virus;Turnip Crincle virus;0;train;2024:03:08;14:23:47;nan;10;Turnip Crincle virus
Idf11326;../data/Bousset_data/Images/Cri/Idf11326.jpg;Cri;Virus du rabourgrissement du navet;Virus;Turnip Crincle virus;0;train;2024:03:08;14:23:50;nan;10;Turnip Crincle virus
Idf11327;../data/Bousset_data/Images/Cri/Idf11327.jpg;Cri;Virus du rabourgrissement du navet;Virus;Turnip Crincle virus;0;train;2024:03:08;14:23:53;nan;10;Turnip Crincle virus
Idf11328;../data/Bousset_data/Images/Cri/Idf11328.jpg;Cri;Virus du rabourgrissement du navet;Virus;Turnip Crincle virus;0;train;2024:03:08;14:23:58;nan;10;Turnip Crincle virus
Idf11329;../data/Bousset_data/Images/Cri/Idf11329.jpg;Cri;Virus du rabourgrissement du navet;Virus;Turnip Crincle virus;0;train;2024:03:08;14:24:29;nan;10;Turnip Crincle virus
Idf11332;../data/Bousset_data/Images/Cri/Idf11332.jpg;Cri;Virus du rabourgrissement du navet;Virus;Turnip Crincle virus;0;train;2024:03:08;14:25:04;nan;10;Turnip Crincle virus
Idf11333;../data/Bousset_data/Images/Cri/Idf11333.jpg;Cri;Virus du rabourgrissement du navet;Virus;Turnip Crincle virus;0;train;2024:03:08;14:25:07;nan;10;Turnip Crincle virus
Idf11334;../data/Bousset_data/Images/Cri/Idf11334.jpg;Cri;Virus du rabourgrissement du navet;Virus;Turnip Crincle virus;0;train;2024:03:08;14:25:11;nan;10;Turnip Crincle virus
Idf11335;../data/Bousset_data/Images/Cri/Idf11335.jpg;Cri;Virus du rabourgrissement du navet;Virus;Turnip Crincle virus;0;train;2024:03:08;14:25:14;nan;10;Turnip Crincle virus
Idf11336;../data/Bousset_data/Images/Cri/Idf11336.jpg;Cri;Virus du rabourgrissement du navet;Virus;Turnip Crincle virus;0;train;2024:03:08;14:25:17;nan;10;Turnip Crincle virus
Idf11338;../data/Bousset_data/Images/Cri/Idf11338.jpg;Cri;Virus du rabourgrissement du navet;Virus;Turnip Crincle virus;0;train;2024:03:08;14:26:01;nan;10;Turnip Crincle virus
Idf11342;../data/Bousset_data/Images/Cri/Idf11342.jpg;Cri;Virus du rabourgrissement du navet;Virus;Turnip Crincle virus;0;train;2024:03:08;14:26:32;nan;10;Turnip Crincle virus
Idf11343;../data/Bousset_data/Images/Cri/Idf11343.jpg;Cri;Virus du rabourgrissement du navet;Virus;Turnip Crincle virus;0;train;2024:03:08;14:26:34;nan;10;Turnip Crincle virus
Idf11344;../data/Bousset_data/Images/Cri/Idf11344.jpg;Cri;Virus du rabourgrissement du navet;Virus;Turnip Crincle virus;0;train;2024:03:08;14:26:39;nan;10;Turnip Crincle virus
Idf11345;../data/Bousset_data/Images/Cri/Idf11345.jpg;Cri;Virus du rabourgrissement du navet;Virus;Turnip Crincle virus;0;train;2024:03:08;14:26:41;nan;10;Turnip Crincle virus
Idf11346;../data/Bousset_data/Images/Cri/Idf11346.jpg;Cri;Virus du rabourgrissement du navet;Virus;Turnip Crincle virus;0;train;2024:03:08;14:26:45;nan;10;Turnip Crincle virus
Idf11347;../data/Bousset_data/Images/Cri/Idf11347.jpg;Cri;Virus du rabourgrissement du navet;Virus;Turnip Crincle virus;0;train;2024:03:08;14:26:47;nan;10;Turnip Crincle virus
Idf11348;../data/Bousset_data/Images/Cri/Idf11348.jpg;Cri;Virus du rabourgrissement du navet;Virus;Turnip Crincle virus;0;train;2024:03:08;14:26:54;nan;10;Turnip Crincle virus
Idf11349;../data/Bousset_data/Images/Cri/Idf11349.jpg;Cri;Virus du rabourgrissement du navet;Virus;Turnip Crincle virus;0;train;2024:03:08;14:26:56;nan;10;Turnip Crincle virus
Idf11350;../data/Bousset_data/Images/Cri/Idf11350.jpg;Cri;Virus du rabourgrissement du navet;Virus;Turnip Crincle virus;0;train;2024:03:08;14:26:59;nan;10;Turnip Crincle virus
Idf11351;../data/Bousset_data/Images/Cri/Idf11351.jpg;Cri;Virus du rabourgrissement du navet;Virus;Turnip Crincle virus;0;train;2024:03:08;14:27:08;nan;10;Turnip Crincle virus
Idf11352;../data/Bousset_data/Images/Cri/Idf11352.jpg;Cri;Virus du rabourgrissement du navet;Virus;Turnip Crincle virus;0;train;2024:03:08;14:27:16;nan;10;Turnip Crincle virus
Idf11353;../data/Bousset_data/Images/Cri/Idf11353.jpg;Cri;Virus du rabourgrissement du navet;Virus;Turnip Crincle virus;0;train;2024:03:08;14:27:18;nan;10;Turnip Crincle virus
Idf11354;../data/Bousset_data/Images/Cri/Idf11354.jpg;Cri;Virus du rabourgrissement du navet;Virus;Turnip Crincle virus;0;train;2024:03:08;14:27:20;nan;10;Turnip Crincle virus
Idf11355;../data/Bousset_data/Images/Cri/Idf11355.jpg;Cri;Virus du rabourgrissement du navet;Virus;Turnip Crincle virus;0;train;2024:03:08;14:27:23;nan;10;Turnip Crincle virus
Idf11356;../data/Bousset_data/Images/Cri/Idf11356.jpg;Cri;Virus du rabourgrissement du navet;Virus;Turnip Crincle virus;0;train;2024:03:08;14:27:26;nan;10;Turnip Crincle virus
Idf11360;../data/Bousset_data/Images/Cri/Idf11360.jpg;Cri;Virus du rabourgrissement du navet;Virus;Turnip Crincle virus;0;train;2024:03:08;14:27:46;nan;10;Turnip Crincle virus
Idf11361;../data/Bousset_data/Images/Cri/Idf11361.jpg;Cri;Virus du rabourgrissement du navet;Virus;Turnip Crincle virus;0;train;2024:03:08;14:27:48;nan;10;Turnip Crincle virus
Idf11362;../data/Bousset_data/Images/Cri/Idf11362.jpg;Cri;Virus du rabourgrissement du navet;Virus;Turnip Crincle virus;0;train;2024:03:08;14:27:50;nan;10;Turnip Crincle virus
Idf11363;../data/Bousset_data/Images/Cri/Idf11363.jpg;Cri;Virus du rabourgrissement du navet;Virus;Turnip Crincle virus;0;train;2024:03:08;14:28:09;nan;10;Turnip Crincle virus
Idf11364;../data/Bousset_data/Images/Cri/Idf11364.jpg;Cri;Virus du rabourgrissement du navet;Virus;Turnip Crincle virus;0;train;2024:03:08;14:28:11;nan;10;Turnip Crincle virus
Idf11365;../data/Bousset_data/Images/Cri/Idf11365.jpg;Cri;Virus du rabourgrissement du navet;Virus;Turnip Crincle virus;0;train;2024:03:08;14:28:15;nan;10;Turnip Crincle virus
Idf11368;../data/Bousset_data/Images/Cri/Idf11368.jpg;Cri;Virus du rabourgrissement du navet;Virus;Turnip Crincle virus;0;train;2024:03:08;14:28:25;nan;10;Turnip Crincle virus
Idf11369;../data/Bousset_data/Images/Cri/Idf11369.jpg;Cri;Virus du rabourgrissement du navet;Virus;Turnip Crincle virus;0;train;2024:03:08;14:28:29;nan;10;Turnip Crincle virus
Idf11370;../data/Bousset_data/Images/Cri/Idf11370.jpg;Cri;Virus du rabourgrissement du navet;Virus;Turnip Crincle virus;0;train;2024:03:08;14:28:32;nan;10;Turnip Crincle virus
Idf11371;../data/Bousset_data/Images/Cri/Idf11371.jpg;Cri;Virus du rabourgrissement du navet;Virus;Turnip Crincle virus;0;train;2024:03:08;14:28:34;nan;10;Turnip Crincle virus
Idf11372;../data/Bousset_data/Images/Cri/Idf11372.jpg;Cri;Virus du rabourgrissement du navet;Virus;Turnip Crincle virus;0;train;2024:03:08;14:28:48;nan;10;Turnip Crincle virus
Idf11373;../data/Bousset_data/Images/Cri/Idf11373.jpg;Cri;Virus du rabourgrissement du navet;Virus;Turnip Crincle virus;0;train;2024:03:08;14:28:53;nan;10;Turnip Crincle virus
Idf11374;../data/Bousset_data/Images/Cri/Idf11374.jpg;Cri;Virus du rabourgrissement du navet;Virus;Turnip Crincle virus;0;train;2024:03:08;14:28:56;nan;10;Turnip Crincle virus
Idf11375;../data/Bousset_data/Images/Cri/Idf11375.jpg;Cri;Virus du rabourgrissement du navet;Virus;Turnip Crincle virus;0;train;2024:03:08;14:29:00;nan;10;Turnip Crincle virus
Idf11377;../data/Bousset_data/Images/Cri/Idf11377.jpg;Cri;Virus du rabourgrissement du navet;Virus;Turnip Crincle virus;0;train;2024:03:08;14:29:09;nan;10;Turnip Crincle virus
Idf11378;../data/Bousset_data/Images/Cri/Idf11378.jpg;Cri;Virus du rabourgrissement du navet;Virus;Turnip Crincle virus;0;train;2024:03:08;14:29:13;nan;10;Turnip Crincle virus
Idf11383;../data/Bousset_data/Images/Cri/Idf11383.jpg;Cri;Virus du rabourgrissement du navet;Virus;Turnip Crincle virus;0;train;2024:03:08;14:29:55;nan;10;Turnip Crincle virus
Idf11384;../data/Bousset_data/Images/Cri/Idf11384.jpg;Cri;Virus du rabourgrissement du navet;Virus;Turnip Crincle virus;0;train;2024:03:08;14:29:57;nan;10;Turnip Crincle virus
Idf11385;../data/Bousset_data/Images/Cri/Idf11385.jpg;Cri;Virus du rabourgrissement du navet;Virus;Turnip Crincle virus;0;train;2024:03:08;14:30:02;nan;10;Turnip Crincle virus
Idf11386;../data/Bousset_data/Images/Cri/Idf11386.jpg;Cri;Virus du rabourgrissement du navet;Virus;Turnip Crincle virus;0;train;2024:03:08;14:30:11;nan;10;Turnip Crincle virus
Idf11387;../data/Bousset_data/Images/Cri/Idf11387.jpg;Cri;Virus du rabourgrissement du navet;Virus;Turnip Crincle virus;0;train;2024:03:08;14:30:13;nan;10;Turnip Crincle virus
Idf11388;../data/Bousset_data/Images/Cri/Idf11388.jpg;Cri;Virus du rabourgrissement du navet;Virus;Turnip Crincle virus;0;train;2024:03:08;14:30:17;nan;10;Turnip Crincle virus
Idf11389;../data/Bousset_data/Images/Cri/Idf11389.jpg;Cri;Virus du rabourgrissement du navet;Virus;Turnip Crincle virus;0;train;2024:03:08;14:30:18;nan;10;Turnip Crincle virus
Idf11390;../data/Bousset_data/Images/Cri/Idf11390.jpg;Cri;Virus du rabourgrissement du navet;Virus;Turnip Crincle virus;0;train;2024:03:08;14:30:21;nan;10;Turnip Crincle virus
Idf11391;../data/Bousset_data/Images/Cri/Idf11391.jpg;Cri;Virus du rabourgrissement du navet;Virus;Turnip Crincle virus;0;train;2024:03:08;14:30:24;nan;10;Turnip Crincle virus
Idf11392;../data/Bousset_data/Images/Cri/Idf11392.jpg;Cri;Virus du rabourgrissement du navet;Virus;Turnip Crincle virus;0;train;2024:03:08;14:30:25;nan;10;Turnip Crincle virus
Idf11393;../data/Bousset_data/Images/Cri/Idf11393.jpg;Cri;Virus du rabourgrissement du navet;Virus;Turnip Crincle virus;0;train;2024:03:08;14:30:33;nan;10;Turnip Crincle virus
Idf11394;../data/Bousset_data/Images/Cri/Idf11394.jpg;Cri;Virus du rabourgrissement du navet;Virus;Turnip Crincle virus;0;train;2024:03:08;14:30:35;nan;10;Turnip Crincle virus
Idf11395;../data/Bousset_data/Images/Cri/Idf11395.jpg;Cri;Virus du rabourgrissement du navet;Virus;Turnip Crincle virus;0;train;2024:03:08;14:30:40;nan;10;Turnip Crincle virus
Idf11396;../data/Bousset_data/Images/Cri/Idf11396.jpg;Cri;Virus du rabourgrissement du navet;Virus;Turnip Crincle virus;0;train;2024:03:08;14:30:42;nan;10;Turnip Crincle virus
Idf11397;../data/Bousset_data/Images/Cri/Idf11397.jpg;Cri;Virus du rabourgrissement du navet;Virus;Turnip Crincle virus;0;train;2024:03:08;14:30:46;nan;10;Turnip Crincle virus
Idf11398;../data/Bousset_data/Images/Cri/Idf11398.jpg;Cri;Virus du rabourgrissement du navet;Virus;Turnip Crincle virus;0;train;2024:03:08;14:30:48;nan;10;Turnip Crincle virus
Idf11399;../data/Bousset_data/Images/Cri/Idf11399.jpg;Cri;Virus du rabourgrissement du navet;Virus;Turnip Crincle virus;0;train;2024:03:08;14:30:51;nan;10;Turnip Crincle virus
Idf11400;../data/Bousset_data/Images/Cri/Idf11400.jpg;Cri;Virus du rabourgrissement du navet;Virus;Turnip Crincle virus;0;train;2024:03:08;14:30:54;nan;10;Turnip Crincle virus
Idf11401;../data/Bousset_data/Images/Cri/Idf11401.jpg;Cri;Virus du rabourgrissement du navet;Virus;Turnip Crincle virus;0;train;2024:03:08;14:30:56;nan;10;Turnip Crincle virus
Idf11402;../data/Bousset_data/Images/Cri/Idf11402.jpg;Cri;Virus du rabourgrissement du navet;Virus;Turnip Crincle virus;0;train;2024:03:08;14:30:58;nan;10;Turnip Crincle virus
Idf11403;../data/Bousset_data/Images/Cri/Idf11403.jpg;Cri;Virus du rabourgrissement du navet;Virus;Turnip Crincle virus;0;train;2024:03:08;14:31:00;nan;10;Turnip Crincle virus
Idf11404;../data/Bousset_data/Images/Cri/Idf11404.jpg;Cri;Virus du rabourgrissement du navet;Virus;Turnip Crincle virus;0;train;2024:03:08;14:31:03;nan;10;Turnip Crincle virus
Idf11405;../data/Bousset_data/Images/Cri/Idf11405.jpg;Cri;Virus du rabourgrissement du navet;Virus;Turnip Crincle virus;0;train;2024:03:08;14:31:13;nan;10;Turnip Crincle virus
Idf11406;../data/Bousset_data/Images/Cri/Idf11406.jpg;Cri;Virus du rabourgrissement du navet;Virus;Turnip Crincle virus;0;train;2024:03:08;14:31:16;nan;10;Turnip Crincle virus
Idf11407;../data/Bousset_data/Images/Cri/Idf11407.jpg;Cri;Virus du rabourgrissement du navet;Virus;Turnip Crincle virus;0;train;2024:03:08;14:31:19;nan;10;Turnip Crincle virus
Idf11408;../data/Bousset_data/Images/Cri/Idf11408.jpg;Cri;Virus du rabourgrissement du navet;Virus;Turnip Crincle virus;0;train;2024:03:08;14:31:23;nan;10;Turnip Crincle virus
Idf11409;../data/Bousset_data/Images/Cri/Idf11409.jpg;Cri;Virus du rabourgrissement du navet;Virus;Turnip Crincle virus;0;train;2024:03:08;14:31:24;nan;10;Turnip Crincle virus
Idf11410;../data/Bousset_data/Images/Cri/Idf11410.jpg;Cri;Virus du rabourgrissement du navet;Virus;Turnip Crincle virus;0;train;2024:03:08;14:31:26;nan;10;Turnip Crincle virus
Idf11411;../data/Bousset_data/Images/Cri/Idf11411.jpg;Cri;Virus du rabourgrissement du navet;Virus;Turnip Crincle virus;0;train;2024:03:08;14:31:28;nan;10;Turnip Crincle virus
Idf11412;../data/Bousset_data/Images/Cri/Idf11412.jpg;Cri;Virus du rabourgrissement du navet;Virus;Turnip Crincle virus;0;train;2024:03:08;14:31:31;nan;10;Turnip Crincle virus
Idf11418;../data/Bousset_data/Images/Cri/Idf11418.jpg;Cri;Virus du rabourgrissement du navet;Virus;Turnip Crincle virus;0;train;2024:03:08;14:31:54;nan;10;Turnip Crincle virus
Idf11419;../data/Bousset_data/Images/Cri/Idf11419.jpg;Cri;Virus du rabourgrissement du navet;Virus;Turnip Crincle virus;0;train;2024:03:08;14:32:00;nan;10;Turnip Crincle virus
Idf11424;../data/Bousset_data/Images/Cri/Idf11424.jpg;Cri;Virus du rabourgrissement du navet;Virus;Turnip Crincle virus;0;train;2024:03:08;14:32:39;nan;10;Turnip Crincle virus
Idf11425;../data/Bousset_data/Images/Cri/Idf11425.jpg;Cri;Virus du rabourgrissement du navet;Virus;Turnip Crincle virus;0;train;2024:03:08;14:32:42;nan;10;Turnip Crincle virus
Idf11426;../data/Bousset_data/Images/Cri/Idf11426.jpg;Cri;Virus du rabourgrissement du navet;Virus;Turnip Crincle virus;0;train;2024:03:08;14:32:49;nan;10;Turnip Crincle virus
Idf11427;../data/Bousset_data/Images/Cri/Idf11427.jpg;Cri;Virus du rabourgrissement du navet;Virus;Turnip Crincle virus;0;train;2024:03:08;14:32:51;nan;10;Turnip Crincle virus
Idf11428;../data/Bousset_data/Images/Cri/Idf11428.jpg;Cri;Virus du rabourgrissement du navet;Virus;Turnip Crincle virus;0;train;2024:03:08;14:32:55;nan;10;Turnip Crincle virus
Idf11429;../data/Bousset_data/Images/Cri/Idf11429.jpg;Cri;Virus du rabourgrissement du navet;Virus;Turnip Crincle virus;0;train;2024:03:08;14:32:56;nan;10;Turnip Crincle virus
Idf11430;../data/Bousset_data/Images/Cri/Idf11430.jpg;Cri;Virus du rabourgrissement du navet;Virus;Turnip Crincle virus;0;train;2024:03:08;14:32:58;nan;10;Turnip Crincle virus
Idf11431;../data/Bousset_data/Images/Cri/Idf11431.jpg;Cri;Virus du rabourgrissement du navet;Virus;Turnip Crincle virus;0;train;2024:03:08;14:33:00;nan;10;Turnip Crincle virus
Idf11432;../data/Bousset_data/Images/Cri/Idf11432.jpg;Cri;Virus du rabourgrissement du navet;Virus;Turnip Crincle virus;0;train;2024:03:08;14:33:02;nan;10;Turnip Crincle virus
Idf11433;../data/Bousset_data/Images/Cri/Idf11433.jpg;Cri;Virus du rabourgrissement du navet;Virus;Turnip Crincle virus;0;train;2024:03:08;14:33:04;nan;10;Turnip Crincle virus
Idf11434;../data/Bousset_data/Images/Cri/Idf11434.jpg;Cri;Virus du rabourgrissement du navet;Virus;Turnip Crincle virus;0;train;2024:03:08;14:33:06;nan;10;Turnip Crincle virus
Idf11436;../data/Bousset_data/Images/Cri/Idf11436.jpg;Cri;Virus du rabourgrissement du navet;Virus;Turnip Crincle virus;0;train;2024:03:08;14:33:24;nan;10;Turnip Crincle virus
Idf11437;../data/Bousset_data/Images/Cri/Idf11437.jpg;Cri;Virus du rabourgrissement du navet;Virus;Turnip Crincle virus;0;train;2024:03:08;14:33:26;nan;10;Turnip Crincle virus
Idf11438;../data/Bousset_data/Images/Cri/Idf11438.jpg;Cri;Virus du rabourgrissement du navet;Virus;Turnip Crincle virus;0;train;2024:03:08;14:33:27;nan;10;Turnip Crincle virus
Idf11439;../data/Bousset_data/Images/Cri/Idf11439.jpg;Cri;Virus du rabourgrissement du navet;Virus;Turnip Crincle virus;0;train;2024:03:08;14:33:34;nan;10;Turnip Crincle virus
Idf11441;../data/Bousset_data/Images/Cri/Idf11441.jpg;Cri;Virus du rabourgrissement du navet;Virus;Turnip Crincle virus;0;train;2024:03:08;14:33:52;nan;10;Turnip Crincle virus
Idf11445;../data/Bousset_data/Images/Cri/Idf11445.jpg;Cri;Virus du rabourgrissement du navet;Virus;Turnip Crincle virus;0;train;2024:03:08;14:38:09;nan;10;Turnip Crincle virus
Idf11446;../data/Bousset_data/Images/Cri/Idf11446.jpg;Cri;Virus du rabourgrissement du navet;Virus;Turnip Crincle virus;0;train;2024:03:08;14:38:10;nan;10;Turnip Crincle virus
Idf11447;../data/Bousset_data/Images/Cri/Idf11447.jpg;Cri;Virus du rabourgrissement du navet;Virus;Turnip Crincle virus;0;train;2024:03:08;14:38:13;nan;10;Turnip Crincle virus
Idf11448;../data/Bousset_data/Images/Cri/Idf11448.jpg;Cri;Virus du rabourgrissement du navet;Virus;Turnip Crincle virus;0;train;2024:03:08;14:38:16;nan;10;Turnip Crincle virus
Idf11449;../data/Bousset_data/Images/Cri/Idf11449.jpg;Cri;Virus du rabourgrissement du navet;Virus;Turnip Crincle virus;0;train;2024:03:08;14:38:16;nan;10;Turnip Crincle virus
Idf11450;../data/Bousset_data/Images/Cri/Idf11450.jpg;Cri;Virus du rabourgrissement du navet;Virus;Turnip Crincle virus;0;train;2024:03:08;14:38:18;nan;10;Turnip Crincle virus
Idf11473;../data/Bousset_data/Images/Cri/Idf11473.jpg;Cri;Virus du rabourgrissement du navet;Virus;Turnip Crincle virus;0;train;2024:03:08;14:40:53;nan;10;Turnip Crincle virus
Idf11474;../data/Bousset_data/Images/Cri/Idf11474.jpg;Cri;Virus du rabourgrissement du navet;Virus;Turnip Crincle virus;0;train;2024:03:08;14:40:54;nan;10;Turnip Crincle virus
Idf11475;../data/Bousset_data/Images/Cri/Idf11475.jpg;Cri;Virus du rabourgrissement du navet;Virus;Turnip Crincle virus;0;train;2024:03:08;14:40:56;nan;10;Turnip Crincle virus
Idf11476;../data/Bousset_data/Images/Cri/Idf11476.jpg;Cri;Virus du rabourgrissement du navet;Virus;Turnip Crincle virus;0;train;2024:03:08;14:40:58;nan;10;Turnip Crincle virus
Idf11477;../data/Bousset_data/Images/Cri/Idf11477.jpg;Cri;Virus du rabourgrissement du navet;Virus;Turnip Crincle virus;0;train;2024:03:08;14:41:01;nan;10;Turnip Crincle virus
Idf11478;../data/Bousset_data/Images/Cri/Idf11478.jpg;Cri;Virus du rabourgrissement du navet;Virus;Turnip Crincle virus;0;train;2024:03:08;14:41:03;nan;10;Turnip Crincle virus
Idf11481;../data/Bousset_data/Images/Cri/Idf11481.jpg;Cri;Virus du rabourgrissement du navet;Virus;Turnip Crincle virus;0;train;2024:03:08;14:41:18;nan;10;Turnip Crincle virus
Idf11483;../data/Bousset_data/Images/Cri/Idf11483.jpg;Cri;Virus du rabourgrissement du navet;Virus;Turnip Crincle virus;0;train;2024:03:08;14:41:29;nan;10;Turnip Crincle virus
Idf11484;../data/Bousset_data/Images/Cri/Idf11484.jpg;Cri;Virus du rabourgrissement du navet;Virus;Turnip Crincle virus;0;train;2024:03:08;14:41:31;nan;10;Turnip Crincle virus
Idf11485;../data/Bousset_data/Images/Cri/Idf11485.jpg;Cri;Virus du rabourgrissement du navet;Virus;Turnip Crincle virus;0;train;2024:03:08;14:41:34;nan;10;Turnip Crincle virus
Idf11486;../data/Bousset_data/Images/Cri/Idf11486.jpg;Cri;Virus du rabourgrissement du navet;Virus;Turnip Crincle virus;0;train;2024:03:08;14:41:41;nan;10;Turnip Crincle virus
Idf11487;../data/Bousset_data/Images/Cri/Idf11487.jpg;Cri;Virus du rabourgrissement du navet;Virus;Turnip Crincle virus;0;train;2024:03:08;14:41:43;nan;10;Turnip Crincle virus
Idf11491;../data/Bousset_data/Images/Cri/Idf11491.jpg;Cri;Virus du rabourgrissement du navet;Virus;Turnip Crincle virus;0;train;2024:03:08;14:42:04;nan;10;Turnip Crincle virus
Idf11492;../data/Bousset_data/Images/Cri/Idf11492.jpg;Cri;Virus du rabourgrissement du navet;Virus;Turnip Crincle virus;0;train;2024:03:08;14:42:16;nan;10;Turnip Crincle virus
Idf11501;../data/Bousset_data/Images/Cri/Idf11501.jpg;Cri;Virus du rabourgrissement du navet;Virus;Turnip Crincle virus;0;train;2024:03:08;14:43:23;nan;10;Turnip Crincle virus
Idf11502;../data/Bousset_data/Images/Cri/Idf11502.jpg;Cri;Virus du rabourgrissement du navet;Virus;Turnip Crincle virus;0;train;2024:03:08;14:43:25;nan;10;Turnip Crincle virus
Idf11505;../data/Bousset_data/Images/Cri/Idf11505.jpg;Cri;Virus du rabourgrissement du navet;Virus;Turnip Crincle virus;0;train;2024:03:08;14:43:49;nan;10;Turnip Crincle virus
Idf11506;../data/Bousset_data/Images/Cri/Idf11506.jpg;Cri;Virus du rabourgrissement du navet;Virus;Turnip Crincle virus;0;train;2024:03:08;14:43:50;nan;10;Turnip Crincle virus
Idf11507;../data/Bousset_data/Images/Cri/Idf11507.jpg;Cri;Virus du rabourgrissement du navet;Virus;Turnip Crincle virus;0;train;2024:03:08;14:43:51;nan;10;Turnip Crincle virus
Idf11508;../data/Bousset_data/Images/Cri/Idf11508.jpg;Cri;Virus du rabourgrissement du navet;Virus;Turnip Crincle virus;0;train;2024:03:08;14:43:53;nan;10;Turnip Crincle virus
Idf11511;../data/Bousset_data/Images/Cri/Idf11511.jpg;Cri;Virus du rabourgrissement du navet;Virus;Turnip Crincle virus;0;train;2024:03:08;14:44:16;nan;10;Turnip Crincle virus
Idf11512;../data/Bousset_data/Images/Cri/Idf11512.jpg;Cri;Virus du rabourgrissement du navet;Virus;Turnip Crincle virus;0;train;2024:03:08;14:44:18;nan;10;Turnip Crincle virus
Idf11513;../data/Bousset_data/Images/Cri/Idf11513.jpg;Cri;Virus du rabourgrissement du navet;Virus;Turnip Crincle virus;0;train;2024:03:08;14:44:19;nan;10;Turnip Crincle virus
Idf11542;../data/Bousset_data/Images/Cri/Idf11542.jpg;Cri;Virus du rabourgrissement du navet;Virus;Turnip Crincle virus;0;train;2024:03:08;14:48:18;nan;10;Turnip Crincle virus
Idf11543;../data/Bousset_data/Images/Cri/Idf11543.jpg;Cri;Virus du rabourgrissement du navet;Virus;Turnip Crincle virus;0;train;2024:03:08;14:48:20;nan;10;Turnip Crincle virus
Idf11544;../data/Bousset_data/Images/Cri/Idf11544.jpg;Cri;Virus du rabourgrissement du navet;Virus;Turnip Crincle virus;0;train;2024:03:08;14:48:24;nan;10;Turnip Crincle virus
Idf11545;../data/Bousset_data/Images/Cri/Idf11545.jpg;Cri;Virus du rabourgrissement du navet;Virus;Turnip Crincle virus;0;train;2024:03:08;14:48:31;nan;10;Turnip Crincle virus
Idf11546;../data/Bousset_data/Images/Cri/Idf11546.jpg;Cri;Virus du rabourgrissement du navet;Virus;Turnip Crincle virus;0;train;2024:03:08;14:48:32;nan;10;Turnip Crincle virus
Idf11547;../data/Bousset_data/Images/Cri/Idf11547.jpg;Cri;Virus du rabourgrissement du navet;Virus;Turnip Crincle virus;0;train;2024:03:08;14:48:34;nan;10;Turnip Crincle virus
Idf11548;../data/Bousset_data/Images/Cri/Idf11548.jpg;Cri;Virus du rabourgrissement du navet;Virus;Turnip Crincle virus;0;train;2024:03:08;14:48:36;nan;10;Turnip Crincle virus
Idf11549;../data/Bousset_data/Images/Cri/Idf11549.jpg;Cri;Virus du rabourgrissement du navet;Virus;Turnip Crincle virus;0;train;2024:03:08;14:48:40;nan;10;Turnip Crincle virus
Idf11560;../data/Bousset_data/Images/Cri/Idf11560.jpg;Cri;Virus du rabourgrissement du navet;Virus;Turnip Crincle virus;0;train;2024:03:08;14:54:08;nan;10;Turnip Crincle virus
Idf11561;../data/Bousset_data/Images/Cri/Idf11561.jpg;Cri;Virus du rabourgrissement du navet;Virus;Turnip Crincle virus;0;train;2024:03:08;14:54:10;nan;10;Turnip Crincle virus
Idf11562;../data/Bousset_data/Images/Cri/Idf11562.jpg;Cri;Virus du rabourgrissement du navet;Virus;Turnip Crincle virus;0;train;2024:03:08;14:54:11;nan;10;Turnip Crincle virus
Idf11563;../data/Bousset_data/Images/Cri/Idf11563.jpg;Cri;Virus du rabourgrissement du navet;Virus;Turnip Crincle virus;0;train;2024:03:08;14:54:20;nan;10;Turnip Crincle virus
Idf11564;../data/Bousset_data/Images/Cri/Idf11564.jpg;Cri;Virus du rabourgrissement du navet;Virus;Turnip Crincle virus;0;train;2024:03:08;14:54:22;nan;10;Turnip Crincle virus
Idf11565;../data/Bousset_data/Images/Cri/Idf11565.jpg;Cri;Virus du rabourgrissement du navet;Virus;Turnip Crincle virus;0;train;2024:03:08;14:54:24;nan;10;Turnip Crincle virus
Idf11566;../data/Bousset_data/Images/Cri/Idf11566.jpg;Cri;Virus du rabourgrissement du navet;Virus;Turnip Crincle virus;0;train;2024:03:08;14:54:25;nan;10;Turnip Crincle virus
Idf11567;../data/Bousset_data/Images/Cri/Idf11567.jpg;Cri;Virus du rabourgrissement du navet;Virus;Turnip Crincle virus;0;train;2024:03:08;14:54:26;nan;10;Turnip Crincle virus
Idf11568;../data/Bousset_data/Images/Cri/Idf11568.jpg;Cri;Virus du rabourgrissement du navet;Virus;Turnip Crincle virus;0;train;2024:03:08;14:54:30;nan;10;Turnip Crincle virus
Idf11569;../data/Bousset_data/Images/Cri/Idf11569.jpg;Cri;Virus du rabourgrissement du navet;Virus;Turnip Crincle virus;0;train;2024:03:08;14:54:38;nan;10;Turnip Crincle virus
Idf11570;../data/Bousset_data/Images/Cri/Idf11570.jpg;Cri;Virus du rabourgrissement du navet;Virus;Turnip Crincle virus;0;train;2024:03:08;14:54:40;nan;10;Turnip Crincle virus
Idf11571;../data/Bousset_data/Images/Cri/Idf11571.jpg;Cri;Virus du rabourgrissement du navet;Virus;Turnip Crincle virus;0;train;2024:03:08;14:54:42;nan;10;Turnip Crincle virus
Idf11572;../data/Bousset_data/Images/Cri/Idf11572.jpg;Cri;Virus du rabourgrissement du navet;Virus;Turnip Crincle virus;0;train;2024:03:08;14:54:44;nan;10;Turnip Crincle virus
Idf11604;../data/Bousset_data/Images/Cri/Idf11604.jpg;Cri;Virus du rabourgrissement du navet;Virus;Turnip Crincle virus;0;train;2024:03:08;14:58:02;nan;10;Turnip Crincle virus
Idf11625;../data/Bousset_data/Images/Cri/Idf11625.jpg;Cri;Virus du rabourgrissement du navet;Virus;Turnip Crincle virus;0;train;2024:03:08;15:05:37;nan;10;Turnip Crincle virus
Idf11626;../data/Bousset_data/Images/Cri/Idf11626.jpg;Cri;Virus du rabourgrissement du navet;Virus;Turnip Crincle virus;0;train;2024:03:08;15:05:39;nan;10;Turnip Crincle virus
Idf11653;../data/Bousset_data/Images/Cri/Idf11653.jpg;Cri;Virus du rabourgrissement du navet;Virus;Turnip Crincle virus;0;train;2024:03:08;15:08:28;nan;10;Turnip Crincle virus
Idf11654;../data/Bousset_data/Images/Cri/Idf11654.jpg;Cri;Virus du rabourgrissement du navet;Virus;Turnip Crincle virus;0;train;2024:03:08;15:08:30;nan;10;Turnip Crincle virus
Idf11655;../data/Bousset_data/Images/Cri/Idf11655.jpg;Cri;Virus du rabourgrissement du navet;Virus;Turnip Crincle virus;0;train;2024:03:08;15:08:32;nan;10;Turnip Crincle virus
Idf11656;../data/Bousset_data/Images/Cri/Idf11656.jpg;Cri;Virus du rabourgrissement du navet;Virus;Turnip Crincle virus;0;train;2024:03:08;15:08:33;nan;10;Turnip Crincle virus
Idf11657;../data/Bousset_data/Images/Cri/Idf11657.jpg;Cri;Virus du rabourgrissement du navet;Virus;Turnip Crincle virus;0;train;2024:03:08;15:08:36;nan;10;Turnip Crincle virus
Idf11658;../data/Bousset_data/Images/Cri/Idf11658.jpg;Cri;Virus du rabourgrissement du navet;Virus;Turnip Crincle virus;0;train;2024:03:08;15:08:38;nan;10;Turnip Crincle virus
Idf11659;../data/Bousset_data/Images/Cri/Idf11659.jpg;Cri;Virus du rabourgrissement du navet;Virus;Turnip Crincle virus;0;train;2024:03:08;15:08:42;nan;10;Turnip Crincle virus
Idf11660;../data/Bousset_data/Images/Cri/Idf11660.jpg;Cri;Virus du rabourgrissement du navet;Virus;Turnip Crincle virus;0;train;2024:03:08;15:08:44;nan;10;Turnip Crincle virus
Idf11661;../data/Bousset_data/Images/Cri/Idf11661.jpg;Cri;Virus du rabourgrissement du navet;Virus;Turnip Crincle virus;0;train;2024:03:08;15:08:46;nan;10;Turnip Crincle virus
Idf11665;../data/Bousset_data/Images/Cri/Idf11665.jpg;Cri;Virus du rabourgrissement du navet;Virus;Turnip Crincle virus;0;train;2024:03:08;15:09:02;nan;10;Turnip Crincle virus
Idf11666;../data/Bousset_data/Images/Cri/Idf11666.jpg;Cri;Virus du rabourgrissement du navet;Virus;Turnip Crincle virus;0;train;2024:03:08;15:09:04;nan;10;Turnip Crincle virus
Idf11669;../data/Bousset_data/Images/Cri/Idf11669.jpg;Cri;Virus du rabourgrissement du navet;Virus;Turnip Crincle virus;0;train;2024:03:08;15:09:24;nan;10;Turnip Crincle virus
Idf11670;../data/Bousset_data/Images/Cri/Idf11670.jpg;Cri;Virus du rabourgrissement du navet;Virus;Turnip Crincle virus;0;train;2024:03:08;15:09:27;nan;10;Turnip Crincle virus
Idf11671;../data/Bousset_data/Images/Cri/Idf11671.jpg;Cri;Virus du rabourgrissement du navet;Virus;Turnip Crincle virus;0;train;2024:03:08;15:09:28;nan;10;Turnip Crincle virus
Idf11676;../data/Bousset_data/Images/Cri/Idf11676.jpg;Cri;Virus du rabourgrissement du navet;Virus;Turnip Crincle virus;0;train;2024:03:08;15:10:18;nan;10;Turnip Crincle virus
Idf11680;../data/Bousset_data/Images/Cri/Idf11680.jpg;Cri;Virus du rabourgrissement du navet;Virus;Turnip Crincle virus;0;train;2024:03:08;15:10:35;nan;10;Turnip Crincle virus
Idf11681;../data/Bousset_data/Images/Cri/Idf11681.jpg;Cri;Virus du rabourgrissement du navet;Virus;Turnip Crincle virus;0;train;2024:03:08;15:10:37;nan;10;Turnip Crincle virus
Idf11685;../data/Bousset_data/Images/Cri/Idf11685.jpg;Cri;Virus du rabourgrissement du navet;Virus;Turnip Crincle virus;0;train;2024:03:08;15:11:21;nan;10;Turnip Crincle virus
Idf11686;../data/Bousset_data/Images/Cri/Idf11686.jpg;Cri;Virus du rabourgrissement du navet;Virus;Turnip Crincle virus;0;train;2024:03:08;15:11:23;nan;10;Turnip Crincle virus
Idf11700;../data/Bousset_data/Images/Cri/Idf11700.jpg;Cri;Virus du rabourgrissement du navet;Virus;Turnip Crincle virus;0;train;2024:03:08;15:16:02;nan;10;Turnip Crincle virus
Idf11704;../data/Bousset_data/Images/Cri/Idf11704.jpg;Cri;Virus du rabourgrissement du navet;Virus;Turnip Crincle virus;0;train;2024:03:08;15:16:21;nan;10;Turnip Crincle virus
Idf11705;../data/Bousset_data/Images/Cri/Idf11705.jpg;Cri;Virus du rabourgrissement du navet;Virus;Turnip Crincle virus;0;train;2024:03:08;15:16:26;nan;10;Turnip Crincle virus
Idf11738;../data/Bousset_data/Images/Cri/Idf11738.jpg;Cri;Virus du rabourgrissement du navet;Virus;Turnip Crincle virus;0;train;2024:03:08;15:19:53;nan;10;Turnip Crincle virus
Idf11742;../data/Bousset_data/Images/Cri/Idf11742.jpg;Cri;Virus du rabourgrissement du navet;Virus;Turnip Crincle virus;0;train;2024:03:08;15:20:12;nan;10;Turnip Crincle virus
Idf11743;../data/Bousset_data/Images/Cri/Idf11743.jpg;Cri;Virus du rabourgrissement du navet;Virus;Turnip Crincle virus;0;train;2024:03:08;15:20:13;nan;10;Turnip Crincle virus
Idf11744;../data/Bousset_data/Images/Cri/Idf11744.jpg;Cri;Virus du rabourgrissement du navet;Virus;Turnip Crincle virus;0;train;2024:03:08;15:20:15;nan;10;Turnip Crincle virus
Idf11745;../data/Bousset_data/Images/Cri/Idf11745.jpg;Cri;Virus du rabourgrissement du navet;Virus;Turnip Crincle virus;0;train;2024:03:08;15:20:20;nan;10;Turnip Crincle virus
Idf11746;../data/Bousset_data/Images/Cri/Idf11746.jpg;Cri;Virus du rabourgrissement du navet;Virus;Turnip Crincle virus;0;train;2024:03:08;15:20:29;nan;10;Turnip Crincle virus
Idf11752;../data/Bousset_data/Images/Cri/Idf11752.jpg;Cri;Virus du rabourgrissement du navet;Virus;Turnip Crincle virus;0;train;2024:03:08;15:21:05;nan;10;Turnip Crincle virus
Idf11755;../data/Bousset_data/Images/Cri/Idf11755.jpg;Cri;Virus du rabourgrissement du navet;Virus;Turnip Crincle virus;0;train;2024:03:08;15:21:19;nan;10;Turnip Crincle virus
Idf11756;../data/Bousset_data/Images/Cri/Idf11756.jpg;Cri;Virus du rabourgrissement du navet;Virus;Turnip Crincle virus;0;train;2024:03:08;15:21:21;nan;10;Turnip Crincle virus
Idf11757;../data/Bousset_data/Images/Cri/Idf11757.jpg;Cri;Virus du rabourgrissement du navet;Virus;Turnip Crincle virus;0;train;2024:03:08;15:21:22;nan;10;Turnip Crincle virus
Idf11950;../data/Bousset_data/Images/Cri/Idf11950.jpg;Cri;Virus du rabourgrissement du navet;Virus;Turnip Crincle virus;0;train;2024:03:12;18:29:12;nan;10;Turnip Crincle virus
Idf12221;../data/Bousset_data/Images/Cri/Idf12221.jpg;Cri;Virus du rabourgrissement du navet;Virus;Turnip Crincle virus;0;train;2024:03:19;13:21:29;nan;10;Turnip Crincle virus
Idf12222;../data/Bousset_data/Images/Cri/Idf12222.jpg;Cri;Virus du rabourgrissement du navet;Virus;Turnip Crincle virus;0;train;2024:03:19;13:21:30;nan;10;Turnip Crincle virus
Idf12226;../data/Bousset_data/Images/Cri/Idf12226.jpg;Cri;Virus du rabourgrissement du navet;Virus;Turnip Crincle virus;0;train;2024:03:19;13:21:49;nan;10;Turnip Crincle virus
Idf12227;../data/Bousset_data/Images/Cri/Idf12227.jpg;Cri;Virus du rabourgrissement du navet;Virus;Turnip Crincle virus;0;train;2024:03:19;13:21:53;nan;10;Turnip Crincle virus
Idf12228;../data/Bousset_data/Images/Cri/Idf12228.jpg;Cri;Virus du rabourgrissement du navet;Virus;Turnip Crincle virus;0;train;2024:03:19;13:21:54;nan;10;Turnip Crincle virus
Idf12229;../data/Bousset_data/Images/Cri/Idf12229.jpg;Cri;Virus du rabourgrissement du navet;Virus;Turnip Crincle virus;0;train;2024:03:19;13:22:01;nan;10;Turnip Crincle virus
Idf12230;../data/Bousset_data/Images/Cri/Idf12230.jpg;Cri;Virus du rabourgrissement du navet;Virus;Turnip Crincle virus;0;train;2024:03:19;13:22:03;nan;10;Turnip Crincle virus
Idf12245;../data/Bousset_data/Images/Cri/Idf12245.jpg;Cri;Virus du rabourgrissement du navet;Virus;Turnip Crincle virus;0;train;2024:03:19;12:33:44;nan;10;Turnip Crincle virus
Idf12246;../data/Bousset_data/Images/Cri/Idf12246.jpg;Cri;Virus du rabourgrissement du navet;Virus;Turnip Crincle virus;0;train;2024:03:19;12:33:47;nan;10;Turnip Crincle virus
Idf12247;../data/Bousset_data/Images/Cri/Idf12247.jpg;Cri;Virus du rabourgrissement du navet;Virus;Turnip Crincle virus;0;train;2024:03:19;12:33:50;nan;10;Turnip Crincle virus
Idf12248;../data/Bousset_data/Images/Cri/Idf12248.jpg;Cri;Virus du rabourgrissement du navet;Virus;Turnip Crincle virus;0;train;2024:03:19;12:33:56;nan;10;Turnip Crincle virus
Idf12518;../data/Bousset_data/Images/Cri/Idf12518.jpg;Cri;Virus du rabourgrissement du navet;Virus;Turnip Crincle virus;0;train;2024:03:20;14:55:23;nan;10;Turnip Crincle virus
Idf12519;../data/Bousset_data/Images/Cri/Idf12519.jpg;Cri;Virus du rabourgrissement du navet;Virus;Turnip Crincle virus;0;train;2024:03:20;14:55:26;nan;10;Turnip Crincle virus
Idf12520;../data/Bousset_data/Images/Cri/Idf12520.jpg;Cri;Virus du rabourgrissement du navet;Virus;Turnip Crincle virus;0;train;2024:03:20;14:55:27;nan;10;Turnip Crincle virus
Idf12521;../data/Bousset_data/Images/Cri/Idf12521.jpg;Cri;Virus du rabourgrissement du navet;Virus;Turnip Crincle virus;0;train;2024:03:20;14:55:29;nan;10;Turnip Crincle virus
Idf12545;../data/Bousset_data/Images/Cri/Idf12545.jpg;Cri;Virus du rabourgrissement du navet;Virus;Turnip Crincle virus;0;train;2024:03:20;16:41:49;nan;10;Turnip Crincle virus
Idf12546;../data/Bousset_data/Images/Cri/Idf12546.jpg;Cri;Virus du rabourgrissement du navet;Virus;Turnip Crincle virus;0;train;2024:03:20;16:41:50;nan;10;Turnip Crincle virus
Idf12547;../data/Bousset_data/Images/Cri/Idf12547.jpg;Cri;Virus du rabourgrissement du navet;Virus;Turnip Crincle virus;0;train;2024:03:20;16:41:53;nan;10;Turnip Crincle virus
Idf12548;../data/Bousset_data/Images/Cri/Idf12548.jpg;Cri;Virus du rabourgrissement du navet;Virus;Turnip Crincle virus;0;train;2024:03:20;16:41:55;nan;10;Turnip Crincle virus
Idf00561;../data/Bousset_data/Images/Cyl/Idf00561.jpg;Cyl;Cylindrosporiose;Champignon;Pyrenopeziza brassicae;1;train;2022:12:22;11:13:03;nan;15;Pyrenopeziza brassicae
Idf00562;../data/Bousset_data/Images/Cyl/Idf00562.jpg;Cyl;Cylindrosporiose;Champignon;Pyrenopeziza brassicae;1;train;2022:12:22;11:13:08;nan;15;Pyrenopeziza brassicae
Idf01687;../data/Bousset_data/Images/Cyl/Idf01687.jpg;Cyl;Cylindrosporiose;Champignon;Pyrenopeziza brassicae;1;train;2023:02:06;15:31:26;nan;15;Pyrenopeziza brassicae
Idf01690;../data/Bousset_data/Images/Cyl/Idf01690.jpg;Cyl;Cylindrosporiose;Champignon;Pyrenopeziza brassicae;1;train;2023:02:06;15:32:05;nan;15;Pyrenopeziza brassicae
Idf01695;../data/Bousset_data/Images/Cyl/Idf01695.jpg;Cyl;Cylindrosporiose;Champignon;Pyrenopeziza brassicae;1;train;2023:02:06;15:32:44;nan;15;Pyrenopeziza brassicae
Idf01714;../data/Bousset_data/Images/Cyl/Idf01714.jpg;Cyl;Cylindrosporiose;Champignon;Pyrenopeziza brassicae;1;train;2023:02:06;15:44:20;nan;15;Pyrenopeziza brassicae
Idf01720;../data/Bousset_data/Images/Cyl/Idf01720.jpg;Cyl;Cylindrosporiose;Champignon;Pyrenopeziza brassicae;1;train;2023:02:06;15:44:42;nan;15;Pyrenopeziza brassicae
Idf01722;../data/Bousset_data/Images/Cyl/Idf01722.jpg;Cyl;Cylindrosporiose;Champignon;Pyrenopeziza brassicae;1;train;2023:02:06;15:44:48;nan;15;Pyrenopeziza brassicae
Idf01723;../data/Bousset_data/Images/Cyl/Idf01723.jpg;Cyl;Cylindrosporiose;Champignon;Pyrenopeziza brassicae;1;train;2023:02:06;15:44:52;nan;15;Pyrenopeziza brassicae
Idf01724;../data/Bousset_data/Images/Cyl/Idf01724.jpg;Cyl;Cylindrosporiose;Champignon;Pyrenopeziza brassicae;1;train;2023:02:06;15:44:56;nan;15;Pyrenopeziza brassicae
Idf01725;../data/Bousset_data/Images/Cyl/Idf01725.jpg;Cyl;Cylindrosporiose;Champignon;Pyrenopeziza brassicae;1;train;2023:02:06;15:45:02;nan;15;Pyrenopeziza brassicae
Idf01729;../data/Bousset_data/Images/Cyl/Idf01729.jpg;Cyl;Cylindrosporiose;Champignon;Pyrenopeziza brassicae;1;train;2023:02:06;15:45:20;nan;15;Pyrenopeziza brassicae
Idf01731;../data/Bousset_data/Images/Cyl/Idf01731.jpg;Cyl;Cylindrosporiose;Champignon;Pyrenopeziza brassicae;1;train;2023:02:06;15:45:59;nan;15;Pyrenopeziza brassicae
Idf01732;../data/Bousset_data/Images/Cyl/Idf01732.jpg;Cyl;Cylindrosporiose;Champignon;Pyrenopeziza brassicae;1;train;2023:02:06;15:46:02;nan;15;Pyrenopeziza brassicae
Idf01736;../data/Bousset_data/Images/Cyl/Idf01736.jpg;Cyl;Cylindrosporiose;Champignon;Pyrenopeziza brassicae;1;train;2023:02:06;15:46:26;nan;15;Pyrenopeziza brassicae
Idf01737;../data/Bousset_data/Images/Cyl/Idf01737.jpg;Cyl;Cylindrosporiose;Champignon;Pyrenopeziza brassicae;1;train;2023:02:06;15:46:31;nan;15;Pyrenopeziza brassicae
Idf01739;../data/Bousset_data/Images/Cyl/Idf01739.jpg;Cyl;Cylindrosporiose;Champignon;Pyrenopeziza brassicae;1;train;2023:02:06;15:46:37;nan;15;Pyrenopeziza brassicae
Idf01740;../data/Bousset_data/Images/Cyl/Idf01740.jpg;Cyl;Cylindrosporiose;Champignon;Pyrenopeziza brassicae;1;train;2023:02:06;15:46:41;nan;15;Pyrenopeziza brassicae
Idf01743;../data/Bousset_data/Images/Cyl/Idf01743.jpg;Cyl;Cylindrosporiose;Champignon;Pyrenopeziza brassicae;1;train;2023:02:06;15:46:51;nan;15;Pyrenopeziza brassicae
Idf01754;../data/Bousset_data/Images/Cyl/Idf01754.jpg;Cyl;Cylindrosporiose;Champignon;Pyrenopeziza brassicae;1;train;2023:02:06;15:48:08;nan;15;Pyrenopeziza brassicae
Idf01756;../data/Bousset_data/Images/Cyl/Idf01756.jpg;Cyl;Cylindrosporiose;Champignon;Pyrenopeziza brassicae;1;train;2023:02:06;15:48:37;nan;15;Pyrenopeziza brassicae
Idf01758;../data/Bousset_data/Images/Cyl/Idf01758.jpg;Cyl;Cylindrosporiose;Champignon;Pyrenopeziza brassicae;1;train;2023:02:06;15:48:51;nan;15;Pyrenopeziza brassicae
Idf01759;../data/Bousset_data/Images/Cyl/Idf01759.jpg;Cyl;Cylindrosporiose;Champignon;Pyrenopeziza brassicae;1;train;2023:02:06;15:48:53;nan;15;Pyrenopeziza brassicae
Idf01760;../data/Bousset_data/Images/Cyl/Idf01760.jpg;Cyl;Cylindrosporiose;Champignon;Pyrenopeziza brassicae;1;train;2023:02:06;15:48:59;nan;15;Pyrenopeziza brassicae
Idf01762;../data/Bousset_data/Images/Cyl/Idf01762.jpg;Cyl;Cylindrosporiose;Champignon;Pyrenopeziza brassicae;1;train;2023:02:06;15:49:09;nan;15;Pyrenopeziza brassicae
Idf01763;../data/Bousset_data/Images/Cyl/Idf01763.jpg;Cyl;Cylindrosporiose;Champignon;Pyrenopeziza brassicae;1;train;2023:02:06;15:49:12;nan;15;Pyrenopeziza brassicae
Idf02129;../data/Bousset_data/Images/Cyl/Idf02129.jpg;Cyl;Cylindrosporiose;Champignon;Pyrenopeziza brassicae;1;train;2023:02:27;11:21:27;nan;15;Pyrenopeziza brassicae
Idf02173;../data/Bousset_data/Images/Cyl/Idf02173.jpg;Cyl;Cylindrosporiose;Champignon;Pyrenopeziza brassicae;1;train;2023:03:17;11:07:54;nan;15;Pyrenopeziza brassicae
Idf02174;../data/Bousset_data/Images/Cyl/Idf02174.jpg;Cyl;Cylindrosporiose;Champignon;Pyrenopeziza brassicae;1;train;2023:03:17;11:07:56;nan;15;Pyrenopeziza brassicae
Idf02175;../data/Bousset_data/Images/Cyl/Idf02175.jpg;Cyl;Cylindrosporiose;Champignon;Pyrenopeziza brassicae;1;train;2023:03:17;11:08:03;nan;15;Pyrenopeziza brassicae
Idf02176;../data/Bousset_data/Images/Cyl/Idf02176.jpg;Cyl;Cylindrosporiose;Champignon;Pyrenopeziza brassicae;1;train;2023:03:17;11:08:06;nan;15;Pyrenopeziza brassicae
Idf02177;../data/Bousset_data/Images/Cyl/Idf02177.jpg;Cyl;Cylindrosporiose;Champignon;Pyrenopeziza brassicae;1;train;2023:03:17;11:08:12;nan;15;Pyrenopeziza brassicae
Idf02178;../data/Bousset_data/Images/Cyl/Idf02178.jpg;Cyl;Cylindrosporiose;Champignon;Pyrenopeziza brassicae;1;train;2023:03:17;11:08:16;nan;15;Pyrenopeziza brassicae
Idf02179;../data/Bousset_data/Images/Cyl/Idf02179.jpg;Cyl;Cylindrosporiose;Champignon;Pyrenopeziza brassicae;1;train;2023:03:17;11:08:22;nan;15;Pyrenopeziza brassicae
Idf02180;../data/Bousset_data/Images/Cyl/Idf02180.jpg;Cyl;Cylindrosporiose;Champignon;Pyrenopeziza brassicae;1;train;2023:03:17;11:08:26;nan;15;Pyrenopeziza brassicae
Idf02181;../data/Bousset_data/Images/Cyl/Idf02181.jpg;Cyl;Cylindrosporiose;Champignon;Pyrenopeziza brassicae;1;train;2023:03:17;11:08:28;nan;15;Pyrenopeziza brassicae
Idf02246;../data/Bousset_data/Images/Cyl/Idf02246.jpg;Cyl;Cylindrosporiose;Champignon;Pyrenopeziza brassicae;1;train;2023:03:17;11:18:30;nan;15;Pyrenopeziza brassicae
Idf02247;../data/Bousset_data/Images/Cyl/Idf02247.jpg;Cyl;Cylindrosporiose;Champignon;Pyrenopeziza brassicae;1;train;2023:03:17;11:18:32;nan;15;Pyrenopeziza brassicae
Idf02248;../data/Bousset_data/Images/Cyl/Idf02248.jpg;Cyl;Cylindrosporiose;Champignon;Pyrenopeziza brassicae;1;train;2023:03:17;11:18:36;nan;15;Pyrenopeziza brassicae
Idf02249;../data/Bousset_data/Images/Cyl/Idf02249.jpg;Cyl;Cylindrosporiose;Champignon;Pyrenopeziza brassicae;1;train;2023:03:17;11:18:40;nan;15;Pyrenopeziza brassicae
Idf02282;../data/Bousset_data/Images/Cyl/Idf02282.jpg;Cyl;Cylindrosporiose;Champignon;Pyrenopeziza brassicae;1;train;2023:03:17;11:24:08;nan;15;Pyrenopeziza brassicae
Idf02286;../data/Bousset_data/Images/Cyl/Idf02286.jpg;Cyl;Cylindrosporiose;Champignon;Pyrenopeziza brassicae;1;train;2023:03:17;11:24:52;nan;15;Pyrenopeziza brassicae
Idf02290;../data/Bousset_data/Images/Cyl/Idf02290.jpg;Cyl;Cylindrosporiose;Champignon;Pyrenopeziza brassicae;1;train;2023:03:17;11:25:31;nan;15;Pyrenopeziza brassicae
Idf02293;../data/Bousset_data/Images/Cyl/Idf02293.jpg;Cyl;Cylindrosporiose;Champignon;Pyrenopeziza brassicae;1;train;2023:03:17;11:26:05;nan;15;Pyrenopeziza brassicae
Idf02297;../data/Bousset_data/Images/Cyl/Idf02297.jpg;Cyl;Cylindrosporiose;Champignon;Pyrenopeziza brassicae;1;train;2023:03:17;11:26:22;nan;15;Pyrenopeziza brassicae
Idf02354;../data/Bousset_data/Images/Cyl/Idf02354.jpg;Cyl;Cylindrosporiose;Champignon;Pyrenopeziza brassicae;1;train;2023:03:17;11:34:22;nan;15;Pyrenopeziza brassicae
Idf02363;../data/Bousset_data/Images/Cyl/Idf02363.jpg;Cyl;Cylindrosporiose;Champignon;Pyrenopeziza brassicae;1;train;2023:03:20;12:23:46;nan;15;Pyrenopeziza brassicae
Idf02367;../data/Bousset_data/Images/Cyl/Idf02367.jpg;Cyl;Cylindrosporiose;Champignon;Pyrenopeziza brassicae;1;train;2023:03:20;12:24:19;nan;15;Pyrenopeziza brassicae
Idf02368;../data/Bousset_data/Images/Cyl/Idf02368.jpg;Cyl;Cylindrosporiose;Champignon;Pyrenopeziza brassicae;1;train;2023:03:20;12:24:26;nan;15;Pyrenopeziza brassicae
Idf02371;../data/Bousset_data/Images/Cyl/Idf02371.jpg;Cyl;Cylindrosporiose;Champignon;Pyrenopeziza brassicae;1;train;2023:03:20;12:24:53;nan;15;Pyrenopeziza brassicae
Idf02372;../data/Bousset_data/Images/Cyl/Idf02372.jpg;Cyl;Cylindrosporiose;Champignon;Pyrenopeziza brassicae;1;train;2023:03:20;12:24:57;nan;15;Pyrenopeziza brassicae
Idf02374;../data/Bousset_data/Images/Cyl/Idf02374.jpg;Cyl;Cylindrosporiose;Champignon;Pyrenopeziza brassicae;1;train;2023:03:20;12:25:28;nan;15;Pyrenopeziza brassicae
Idf02434;../data/Bousset_data/Images/Cyl/Idf02434.jpg;Cyl;Cylindrosporiose;Champignon;Pyrenopeziza brassicae;1;train;2023:03:20;12:44:30;nan;15;Pyrenopeziza brassicae
Idf02435;../data/Bousset_data/Images/Cyl/Idf02435.jpg;Cyl;Cylindrosporiose;Champignon;Pyrenopeziza brassicae;1;train;2023:03:20;12:44:42;nan;15;Pyrenopeziza brassicae
Idf02436;../data/Bousset_data/Images/Cyl/Idf02436.jpg;Cyl;Cylindrosporiose;Champignon;Pyrenopeziza brassicae;1;train;2023:03:20;12:44:45;nan;15;Pyrenopeziza brassicae
Idf02437;../data/Bousset_data/Images/Cyl/Idf02437.jpg;Cyl;Cylindrosporiose;Champignon;Pyrenopeziza brassicae;1;train;2023:03:20;12:44:48;nan;15;Pyrenopeziza brassicae
Idf02438;../data/Bousset_data/Images/Cyl/Idf02438.jpg;Cyl;Cylindrosporiose;Champignon;Pyrenopeziza brassicae;1;train;2023:03:20;12:44:53;nan;15;Pyrenopeziza brassicae
Idf02439;../data/Bousset_data/Images/Cyl/Idf02439.jpg;Cyl;Cylindrosporiose;Champignon;Pyrenopeziza brassicae;1;train;2023:03:20;12:44:59;nan;15;Pyrenopeziza brassicae
Idf02440;../data/Bousset_data/Images/Cyl/Idf02440.jpg;Cyl;Cylindrosporiose;Champignon;Pyrenopeziza brassicae;1;train;2023:03:20;12:45:04;nan;15;Pyrenopeziza brassicae
Idf02442;../data/Bousset_data/Images/Cyl/Idf02442.jpg;Cyl;Cylindrosporiose;Champignon;Pyrenopeziza brassicae;1;train;2023:03:20;12:45:24;nan;15;Pyrenopeziza brassicae
Idf02443;../data/Bousset_data/Images/Cyl/Idf02443.jpg;Cyl;Cylindrosporiose;Champignon;Pyrenopeziza brassicae;1;train;2023:03:20;12:45:30;nan;15;Pyrenopeziza brassicae
Idf02452;../data/Bousset_data/Images/Cyl/Idf02452.jpg;Cyl;Cylindrosporiose;Champignon;Pyrenopeziza brassicae;1;train;2023:03:20;12:46:36;nan;15;Pyrenopeziza brassicae
Idf02487;../data/Bousset_data/Images/Cyl/Idf02487.jpg;Cyl;Cylindrosporiose;Champignon;Pyrenopeziza brassicae;1;train;2023:03:20;12:51:39;nan;15;Pyrenopeziza brassicae
Idf02494;../data/Bousset_data/Images/Cyl/Idf02494.jpg;Cyl;Cylindrosporiose;Champignon;Pyrenopeziza brassicae;1;train;2023:03:20;12:52:34;nan;15;Pyrenopeziza brassicae
Idf02496;../data/Bousset_data/Images/Cyl/Idf02496.jpg;Cyl;Cylindrosporiose;Champignon;Pyrenopeziza brassicae;1;train;2023:03:20;12:53:15;nan;15;Pyrenopeziza brassicae
Idf02497;../data/Bousset_data/Images/Cyl/Idf02497.jpg;Cyl;Cylindrosporiose;Champignon;Pyrenopeziza brassicae;1;train;2023:03:20;12:53:17;nan;15;Pyrenopeziza brassicae
Idf02498;../data/Bousset_data/Images/Cyl/Idf02498.jpg;Cyl;Cylindrosporiose;Champignon;Pyrenopeziza brassicae;1;train;2023:03:20;12:53:20;nan;15;Pyrenopeziza brassicae
Idf02503;../data/Bousset_data/Images/Cyl/Idf02503.jpg;Cyl;Cylindrosporiose;Champignon;Pyrenopeziza brassicae;1;train;2023:03:20;12:53:40;nan;15;Pyrenopeziza brassicae
Idf02634;../data/Bousset_data/Images/Cyl/Idf02634.jpg;Cyl;Cylindrosporiose;Champignon;Pyrenopeziza brassicae;1;train;2023:03:20;14:58:27;nan;15;Pyrenopeziza brassicae
Idf02670;../data/Bousset_data/Images/Cyl/Idf02670.jpg;Cyl;Cylindrosporiose;Champignon;Pyrenopeziza brassicae;1;train;2023:03:20;15:02:59;nan;15;Pyrenopeziza brassicae
Idf02743;../data/Bousset_data/Images/Cyl/Idf02743.jpg;Cyl;Cylindrosporiose;Champignon;Pyrenopeziza brassicae;1;train;2023:03:21;09:41:33;nan;15;Pyrenopeziza brassicae
Idf02753;../data/Bousset_data/Images/Cyl/Idf02753.jpg;Cyl;Cylindrosporiose;Champignon;Pyrenopeziza brassicae;1;train;2023:03:21;09:44:47;nan;15;Pyrenopeziza brassicae
Idf02754;../data/Bousset_data/Images/Cyl/Idf02754.jpg;Cyl;Cylindrosporiose;Champignon;Pyrenopeziza brassicae;1;train;2023:03:21;09:45:04;nan;15;Pyrenopeziza brassicae
Idf02776;../data/Bousset_data/Images/Cyl/Idf02776.jpg;Cyl;Cylindrosporiose;Champignon;Pyrenopeziza brassicae;1;train;2023:03:21;09:50:04;nan;15;Pyrenopeziza brassicae
Idf02777;../data/Bousset_data/Images/Cyl/Idf02777.jpg;Cyl;Cylindrosporiose;Champignon;Pyrenopeziza brassicae;1;train;2023:03:21;09:50:08;nan;15;Pyrenopeziza brassicae
Idf02786;../data/Bousset_data/Images/Cyl/Idf02786.jpg;Cyl;Cylindrosporiose;Champignon;Pyrenopeziza brassicae;1;train;2023:03:21;09:51:40;nan;15;Pyrenopeziza brassicae
Idf02789;../data/Bousset_data/Images/Cyl/Idf02789.jpg;Cyl;Cylindrosporiose;Champignon;Pyrenopeziza brassicae;1;train;2023:03:21;09:52:12;nan;15;Pyrenopeziza brassicae
Idf02790;../data/Bousset_data/Images/Cyl/Idf02790.jpg;Cyl;Cylindrosporiose;Champignon;Pyrenopeziza brassicae;1;train;2023:03:21;09:52:29;nan;15;Pyrenopeziza brassicae
Idf02792;../data/Bousset_data/Images/Cyl/Idf02792.jpg;Cyl;Cylindrosporiose;Champignon;Pyrenopeziza brassicae;1;train;2023:03:21;09:52:42;nan;15;Pyrenopeziza brassicae
Idf02793;../data/Bousset_data/Images/Cyl/Idf02793.jpg;Cyl;Cylindrosporiose;Champignon;Pyrenopeziza brassicae;1;train;2023:03:21;09:52:47;nan;15;Pyrenopeziza brassicae
Idf02804;../data/Bousset_data/Images/Cyl/Idf02804.jpg;Cyl;Cylindrosporiose;Champignon;Pyrenopeziza brassicae;1;train;2023:03:21;09:54:16;nan;15;Pyrenopeziza brassicae
Idf02808;../data/Bousset_data/Images/Cyl/Idf02808.jpg;Cyl;Cylindrosporiose;Champignon;Pyrenopeziza brassicae;1;train;2023:03:21;09:54:50;nan;15;Pyrenopeziza brassicae
Idf02809;../data/Bousset_data/Images/Cyl/Idf02809.jpg;Cyl;Cylindrosporiose;Champignon;Pyrenopeziza brassicae;1;train;2023:03:21;09:54:53;nan;15;Pyrenopeziza brassicae
Idf02810;../data/Bousset_data/Images/Cyl/Idf02810.jpg;Cyl;Cylindrosporiose;Champignon;Pyrenopeziza brassicae;1;train;2023:03:21;09:54:57;nan;15;Pyrenopeziza brassicae
Idf02938;../data/Bousset_data/Images/Cyl/Idf02938.jpg;Cyl;Cylindrosporiose;Champignon;Pyrenopeziza brassicae;1;train;2023:03:21;16:02:55;nan;15;Pyrenopeziza brassicae
Idf03007;../data/Bousset_data/Images/Cyl/Idf03007.jpg;Cyl;Cylindrosporiose;Champignon;Pyrenopeziza brassicae;1;train;2023:03:21;16:16:15;nan;15;Pyrenopeziza brassicae
Idf03008;../data/Bousset_data/Images/Cyl/Idf03008.jpg;Cyl;Cylindrosporiose;Champignon;Pyrenopeziza brassicae;1;train;2023:03:21;16:16:17;nan;15;Pyrenopeziza brassicae
Idf03018;../data/Bousset_data/Images/Cyl/Idf03018.jpg;Cyl;Cylindrosporiose;Champignon;Pyrenopeziza brassicae;1;train;2023:03:21;16:17:19;nan;15;Pyrenopeziza brassicae
Idf03965;../data/Bousset_data/Images/Cyl/Idf03965.jpg;Cyl;Cylindrosporiose;Champignon;Pyrenopeziza brassicae;1;train;2023:04:05;16:04:15;nan;15;Pyrenopeziza brassicae
Idf03966;../data/Bousset_data/Images/Cyl/Idf03966.jpg;Cyl;Cylindrosporiose;Champignon;Pyrenopeziza brassicae;1;train;2023:04:05;16:04:19;nan;15;Pyrenopeziza brassicae
Idf03982;../data/Bousset_data/Images/Cyl/Idf03982.jpg;Cyl;Cylindrosporiose;Champignon;Pyrenopeziza brassicae;1;train;2023:04:05;16:08:23;nan;15;Pyrenopeziza brassicae
Idf03983;../data/Bousset_data/Images/Cyl/Idf03983.jpg;Cyl;Cylindrosporiose;Champignon;Pyrenopeziza brassicae;1;train;2023:04:05;16:08:29;nan;15;Pyrenopeziza brassicae
Idf03993;../data/Bousset_data/Images/Cyl/Idf03993.jpg;Cyl;Cylindrosporiose;Champignon;Pyrenopeziza brassicae;1;train;2023:04:05;16:09:35;nan;15;Pyrenopeziza brassicae
Idf04024;../data/Bousset_data/Images/Cyl/Idf04024.jpg;Cyl;Cylindrosporiose;Champignon;Pyrenopeziza brassicae;1;train;2023:04:06;12:55:51;nan;15;Pyrenopeziza brassicae
Idf04027;../data/Bousset_data/Images/Cyl/Idf04027.jpg;Cyl;Cylindrosporiose;Champignon;Pyrenopeziza brassicae;1;train;2023:04:06;12:56:13;nan;15;Pyrenopeziza brassicae
Idf04037;../data/Bousset_data/Images/Cyl/Idf04037.jpg;Cyl;Cylindrosporiose;Champignon;Pyrenopeziza brassicae;1;train;2023:04:06;12:57:35;nan;15;Pyrenopeziza brassicae
Idf04084;../data/Bousset_data/Images/Cyl/Idf04084.jpg;Cyl;Cylindrosporiose;Champignon;Pyrenopeziza brassicae;1;train;2023:04:06;13:08:27;nan;15;Pyrenopeziza brassicae
Idf04085;../data/Bousset_data/Images/Cyl/Idf04085.jpg;Cyl;Cylindrosporiose;Champignon;Pyrenopeziza brassicae;1;train;2023:04:06;13:08:30;nan;15;Pyrenopeziza brassicae
Idf04086;../data/Bousset_data/Images/Cyl/Idf04086.jpg;Cyl;Cylindrosporiose;Champignon;Pyrenopeziza brassicae;1;train;2023:04:06;13:08:35;nan;15;Pyrenopeziza brassicae
Idf04087;../data/Bousset_data/Images/Cyl/Idf04087.jpg;Cyl;Cylindrosporiose;Champignon;Pyrenopeziza brassicae;1;train;2023:04:06;13:08:39;nan;15;Pyrenopeziza brassicae
Idf04088;../data/Bousset_data/Images/Cyl/Idf04088.jpg;Cyl;Cylindrosporiose;Champignon;Pyrenopeziza brassicae;1;train;2023:04:06;13:08:43;nan;15;Pyrenopeziza brassicae
Idf09816;../data/Bousset_data/Images/Cyl/Idf09816.jpg;Cyl;Cylindrosporiose;Champignon;Pyrenopeziza brassicae;1;train;2023:12:12;13:24:46;nan;15;Pyrenopeziza brassicae
Idf10571;../data/Bousset_data/Images/Cyl/Idf10571.jpg;Cyl;Cylindrosporiose;Champignon;Pyrenopeziza brassicae;1;train;2024:01:22;12:46:28;nan;15;Pyrenopeziza brassicae
Idf10572;../data/Bousset_data/Images/Cyl/Idf10572.jpg;Cyl;Cylindrosporiose;Champignon;Pyrenopeziza brassicae;1;train;2024:01:22;12:46:35;nan;15;Pyrenopeziza brassicae
Idf10939;../data/VAULT/Bousset_data/Images/Cyl/Idf10939.jpg;Cyl;Cylindrosporiose;Champignon;Pyrenopeziza brassicae;1;vault;2024:02:15;13:39:56;nan;15;Pyrenopeziza brassicae
Idf10942;../data/VAULT/Bousset_data/Images/Cyl/Idf10942.jpg;Cyl;Cylindrosporiose;Champignon;Pyrenopeziza brassicae;1;vault;2024:02:15;13:40:19;nan;15;Pyrenopeziza brassicae
Idf10943;../data/VAULT/Bousset_data/Images/Cyl/Idf10943.jpg;Cyl;Cylindrosporiose;Champignon;Pyrenopeziza brassicae;1;vault;2024:02:15;13:40:22;nan;15;Pyrenopeziza brassicae
Idf10944;../data/VAULT/Bousset_data/Images/Cyl/Idf10944.jpg;Cyl;Cylindrosporiose;Champignon;Pyrenopeziza brassicae;1;vault;2024:02:15;13:40:24;nan;15;Pyrenopeziza brassicae
Idf10945;../data/VAULT/Bousset_data/Images/Cyl/Idf10945.jpg;Cyl;Cylindrosporiose;Champignon;Pyrenopeziza brassicae;1;vault;2024:02:15;13:40:28;nan;15;Pyrenopeziza brassicae
Idf10946;../data/VAULT/Bousset_data/Images/Cyl/Idf10946.jpg;Cyl;Cylindrosporiose;Champignon;Pyrenopeziza brassicae;1;vault;2024:02:15;13:40:32;nan;15;Pyrenopeziza brassicae
Idf10947;../data/VAULT/Bousset_data/Images/Cyl/Idf10947.jpg;Cyl;Cylindrosporiose;Champignon;Pyrenopeziza brassicae;1;vault;2024:02:15;13:40:33;nan;15;Pyrenopeziza brassicae
Idf10948;../data/VAULT/Bousset_data/Images/Cyl/Idf10948.jpg;Cyl;Cylindrosporiose;Champignon;Pyrenopeziza brassicae;1;vault;2024:02:15;13:40:36;nan;15;Pyrenopeziza brassicae
Idf10952;../data/VAULT/Bousset_data/Images/Cyl/Idf10952.jpg;Cyl;Cylindrosporiose;Champignon;Pyrenopeziza brassicae;1;vault;2024:02:15;13:41:01;nan;15;Pyrenopeziza brassicae
Idf10958;../data/VAULT/Bousset_data/Images/Cyl/Idf10958.jpg;Cyl;Cylindrosporiose;Champignon;Pyrenopeziza brassicae;1;vault;2024:02:15;13:41:23;nan;15;Pyrenopeziza brassicae
Idf10965;../data/VAULT/Bousset_data/Images/Cyl/Idf10965.jpg;Cyl;Cylindrosporiose;Champignon;Pyrenopeziza brassicae;1;vault;2024:02:15;13:41:55;nan;15;Pyrenopeziza brassicae
Idf10966;../data/VAULT/Bousset_data/Images/Cyl/Idf10966.jpg;Cyl;Cylindrosporiose;Champignon;Pyrenopeziza brassicae;1;vault;2024:02:15;13:41:57;nan;15;Pyrenopeziza brassicae
Idf10967;../data/VAULT/Bousset_data/Images/Cyl/Idf10967.jpg;Cyl;Cylindrosporiose;Champignon;Pyrenopeziza brassicae;1;vault;2024:02:15;13:41:59;nan;15;Pyrenopeziza brassicae
Idf10968;../data/VAULT/Bousset_data/Images/Cyl/Idf10968.jpg;Cyl;Cylindrosporiose;Champignon;Pyrenopeziza brassicae;1;vault;2024:02:15;13:42:01;nan;15;Pyrenopeziza brassicae
Idf10969;../data/VAULT/Bousset_data/Images/Cyl/Idf10969.jpg;Cyl;Cylindrosporiose;Champignon;Pyrenopeziza brassicae;1;vault;2024:02:15;13:42:03;nan;15;Pyrenopeziza brassicae
Idf10970;../data/VAULT/Bousset_data/Images/Cyl/Idf10970.jpg;Cyl;Cylindrosporiose;Champignon;Pyrenopeziza brassicae;1;vault;2024:02:15;13:42:05;nan;15;Pyrenopeziza brassicae
Idf10971;../data/VAULT/Bousset_data/Images/Cyl/Idf10971.jpg;Cyl;Cylindrosporiose;Champignon;Pyrenopeziza brassicae;1;vault;2024:02:15;13:42:12;nan;15;Pyrenopeziza brassicae
Idf10973;../data/VAULT/Bousset_data/Images/Cyl/Idf10973.jpg;Cyl;Cylindrosporiose;Champignon;Pyrenopeziza brassicae;1;vault;2024:02:15;13:42:16;nan;15;Pyrenopeziza brassicae
Idf10974;../data/VAULT/Bousset_data/Images/Cyl/Idf10974.jpg;Cyl;Cylindrosporiose;Champignon;Pyrenopeziza brassicae;1;vault;2024:02:15;13:42:18;nan;15;Pyrenopeziza brassicae
Idf10976;../data/VAULT/Bousset_data/Images/Cyl/Idf10976.jpg;Cyl;Cylindrosporiose;Champignon;Pyrenopeziza brassicae;1;vault;2024:02:15;13:42:23;nan;15;Pyrenopeziza brassicae
Idf10978;../data/VAULT/Bousset_data/Images/Cyl/Idf10978.jpg;Cyl;Cylindrosporiose;Champignon;Pyrenopeziza brassicae;1;vault;2024:02:15;13:42:37;nan;15;Pyrenopeziza brassicae
Idf10981;../data/VAULT/Bousset_data/Images/Cyl/Idf10981.jpg;Cyl;Cylindrosporiose;Champignon;Pyrenopeziza brassicae;1;vault;2024:02:15;13:43:00;nan;15;Pyrenopeziza brassicae
Idf11030;../data/VAULT/Bousset_data/Images/Cyl/Idf11030.jpg;Cyl;Cylindrosporiose;Champignon;Pyrenopeziza brassicae;1;vault;2024:02:15;13:47:11;nan;15;Pyrenopeziza brassicae
Idf11044;../data/VAULT/Bousset_data/Images/Cyl/Idf11044.jpg;Cyl;Cylindrosporiose;Champignon;Pyrenopeziza brassicae;1;vault;2024:02:15;13:49:02;nan;15;Pyrenopeziza brassicae
Idf11045;../data/VAULT/Bousset_data/Images/Cyl/Idf11045.jpg;Cyl;Cylindrosporiose;Champignon;Pyrenopeziza brassicae;1;vault;2024:02:15;13:49:06;nan;15;Pyrenopeziza brassicae
Idf11127;../data/VAULT/Bousset_data/Images/Cyl/Idf11127.jpg;Cyl;Cylindrosporiose;Champignon;Pyrenopeziza brassicae;1;vault;2024:02:15;13:26:43;nan;15;Pyrenopeziza brassicae
Idf11128;../data/VAULT/Bousset_data/Images/Cyl/Idf11128.jpg;Cyl;Cylindrosporiose;Champignon;Pyrenopeziza brassicae;1;vault;2024:02:15;13:26:47;nan;15;Pyrenopeziza brassicae
Idf11146;../data/VAULT/Bousset_data/Images/Cyl/Idf11146.jpg;Cyl;Cylindrosporiose;Champignon;Pyrenopeziza brassicae;1;vault;2024:02:15;13:28:31;nan;15;Pyrenopeziza brassicae
Idf11196;../data/Bousset_data/Images/Cyl/Idf11196.jpg;Cyl;Cylindrosporiose;Champignon;Pyrenopeziza brassicae;1;train;2024:03:01;11:16:23;nan;15;Pyrenopeziza brassicae
Idf11198;../data/Bousset_data/Images/Cyl/Idf11198.jpg;Cyl;Cylindrosporiose;Champignon;Pyrenopeziza brassicae;1;train;2024:03:01;11:16:40;nan;15;Pyrenopeziza brassicae
Idf11240;../data/Bousset_data/Images/Cyl/Idf11240.jpg;Cyl;Cylindrosporiose;Champignon;Pyrenopeziza brassicae;1;train;2024:03:01;11:22:42;nan;15;Pyrenopeziza brassicae
Idf11241;../data/Bousset_data/Images/Cyl/Idf11241.jpg;Cyl;Cylindrosporiose;Champignon;Pyrenopeziza brassicae;1;train;2024:03:01;11:22:44;nan;15;Pyrenopeziza brassicae
Idf11245;../data/Bousset_data/Images/Cyl/Idf11245.jpg;Cyl;Cylindrosporiose;Champignon;Pyrenopeziza brassicae;1;train;2024:03:01;11:23:03;nan;15;Pyrenopeziza brassicae
Idf11253;../data/Bousset_data/Images/Cyl/Idf11253.jpg;Cyl;Cylindrosporiose;Champignon;Pyrenopeziza brassicae;1;train;2024:03:01;11:23:51;nan;15;Pyrenopeziza brassicae
Idf11261;../data/Bousset_data/Images/Cyl/Idf11261.jpg;Cyl;Cylindrosporiose;Champignon;Pyrenopeziza brassicae;1;train;2024:03:01;11:24:30;nan;15;Pyrenopeziza brassicae
Idf11266;../data/Bousset_data/Images/Cyl/Idf11266.jpg;Cyl;Cylindrosporiose;Champignon;Pyrenopeziza brassicae;1;train;2024:03:01;11:25:10;nan;15;Pyrenopeziza brassicae
Idf11271;../data/Bousset_data/Images/Cyl/Idf11271.jpg;Cyl;Cylindrosporiose;Champignon;Pyrenopeziza brassicae;1;train;2024:03:01;11:25:40;nan;15;Pyrenopeziza brassicae
Idf11272;../data/Bousset_data/Images/Cyl/Idf11272.jpg;Cyl;Cylindrosporiose;Champignon;Pyrenopeziza brassicae;1;train;2024:03:01;11:25:41;nan;15;Pyrenopeziza brassicae
Idf11273;../data/Bousset_data/Images/Cyl/Idf11273.jpg;Cyl;Cylindrosporiose;Champignon;Pyrenopeziza brassicae;1;train;2024:03:01;11:25:43;nan;15;Pyrenopeziza brassicae
Idf11274;../data/Bousset_data/Images/Cyl/Idf11274.jpg;Cyl;Cylindrosporiose;Champignon;Pyrenopeziza brassicae;1;train;2024:03:01;11:25:57;nan;15;Pyrenopeziza brassicae
Idf11279;../data/Bousset_data/Images/Cyl/Idf11279.jpg;Cyl;Cylindrosporiose;Champignon;Pyrenopeziza brassicae;1;train;2024:03:01;11:26:15;nan;15;Pyrenopeziza brassicae
Idf11280;../data/Bousset_data/Images/Cyl/Idf11280.jpg;Cyl;Cylindrosporiose;Champignon;Pyrenopeziza brassicae;1;train;2024:03:01;11:26:23;nan;15;Pyrenopeziza brassicae
Idf11282;../data/Bousset_data/Images/Cyl/Idf11282.jpg;Cyl;Cylindrosporiose;Champignon;Pyrenopeziza brassicae;1;train;2024:03:01;11:26:28;nan;15;Pyrenopeziza brassicae
Idf11283;../data/Bousset_data/Images/Cyl/Idf11283.jpg;Cyl;Cylindrosporiose;Champignon;Pyrenopeziza brassicae;1;train;2024:03:01;11:26:36;nan;15;Pyrenopeziza brassicae
Idf11312;../data/Bousset_data/Images/Cyl/Idf11312.jpg;Cyl;Cylindrosporiose;Champignon;Pyrenopeziza brassicae;1;train;2024:03:08;14:22:35;nan;15;Pyrenopeziza brassicae
Idf11314;../data/Bousset_data/Images/Cyl/Idf11314.jpg;Cyl;Cylindrosporiose;Champignon;Pyrenopeziza brassicae;1;train;2024:03:08;14:23:08;nan;15;Pyrenopeziza brassicae
Idf11337;../data/Bousset_data/Images/Cyl/Idf11337.jpg;Cyl;Cylindrosporiose;Champignon;Pyrenopeziza brassicae;1;train;2024:03:08;14:25:50;nan;15;Pyrenopeziza brassicae
Idf11442;../data/Bousset_data/Images/Cyl/Idf11442.jpg;Cyl;Cylindrosporiose;Champignon;Pyrenopeziza brassicae;1;train;2024:03:08;14:37:55;nan;15;Pyrenopeziza brassicae
Idf11443;../data/Bousset_data/Images/Cyl/Idf11443.jpg;Cyl;Cylindrosporiose;Champignon;Pyrenopeziza brassicae;1;train;2024:03:08;14:38:00;nan;15;Pyrenopeziza brassicae
Idf11444;../data/Bousset_data/Images/Cyl/Idf11444.jpg;Cyl;Cylindrosporiose;Champignon;Pyrenopeziza brassicae;1;train;2024:03:08;14:38:02;nan;15;Pyrenopeziza brassicae
Idf11451;../data/Bousset_data/Images/Cyl/Idf11451.jpg;Cyl;Cylindrosporiose;Champignon;Pyrenopeziza brassicae;1;train;2024:03:08;14:38:35;nan;15;Pyrenopeziza brassicae
Idf11452;../data/Bousset_data/Images/Cyl/Idf11452.jpg;Cyl;Cylindrosporiose;Champignon;Pyrenopeziza brassicae;1;train;2024:03:08;14:38:37;nan;15;Pyrenopeziza brassicae
Idf11453;../data/Bousset_data/Images/Cyl/Idf11453.jpg;Cyl;Cylindrosporiose;Champignon;Pyrenopeziza brassicae;1;train;2024:03:08;14:38:41;nan;15;Pyrenopeziza brassicae
Idf11459;../data/Bousset_data/Images/Cyl/Idf11459.jpg;Cyl;Cylindrosporiose;Champignon;Pyrenopeziza brassicae;1;train;2024:03:08;14:39:11;nan;15;Pyrenopeziza brassicae
Idf11460;../data/Bousset_data/Images/Cyl/Idf11460.jpg;Cyl;Cylindrosporiose;Champignon;Pyrenopeziza brassicae;1;train;2024:03:08;14:39:14;nan;15;Pyrenopeziza brassicae
Idf11461;../data/Bousset_data/Images/Cyl/Idf11461.jpg;Cyl;Cylindrosporiose;Champignon;Pyrenopeziza brassicae;1;train;2024:03:08;14:39:20;nan;15;Pyrenopeziza brassicae
Idf11462;../data/Bousset_data/Images/Cyl/Idf11462.jpg;Cyl;Cylindrosporiose;Champignon;Pyrenopeziza brassicae;1;train;2024:03:08;14:39:26;nan;15;Pyrenopeziza brassicae
Idf11463;../data/Bousset_data/Images/Cyl/Idf11463.jpg;Cyl;Cylindrosporiose;Champignon;Pyrenopeziza brassicae;1;train;2024:03:08;14:39:28;nan;15;Pyrenopeziza brassicae
Idf11464;../data/Bousset_data/Images/Cyl/Idf11464.jpg;Cyl;Cylindrosporiose;Champignon;Pyrenopeziza brassicae;1;train;2024:03:08;14:39:34;nan;15;Pyrenopeziza brassicae
Idf11465;../data/Bousset_data/Images/Cyl/Idf11465.jpg;Cyl;Cylindrosporiose;Champignon;Pyrenopeziza brassicae;1;train;2024:03:08;14:39:40;nan;15;Pyrenopeziza brassicae
Idf11466;../data/Bousset_data/Images/Cyl/Idf11466.jpg;Cyl;Cylindrosporiose;Champignon;Pyrenopeziza brassicae;1;train;2024:03:08;14:39:42;nan;15;Pyrenopeziza brassicae
Idf11467;../data/Bousset_data/Images/Cyl/Idf11467.jpg;Cyl;Cylindrosporiose;Champignon;Pyrenopeziza brassicae;1;train;2024:03:08;14:39:44;nan;15;Pyrenopeziza brassicae
Idf11468;../data/Bousset_data/Images/Cyl/Idf11468.jpg;Cyl;Cylindrosporiose;Champignon;Pyrenopeziza brassicae;1;train;2024:03:08;14:39:47;nan;15;Pyrenopeziza brassicae
Idf11469;../data/Bousset_data/Images/Cyl/Idf11469.jpg;Cyl;Cylindrosporiose;Champignon;Pyrenopeziza brassicae;1;train;2024:03:08;14:39:52;nan;15;Pyrenopeziza brassicae
Idf11471;../data/Bousset_data/Images/Cyl/Idf11471.jpg;Cyl;Cylindrosporiose;Champignon;Pyrenopeziza brassicae;1;train;2024:03:08;14:40:05;nan;15;Pyrenopeziza brassicae
Idf11480;../data/Bousset_data/Images/Cyl/Idf11480.jpg;Cyl;Cylindrosporiose;Champignon;Pyrenopeziza brassicae;1;train;2024:03:08;14:41:10;nan;15;Pyrenopeziza brassicae
Idf11493;../data/Bousset_data/Images/Cyl/Idf11493.jpg;Cyl;Cylindrosporiose;Champignon;Pyrenopeziza brassicae;1;train;2024:03:08;14:42:18;nan;15;Pyrenopeziza brassicae
Idf11497;../data/Bousset_data/Images/Cyl/Idf11497.jpg;Cyl;Cylindrosporiose;Champignon;Pyrenopeziza brassicae;1;train;2024:03:08;14:42:38;nan;15;Pyrenopeziza brassicae
Idf11498;../data/Bousset_data/Images/Cyl/Idf11498.jpg;Cyl;Cylindrosporiose;Champignon;Pyrenopeziza brassicae;1;train;2024:03:08;14:42:44;nan;15;Pyrenopeziza brassicae
Idf11499;../data/Bousset_data/Images/Cyl/Idf11499.jpg;Cyl;Cylindrosporiose;Champignon;Pyrenopeziza brassicae;1;train;2024:03:08;14:42:54;nan;15;Pyrenopeziza brassicae
Idf11509;../data/Bousset_data/Images/Cyl/Idf11509.jpg;Cyl;Cylindrosporiose;Champignon;Pyrenopeziza brassicae;1;train;2024:03:08;14:44:04;nan;15;Pyrenopeziza brassicae
Idf11510;../data/Bousset_data/Images/Cyl/Idf11510.jpg;Cyl;Cylindrosporiose;Champignon;Pyrenopeziza brassicae;1;train;2024:03:08;14:44:10;nan;15;Pyrenopeziza brassicae
Idf11516;../data/Bousset_data/Images/Cyl/Idf11516.jpg;Cyl;Cylindrosporiose;Champignon;Pyrenopeziza brassicae;1;train;2024:03:08;14:44:56;nan;15;Pyrenopeziza brassicae
Idf11517;../data/Bousset_data/Images/Cyl/Idf11517.jpg;Cyl;Cylindrosporiose;Champignon;Pyrenopeziza brassicae;1;train;2024:03:08;14:44:58;nan;15;Pyrenopeziza brassicae
Idf11518;../data/Bousset_data/Images/Cyl/Idf11518.jpg;Cyl;Cylindrosporiose;Champignon;Pyrenopeziza brassicae;1;train;2024:03:08;14:45:00;nan;15;Pyrenopeziza brassicae
Idf11519;../data/Bousset_data/Images/Cyl/Idf11519.jpg;Cyl;Cylindrosporiose;Champignon;Pyrenopeziza brassicae;1;train;2024:03:08;14:45:06;nan;15;Pyrenopeziza brassicae
Idf11520;../data/Bousset_data/Images/Cyl/Idf11520.jpg;Cyl;Cylindrosporiose;Champignon;Pyrenopeziza brassicae;1;train;2024:03:08;14:45:17;nan;15;Pyrenopeziza brassicae
Idf11521;../data/Bousset_data/Images/Cyl/Idf11521.jpg;Cyl;Cylindrosporiose;Champignon;Pyrenopeziza brassicae;1;train;2024:03:08;14:45:24;nan;15;Pyrenopeziza brassicae
Idf11522;../data/Bousset_data/Images/Cyl/Idf11522.jpg;Cyl;Cylindrosporiose;Champignon;Pyrenopeziza brassicae;1;train;2024:03:08;14:45:26;nan;15;Pyrenopeziza brassicae
Idf11528;../data/Bousset_data/Images/Cyl/Idf11528.jpg;Cyl;Cylindrosporiose;Champignon;Pyrenopeziza brassicae;1;train;2024:03:08;14:46:15;nan;15;Pyrenopeziza brassicae
Idf11529;../data/Bousset_data/Images/Cyl/Idf11529.jpg;Cyl;Cylindrosporiose;Champignon;Pyrenopeziza brassicae;1;train;2024:03:08;14:46:21;nan;15;Pyrenopeziza brassicae
Idf11530;../data/Bousset_data/Images/Cyl/Idf11530.jpg;Cyl;Cylindrosporiose;Champignon;Pyrenopeziza brassicae;1;train;2024:03:08;14:46:28;nan;15;Pyrenopeziza brassicae
Idf11531;../data/Bousset_data/Images/Cyl/Idf11531.jpg;Cyl;Cylindrosporiose;Champignon;Pyrenopeziza brassicae;1;train;2024:03:08;14:46:30;nan;15;Pyrenopeziza brassicae
Idf11533;../data/Bousset_data/Images/Cyl/Idf11533.jpg;Cyl;Cylindrosporiose;Champignon;Pyrenopeziza brassicae;1;train;2024:03:08;14:46:55;nan;15;Pyrenopeziza brassicae
Idf11535;../data/Bousset_data/Images/Cyl/Idf11535.jpg;Cyl;Cylindrosporiose;Champignon;Pyrenopeziza brassicae;1;train;2024:03:08;14:47:23;nan;15;Pyrenopeziza brassicae
Idf11536;../data/Bousset_data/Images/Cyl/Idf11536.jpg;Cyl;Cylindrosporiose;Champignon;Pyrenopeziza brassicae;1;train;2024:03:08;14:47:25;nan;15;Pyrenopeziza brassicae
Idf11537;../data/Bousset_data/Images/Cyl/Idf11537.jpg;Cyl;Cylindrosporiose;Champignon;Pyrenopeziza brassicae;1;train;2024:03:08;14:47:28;nan;15;Pyrenopeziza brassicae
Idf11538;../data/Bousset_data/Images/Cyl/Idf11538.jpg;Cyl;Cylindrosporiose;Champignon;Pyrenopeziza brassicae;1;train;2024:03:08;14:47:30;nan;15;Pyrenopeziza brassicae
Idf11539;../data/Bousset_data/Images/Cyl/Idf11539.jpg;Cyl;Cylindrosporiose;Champignon;Pyrenopeziza brassicae;1;train;2024:03:08;14:47:31;nan;15;Pyrenopeziza brassicae
Idf11540;../data/Bousset_data/Images/Cyl/Idf11540.jpg;Cyl;Cylindrosporiose;Champignon;Pyrenopeziza brassicae;1;train;2024:03:08;14:47:38;nan;15;Pyrenopeziza brassicae
Idf11541;../data/Bousset_data/Images/Cyl/Idf11541.jpg;Cyl;Cylindrosporiose;Champignon;Pyrenopeziza brassicae;1;train;2024:03:08;14:47:44;nan;15;Pyrenopeziza brassicae
Idf11551;../data/Bousset_data/Images/Cyl/Idf11551.jpg;Cyl;Cylindrosporiose;Champignon;Pyrenopeziza brassicae;1;train;2024:03:08;14:48:48;nan;15;Pyrenopeziza brassicae
Idf11552;../data/Bousset_data/Images/Cyl/Idf11552.jpg;Cyl;Cylindrosporiose;Champignon;Pyrenopeziza brassicae;1;train;2024:03:08;14:48:50;nan;15;Pyrenopeziza brassicae
Idf11553;../data/Bousset_data/Images/Cyl/Idf11553.jpg;Cyl;Cylindrosporiose;Champignon;Pyrenopeziza brassicae;1;train;2024:03:08;14:48:52;nan;15;Pyrenopeziza brassicae
Idf11554;../data/Bousset_data/Images/Cyl/Idf11554.jpg;Cyl;Cylindrosporiose;Champignon;Pyrenopeziza brassicae;1;train;2024:03:08;14:48:54;nan;15;Pyrenopeziza brassicae
Idf11555;../data/Bousset_data/Images/Cyl/Idf11555.jpg;Cyl;Cylindrosporiose;Champignon;Pyrenopeziza brassicae;1;train;2024:03:08;14:48:59;nan;15;Pyrenopeziza brassicae
Idf11556;../data/Bousset_data/Images/Cyl/Idf11556.jpg;Cyl;Cylindrosporiose;Champignon;Pyrenopeziza brassicae;1;train;2024:03:08;14:53:47;nan;15;Pyrenopeziza brassicae
Idf11557;../data/Bousset_data/Images/Cyl/Idf11557.jpg;Cyl;Cylindrosporiose;Champignon;Pyrenopeziza brassicae;1;train;2024:03:08;14:53:51;nan;15;Pyrenopeziza brassicae
Idf11558;../data/Bousset_data/Images/Cyl/Idf11558.jpg;Cyl;Cylindrosporiose;Champignon;Pyrenopeziza brassicae;1;train;2024:03:08;14:53:53;nan;15;Pyrenopeziza brassicae
Idf11559;../data/Bousset_data/Images/Cyl/Idf11559.jpg;Cyl;Cylindrosporiose;Champignon;Pyrenopeziza brassicae;1;train;2024:03:08;14:53:54;nan;15;Pyrenopeziza brassicae
Idf11574;../data/Bousset_data/Images/Cyl/Idf11574.jpg;Cyl;Cylindrosporiose;Champignon;Pyrenopeziza brassicae;1;train;2024:03:08;14:55:08;nan;15;Pyrenopeziza brassicae
Idf11575;../data/Bousset_data/Images/Cyl/Idf11575.jpg;Cyl;Cylindrosporiose;Champignon;Pyrenopeziza brassicae;1;train;2024:03:08;14:55:13;nan;15;Pyrenopeziza brassicae
Idf11576;../data/Bousset_data/Images/Cyl/Idf11576.jpg;Cyl;Cylindrosporiose;Champignon;Pyrenopeziza brassicae;1;train;2024:03:08;14:55:22;nan;15;Pyrenopeziza brassicae
Idf11577;../data/Bousset_data/Images/Cyl/Idf11577.jpg;Cyl;Cylindrosporiose;Champignon;Pyrenopeziza brassicae;1;train;2024:03:08;14:55:30;nan;15;Pyrenopeziza brassicae
Idf11578;../data/Bousset_data/Images/Cyl/Idf11578.jpg;Cyl;Cylindrosporiose;Champignon;Pyrenopeziza brassicae;1;train;2024:03:08;14:55:32;nan;15;Pyrenopeziza brassicae
Idf11579;../data/Bousset_data/Images/Cyl/Idf11579.jpg;Cyl;Cylindrosporiose;Champignon;Pyrenopeziza brassicae;1;train;2024:03:08;14:55:33;nan;15;Pyrenopeziza brassicae
Idf11580;../data/Bousset_data/Images/Cyl/Idf11580.jpg;Cyl;Cylindrosporiose;Champignon;Pyrenopeziza brassicae;1;train;2024:03:08;14:55:36;nan;15;Pyrenopeziza brassicae
Idf11581;../data/Bousset_data/Images/Cyl/Idf11581.jpg;Cyl;Cylindrosporiose;Champignon;Pyrenopeziza brassicae;1;train;2024:03:08;14:55:38;nan;15;Pyrenopeziza brassicae
Idf11582;../data/Bousset_data/Images/Cyl/Idf11582.jpg;Cyl;Cylindrosporiose;Champignon;Pyrenopeziza brassicae;1;train;2024:03:08;14:55:39;nan;15;Pyrenopeziza brassicae
Idf11583;../data/Bousset_data/Images/Cyl/Idf11583.jpg;Cyl;Cylindrosporiose;Champignon;Pyrenopeziza brassicae;1;train;2024:03:08;14:55:41;nan;15;Pyrenopeziza brassicae
Idf11586;../data/Bousset_data/Images/Cyl/Idf11586.jpg;Cyl;Cylindrosporiose;Champignon;Pyrenopeziza brassicae;1;train;2024:03:08;14:56:13;nan;15;Pyrenopeziza brassicae
Idf11588;../data/Bousset_data/Images/Cyl/Idf11588.jpg;Cyl;Cylindrosporiose;Champignon;Pyrenopeziza brassicae;1;train;2024:03:08;14:56:25;nan;15;Pyrenopeziza brassicae
Idf11589;../data/Bousset_data/Images/Cyl/Idf11589.jpg;Cyl;Cylindrosporiose;Champignon;Pyrenopeziza brassicae;1;train;2024:03:08;14:56:29;nan;15;Pyrenopeziza brassicae
Idf11591;../data/Bousset_data/Images/Cyl/Idf11591.jpg;Cyl;Cylindrosporiose;Champignon;Pyrenopeziza brassicae;1;train;2024:03:08;14:56:49;nan;15;Pyrenopeziza brassicae
Idf11592;../data/Bousset_data/Images/Cyl/Idf11592.jpg;Cyl;Cylindrosporiose;Champignon;Pyrenopeziza brassicae;1;train;2024:03:08;14:56:55;nan;15;Pyrenopeziza brassicae
Idf11594;../data/Bousset_data/Images/Cyl/Idf11594.jpg;Cyl;Cylindrosporiose;Champignon;Pyrenopeziza brassicae;1;train;2024:03:08;14:57:04;nan;15;Pyrenopeziza brassicae
Idf11595;../data/Bousset_data/Images/Cyl/Idf11595.jpg;Cyl;Cylindrosporiose;Champignon;Pyrenopeziza brassicae;1;train;2024:03:08;14:57:05;nan;15;Pyrenopeziza brassicae
Idf11596;../data/Bousset_data/Images/Cyl/Idf11596.jpg;Cyl;Cylindrosporiose;Champignon;Pyrenopeziza brassicae;1;train;2024:03:08;14:57:06;nan;15;Pyrenopeziza brassicae
Idf11603;../data/Bousset_data/Images/Cyl/Idf11603.jpg;Cyl;Cylindrosporiose;Champignon;Pyrenopeziza brassicae;1;train;2024:03:08;14:57:57;nan;15;Pyrenopeziza brassicae
Idf11607;../data/Bousset_data/Images/Cyl/Idf11607.jpg;Cyl;Cylindrosporiose;Champignon;Pyrenopeziza brassicae;1;train;2024:03:08;14:58:36;nan;15;Pyrenopeziza brassicae
Idf11608;../data/Bousset_data/Images/Cyl/Idf11608.jpg;Cyl;Cylindrosporiose;Champignon;Pyrenopeziza brassicae;1;train;2024:03:08;14:58:38;nan;15;Pyrenopeziza brassicae
Idf11609;../data/Bousset_data/Images/Cyl/Idf11609.jpg;Cyl;Cylindrosporiose;Champignon;Pyrenopeziza brassicae;1;train;2024:03:08;14:58:39;nan;15;Pyrenopeziza brassicae
Idf11610;../data/Bousset_data/Images/Cyl/Idf11610.jpg;Cyl;Cylindrosporiose;Champignon;Pyrenopeziza brassicae;1;train;2024:03:08;14:58:42;nan;15;Pyrenopeziza brassicae
Idf11613;../data/Bousset_data/Images/Cyl/Idf11613.jpg;Cyl;Cylindrosporiose;Champignon;Pyrenopeziza brassicae;1;train;2024:03:08;14:59:27;nan;15;Pyrenopeziza brassicae
Idf11614;../data/Bousset_data/Images/Cyl/Idf11614.jpg;Cyl;Cylindrosporiose;Champignon;Pyrenopeziza brassicae;1;train;2024:03:08;14:59:32;nan;15;Pyrenopeziza brassicae
Idf11615;../data/Bousset_data/Images/Cyl/Idf11615.jpg;Cyl;Cylindrosporiose;Champignon;Pyrenopeziza brassicae;1;train;2024:03:08;14:59:34;nan;15;Pyrenopeziza brassicae
Idf11616;../data/Bousset_data/Images/Cyl/Idf11616.jpg;Cyl;Cylindrosporiose;Champignon;Pyrenopeziza brassicae;1;train;2024:03:08;14:59:35;nan;15;Pyrenopeziza brassicae
Idf11617;../data/Bousset_data/Images/Cyl/Idf11617.jpg;Cyl;Cylindrosporiose;Champignon;Pyrenopeziza brassicae;1;train;2024:03:08;14:59:38;nan;15;Pyrenopeziza brassicae
Idf11618;../data/Bousset_data/Images/Cyl/Idf11618.jpg;Cyl;Cylindrosporiose;Champignon;Pyrenopeziza brassicae;1;train;2024:03:08;14:59:40;nan;15;Pyrenopeziza brassicae
Idf11714;../data/Bousset_data/Images/Cyl/Idf11714.jpg;Cyl;Cylindrosporiose;Champignon;Pyrenopeziza brassicae;1;train;2024:03:08;15:17:45;nan;15;Pyrenopeziza brassicae
Idf11715;../data/Bousset_data/Images/Cyl/Idf11715.jpg;Cyl;Cylindrosporiose;Champignon;Pyrenopeziza brassicae;1;train;2024:03:08;15:17:47;nan;15;Pyrenopeziza brassicae
Idf11734;../data/Bousset_data/Images/Cyl/Idf11734.jpg;Cyl;Cylindrosporiose;Champignon;Pyrenopeziza brassicae;1;train;2024:03:08;15:19:36;nan;15;Pyrenopeziza brassicae
Idf12127;../data/Bousset_data/Images/Cyl/Idf12127.jpg;Cyl;Cylindrosporiose;Champignon;Pyrenopeziza brassicae;1;train;2024:03:19;12:26:13;nan;15;Pyrenopeziza brassicae
Idf12128;../data/Bousset_data/Images/Cyl/Idf12128.jpg;Cyl;Cylindrosporiose;Champignon;Pyrenopeziza brassicae;1;train;2024:03:19;12:26:17;nan;15;Pyrenopeziza brassicae
Idf12129;../data/Bousset_data/Images/Cyl/Idf12129.jpg;Cyl;Cylindrosporiose;Champignon;Pyrenopeziza brassicae;1;train;2024:03:19;12:26:21;nan;15;Pyrenopeziza brassicae
Idf12131;../data/Bousset_data/Images/Cyl/Idf12131.jpg;Cyl;Cylindrosporiose;Champignon;Pyrenopeziza brassicae;1;train;2024:03:19;12:26:27;nan;15;Pyrenopeziza brassicae
Idf12150;../data/Bousset_data/Images/Cyl/Idf12150.jpg;Cyl;Cylindrosporiose;Champignon;Pyrenopeziza brassicae;1;train;2024:03:19;13:05:10;nan;15;Pyrenopeziza brassicae
Idf12152;../data/Bousset_data/Images/Cyl/Idf12152.jpg;Cyl;Cylindrosporiose;Champignon;Pyrenopeziza brassicae;1;train;2024:03:19;13:05:21;nan;15;Pyrenopeziza brassicae
Idf12153;../data/Bousset_data/Images/Cyl/Idf12153.jpg;Cyl;Cylindrosporiose;Champignon;Pyrenopeziza brassicae;1;train;2024:03:19;13:05:23;nan;15;Pyrenopeziza brassicae
Idf12154;../data/Bousset_data/Images/Cyl/Idf12154.jpg;Cyl;Cylindrosporiose;Champignon;Pyrenopeziza brassicae;1;train;2024:03:19;13:05:26;nan;15;Pyrenopeziza brassicae
Idf12175;../data/Bousset_data/Images/Cyl/Idf12175.jpg;Cyl;Cylindrosporiose;Champignon;Pyrenopeziza brassicae;1;train;2024:03:19;13:16:54;nan;15;Pyrenopeziza brassicae
Idf12176;../data/Bousset_data/Images/Cyl/Idf12176.jpg;Cyl;Cylindrosporiose;Champignon;Pyrenopeziza brassicae;1;train;2024:03:19;13:16:55;nan;15;Pyrenopeziza brassicae
Idf12177;../data/Bousset_data/Images/Cyl/Idf12177.jpg;Cyl;Cylindrosporiose;Champignon;Pyrenopeziza brassicae;1;train;2024:03:19;13:16:58;nan;15;Pyrenopeziza brassicae
Idf12178;../data/Bousset_data/Images/Cyl/Idf12178.jpg;Cyl;Cylindrosporiose;Champignon;Pyrenopeziza brassicae;1;train;2024:03:19;13:17:00;nan;15;Pyrenopeziza brassicae
Idf12179;../data/Bousset_data/Images/Cyl/Idf12179.jpg;Cyl;Cylindrosporiose;Champignon;Pyrenopeziza brassicae;1;train;2024:03:19;13:17:01;nan;15;Pyrenopeziza brassicae
Idf12180;../data/Bousset_data/Images/Cyl/Idf12180.jpg;Cyl;Cylindrosporiose;Champignon;Pyrenopeziza brassicae;1;train;2024:03:19;13:17:03;nan;15;Pyrenopeziza brassicae
Idf12182;../data/Bousset_data/Images/Cyl/Idf12182.jpg;Cyl;Cylindrosporiose;Champignon;Pyrenopeziza brassicae;1;train;2024:03:19;13:17:21;nan;15;Pyrenopeziza brassicae
Idf12183;../data/Bousset_data/Images/Cyl/Idf12183.jpg;Cyl;Cylindrosporiose;Champignon;Pyrenopeziza brassicae;1;train;2024:03:19;13:17:24;nan;15;Pyrenopeziza brassicae
Idf12195;../data/Bousset_data/Images/Cyl/Idf12195.jpg;Cyl;Cylindrosporiose;Champignon;Pyrenopeziza brassicae;1;train;2024:03:19;13:18:32;nan;15;Pyrenopeziza brassicae
Idf12196;../data/Bousset_data/Images/Cyl/Idf12196.jpg;Cyl;Cylindrosporiose;Champignon;Pyrenopeziza brassicae;1;train;2024:03:19;13:18:34;nan;15;Pyrenopeziza brassicae
Idf12197;../data/Bousset_data/Images/Cyl/Idf12197.jpg;Cyl;Cylindrosporiose;Champignon;Pyrenopeziza brassicae;1;train;2024:03:19;13:18:37;nan;15;Pyrenopeziza brassicae
Idf12198;../data/Bousset_data/Images/Cyl/Idf12198.jpg;Cyl;Cylindrosporiose;Champignon;Pyrenopeziza brassicae;1;train;2024:03:19;13:18:39;nan;15;Pyrenopeziza brassicae
Idf12199;../data/Bousset_data/Images/Cyl/Idf12199.jpg;Cyl;Cylindrosporiose;Champignon;Pyrenopeziza brassicae;1;train;2024:03:19;13:18:54;nan;15;Pyrenopeziza brassicae
Idf12200;../data/Bousset_data/Images/Cyl/Idf12200.jpg;Cyl;Cylindrosporiose;Champignon;Pyrenopeziza brassicae;1;train;2024:03:19;13:18:55;nan;15;Pyrenopeziza brassicae
Idf12201;../data/Bousset_data/Images/Cyl/Idf12201.jpg;Cyl;Cylindrosporiose;Champignon;Pyrenopeziza brassicae;1;train;2024:03:19;13:19:02;nan;15;Pyrenopeziza brassicae
Idf12202;../data/Bousset_data/Images/Cyl/Idf12202.jpg;Cyl;Cylindrosporiose;Champignon;Pyrenopeziza brassicae;1;train;2024:03:19;13:19:08;nan;15;Pyrenopeziza brassicae
Idf12203;../data/Bousset_data/Images/Cyl/Idf12203.jpg;Cyl;Cylindrosporiose;Champignon;Pyrenopeziza brassicae;1;train;2024:03:19;13:19:11;nan;15;Pyrenopeziza brassicae
Idf12204;../data/Bousset_data/Images/Cyl/Idf12204.jpg;Cyl;Cylindrosporiose;Champignon;Pyrenopeziza brassicae;1;train;2024:03:19;13:19:17;nan;15;Pyrenopeziza brassicae
Idf12205;../data/Bousset_data/Images/Cyl/Idf12205.jpg;Cyl;Cylindrosporiose;Champignon;Pyrenopeziza brassicae;1;train;2024:03:19;13:19:19;nan;15;Pyrenopeziza brassicae
Idf12206;../data/Bousset_data/Images/Cyl/Idf12206.jpg;Cyl;Cylindrosporiose;Champignon;Pyrenopeziza brassicae;1;train;2024:03:19;13:19:20;nan;15;Pyrenopeziza brassicae
Idf12207;../data/Bousset_data/Images/Cyl/Idf12207.jpg;Cyl;Cylindrosporiose;Champignon;Pyrenopeziza brassicae;1;train;2024:03:19;13:19:22;nan;15;Pyrenopeziza brassicae
Idf12208;../data/Bousset_data/Images/Cyl/Idf12208.jpg;Cyl;Cylindrosporiose;Champignon;Pyrenopeziza brassicae;1;train;2024:03:19;13:19:28;nan;15;Pyrenopeziza brassicae
Idf12209;../data/Bousset_data/Images/Cyl/Idf12209.jpg;Cyl;Cylindrosporiose;Champignon;Pyrenopeziza brassicae;1;train;2024:03:19;13:19:33;nan;15;Pyrenopeziza brassicae
Idf12211;../data/Bousset_data/Images/Cyl/Idf12211.jpg;Cyl;Cylindrosporiose;Champignon;Pyrenopeziza brassicae;1;train;2024:03:19;13:19:50;nan;15;Pyrenopeziza brassicae
Idf12212;../data/Bousset_data/Images/Cyl/Idf12212.jpg;Cyl;Cylindrosporiose;Champignon;Pyrenopeziza brassicae;1;train;2024:03:19;13:19:58;nan;15;Pyrenopeziza brassicae
Idf12213;../data/Bousset_data/Images/Cyl/Idf12213.jpg;Cyl;Cylindrosporiose;Champignon;Pyrenopeziza brassicae;1;train;2024:03:19;13:20:03;nan;15;Pyrenopeziza brassicae
Idf12234;../data/Bousset_data/Images/Cyl/Idf12234.jpg;Cyl;Cylindrosporiose;Champignon;Pyrenopeziza brassicae;1;train;2024:03:19;13:22:39;nan;15;Pyrenopeziza brassicae
Idf12235;../data/Bousset_data/Images/Cyl/Idf12235.jpg;Cyl;Cylindrosporiose;Champignon;Pyrenopeziza brassicae;1;train;2024:03:19;13:22:42;nan;15;Pyrenopeziza brassicae
Idf12239;../data/Bousset_data/Images/Cyl/Idf12239.jpg;Cyl;Cylindrosporiose;Champignon;Pyrenopeziza brassicae;1;train;2024:03:19;13:25:44;nan;15;Pyrenopeziza brassicae
Idf12298;../data/Bousset_data/Images/Cyl/Idf12298.jpg;Cyl;Cylindrosporiose;Champignon;Pyrenopeziza brassicae;1;train;2024:03:19;13:00:57;nan;15;Pyrenopeziza brassicae
Idf12303;../data/Bousset_data/Images/Cyl/Idf12303.jpg;Cyl;Cylindrosporiose;Champignon;Pyrenopeziza brassicae;1;train;2024:03:19;13:09:44;nan;15;Pyrenopeziza brassicae
Idf12304;../data/Bousset_data/Images/Cyl/Idf12304.jpg;Cyl;Cylindrosporiose;Champignon;Pyrenopeziza brassicae;1;train;2024:03:19;13:09:46;nan;15;Pyrenopeziza brassicae
Idf12305;../data/Bousset_data/Images/Cyl/Idf12305.jpg;Cyl;Cylindrosporiose;Champignon;Pyrenopeziza brassicae;1;train;2024:03:19;13:09:50;nan;15;Pyrenopeziza brassicae
Idf12317;../data/Bousset_data/Images/Cyl/Idf12317.jpg;Cyl;Cylindrosporiose;Champignon;Pyrenopeziza brassicae;1;train;2024:03:19;13:10:53;nan;15;Pyrenopeziza brassicae
Idf12320;../data/Bousset_data/Images/Cyl/Idf12320.jpg;Cyl;Cylindrosporiose;Champignon;Pyrenopeziza brassicae;1;train;2024:03:19;13:11:14;nan;15;Pyrenopeziza brassicae
Idf12321;../data/Bousset_data/Images/Cyl/Idf12321.jpg;Cyl;Cylindrosporiose;Champignon;Pyrenopeziza brassicae;1;train;2024:03:19;13:11:38;nan;15;Pyrenopeziza brassicae
Idf12322;../data/Bousset_data/Images/Cyl/Idf12322.jpg;Cyl;Cylindrosporiose;Champignon;Pyrenopeziza brassicae;1;train;2024:03:19;13:11:41;nan;15;Pyrenopeziza brassicae
Idf12323;../data/Bousset_data/Images/Cyl/Idf12323.jpg;Cyl;Cylindrosporiose;Champignon;Pyrenopeziza brassicae;1;train;2024:03:19;13:11:43;nan;15;Pyrenopeziza brassicae
Idf12324;../data/Bousset_data/Images/Cyl/Idf12324.jpg;Cyl;Cylindrosporiose;Champignon;Pyrenopeziza brassicae;1;train;2024:03:19;13:11:46;nan;15;Pyrenopeziza brassicae
Idf12325;../data/Bousset_data/Images/Cyl/Idf12325.jpg;Cyl;Cylindrosporiose;Champignon;Pyrenopeziza brassicae;1;train;2024:03:19;13:11:49;nan;15;Pyrenopeziza brassicae
Idf12326;../data/Bousset_data/Images/Cyl/Idf12326.jpg;Cyl;Cylindrosporiose;Champignon;Pyrenopeziza brassicae;1;train;2024:03:19;13:11:51;nan;15;Pyrenopeziza brassicae
Idf12327;../data/Bousset_data/Images/Cyl/Idf12327.jpg;Cyl;Cylindrosporiose;Champignon;Pyrenopeziza brassicae;1;train;2024:03:19;13:11:53;nan;15;Pyrenopeziza brassicae
Idf12330;../data/Bousset_data/Images/Cyl/Idf12330.jpg;Cyl;Cylindrosporiose;Champignon;Pyrenopeziza brassicae;1;train;2024:03:19;13:12:10;nan;15;Pyrenopeziza brassicae
Idf12331;../data/Bousset_data/Images/Cyl/Idf12331.jpg;Cyl;Cylindrosporiose;Champignon;Pyrenopeziza brassicae;1;train;2024:03:19;13:12:13;nan;15;Pyrenopeziza brassicae
Idf12332;../data/Bousset_data/Images/Cyl/Idf12332.jpg;Cyl;Cylindrosporiose;Champignon;Pyrenopeziza brassicae;1;train;2024:03:19;13:12:14;nan;15;Pyrenopeziza brassicae
Idf12333;../data/Bousset_data/Images/Cyl/Idf12333.jpg;Cyl;Cylindrosporiose;Champignon;Pyrenopeziza brassicae;1;train;2024:03:19;13:12:17;nan;15;Pyrenopeziza brassicae
Idf12334;../data/Bousset_data/Images/Cyl/Idf12334.jpg;Cyl;Cylindrosporiose;Champignon;Pyrenopeziza brassicae;1;train;2024:03:19;13:12:22;nan;15;Pyrenopeziza brassicae
Idf12336;../data/Bousset_data/Images/Cyl/Idf12336.jpg;Cyl;Cylindrosporiose;Champignon;Pyrenopeziza brassicae;1;train;2024:03:19;13:12:34;nan;15;Pyrenopeziza brassicae
Idf12337;../data/Bousset_data/Images/Cyl/Idf12337.jpg;Cyl;Cylindrosporiose;Champignon;Pyrenopeziza brassicae;1;train;2024:03:19;13:12:45;nan;15;Pyrenopeziza brassicae
Idf12338;../data/Bousset_data/Images/Cyl/Idf12338.jpg;Cyl;Cylindrosporiose;Champignon;Pyrenopeziza brassicae;1;train;2024:03:19;13:12:51;nan;15;Pyrenopeziza brassicae
Idf12341;../data/Bousset_data/Images/Cyl/Idf12341.jpg;Cyl;Cylindrosporiose;Champignon;Pyrenopeziza brassicae;1;train;2024:03:19;13:13:06;nan;15;Pyrenopeziza brassicae
Idf12344;../data/Bousset_data/Images/Cyl/Idf12344.jpg;Cyl;Cylindrosporiose;Champignon;Pyrenopeziza brassicae;1;train;2024:03:19;13:13:26;nan;15;Pyrenopeziza brassicae
Idf12345;../data/Bousset_data/Images/Cyl/Idf12345.jpg;Cyl;Cylindrosporiose;Champignon;Pyrenopeziza brassicae;1;train;2024:03:19;13:13:28;nan;15;Pyrenopeziza brassicae
Idf12346;../data/Bousset_data/Images/Cyl/Idf12346.jpg;Cyl;Cylindrosporiose;Champignon;Pyrenopeziza brassicae;1;train;2024:03:19;13:13:31;nan;15;Pyrenopeziza brassicae
Idf12347;../data/Bousset_data/Images/Cyl/Idf12347.jpg;Cyl;Cylindrosporiose;Champignon;Pyrenopeziza brassicae;1;train;2024:03:19;13:13:44;nan;15;Pyrenopeziza brassicae
Idf12348;../data/Bousset_data/Images/Cyl/Idf12348.jpg;Cyl;Cylindrosporiose;Champignon;Pyrenopeziza brassicae;1;train;2024:03:19;13:13:46;nan;15;Pyrenopeziza brassicae
Idf12355;../data/Bousset_data/Images/Cyl/Idf12355.jpg;Cyl;Cylindrosporiose;Champignon;Pyrenopeziza brassicae;1;train;2024:03:19;13:14:43;nan;15;Pyrenopeziza brassicae
Idf12357;../data/Bousset_data/Images/Cyl/Idf12357.jpg;Cyl;Cylindrosporiose;Champignon;Pyrenopeziza brassicae;1;train;2024:03:19;13:14:47;nan;15;Pyrenopeziza brassicae
Idf12358;../data/Bousset_data/Images/Cyl/Idf12358.jpg;Cyl;Cylindrosporiose;Champignon;Pyrenopeziza brassicae;1;train;2024:03:19;13:14:48;nan;15;Pyrenopeziza brassicae
Idf12359;../data/Bousset_data/Images/Cyl/Idf12359.jpg;Cyl;Cylindrosporiose;Champignon;Pyrenopeziza brassicae;1;train;2024:03:19;13:14:52;nan;15;Pyrenopeziza brassicae
Idf12360;../data/Bousset_data/Images/Cyl/Idf12360.jpg;Cyl;Cylindrosporiose;Champignon;Pyrenopeziza brassicae;1;train;2024:03:19;13:14:55;nan;15;Pyrenopeziza brassicae
Idf12370;../data/Bousset_data/Images/Cyl/Idf12370.jpg;Cyl;Cylindrosporiose;Champignon;Pyrenopeziza brassicae;1;train;2024:03:20;14:35:21;nan;15;Pyrenopeziza brassicae
Idf12380;../data/Bousset_data/Images/Cyl/Idf12380.jpg;Cyl;Cylindrosporiose;Champignon;Pyrenopeziza brassicae;1;train;2024:03:20;14:36:40;nan;15;Pyrenopeziza brassicae
Idf12381;../data/Bousset_data/Images/Cyl/Idf12381.jpg;Cyl;Cylindrosporiose;Champignon;Pyrenopeziza brassicae;1;train;2024:03:20;14:36:42;nan;15;Pyrenopeziza brassicae
Idf12382;../data/Bousset_data/Images/Cyl/Idf12382.jpg;Cyl;Cylindrosporiose;Champignon;Pyrenopeziza brassicae;1;train;2024:03:20;14:36:55;nan;15;Pyrenopeziza brassicae
Idf12383;../data/Bousset_data/Images/Cyl/Idf12383.jpg;Cyl;Cylindrosporiose;Champignon;Pyrenopeziza brassicae;1;train;2024:03:20;14:37:13;nan;15;Pyrenopeziza brassicae
Idf12417;../data/Bousset_data/Images/Cyl/Idf12417.jpg;Cyl;Cylindrosporiose;Champignon;Pyrenopeziza brassicae;1;train;2024:03:20;14:41:13;nan;15;Pyrenopeziza brassicae
Idf12418;../data/Bousset_data/Images/Cyl/Idf12418.jpg;Cyl;Cylindrosporiose;Champignon;Pyrenopeziza brassicae;1;train;2024:03:20;14:41:15;nan;15;Pyrenopeziza brassicae
Idf12419;../data/Bousset_data/Images/Cyl/Idf12419.jpg;Cyl;Cylindrosporiose;Champignon;Pyrenopeziza brassicae;1;train;2024:03:20;14:41:36;nan;15;Pyrenopeziza brassicae
Idf12420;../data/Bousset_data/Images/Cyl/Idf12420.jpg;Cyl;Cylindrosporiose;Champignon;Pyrenopeziza brassicae;1;train;2024:03:20;14:41:45;nan;15;Pyrenopeziza brassicae
Idf12428;../data/Bousset_data/Images/Cyl/Idf12428.jpg;Cyl;Cylindrosporiose;Champignon;Pyrenopeziza brassicae;1;train;2024:03:20;14:42:29;nan;15;Pyrenopeziza brassicae
Idf12435;../data/Bousset_data/Images/Cyl/Idf12435.jpg;Cyl;Cylindrosporiose;Champignon;Pyrenopeziza brassicae;1;train;2024:03:20;14:44:02;nan;15;Pyrenopeziza brassicae
Idf12436;../data/Bousset_data/Images/Cyl/Idf12436.jpg;Cyl;Cylindrosporiose;Champignon;Pyrenopeziza brassicae;1;train;2024:03:20;14:44:12;nan;15;Pyrenopeziza brassicae
Idf12440;../data/Bousset_data/Images/Cyl/Idf12440.jpg;Cyl;Cylindrosporiose;Champignon;Pyrenopeziza brassicae;1;train;2024:03:20;14:45:02;nan;15;Pyrenopeziza brassicae
Idf12442;../data/Bousset_data/Images/Cyl/Idf12442.jpg;Cyl;Cylindrosporiose;Champignon;Pyrenopeziza brassicae;1;train;2024:03:20;14:45:45;nan;15;Pyrenopeziza brassicae
Idf12449;../data/Bousset_data/Images/Cyl/Idf12449.jpg;Cyl;Cylindrosporiose;Champignon;Pyrenopeziza brassicae;1;train;2024:03:20;14:46:14;nan;15;Pyrenopeziza brassicae
Idf12454;../data/Bousset_data/Images/Cyl/Idf12454.jpg;Cyl;Cylindrosporiose;Champignon;Pyrenopeziza brassicae;1;train;2024:03:20;14:46:30;nan;15;Pyrenopeziza brassicae
Idf12465;../data/Bousset_data/Images/Cyl/Idf12465.jpg;Cyl;Cylindrosporiose;Champignon;Pyrenopeziza brassicae;1;train;2024:03:20;14:47:55;nan;15;Pyrenopeziza brassicae
Idf12466;../data/Bousset_data/Images/Cyl/Idf12466.jpg;Cyl;Cylindrosporiose;Champignon;Pyrenopeziza brassicae;1;train;2024:03:20;14:47:57;nan;15;Pyrenopeziza brassicae
Idf12467;../data/Bousset_data/Images/Cyl/Idf12467.jpg;Cyl;Cylindrosporiose;Champignon;Pyrenopeziza brassicae;1;train;2024:03:20;14:47:59;nan;15;Pyrenopeziza brassicae
Idf12476;../data/Bousset_data/Images/Cyl/Idf12476.jpg;Cyl;Cylindrosporiose;Champignon;Pyrenopeziza brassicae;1;train;2024:03:20;14:50:28;nan;15;Pyrenopeziza brassicae
Idf12477;../data/Bousset_data/Images/Cyl/Idf12477.jpg;Cyl;Cylindrosporiose;Champignon;Pyrenopeziza brassicae;1;train;2024:03:20;14:50:31;nan;15;Pyrenopeziza brassicae
Idf12478;../data/Bousset_data/Images/Cyl/Idf12478.jpg;Cyl;Cylindrosporiose;Champignon;Pyrenopeziza brassicae;1;train;2024:03:20;14:50:34;nan;15;Pyrenopeziza brassicae
Idf12481;../data/Bousset_data/Images/Cyl/Idf12481.jpg;Cyl;Cylindrosporiose;Champignon;Pyrenopeziza brassicae;1;train;2024:03:20;14:50:58;nan;15;Pyrenopeziza brassicae
Idf12482;../data/Bousset_data/Images/Cyl/Idf12482.jpg;Cyl;Cylindrosporiose;Champignon;Pyrenopeziza brassicae;1;train;2024:03:20;14:51:00;nan;15;Pyrenopeziza brassicae
Idf12486;../data/Bousset_data/Images/Cyl/Idf12486.jpg;Cyl;Cylindrosporiose;Champignon;Pyrenopeziza brassicae;1;train;2024:03:20;14:51:44;nan;15;Pyrenopeziza brassicae
Idf12488;../data/Bousset_data/Images/Cyl/Idf12488.jpg;Cyl;Cylindrosporiose;Champignon;Pyrenopeziza brassicae;1;train;2024:03:20;14:51:47;nan;15;Pyrenopeziza brassicae
Idf12489;../data/Bousset_data/Images/Cyl/Idf12489.jpg;Cyl;Cylindrosporiose;Champignon;Pyrenopeziza brassicae;1;train;2024:03:20;14:51:49;nan;15;Pyrenopeziza brassicae
Idf12493;../data/Bousset_data/Images/Cyl/Idf12493.jpg;Cyl;Cylindrosporiose;Champignon;Pyrenopeziza brassicae;1;train;2024:03:20;14:52:10;nan;15;Pyrenopeziza brassicae
Idf12494;../data/Bousset_data/Images/Cyl/Idf12494.jpg;Cyl;Cylindrosporiose;Champignon;Pyrenopeziza brassicae;1;train;2024:03:20;14:52:13;nan;15;Pyrenopeziza brassicae
Idf12498;../data/Bousset_data/Images/Cyl/Idf12498.jpg;Cyl;Cylindrosporiose;Champignon;Pyrenopeziza brassicae;1;train;2024:03:20;14:52:43;nan;15;Pyrenopeziza brassicae
Idf12499;../data/Bousset_data/Images/Cyl/Idf12499.jpg;Cyl;Cylindrosporiose;Champignon;Pyrenopeziza brassicae;1;train;2024:03:20;14:52:47;nan;15;Pyrenopeziza brassicae
Idf12500;../data/Bousset_data/Images/Cyl/Idf12500.jpg;Cyl;Cylindrosporiose;Champignon;Pyrenopeziza brassicae;1;train;2024:03:20;14:52:49;nan;15;Pyrenopeziza brassicae
Idf12506;../data/Bousset_data/Images/Cyl/Idf12506.jpg;Cyl;Cylindrosporiose;Champignon;Pyrenopeziza brassicae;1;train;2024:03:20;14:53:27;nan;15;Pyrenopeziza brassicae
Idf12508;../data/Bousset_data/Images/Cyl/Idf12508.jpg;Cyl;Cylindrosporiose;Champignon;Pyrenopeziza brassicae;1;train;2024:03:20;14:53:45;nan;15;Pyrenopeziza brassicae
Idf12516;../data/Bousset_data/Images/Cyl/Idf12516.jpg;Cyl;Cylindrosporiose;Champignon;Pyrenopeziza brassicae;1;train;2024:03:20;14:54:58;nan;15;Pyrenopeziza brassicae
Idf12517;../data/Bousset_data/Images/Cyl/Idf12517.jpg;Cyl;Cylindrosporiose;Champignon;Pyrenopeziza brassicae;1;train;2024:03:20;14:55:00;nan;15;Pyrenopeziza brassicae
Idf12522;../data/Bousset_data/Images/Cyl/Idf12522.jpg;Cyl;Cylindrosporiose;Champignon;Pyrenopeziza brassicae;1;train;2024:03:20;14:55:48;nan;15;Pyrenopeziza brassicae
Idf12523;../data/Bousset_data/Images/Cyl/Idf12523.jpg;Cyl;Cylindrosporiose;Champignon;Pyrenopeziza brassicae;1;train;2024:03:20;14:55:51;nan;15;Pyrenopeziza brassicae
Idf12524;../data/Bousset_data/Images/Cyl/Idf12524.jpg;Cyl;Cylindrosporiose;Champignon;Pyrenopeziza brassicae;1;train;2024:03:20;14:55:58;nan;15;Pyrenopeziza brassicae
Idf12531;../data/Bousset_data/Images/Cyl/Idf12531.jpg;Cyl;Cylindrosporiose;Champignon;Pyrenopeziza brassicae;1;train;2024:03:20;14:56:42;nan;15;Pyrenopeziza brassicae
Idf12533;../data/Bousset_data/Images/Cyl/Idf12533.jpg;Cyl;Cylindrosporiose;Champignon;Pyrenopeziza brassicae;1;train;2024:03:20;16:40:17;nan;15;Pyrenopeziza brassicae
Idf12542;../data/Bousset_data/Images/Cyl/Idf12542.jpg;Cyl;Cylindrosporiose;Champignon;Pyrenopeziza brassicae;1;train;2024:03:20;16:41:06;nan;15;Pyrenopeziza brassicae
Idf12564;../data/Bousset_data/Images/Cyl/Idf12564.jpg;Cyl;Cylindrosporiose;Champignon;Pyrenopeziza brassicae;1;train;2024:03:20;16:44:04;nan;15;Pyrenopeziza brassicae
Idf12566;../data/Bousset_data/Images/Cyl/Idf12566.jpg;Cyl;Cylindrosporiose;Champignon;Pyrenopeziza brassicae;1;train;2024:03:20;16:44:14;nan;15;Pyrenopeziza brassicae
Idf12568;../data/Bousset_data/Images/Cyl/Idf12568.jpg;Cyl;Cylindrosporiose;Champignon;Pyrenopeziza brassicae;1;train;2024:03:20;16:44:19;nan;15;Pyrenopeziza brassicae
Idf12569;../data/Bousset_data/Images/Cyl/Idf12569.jpg;Cyl;Cylindrosporiose;Champignon;Pyrenopeziza brassicae;1;train;2024:03:20;16:44:22;nan;15;Pyrenopeziza brassicae
Idf00006;../data/Bousset_data/Images/Mac/Idf00006.jpg;Mac;Phoma;Champignon;Leptospheria maculans;1;train;2022:10:12;14:26:41;nan;33;Leptospheria maculans
Idf00008;../data/Bousset_data/Images/Mac/Idf00008.jpg;Mac;Phoma;Champignon;Leptospheria maculans;1;train;2022:10:14;17:49:39;nan;33;Leptospheria maculans
Idf00016;../data/Bousset_data/Images/Mac/Idf00016.jpg;Mac;Phoma;Champignon;Leptospheria maculans;1;train;2022:10:14;17:43:40;nan;33;Leptospheria maculans
Idf00019;../data/Bousset_data/Images/Mac/Idf00019.jpg;Mac;Phoma;Champignon;Leptospheria maculans;1;train;2022:10:26;10:53:05;nan;33;Leptospheria maculans
Idf00037;../data/Bousset_data/Images/Mac/Idf00037.jpg;Mac;Phoma;Champignon;Leptospheria maculans;1;train;2022:11:07;12:51:45;nan;33;Leptospheria maculans
Idf00039;../data/Bousset_data/Images/Mac/Idf00039.jpg;Mac;Phoma;Champignon;Leptospheria maculans;1;train;2022:11:22;10:18:40;nan;33;Leptospheria maculans
Idf00085;../data/VAULT/Bousset_data/Images/Mac/Idf00085.jpg;Mac;Phoma;Champignon;Leptospheria maculans;1;vault;2022:11:25;14:27:15;nan;33;Leptospheria maculans
Idf00126;../data/VAULT/Bousset_data/Images/Mac/Idf00126.jpg;Mac;Phoma;Champignon;Leptospheria maculans;1;vault;2022:11:25;15:41:05;nan;33;Leptospheria maculans
Idf00128;../data/VAULT/Bousset_data/Images/Mac/Idf00128.jpg;Mac;Phoma;Champignon;Leptospheria maculans;1;vault;2022:11:25;15:45:30;nan;33;Leptospheria maculans
Idf00130;../data/VAULT/Bousset_data/Images/Mac/Idf00130.jpg;Mac;Phoma;Champignon;Leptospheria maculans;1;vault;2022:11:25;15:45:55;nan;33;Leptospheria maculans
Idf00131;../data/VAULT/Bousset_data/Images/Mac/Idf00131.jpg;Mac;Phoma;Champignon;Leptospheria maculans;1;vault;2022:11:25;15:46:13;nan;33;Leptospheria maculans
Idf00132;../data/VAULT/Bousset_data/Images/Mac/Idf00132.jpg;Mac;Phoma;Champignon;Leptospheria maculans;1;vault;2022:11:25;15:46:51;nan;33;Leptospheria maculans
Idf00133;../data/VAULT/Bousset_data/Images/Mac/Idf00133.jpg;Mac;Phoma;Champignon;Leptospheria maculans;1;vault;2022:11:25;15:47:02;nan;33;Leptospheria maculans
Idf00134;../data/VAULT/Bousset_data/Images/Mac/Idf00134.jpg;Mac;Phoma;Champignon;Leptospheria maculans;1;vault;2022:11:25;15:47:11;nan;33;Leptospheria maculans
Idf00135;../data/VAULT/Bousset_data/Images/Mac/Idf00135.jpg;Mac;Phoma;Champignon;Leptospheria maculans;1;vault;2022:11:25;15:47:32;nan;33;Leptospheria maculans
Idf00136;../data/VAULT/Bousset_data/Images/Mac/Idf00136.jpg;Mac;Phoma;Champignon;Leptospheria maculans;1;vault;2022:11:25;15:48:24;nan;33;Leptospheria maculans
Idf00142;../data/VAULT/Bousset_data/Images/Mac/Idf00142.jpg;Mac;Phoma;Champignon;Leptospheria maculans;1;vault;2022:11:25;15:49:36;nan;33;Leptospheria maculans
Idf00143;../data/VAULT/Bousset_data/Images/Mac/Idf00143.jpg;Mac;Phoma;Champignon;Leptospheria maculans;1;vault;2022:11:25;15:49:44;nan;33;Leptospheria maculans
Idf00145;../data/VAULT/Bousset_data/Images/Mac/Idf00145.jpg;Mac;Phoma;Champignon;Leptospheria maculans;1;vault;2022:11:25;15:50:09;nan;33;Leptospheria maculans
Idf00146;../data/VAULT/Bousset_data/Images/Mac/Idf00146.jpg;Mac;Phoma;Champignon;Leptospheria maculans;1;vault;2022:11:25;15:50:13;nan;33;Leptospheria maculans
Idf00147;../data/VAULT/Bousset_data/Images/Mac/Idf00147.jpg;Mac;Phoma;Champignon;Leptospheria maculans;1;vault;2022:11:25;15:50:35;nan;33;Leptospheria maculans
Idf00148;../data/VAULT/Bousset_data/Images/Mac/Idf00148.jpg;Mac;Phoma;Champignon;Leptospheria maculans;1;vault;2022:11:25;15:50:49;nan;33;Leptospheria maculans
Idf00149;../data/VAULT/Bousset_data/Images/Mac/Idf00149.jpg;Mac;Phoma;Champignon;Leptospheria maculans;1;vault;2022:11:25;15:51:30;nan;33;Leptospheria maculans
Idf00150;../data/VAULT/Bousset_data/Images/Mac/Idf00150.jpg;Mac;Phoma;Champignon;Leptospheria maculans;1;vault;2022:11:25;15:51:34;nan;33;Leptospheria maculans
Idf00151;../data/VAULT/Bousset_data/Images/Mac/Idf00151.jpg;Mac;Phoma;Champignon;Leptospheria maculans;1;vault;2022:11:25;15:51:49;nan;33;Leptospheria maculans
Idf00152;../data/VAULT/Bousset_data/Images/Mac/Idf00152.jpg;Mac;Phoma;Champignon;Leptospheria maculans;1;vault;2022:11:25;15:52:11;nan;33;Leptospheria maculans
Idf00153;../data/VAULT/Bousset_data/Images/Mac/Idf00153.jpg;Mac;Phoma;Champignon;Leptospheria maculans;1;vault;2022:11:25;15:52:44;nan;33;Leptospheria maculans
Idf00154;../data/VAULT/Bousset_data/Images/Mac/Idf00154.jpg;Mac;Phoma;Champignon;Leptospheria maculans;1;vault;2022:11:25;15:52:47;nan;33;Leptospheria maculans
Idf00155;../data/VAULT/Bousset_data/Images/Mac/Idf00155.jpg;Mac;Phoma;Champignon;Leptospheria maculans;1;vault;2022:11:25;15:52:55;nan;33;Leptospheria maculans
Idf00156;../data/VAULT/Bousset_data/Images/Mac/Idf00156.jpg;Mac;Phoma;Champignon;Leptospheria maculans;1;vault;2022:11:25;15:53:31;nan;33;Leptospheria maculans
Idf00157;../data/VAULT/Bousset_data/Images/Mac/Idf00157.jpg;Mac;Phoma;Champignon;Leptospheria maculans;1;vault;2022:11:25;15:53:35;nan;33;Leptospheria maculans
Idf00158;../data/VAULT/Bousset_data/Images/Mac/Idf00158.jpg;Mac;Phoma;Champignon;Leptospheria maculans;1;vault;2022:11:25;15:53:42;nan;33;Leptospheria maculans
Idf00159;../data/VAULT/Bousset_data/Images/Mac/Idf00159.jpg;Mac;Phoma;Champignon;Leptospheria maculans;1;vault;2022:11:25;15:53:52;nan;33;Leptospheria maculans
Idf00160;../data/VAULT/Bousset_data/Images/Mac/Idf00160.jpg;Mac;Phoma;Champignon;Leptospheria maculans;1;vault;2022:11:25;15:53:58;nan;33;Leptospheria maculans
Idf00161;../data/VAULT/Bousset_data/Images/Mac/Idf00161.jpg;Mac;Phoma;Champignon;Leptospheria maculans;1;vault;2022:11:25;15:54:29;nan;33;Leptospheria maculans
Idf00616;../data/Bousset_data/Images/Mac/Idf00616.jpg;Mac;Phoma;Champignon;Leptospheria maculans;1;train;2022:12:22;11:56:45;nan;33;Leptospheria maculans
Idf00823;../data/Bousset_data/Images/Mac/Idf00823.jpg;Mac;Phoma;Champignon;Leptospheria maculans;1;train;2023:01:09;15:59:38;nan;33;Leptospheria maculans
Idf00825;../data/Bousset_data/Images/Mac/Idf00825.jpg;Mac;Phoma;Champignon;Leptospheria maculans;1;train;2023:01:09;15:59:47;nan;33;Leptospheria maculans
Idf00826;../data/Bousset_data/Images/Mac/Idf00826.jpg;Mac;Phoma;Champignon;Leptospheria maculans;1;train;2023:01:09;15:59:55;nan;33;Leptospheria maculans
Idf00827;../data/Bousset_data/Images/Mac/Idf00827.jpg;Mac;Phoma;Champignon;Leptospheria maculans;1;train;2023:01:09;15:59:58;nan;33;Leptospheria maculans
Idf00828;../data/Bousset_data/Images/Mac/Idf00828.jpg;Mac;Phoma;Champignon;Leptospheria maculans;1;train;2023:01:09;16:00:08;nan;33;Leptospheria maculans
Idf00830;../data/Bousset_data/Images/Mac/Idf00830.jpg;Mac;Phoma;Champignon;Leptospheria maculans;1;train;2023:01:09;16:00:29;nan;33;Leptospheria maculans
Idf01520;../data/Bousset_data/Images/Mac/Idf01520.jpg;Mac;Phoma;Champignon;Leptospheria maculans;1;train;2023:02:06;11:43:01;nan;33;Leptospheria maculans
Idf01562;../data/Bousset_data/Images/Mac/Idf01562.jpg;Mac;Phoma;Champignon;Leptospheria maculans;1;train;2023:02:06;12:06:36;nan;33;Leptospheria maculans
Idf01618;../data/Bousset_data/Images/Mac/Idf01618.jpg;Mac;Phoma;Champignon;Leptospheria maculans;1;train;2023:02:06;12:30:35;nan;33;Leptospheria maculans
Idf01619;../data/Bousset_data/Images/Mac/Idf01619.jpg;Mac;Phoma;Champignon;Leptospheria maculans;1;train;2023:02:06;12:30:50;nan;33;Leptospheria maculans
Idf01620;../data/Bousset_data/Images/Mac/Idf01620.jpg;Mac;Phoma;Champignon;Leptospheria maculans;1;train;2023:02:06;12:31:06;nan;33;Leptospheria maculans
Idf01624;../data/Bousset_data/Images/Mac/Idf01624.jpg;Mac;Phoma;Champignon;Leptospheria maculans;1;train;2023:02:06;12:31:40;nan;33;Leptospheria maculans
Idf01627;../data/Bousset_data/Images/Mac/Idf01627.jpg;Mac;Phoma;Champignon;Leptospheria maculans;1;train;2023:02:06;12:32:50;nan;33;Leptospheria maculans
Idf01629;../data/Bousset_data/Images/Mac/Idf01629.jpg;Mac;Phoma;Champignon;Leptospheria maculans;1;train;2023:02:06;12:33:48;nan;33;Leptospheria maculans
Idf01644;../data/Bousset_data/Images/Mac/Idf01644.jpg;Mac;Phoma;Champignon;Leptospheria maculans;1;train;2023:02:06;12:44:00;nan;33;Leptospheria maculans
Idf01768;../data/Bousset_data/Images/Mac/Idf01768.jpg;Mac;Phoma;Champignon;Leptospheria maculans;1;train;2023:02:06;15:49:42;nan;33;Leptospheria maculans
Idf02019;../data/Bousset_data/Images/Mac/Idf02019.jpg;Mac;Phoma;Champignon;Leptospheria maculans;1;train;2023:02:24;10:52:58;nan;33;Leptospheria maculans
Idf02613;../data/Bousset_data/Images/Mac/Idf02613.jpg;Mac;Phoma;Champignon;Leptospheria maculans;1;train;2023:03:20;14:52:22;nan;33;Leptospheria maculans
Idf02846;../data/Bousset_data/Images/Mac/Idf02846.jpg;Mac;Phoma;Champignon;Leptospheria maculans;1;train;2023:03:21;10:13:10;nan;33;Leptospheria maculans
Idf04264;../data/Bousset_data/Images/Mac/Idf04264.jpg;Mac;Phoma;Champignon;Leptospheria maculans;1;train;2023:04:06;15:52:43;nan;33;Leptospheria maculans
Idf04329;../data/Bousset_data/Images/Mac/Idf04329.jpg;Mac;Phoma;Champignon;Leptospheria maculans;1;train;2023:04:11;12:20:14;nan;33;Leptospheria maculans
Idf07928;../data/Bousset_data/Images/Mac/Idf07928.jpg;Mac;Phoma;Champignon;Leptospheria maculans;1;train;2023:09:29;15:12:09;nan;33;Leptospheria maculans
Idf07941;../data/Bousset_data/Images/Mac/Idf07941.jpg;Mac;Phoma;Champignon;Leptospheria maculans;1;train;2023:09:29;15:14:53;nan;33;Leptospheria maculans
Idf08051;../data/Bousset_data/Images/Mac/Idf08051.jpg;Mac;Phoma;Champignon;Leptospheria maculans;1;train;2023:09:29;16:27:07;nan;33;Leptospheria maculans
Idf08054;../data/Bousset_data/Images/Mac/Idf08054.jpg;Mac;Phoma;Champignon;Leptospheria maculans;1;train;2023:09:29;16:27:45;nan;33;Leptospheria maculans
Idf08064;../data/Bousset_data/Images/Mac/Idf08064.jpg;Mac;Phoma;Champignon;Leptospheria maculans;1;train;2023:09:29;16:29:37;nan;33;Leptospheria maculans
Idf08071;../data/Bousset_data/Images/Mac/Idf08071.jpg;Mac;Phoma;Champignon;Leptospheria maculans;1;train;2023:09:29;16:30:51;nan;33;Leptospheria maculans
Idf08116;../data/Bousset_data/Images/Mac/Idf08116.jpg;Mac;Phoma;Champignon;Leptospheria maculans;1;train;2023:09:29;16:45:27;nan;33;Leptospheria maculans
Idf08120;../data/Bousset_data/Images/Mac/Idf08120.jpg;Mac;Phoma;Champignon;Leptospheria maculans;1;train;2023:09:29;16:55:01;nan;33;Leptospheria maculans
Idf08142;../data/Bousset_data/Images/Mac/Idf08142.jpg;Mac;Phoma;Champignon;Leptospheria maculans;1;train;2023:10:06;14:27:41;nan;33;Leptospheria maculans
Idf08150;../data/Bousset_data/Images/Mac/Idf08150.jpg;Mac;Phoma;Champignon;Leptospheria maculans;1;train;2023:10:06;14:29:48;nan;33;Leptospheria maculans
Idf08160;../data/Bousset_data/Images/Mac/Idf08160.jpg;Mac;Phoma;Champignon;Leptospheria maculans;1;train;2023:10:06;14:36:02;nan;33;Leptospheria maculans
Idf08163;../data/Bousset_data/Images/Mac/Idf08163.jpg;Mac;Phoma;Champignon;Leptospheria maculans;1;train;2023:10:06;14:37:40;nan;33;Leptospheria maculans
Idf08170;../data/Bousset_data/Images/Mac/Idf08170.jpg;Mac;Phoma;Champignon;Leptospheria maculans;1;train;2023:10:06;15:07:11;nan;33;Leptospheria maculans
Idf08172;../data/Bousset_data/Images/Mac/Idf08172.jpg;Mac;Phoma;Champignon;Leptospheria maculans;1;train;2023:10:06;15:07:21;nan;33;Leptospheria maculans
Idf08177;../data/Bousset_data/Images/Mac/Idf08177.jpg;Mac;Phoma;Champignon;Leptospheria maculans;1;train;2023:10:06;15:07:49;nan;33;Leptospheria maculans
Idf08178;../data/Bousset_data/Images/Mac/Idf08178.jpg;Mac;Phoma;Champignon;Leptospheria maculans;1;train;2023:10:06;15:08:05;nan;33;Leptospheria maculans
Idf08183;../data/Bousset_data/Images/Mac/Idf08183.jpg;Mac;Phoma;Champignon;Leptospheria maculans;1;train;2023:10:06;15:10:14;nan;33;Leptospheria maculans
Idf08185;../data/Bousset_data/Images/Mac/Idf08185.jpg;Mac;Phoma;Champignon;Leptospheria maculans;1;train;2023:10:06;15:10:41;nan;33;Leptospheria maculans
Idf08204;../data/Bousset_data/Images/Mac/Idf08204.jpg;Mac;Phoma;Champignon;Leptospheria maculans;1;train;2023:10:06;15:17:29;nan;33;Leptospheria maculans
Idf08206;../data/Bousset_data/Images/Mac/Idf08206.jpg;Mac;Phoma;Champignon;Leptospheria maculans;1;train;2023:10:06;15:18:02;nan;33;Leptospheria maculans
Idf08207;../data/Bousset_data/Images/Mac/Idf08207.jpg;Mac;Phoma;Champignon;Leptospheria maculans;1;train;2023:10:06;15:18:08;nan;33;Leptospheria maculans
Idf08208;../data/Bousset_data/Images/Mac/Idf08208.jpg;Mac;Phoma;Champignon;Leptospheria maculans;1;train;2023:10:06;15:18:15;nan;33;Leptospheria maculans
Idf08216;../data/Bousset_data/Images/Mac/Idf08216.jpg;Mac;Phoma;Champignon;Leptospheria maculans;1;train;2023:10:06;16:49:21;nan;33;Leptospheria maculans
Idf08217;../data/Bousset_data/Images/Mac/Idf08217.jpg;Mac;Phoma;Champignon;Leptospheria maculans;1;train;2023:10:06;16:49:34;nan;33;Leptospheria maculans
Idf08239;../data/Bousset_data/Images/Mac/Idf08239.jpg;Mac;Phoma;Champignon;Leptospheria maculans;1;train;2023:10:06;16:56:05;nan;33;Leptospheria maculans
Idf08244;../data/Bousset_data/Images/Mac/Idf08244.jpg;Mac;Phoma;Champignon;Leptospheria maculans;1;train;2023:10:06;16:57:14;nan;33;Leptospheria maculans
Idf08245;../data/Bousset_data/Images/Mac/Idf08245.jpg;Mac;Phoma;Champignon;Leptospheria maculans;1;train;2023:10:06;16:57:36;nan;33;Leptospheria maculans
Idf08283;../data/Bousset_data/Images/Mac/Idf08283.jpg;Mac;Phoma;Champignon;Leptospheria maculans;1;train;2023:10:06;17:07:33;nan;33;Leptospheria maculans
Idf08290;../data/Bousset_data/Images/Mac/Idf08290.jpg;Mac;Phoma;Champignon;Leptospheria maculans;1;train;2023:10:06;17:09:09;nan;33;Leptospheria maculans
Idf08301;../data/Bousset_data/Images/Mac/Idf08301.jpg;Mac;Phoma;Champignon;Leptospheria maculans;1;train;2023:10:06;17:11:23;nan;33;Leptospheria maculans
Idf08307;../data/Bousset_data/Images/Mac/Idf08307.jpg;Mac;Phoma;Champignon;Leptospheria maculans;1;train;2023:10:06;17:13:05;nan;33;Leptospheria maculans
Idf08309;../data/Bousset_data/Images/Mac/Idf08309.jpg;Mac;Phoma;Champignon;Leptospheria maculans;1;train;2023:10:06;17:13:26;nan;33;Leptospheria maculans
Idf08311;../data/Bousset_data/Images/Mac/Idf08311.jpg;Mac;Phoma;Champignon;Leptospheria maculans;1;train;2023:10:06;17:13:41;nan;33;Leptospheria maculans
Idf08323;../data/Bousset_data/Images/Mac/Idf08323.jpg;Mac;Phoma;Champignon;Leptospheria maculans;1;train;2023:10:11;14:42:56;nan;33;Leptospheria maculans
Idf08324;../data/Bousset_data/Images/Mac/Idf08324.jpg;Mac;Phoma;Champignon;Leptospheria maculans;1;train;2023:10:11;14:43:25;nan;33;Leptospheria maculans
Idf08328;../data/Bousset_data/Images/Mac/Idf08328.jpg;Mac;Phoma;Champignon;Leptospheria maculans;1;train;2023:10:11;14:44:20;nan;33;Leptospheria maculans
Idf08330;../data/Bousset_data/Images/Mac/Idf08330.jpg;Mac;Phoma;Champignon;Leptospheria maculans;1;train;2023:10:11;14:44:40;nan;33;Leptospheria maculans
Idf08331;../data/Bousset_data/Images/Mac/Idf08331.jpg;Mac;Phoma;Champignon;Leptospheria maculans;1;train;2023:10:11;14:45:21;nan;33;Leptospheria maculans
Idf08357;../data/Bousset_data/Images/Mac/Idf08357.jpg;Mac;Phoma;Champignon;Leptospheria maculans;1;train;2023:10:11;14:55:13;nan;33;Leptospheria maculans
Idf08359;../data/Bousset_data/Images/Mac/Idf08359.jpg;Mac;Phoma;Champignon;Leptospheria maculans;1;train;2023:10:11;14:55:25;nan;33;Leptospheria maculans
Idf08362;../data/Bousset_data/Images/Mac/Idf08362.jpg;Mac;Phoma;Champignon;Leptospheria maculans;1;train;2023:10:11;14:55:47;nan;33;Leptospheria maculans
Idf08380;../data/Bousset_data/Images/Mac/Idf08380.jpg;Mac;Phoma;Champignon;Leptospheria maculans;1;train;2023:10:11;14:58:21;nan;33;Leptospheria maculans
Idf08420;../data/Bousset_data/Images/Mac/Idf08420.jpg;Mac;Phoma;Champignon;Leptospheria maculans;1;train;2023:10:11;15:10:27;nan;33;Leptospheria maculans
Idf08499;../data/Bousset_data/Images/Mac/Idf08499.jpg;Mac;Phoma;Champignon;Leptospheria maculans;1;train;2023:10:11;15:34:01;nan;33;Leptospheria maculans
Idf08505;../data/Bousset_data/Images/Mac/Idf08505.jpg;Mac;Phoma;Champignon;Leptospheria maculans;1;train;2023:10:12;10:14:52;nan;33;Leptospheria maculans
Idf08547;../data/Bousset_data/Images/Mac/Idf08547.jpg;Mac;Phoma;Champignon;Leptospheria maculans;1;train;2023:10:12;10:28:26;nan;33;Leptospheria maculans
Idf08548;../data/Bousset_data/Images/Mac/Idf08548.jpg;Mac;Phoma;Champignon;Leptospheria maculans;1;train;2023:10:12;10:28:29;nan;33;Leptospheria maculans
Idf08555;../data/Bousset_data/Images/Mac/Idf08555.jpg;Mac;Phoma;Champignon;Leptospheria maculans;1;train;2023:10:12;10:30:20;nan;33;Leptospheria maculans
Idf08556;../data/Bousset_data/Images/Mac/Idf08556.jpg;Mac;Phoma;Champignon;Leptospheria maculans;1;train;2023:10:12;10:31:30;nan;33;Leptospheria maculans
Idf08560;../data/Bousset_data/Images/Mac/Idf08560.jpg;Mac;Phoma;Champignon;Leptospheria maculans;1;train;2023:10:12;10:32:19;nan;33;Leptospheria maculans
Idf08568;../data/Bousset_data/Images/Mac/Idf08568.jpg;Mac;Phoma;Champignon;Leptospheria maculans;1;train;2023:10:12;10:35:24;nan;33;Leptospheria maculans
Idf08570;../data/Bousset_data/Images/Mac/Idf08570.jpg;Mac;Phoma;Champignon;Leptospheria maculans;1;train;2023:10:12;10:35:38;nan;33;Leptospheria maculans
Idf08585;../data/Bousset_data/Images/Mac/Idf08585.jpg;Mac;Phoma;Champignon;Leptospheria maculans;1;train;2023:10:12;10:40:51;nan;33;Leptospheria maculans
Idf08586;../data/Bousset_data/Images/Mac/Idf08586.jpg;Mac;Phoma;Champignon;Leptospheria maculans;1;train;2023:10:12;10:41:09;nan;33;Leptospheria maculans
Idf08587;../data/Bousset_data/Images/Mac/Idf08587.jpg;Mac;Phoma;Champignon;Leptospheria maculans;1;train;2023:10:12;10:41:21;nan;33;Leptospheria maculans
Idf08588;../data/Bousset_data/Images/Mac/Idf08588.jpg;Mac;Phoma;Champignon;Leptospheria maculans;1;train;2023:10:12;10:41:32;nan;33;Leptospheria maculans
Idf08591;../data/Bousset_data/Images/Mac/Idf08591.jpg;Mac;Phoma;Champignon;Leptospheria maculans;1;train;2023:10:12;10:43:27;nan;33;Leptospheria maculans
Idf08594;../data/Bousset_data/Images/Mac/Idf08594.jpg;Mac;Phoma;Champignon;Leptospheria maculans;1;train;2023:10:12;10:44:35;nan;33;Leptospheria maculans
Idf08600;../data/Bousset_data/Images/Mac/Idf08600.jpg;Mac;Phoma;Champignon;Leptospheria maculans;1;train;2023:10:12;10:46:15;nan;33;Leptospheria maculans
Idf08602;../data/Bousset_data/Images/Mac/Idf08602.jpg;Mac;Phoma;Champignon;Leptospheria maculans;1;train;2023:10:12;10:46:54;nan;33;Leptospheria maculans
Idf08603;../data/Bousset_data/Images/Mac/Idf08603.jpg;Mac;Phoma;Champignon;Leptospheria maculans;1;train;2023:10:12;10:47:14;nan;33;Leptospheria maculans
Idf08604;../data/Bousset_data/Images/Mac/Idf08604.jpg;Mac;Phoma;Champignon;Leptospheria maculans;1;train;2023:10:12;10:47:17;nan;33;Leptospheria maculans
Idf08605;../data/Bousset_data/Images/Mac/Idf08605.jpg;Mac;Phoma;Champignon;Leptospheria maculans;1;train;2023:10:12;10:47:43;nan;33;Leptospheria maculans
Idf08615;../data/Bousset_data/Images/Mac/Idf08615.jpg;Mac;Phoma;Champignon;Leptospheria maculans;1;train;2023:10:12;10:50:58;nan;33;Leptospheria maculans
Idf08624;../data/Bousset_data/Images/Mac/Idf08624.jpg;Mac;Phoma;Champignon;Leptospheria maculans;1;train;2023:10:12;10:54:02;nan;33;Leptospheria maculans
Idf08743;../data/Bousset_data/Images/Mac/Idf08743.jpg;Mac;Phoma;Champignon;Leptospheria maculans;1;train;2023:10:16;15:42:23;nan;33;Leptospheria maculans
Idf08754;../data/Bousset_data/Images/Mac/Idf08754.jpg;Mac;Phoma;Champignon;Leptospheria maculans;1;train;2023:10:16;15:43:55;nan;33;Leptospheria maculans
Idf08757;../data/Bousset_data/Images/Mac/Idf08757.jpg;Mac;Phoma;Champignon;Leptospheria maculans;1;train;2023:10:16;15:45:14;nan;33;Leptospheria maculans
Idf08845;../data/Bousset_data/Images/Mac/Idf08845.jpg;Mac;Phoma;Champignon;Leptospheria maculans;1;train;2023:11:07;12:11:44;nan;33;Leptospheria maculans
Idf08910;../data/Bousset_data/Images/Mac/Idf08910.jpg;Mac;Phoma;Champignon;Leptospheria maculans;1;train;2023:11:07;11:52:57;nan;33;Leptospheria maculans
Idf08926;../data/Bousset_data/Images/Mac/Idf08926.jpg;Mac;Phoma;Champignon;Leptospheria maculans;1;train;2023:11:07;12:00:44;nan;33;Leptospheria maculans
Idf08927;../data/Bousset_data/Images/Mac/Idf08927.jpg;Mac;Phoma;Champignon;Leptospheria maculans;1;train;2023:11:07;12:00:48;nan;33;Leptospheria maculans
Idf08928;../data/Bousset_data/Images/Mac/Idf08928.jpg;Mac;Phoma;Champignon;Leptospheria maculans;1;train;2023:11:07;12:00:52;nan;33;Leptospheria maculans
Idf08929;../data/Bousset_data/Images/Mac/Idf08929.jpg;Mac;Phoma;Champignon;Leptospheria maculans;1;train;2023:11:07;12:01:03;nan;33;Leptospheria maculans
Idf08933;../data/Bousset_data/Images/Mac/Idf08933.jpg;Mac;Phoma;Champignon;Leptospheria maculans;1;train;2023:11:07;12:01:41;nan;33;Leptospheria maculans
Idf08934;../data/Bousset_data/Images/Mac/Idf08934.jpg;Mac;Phoma;Champignon;Leptospheria maculans;1;train;2023:11:07;12:01:44;nan;33;Leptospheria maculans
Idf08935;../data/Bousset_data/Images/Mac/Idf08935.jpg;Mac;Phoma;Champignon;Leptospheria maculans;1;train;2023:11:07;12:02:14;nan;33;Leptospheria maculans
Idf08948;../data/Bousset_data/Images/Mac/Idf08948.jpg;Mac;Phoma;Champignon;Leptospheria maculans;1;train;2023:11:07;12:05:38;nan;33;Leptospheria maculans
Idf08952;../data/Bousset_data/Images/Mac/Idf08952.jpg;Mac;Phoma;Champignon;Leptospheria maculans;1;train;2023:11:07;12:06:26;nan;33;Leptospheria maculans
Idf08955;../data/Bousset_data/Images/Mac/Idf08955.jpg;Mac;Phoma;Champignon;Leptospheria maculans;1;train;2023:11:07;12:07:00;nan;33;Leptospheria maculans
Idf08957;../data/Bousset_data/Images/Mac/Idf08957.jpg;Mac;Phoma;Champignon;Leptospheria maculans;1;train;2023:11:07;12:07:13;nan;33;Leptospheria maculans
Idf08970;../data/Bousset_data/Images/Mac/Idf08970.jpg;Mac;Phoma;Champignon;Leptospheria maculans;1;train;2023:11:14;15:28:34;nan;33;Leptospheria maculans
Idf08977;../data/Bousset_data/Images/Mac/Idf08977.jpg;Mac;Phoma;Champignon;Leptospheria maculans;1;train;2023:11:14;15:30:40;nan;33;Leptospheria maculans
Idf08978;../data/Bousset_data/Images/Mac/Idf08978.jpg;Mac;Phoma;Champignon;Leptospheria maculans;1;train;2023:11:14;15:30:42;nan;33;Leptospheria maculans
Idf08983;../data/Bousset_data/Images/Mac/Idf08983.jpg;Mac;Phoma;Champignon;Leptospheria maculans;1;train;2023:11:14;15:31:54;nan;33;Leptospheria maculans
Idf08984;../data/Bousset_data/Images/Mac/Idf08984.jpg;Mac;Phoma;Champignon;Leptospheria maculans;1;train;2023:11:14;15:31:56;nan;33;Leptospheria maculans
Idf08985;../data/Bousset_data/Images/Mac/Idf08985.jpg;Mac;Phoma;Champignon;Leptospheria maculans;1;train;2023:11:14;15:31:58;nan;33;Leptospheria maculans
Idf08989;../data/Bousset_data/Images/Mac/Idf08989.jpg;Mac;Phoma;Champignon;Leptospheria maculans;1;train;2023:11:14;15:33:16;nan;33;Leptospheria maculans
Idf08991;../data/Bousset_data/Images/Mac/Idf08991.jpg;Mac;Phoma;Champignon;Leptospheria maculans;1;train;2023:11:14;15:33:27;nan;33;Leptospheria maculans
Idf08993;../data/Bousset_data/Images/Mac/Idf08993.jpg;Mac;Phoma;Champignon;Leptospheria maculans;1;train;2023:11:14;15:33:45;nan;33;Leptospheria maculans
Idf08994;../data/Bousset_data/Images/Mac/Idf08994.jpg;Mac;Phoma;Champignon;Leptospheria maculans;1;train;2023:11:14;15:34:01;nan;33;Leptospheria maculans
Idf08997;../data/Bousset_data/Images/Mac/Idf08997.jpg;Mac;Phoma;Champignon;Leptospheria maculans;1;train;2023:11:14;15:34:52;nan;33;Leptospheria maculans
Idf08999;../data/Bousset_data/Images/Mac/Idf08999.jpg;Mac;Phoma;Champignon;Leptospheria maculans;1;train;2023:11:14;15:35:13;nan;33;Leptospheria maculans
Idf09004;../data/Bousset_data/Images/Mac/Idf09004.jpg;Mac;Phoma;Champignon;Leptospheria maculans;1;train;2023:11:14;15:36:16;nan;33;Leptospheria maculans
Idf09005;../data/Bousset_data/Images/Mac/Idf09005.jpg;Mac;Phoma;Champignon;Leptospheria maculans;1;train;2023:11:14;15:36:32;nan;33;Leptospheria maculans
Idf09006;../data/Bousset_data/Images/Mac/Idf09006.jpg;Mac;Phoma;Champignon;Leptospheria maculans;1;train;2023:11:14;15:36:37;nan;33;Leptospheria maculans
Idf09009;../data/Bousset_data/Images/Mac/Idf09009.jpg;Mac;Phoma;Champignon;Leptospheria maculans;1;train;2023:11:14;15:37:03;nan;33;Leptospheria maculans
Idf09011;../data/Bousset_data/Images/Mac/Idf09011.jpg;Mac;Phoma;Champignon;Leptospheria maculans;1;train;2023:11:14;15:37:25;nan;33;Leptospheria maculans
Idf09024;../data/Bousset_data/Images/Mac/Idf09024.jpg;Mac;Phoma;Champignon;Leptospheria maculans;1;train;2023:11:14;15:41:18;nan;33;Leptospheria maculans
Idf09025;../data/Bousset_data/Images/Mac/Idf09025.jpg;Mac;Phoma;Champignon;Leptospheria maculans;1;train;2023:11:14;15:41:21;nan;33;Leptospheria maculans
Idf09029;../data/Bousset_data/Images/Mac/Idf09029.jpg;Mac;Phoma;Champignon;Leptospheria maculans;1;train;2023:11:14;15:42:06;nan;33;Leptospheria maculans
Idf09037;../data/Bousset_data/Images/Mac/Idf09037.jpg;Mac;Phoma;Champignon;Leptospheria maculans;1;train;2023:11:14;15:43:30;nan;33;Leptospheria maculans
Idf09048;../data/Bousset_data/Images/Mac/Idf09048.jpg;Mac;Phoma;Champignon;Leptospheria maculans;1;train;2023:11:14;15:43:55;nan;33;Leptospheria maculans
Idf09059;../data/Bousset_data/Images/Mac/Idf09059.jpg;Mac;Phoma;Champignon;Leptospheria maculans;1;train;2023:11:14;15:45:31;nan;33;Leptospheria maculans
Idf09061;../data/Bousset_data/Images/Mac/Idf09061.jpg;Mac;Phoma;Champignon;Leptospheria maculans;1;train;2023:11:14;15:45:38;nan;33;Leptospheria maculans
Idf09062;../data/Bousset_data/Images/Mac/Idf09062.jpg;Mac;Phoma;Champignon;Leptospheria maculans;1;train;2023:11:14;15:45:43;nan;33;Leptospheria maculans
Idf09063;../data/Bousset_data/Images/Mac/Idf09063.jpg;Mac;Phoma;Champignon;Leptospheria maculans;1;train;2023:11:14;15:45:44;nan;33;Leptospheria maculans
Idf09083;../data/Bousset_data/Images/Mac/Idf09083.jpg;Mac;Phoma;Champignon;Leptospheria maculans;1;train;2023:11:14;15:48:12;nan;33;Leptospheria maculans
Idf09092;../data/Bousset_data/Images/Mac/Idf09092.jpg;Mac;Phoma;Champignon;Leptospheria maculans;1;train;2023:11:14;15:50:39;nan;33;Leptospheria maculans
Idf09093;../data/Bousset_data/Images/Mac/Idf09093.jpg;Mac;Phoma;Champignon;Leptospheria maculans;1;train;2023:11:14;15:51:40;nan;33;Leptospheria maculans
Idf09094;../data/Bousset_data/Images/Mac/Idf09094.jpg;Mac;Phoma;Champignon;Leptospheria maculans;1;train;2023:11:14;15:51:41;nan;33;Leptospheria maculans
Idf09100;../data/Bousset_data/Images/Mac/Idf09100.jpg;Mac;Phoma;Champignon;Leptospheria maculans;1;train;2023:11:14;15:52:31;nan;33;Leptospheria maculans
Idf09103;../data/Bousset_data/Images/Mac/Idf09103.jpg;Mac;Phoma;Champignon;Leptospheria maculans;1;train;2023:11:14;15:52:39;nan;33;Leptospheria maculans
Idf09104;../data/Bousset_data/Images/Mac/Idf09104.jpg;Mac;Phoma;Champignon;Leptospheria maculans;1;train;2023:11:14;15:52:42;nan;33;Leptospheria maculans
Idf09108;../data/Bousset_data/Images/Mac/Idf09108.jpg;Mac;Phoma;Champignon;Leptospheria maculans;1;train;2023:11:14;15:53:27;nan;33;Leptospheria maculans
Idf09109;../data/Bousset_data/Images/Mac/Idf09109.jpg;Mac;Phoma;Champignon;Leptospheria maculans;1;train;2023:11:14;15:53:31;nan;33;Leptospheria maculans
Idf09110;../data/Bousset_data/Images/Mac/Idf09110.jpg;Mac;Phoma;Champignon;Leptospheria maculans;1;train;2023:11:14;15:53:36;nan;33;Leptospheria maculans
Idf09111;../data/Bousset_data/Images/Mac/Idf09111.jpg;Mac;Phoma;Champignon;Leptospheria maculans;1;train;2023:11:14;15:53:39;nan;33;Leptospheria maculans
Idf09112;../data/Bousset_data/Images/Mac/Idf09112.jpg;Mac;Phoma;Champignon;Leptospheria maculans;1;train;2023:11:14;15:53:41;nan;33;Leptospheria maculans
Idf09113;../data/Bousset_data/Images/Mac/Idf09113.jpg;Mac;Phoma;Champignon;Leptospheria maculans;1;train;2023:11:14;15:53:43;nan;33;Leptospheria maculans
Idf09115;../data/Bousset_data/Images/Mac/Idf09115.jpg;Mac;Phoma;Champignon;Leptospheria maculans;1;train;2023:11:14;15:53:48;nan;33;Leptospheria maculans
Idf09116;../data/Bousset_data/Images/Mac/Idf09116.jpg;Mac;Phoma;Champignon;Leptospheria maculans;1;train;2023:11:14;15:53:52;nan;33;Leptospheria maculans
Idf09117;../data/Bousset_data/Images/Mac/Idf09117.jpg;Mac;Phoma;Champignon;Leptospheria maculans;1;train;2023:11:14;15:53:54;nan;33;Leptospheria maculans
Idf09118;../data/Bousset_data/Images/Mac/Idf09118.jpg;Mac;Phoma;Champignon;Leptospheria maculans;1;train;2023:11:14;15:53:59;nan;33;Leptospheria maculans
Idf09119;../data/Bousset_data/Images/Mac/Idf09119.jpg;Mac;Phoma;Champignon;Leptospheria maculans;1;train;2023:11:14;15:54:03;nan;33;Leptospheria maculans
Idf09120;../data/Bousset_data/Images/Mac/Idf09120.jpg;Mac;Phoma;Champignon;Leptospheria maculans;1;train;2023:11:14;15:54:04;nan;33;Leptospheria maculans
Idf09121;../data/Bousset_data/Images/Mac/Idf09121.jpg;Mac;Phoma;Champignon;Leptospheria maculans;1;train;2023:11:14;15:54:06;nan;33;Leptospheria maculans
Idf09122;../data/Bousset_data/Images/Mac/Idf09122.jpg;Mac;Phoma;Champignon;Leptospheria maculans;1;train;2023:11:14;15:54:09;nan;33;Leptospheria maculans
Idf09123;../data/Bousset_data/Images/Mac/Idf09123.jpg;Mac;Phoma;Champignon;Leptospheria maculans;1;train;2023:11:14;15:54:11;nan;33;Leptospheria maculans
Idf09124;../data/Bousset_data/Images/Mac/Idf09124.jpg;Mac;Phoma;Champignon;Leptospheria maculans;1;train;2023:11:14;15:54:14;nan;33;Leptospheria maculans
Idf09126;../data/Bousset_data/Images/Mac/Idf09126.jpg;Mac;Phoma;Champignon;Leptospheria maculans;1;train;2023:11:14;15:54:45;nan;33;Leptospheria maculans
Idf09127;../data/Bousset_data/Images/Mac/Idf09127.jpg;Mac;Phoma;Champignon;Leptospheria maculans;1;train;2023:11:14;15:54:56;nan;33;Leptospheria maculans
Idf09128;../data/Bousset_data/Images/Mac/Idf09128.jpg;Mac;Phoma;Champignon;Leptospheria maculans;1;train;2023:11:14;15:55:03;nan;33;Leptospheria maculans
Idf09133;../data/Bousset_data/Images/Mac/Idf09133.jpg;Mac;Phoma;Champignon;Leptospheria maculans;1;train;2023:11:14;15:58:15;nan;33;Leptospheria maculans
Idf09134;../data/Bousset_data/Images/Mac/Idf09134.jpg;Mac;Phoma;Champignon;Leptospheria maculans;1;train;2023:11:14;15:58:16;nan;33;Leptospheria maculans
Idf09135;../data/Bousset_data/Images/Mac/Idf09135.jpg;Mac;Phoma;Champignon;Leptospheria maculans;1;train;2023:11:14;15:58:18;nan;33;Leptospheria maculans
Idf09136;../data/Bousset_data/Images/Mac/Idf09136.jpg;Mac;Phoma;Champignon;Leptospheria maculans;1;train;2023:11:14;15:59:19;nan;33;Leptospheria maculans
Idf09137;../data/Bousset_data/Images/Mac/Idf09137.jpg;Mac;Phoma;Champignon;Leptospheria maculans;1;train;2023:11:14;15:59:21;nan;33;Leptospheria maculans
Idf09138;../data/Bousset_data/Images/Mac/Idf09138.jpg;Mac;Phoma;Champignon;Leptospheria maculans;1;train;2023:11:14;15:59:25;nan;33;Leptospheria maculans
Idf09145;../data/Bousset_data/Images/Mac/Idf09145.jpg;Mac;Phoma;Champignon;Leptospheria maculans;1;train;2023:11:14;16:00:20;nan;33;Leptospheria maculans
Idf09146;../data/Bousset_data/Images/Mac/Idf09146.jpg;Mac;Phoma;Champignon;Leptospheria maculans;1;train;2023:11:14;16:00:29;nan;33;Leptospheria maculans
Idf09147;../data/Bousset_data/Images/Mac/Idf09147.jpg;Mac;Phoma;Champignon;Leptospheria maculans;1;train;2023:11:14;16:00:51;nan;33;Leptospheria maculans
Idf09148;../data/Bousset_data/Images/Mac/Idf09148.jpg;Mac;Phoma;Champignon;Leptospheria maculans;1;train;2023:11:14;16:00:57;nan;33;Leptospheria maculans
Idf09149;../data/Bousset_data/Images/Mac/Idf09149.jpg;Mac;Phoma;Champignon;Leptospheria maculans;1;train;2023:11:14;16:01:06;nan;33;Leptospheria maculans
Idf09150;../data/Bousset_data/Images/Mac/Idf09150.jpg;Mac;Phoma;Champignon;Leptospheria maculans;1;train;2023:11:14;16:01:09;nan;33;Leptospheria maculans
Idf09151;../data/Bousset_data/Images/Mac/Idf09151.jpg;Mac;Phoma;Champignon;Leptospheria maculans;1;train;2023:11:14;16:01:11;nan;33;Leptospheria maculans
Idf09152;../data/Bousset_data/Images/Mac/Idf09152.jpg;Mac;Phoma;Champignon;Leptospheria maculans;1;train;2023:11:14;16:01:13;nan;33;Leptospheria maculans
Idf09153;../data/Bousset_data/Images/Mac/Idf09153.jpg;Mac;Phoma;Champignon;Leptospheria maculans;1;train;2023:11:14;16:01:15;nan;33;Leptospheria maculans
Idf09154;../data/Bousset_data/Images/Mac/Idf09154.jpg;Mac;Phoma;Champignon;Leptospheria maculans;1;train;2023:11:14;16:01:20;nan;33;Leptospheria maculans
Idf09161;../data/Bousset_data/Images/Mac/Idf09161.jpg;Mac;Phoma;Champignon;Leptospheria maculans;1;train;2023:11:15;15:05:43;nan;33;Leptospheria maculans
Idf09162;../data/Bousset_data/Images/Mac/Idf09162.jpg;Mac;Phoma;Champignon;Leptospheria maculans;1;train;2023:11:15;15:06:06;nan;33;Leptospheria maculans
Idf09169;../data/Bousset_data/Images/Mac/Idf09169.jpg;Mac;Phoma;Champignon;Leptospheria maculans;1;train;2023:11:15;15:07:12;nan;33;Leptospheria maculans
Idf09170;../data/Bousset_data/Images/Mac/Idf09170.jpg;Mac;Phoma;Champignon;Leptospheria maculans;1;train;2023:11:15;15:07:17;nan;33;Leptospheria maculans
Idf09172;../data/Bousset_data/Images/Mac/Idf09172.jpg;Mac;Phoma;Champignon;Leptospheria maculans;1;train;2023:11:15;15:07:25;nan;33;Leptospheria maculans
Idf09180;../data/Bousset_data/Images/Mac/Idf09180.jpg;Mac;Phoma;Champignon;Leptospheria maculans;1;train;2023:11:15;15:09:32;nan;33;Leptospheria maculans
Idf09188;../data/Bousset_data/Images/Mac/Idf09188.jpg;Mac;Phoma;Champignon;Leptospheria maculans;1;train;2023:11:15;15:10:56;nan;33;Leptospheria maculans
Idf09189;../data/Bousset_data/Images/Mac/Idf09189.jpg;Mac;Phoma;Champignon;Leptospheria maculans;1;train;2023:11:15;15:11:10;nan;33;Leptospheria maculans
Idf09190;../data/Bousset_data/Images/Mac/Idf09190.jpg;Mac;Phoma;Champignon;Leptospheria maculans;1;train;2023:11:15;15:11:16;nan;33;Leptospheria maculans
Idf09192;../data/Bousset_data/Images/Mac/Idf09192.jpg;Mac;Phoma;Champignon;Leptospheria maculans;1;train;2023:11:15;15:11:34;nan;33;Leptospheria maculans
Idf09193;../data/Bousset_data/Images/Mac/Idf09193.jpg;Mac;Phoma;Champignon;Leptospheria maculans;1;train;2023:11:15;15:11:44;nan;33;Leptospheria maculans
Idf09194;../data/Bousset_data/Images/Mac/Idf09194.jpg;Mac;Phoma;Champignon;Leptospheria maculans;1;train;2023:11:15;15:11:54;nan;33;Leptospheria maculans
Idf09195;../data/Bousset_data/Images/Mac/Idf09195.jpg;Mac;Phoma;Champignon;Leptospheria maculans;1;train;2023:11:15;15:11:56;nan;33;Leptospheria maculans
Idf09196;../data/Bousset_data/Images/Mac/Idf09196.jpg;Mac;Phoma;Champignon;Leptospheria maculans;1;train;2023:11:15;15:11:58;nan;33;Leptospheria maculans
Idf09197;../data/Bousset_data/Images/Mac/Idf09197.jpg;Mac;Phoma;Champignon;Leptospheria maculans;1;train;2023:11:15;15:12:00;nan;33;Leptospheria maculans
Idf09198;../data/Bousset_data/Images/Mac/Idf09198.jpg;Mac;Phoma;Champignon;Leptospheria maculans;1;train;2023:11:15;15:12:06;nan;33;Leptospheria maculans
Idf09199;../data/Bousset_data/Images/Mac/Idf09199.jpg;Mac;Phoma;Champignon;Leptospheria maculans;1;train;2023:11:15;15:12:08;nan;33;Leptospheria maculans
Idf09206;../data/Bousset_data/Images/Mac/Idf09206.jpg;Mac;Phoma;Champignon;Leptospheria maculans;1;train;2023:11:15;15:12:43;nan;33;Leptospheria maculans
Idf09208;../data/Bousset_data/Images/Mac/Idf09208.jpg;Mac;Phoma;Champignon;Leptospheria maculans;1;train;2023:11:15;15:12:55;nan;33;Leptospheria maculans
Idf09216;../data/Bousset_data/Images/Mac/Idf09216.jpg;Mac;Phoma;Champignon;Leptospheria maculans;1;train;2023:11:15;15:13:48;nan;33;Leptospheria maculans
Idf09217;../data/Bousset_data/Images/Mac/Idf09217.jpg;Mac;Phoma;Champignon;Leptospheria maculans;1;train;2023:11:20;11:52:01;nan;33;Leptospheria maculans
Idf09218;../data/Bousset_data/Images/Mac/Idf09218.jpg;Mac;Phoma;Champignon;Leptospheria maculans;1;train;2023:11:20;11:52:04;nan;33;Leptospheria maculans
Idf09256;../data/Bousset_data/Images/Mac/Idf09256.jpg;Mac;Phoma;Champignon;Leptospheria maculans;1;train;2023:11:20;12:00:20;nan;33;Leptospheria maculans
Idf09271;../data/Bousset_data/Images/Mac/Idf09271.jpg;Mac;Phoma;Champignon;Leptospheria maculans;1;train;2023:11:20;12:05:24;nan;33;Leptospheria maculans
Idf09274;../data/Bousset_data/Images/Mac/Idf09274.jpg;Mac;Phoma;Champignon;Leptospheria maculans;1;train;2023:11:20;12:05:41;nan;33;Leptospheria maculans
Idf09280;../data/Bousset_data/Images/Mac/Idf09280.jpg;Mac;Phoma;Champignon;Leptospheria maculans;1;train;2023:11:20;12:10:00;nan;33;Leptospheria maculans
Idf09285;../data/Bousset_data/Images/Mac/Idf09285.jpg;Mac;Phoma;Champignon;Leptospheria maculans;1;train;2023:11:20;12:10:59;nan;33;Leptospheria maculans
Idf09288;../data/Bousset_data/Images/Mac/Idf09288.jpg;Mac;Phoma;Champignon;Leptospheria maculans;1;train;2023:11:20;12:11:41;nan;33;Leptospheria maculans
Idf09291;../data/Bousset_data/Images/Mac/Idf09291.jpg;Mac;Phoma;Champignon;Leptospheria maculans;1;train;2023:11:20;12:11:54;nan;33;Leptospheria maculans
Idf09305;../data/Bousset_data/Images/Mac/Idf09305.jpg;Mac;Phoma;Champignon;Leptospheria maculans;1;train;2023:11:20;12:12:57;nan;33;Leptospheria maculans
Idf09312;../data/Bousset_data/Images/Mac/Idf09312.jpg;Mac;Phoma;Champignon;Leptospheria maculans;1;train;2023:11:20;12:59:32;nan;33;Leptospheria maculans
Idf09317;../data/Bousset_data/Images/Mac/Idf09317.jpg;Mac;Phoma;Champignon;Leptospheria maculans;1;train;2023:11:20;13:00:05;nan;33;Leptospheria maculans
Idf09328;../data/Bousset_data/Images/Mac/Idf09328.jpg;Mac;Phoma;Champignon;Leptospheria maculans;1;train;2023:11:20;13:01:18;nan;33;Leptospheria maculans
Idf09344;../data/Bousset_data/Images/Mac/Idf09344.jpg;Mac;Phoma;Champignon;Leptospheria maculans;1;train;2023:11:20;13:22:14;nan;33;Leptospheria maculans
Idf09348;../data/Bousset_data/Images/Mac/Idf09348.jpg;Mac;Phoma;Champignon;Leptospheria maculans;1;train;2023:11:20;13:22:35;nan;33;Leptospheria maculans
Idf09349;../data/Bousset_data/Images/Mac/Idf09349.jpg;Mac;Phoma;Champignon;Leptospheria maculans;1;train;2023:11:20;13:22:45;nan;33;Leptospheria maculans
Idf09350;../data/Bousset_data/Images/Mac/Idf09350.jpg;Mac;Phoma;Champignon;Leptospheria maculans;1;train;2023:11:20;13:22:47;nan;33;Leptospheria maculans
Idf09351;../data/Bousset_data/Images/Mac/Idf09351.jpg;Mac;Phoma;Champignon;Leptospheria maculans;1;train;2023:11:20;13:22:58;nan;33;Leptospheria maculans
Idf09355;../data/Bousset_data/Images/Mac/Idf09355.jpg;Mac;Phoma;Champignon;Leptospheria maculans;1;train;2023:11:20;13:23:17;nan;33;Leptospheria maculans
Idf09359;../data/Bousset_data/Images/Mac/Idf09359.jpg;Mac;Phoma;Champignon;Leptospheria maculans;1;train;2023:11:20;13:23:46;nan;33;Leptospheria maculans
Idf09360;../data/Bousset_data/Images/Mac/Idf09360.jpg;Mac;Phoma;Champignon;Leptospheria maculans;1;train;2023:11:20;13:23:48;nan;33;Leptospheria maculans
Idf09379;../data/Bousset_data/Images/Mac/Idf09379.jpg;Mac;Phoma;Champignon;Leptospheria maculans;1;train;2023:11:20;13:24:58;nan;33;Leptospheria maculans
Idf09382;../data/Bousset_data/Images/Mac/Idf09382.jpg;Mac;Phoma;Champignon;Leptospheria maculans;1;train;2023:11:20;13:25:16;nan;33;Leptospheria maculans
Idf09384;../data/Bousset_data/Images/Mac/Idf09384.jpg;Mac;Phoma;Champignon;Leptospheria maculans;1;train;2023:11:20;13:25:28;nan;33;Leptospheria maculans
Idf09385;../data/Bousset_data/Images/Mac/Idf09385.jpg;Mac;Phoma;Champignon;Leptospheria maculans;1;train;2023:11:20;13:25:35;nan;33;Leptospheria maculans
Idf09389;../data/Bousset_data/Images/Mac/Idf09389.jpg;Mac;Phoma;Champignon;Leptospheria maculans;1;train;2023:11:20;13:25:53;nan;33;Leptospheria maculans
Idf09390;../data/Bousset_data/Images/Mac/Idf09390.jpg;Mac;Phoma;Champignon;Leptospheria maculans;1;train;2023:11:20;13:26:01;nan;33;Leptospheria maculans
Idf09392;../data/Bousset_data/Images/Mac/Idf09392.jpg;Mac;Phoma;Champignon;Leptospheria maculans;1;train;2023:11:20;13:26:11;nan;33;Leptospheria maculans
Idf09393;../data/Bousset_data/Images/Mac/Idf09393.jpg;Mac;Phoma;Champignon;Leptospheria maculans;1;train;2023:11:20;13:26:19;nan;33;Leptospheria maculans
Idf09399;../data/Bousset_data/Images/Mac/Idf09399.jpg;Mac;Phoma;Champignon;Leptospheria maculans;1;train;2023:11:20;13:26:49;nan;33;Leptospheria maculans
Idf09403;../data/Bousset_data/Images/Mac/Idf09403.jpg;Mac;Phoma;Champignon;Leptospheria maculans;1;train;2023:11:20;13:27:10;nan;33;Leptospheria maculans
Idf09404;../data/Bousset_data/Images/Mac/Idf09404.jpg;Mac;Phoma;Champignon;Leptospheria maculans;1;train;2023:11:20;13:27:12;nan;33;Leptospheria maculans
Idf09405;../data/Bousset_data/Images/Mac/Idf09405.jpg;Mac;Phoma;Champignon;Leptospheria maculans;1;train;2023:11:20;13:27:13;nan;33;Leptospheria maculans
Idf09406;../data/Bousset_data/Images/Mac/Idf09406.jpg;Mac;Phoma;Champignon;Leptospheria maculans;1;train;2023:11:20;13:27:15;nan;33;Leptospheria maculans
Idf09408;../data/Bousset_data/Images/Mac/Idf09408.jpg;Mac;Phoma;Champignon;Leptospheria maculans;1;train;2023:11:20;13:27:26;nan;33;Leptospheria maculans
Idf09411;../data/Bousset_data/Images/Mac/Idf09411.jpg;Mac;Phoma;Champignon;Leptospheria maculans;1;train;2023:11:20;13:27:39;nan;33;Leptospheria maculans
Idf09418;../data/Bousset_data/Images/Mac/Idf09418.jpg;Mac;Phoma;Champignon;Leptospheria maculans;1;train;2023:11:20;13:28:06;nan;33;Leptospheria maculans
Idf09420;../data/Bousset_data/Images/Mac/Idf09420.jpg;Mac;Phoma;Champignon;Leptospheria maculans;1;train;2023:11:20;13:28:13;nan;33;Leptospheria maculans
Idf09423;../data/Bousset_data/Images/Mac/Idf09423.jpg;Mac;Phoma;Champignon;Leptospheria maculans;1;train;2023:11:20;13:28:22;nan;33;Leptospheria maculans
Idf09424;../data/Bousset_data/Images/Mac/Idf09424.jpg;Mac;Phoma;Champignon;Leptospheria maculans;1;train;2023:11:20;13:28:24;nan;33;Leptospheria maculans
Idf09426;../data/Bousset_data/Images/Mac/Idf09426.jpg;Mac;Phoma;Champignon;Leptospheria maculans;1;train;2023:11:20;13:28:29;nan;33;Leptospheria maculans
Idf09446;../data/Bousset_data/Images/Mac/Idf09446.jpg;Mac;Phoma;Champignon;Leptospheria maculans;1;train;2023:11:20;13:30:44;nan;33;Leptospheria maculans
Idf09447;../data/Bousset_data/Images/Mac/Idf09447.jpg;Mac;Phoma;Champignon;Leptospheria maculans;1;train;2023:11:20;13:30:56;nan;33;Leptospheria maculans
Idf09448;../data/Bousset_data/Images/Mac/Idf09448.jpg;Mac;Phoma;Champignon;Leptospheria maculans;1;train;2023:11:20;13:31:04;nan;33;Leptospheria maculans
Idf09449;../data/Bousset_data/Images/Mac/Idf09449.jpg;Mac;Phoma;Champignon;Leptospheria maculans;1;train;2023:11:20;13:31:07;nan;33;Leptospheria maculans
Idf09454;../data/Bousset_data/Images/Mac/Idf09454.jpg;Mac;Phoma;Champignon;Leptospheria maculans;1;train;2023:11:20;13:31:19;nan;33;Leptospheria maculans
Idf09455;../data/Bousset_data/Images/Mac/Idf09455.jpg;Mac;Phoma;Champignon;Leptospheria maculans;1;train;2023:11:20;13:31:22;nan;33;Leptospheria maculans
Idf09456;../data/Bousset_data/Images/Mac/Idf09456.jpg;Mac;Phoma;Champignon;Leptospheria maculans;1;train;2023:11:20;13:31:28;nan;33;Leptospheria maculans
Idf09457;../data/Bousset_data/Images/Mac/Idf09457.jpg;Mac;Phoma;Champignon;Leptospheria maculans;1;train;2023:11:20;13:31:29;nan;33;Leptospheria maculans
Idf09458;../data/Bousset_data/Images/Mac/Idf09458.jpg;Mac;Phoma;Champignon;Leptospheria maculans;1;train;2023:11:20;13:31:31;nan;33;Leptospheria maculans
Idf09461;../data/Bousset_data/Images/Mac/Idf09461.jpg;Mac;Phoma;Champignon;Leptospheria maculans;1;train;2023:11:20;13:31:48;nan;33;Leptospheria maculans
Idf09462;../data/Bousset_data/Images/Mac/Idf09462.jpg;Mac;Phoma;Champignon;Leptospheria maculans;1;train;2023:11:20;13:31:53;nan;33;Leptospheria maculans
Idf09463;../data/Bousset_data/Images/Mac/Idf09463.jpg;Mac;Phoma;Champignon;Leptospheria maculans;1;train;2023:11:20;13:31:55;nan;33;Leptospheria maculans
Idf09468;../data/Bousset_data/Images/Mac/Idf09468.jpg;Mac;Phoma;Champignon;Leptospheria maculans;1;train;2023:11:20;13:32:14;nan;33;Leptospheria maculans
Idf09476;../data/Bousset_data/Images/Mac/Idf09476.jpg;Mac;Phoma;Champignon;Leptospheria maculans;1;train;2023:11:20;13:32:46;nan;33;Leptospheria maculans
Idf09516;../data/Bousset_data/Images/Mac/Idf09516.jpg;Mac;Phoma;Champignon;Leptospheria maculans;1;train;2023:11:20;13:36:18;nan;33;Leptospheria maculans
Idf09517;../data/Bousset_data/Images/Mac/Idf09517.jpg;Mac;Phoma;Champignon;Leptospheria maculans;1;train;2023:11:20;13:36:20;nan;33;Leptospheria maculans
Idf09521;../data/Bousset_data/Images/Mac/Idf09521.jpg;Mac;Phoma;Champignon;Leptospheria maculans;1;train;2023:11:20;13:37:11;nan;33;Leptospheria maculans
Idf09523;../data/Bousset_data/Images/Mac/Idf09523.jpg;Mac;Phoma;Champignon;Leptospheria maculans;1;train;2023:11:20;13:38:06;nan;33;Leptospheria maculans
Idf09524;../data/Bousset_data/Images/Mac/Idf09524.jpg;Mac;Phoma;Champignon;Leptospheria maculans;1;train;2023:11:20;13:38:11;nan;33;Leptospheria maculans
Idf09525;../data/Bousset_data/Images/Mac/Idf09525.jpg;Mac;Phoma;Champignon;Leptospheria maculans;1;train;2023:11:20;13:38:12;nan;33;Leptospheria maculans
Idf09526;../data/Bousset_data/Images/Mac/Idf09526.jpg;Mac;Phoma;Champignon;Leptospheria maculans;1;train;2023:11:20;13:38:14;nan;33;Leptospheria maculans
Idf09527;../data/Bousset_data/Images/Mac/Idf09527.jpg;Mac;Phoma;Champignon;Leptospheria maculans;1;train;2023:11:20;13:38:35;nan;33;Leptospheria maculans
Idf09533;../data/Bousset_data/Images/Mac/Idf09533.jpg;Mac;Phoma;Champignon;Leptospheria maculans;1;train;2023:11:20;13:39:05;nan;33;Leptospheria maculans
Idf09550;../data/Bousset_data/Images/Mac/Idf09550.jpg;Mac;Phoma;Champignon;Leptospheria maculans;1;train;2023:11:20;13:41:09;nan;33;Leptospheria maculans
Idf09564;../data/Bousset_data/Images/Mac/Idf09564.jpg;Mac;Phoma;Champignon;Leptospheria maculans;1;train;2023:11:24;14:33:27;nan;33;Leptospheria maculans
Idf09565;../data/Bousset_data/Images/Mac/Idf09565.jpg;Mac;Phoma;Champignon;Leptospheria maculans;1;train;2023:11:24;14:33:32;nan;33;Leptospheria maculans
Idf09566;../data/Bousset_data/Images/Mac/Idf09566.jpg;Mac;Phoma;Champignon;Leptospheria maculans;1;train;2023:11:24;14:33:40;nan;33;Leptospheria maculans
Idf09572;../data/Bousset_data/Images/Mac/Idf09572.jpg;Mac;Phoma;Champignon;Leptospheria maculans;1;train;2023:11:24;14:34:04;nan;33;Leptospheria maculans
Idf09573;../data/Bousset_data/Images/Mac/Idf09573.jpg;Mac;Phoma;Champignon;Leptospheria maculans;1;train;2023:11:24;14:34:06;nan;33;Leptospheria maculans
Idf09574;../data/Bousset_data/Images/Mac/Idf09574.jpg;Mac;Phoma;Champignon;Leptospheria maculans;1;train;2023:11:24;14:34:18;nan;33;Leptospheria maculans
Idf09575;../data/Bousset_data/Images/Mac/Idf09575.jpg;Mac;Phoma;Champignon;Leptospheria maculans;1;train;2023:11:24;14:34:23;nan;33;Leptospheria maculans
Idf09584;../data/Bousset_data/Images/Mac/Idf09584.jpg;Mac;Phoma;Champignon;Leptospheria maculans;1;train;2023:11:24;14:36:08;nan;33;Leptospheria maculans
Idf09585;../data/Bousset_data/Images/Mac/Idf09585.jpg;Mac;Phoma;Champignon;Leptospheria maculans;1;train;2023:11:24;14:36:10;nan;33;Leptospheria maculans
Idf09637;../data/Bousset_data/Images/Mac/Idf09637.jpg;Mac;Phoma;Champignon;Leptospheria maculans;1;train;2023:11:24;14:48:09;nan;33;Leptospheria maculans
Idf09641;../data/Bousset_data/Images/Mac/Idf09641.jpg;Mac;Phoma;Champignon;Leptospheria maculans;1;train;2023:11:24;14:48:26;nan;33;Leptospheria maculans
Idf09768;../data/Bousset_data/Images/Mac/Idf09768.jpg;Mac;Phoma;Champignon;Leptospheria maculans;1;train;2023:12:12;12:55:47;nan;33;Leptospheria maculans
Idf09768_Erg;../data/Bousset_data/Images/Mac/Idf09768_Erg.jpg;Mac;Phoma;Champignon;Leptospheria maculans;1;train;2023:12:15;16:13:25;nan;33;Leptospheria maculans
Idf09788;../data/Bousset_data/Images/Mac/Idf09788.jpg;Mac;Phoma;Champignon;Leptospheria maculans;1;train;2023:12:12;13:21:08;nan;33;Leptospheria maculans
Idf09789;../data/Bousset_data/Images/Mac/Idf09789.jpg;Mac;Phoma;Champignon;Leptospheria maculans;1;train;2023:12:12;13:21:13;nan;33;Leptospheria maculans
Idf09798;../data/Bousset_data/Images/Mac/Idf09798.jpg;Mac;Phoma;Champignon;Leptospheria maculans;1;train;2023:12:12;13:22:04;nan;33;Leptospheria maculans
Idf09801;../data/Bousset_data/Images/Mac/Idf09801.jpg;Mac;Phoma;Champignon;Leptospheria maculans;1;train;2023:12:12;13:22:18;nan;33;Leptospheria maculans
Idf09807;../data/Bousset_data/Images/Mac/Idf09807.jpg;Mac;Phoma;Champignon;Leptospheria maculans;1;train;2023:12:12;13:22:38;nan;33;Leptospheria maculans
Idf09808;../data/Bousset_data/Images/Mac/Idf09808.jpg;Mac;Phoma;Champignon;Leptospheria maculans;1;train;2023:12:12;13:22:53;nan;33;Leptospheria maculans
Idf09817;../data/Bousset_data/Images/Mac/Idf09817.jpg;Mac;Phoma;Champignon;Leptospheria maculans;1;train;2023:12:12;13:24:50;nan;33;Leptospheria maculans
Idf09830;../data/Bousset_data/Images/Mac/Idf09830.jpg;Mac;Phoma;Champignon;Leptospheria maculans;1;train;2023:12:12;13:28:29;nan;33;Leptospheria maculans
Idf09833;../data/Bousset_data/Images/Mac/Idf09833.jpg;Mac;Phoma;Champignon;Leptospheria maculans;1;train;2023:12:12;13:29:13;nan;33;Leptospheria maculans
Idf09952;../data/Bousset_data/Images/Mac/Idf09952.jpg;Mac;Phoma;Champignon;Leptospheria maculans;1;train;2023:12:22;13:19:54;nan;33;Leptospheria maculans
Idf10035;../data/Bousset_data/Images/Mac/Idf10035.jpg;Mac;Phoma;Champignon;Leptospheria maculans;1;train;2023:12:22;13:24:38;nan;33;Leptospheria maculans
Idf10060;../data/Bousset_data/Images/Mac/Idf10060.jpg;Mac;Phoma;Champignon;Leptospheria maculans;1;train;2023:12:22;13:26:12;nan;33;Leptospheria maculans
Idf10065;../data/Bousset_data/Images/Mac/Idf10065.jpg;Mac;Phoma;Champignon;Leptospheria maculans;1;train;2023:12:22;13:30:44;nan;33;Leptospheria maculans
Idf10112;../data/Bousset_data/Images/Mac/Idf10112.jpg;Mac;Phoma;Champignon;Leptospheria maculans;1;train;2023:12:22;13:33:11;nan;33;Leptospheria maculans
Idf10466;../data/Bousset_data/Images/Mac/Idf10466.jpg;Mac;Phoma;Champignon;Leptospheria maculans;1;train;2024:01:22;12:30:57;nan;33;Leptospheria maculans
Idf10490;../data/Bousset_data/Images/Mac/Idf10490.jpg;Mac;Phoma;Champignon;Leptospheria maculans;1;train;2024:01:22;12:34:40;nan;33;Leptospheria maculans
Idf10521;../data/Bousset_data/Images/Mac/Idf10521.jpg;Mac;Phoma;Champignon;Leptospheria maculans;1;train;2024:01:22;12:38:33;nan;33;Leptospheria maculans
Idf10522;../data/Bousset_data/Images/Mac/Idf10522.jpg;Mac;Phoma;Champignon;Leptospheria maculans;1;train;2024:01:22;12:38:44;nan;33;Leptospheria maculans
Idf10574;../data/Bousset_data/Images/Mac/Idf10574.jpg;Mac;Phoma;Champignon;Leptospheria maculans;1;train;2024:01:22;12:47:08;nan;33;Leptospheria maculans
Idf10577;../data/Bousset_data/Images/Mac/Idf10577.jpg;Mac;Phoma;Champignon;Leptospheria maculans;1;train;2024:01:22;12:47:26;nan;33;Leptospheria maculans
Idf10711;../data/Bousset_data/Images/Mac/Idf10711.jpg;Mac;Phoma;Champignon;Leptospheria maculans;1;train;2024:02:15;12:14:05;nan;33;Leptospheria maculans
Idf10856;../data/Bousset_data/Images/Mac/Idf10856.jpg;Mac;Phoma;Champignon;Leptospheria maculans;1;train;2024:02:15;12:53:59;nan;33;Leptospheria maculans
Idf10857;../data/Bousset_data/Images/Mac/Idf10857.jpg;Mac;Phoma;Champignon;Leptospheria maculans;1;train;2024:02:15;12:54:02;nan;33;Leptospheria maculans
Idf10897;../data/Bousset_data/Images/Mac/Idf10897.jpg;Mac;Phoma;Champignon;Leptospheria maculans;1;train;2024:02:15;13:34:40;nan;33;Leptospheria maculans
Idf10960;../data/Bousset_data/Images/Mac/Idf10960.jpg;Mac;Phoma;Champignon;Leptospheria maculans;1;train;2024:02:15;13:41:27;nan;33;Leptospheria maculans
Idf10961;../data/Bousset_data/Images/Mac/Idf10961.jpg;Mac;Phoma;Champignon;Leptospheria maculans;1;train;2024:02:15;13:41:29;nan;33;Leptospheria maculans
Idf11060;../data/Bousset_data/Images/Mac/Idf11060.jpg;Mac;Phoma;Champignon;Leptospheria maculans;1;train;2024:02:15;13:51:11;nan;33;Leptospheria maculans
Idf11085;../data/Bousset_data/Images/Mac/Idf11085.jpg;Mac;Phoma;Champignon;Leptospheria maculans;1;train;2024:02:15;13:53:33;nan;33;Leptospheria maculans
Idf11110;../data/Bousset_data/Images/Mac/Idf11110.jpg;Mac;Phoma;Champignon;Leptospheria maculans;1;train;2024:02:15;13:56:29;nan;33;Leptospheria maculans
Idf11113;../data/Bousset_data/Images/Mac/Idf11113.jpg;Mac;Phoma;Champignon;Leptospheria maculans;1;train;2024:02:15;13:58:54;nan;33;Leptospheria maculans
Idf11114;../data/Bousset_data/Images/Mac/Idf11114.jpg;Mac;Phoma;Champignon;Leptospheria maculans;1;train;2024:02:15;13:59:00;nan;33;Leptospheria maculans
Idf11120;../data/Bousset_data/Images/Mac/Idf11120.jpg;Mac;Phoma;Champignon;Leptospheria maculans;1;train;2024:02:15;14:00:06;nan;33;Leptospheria maculans
Idf11260;../data/Bousset_data/Images/Mac/Idf11260.jpg;Mac;Phoma;Champignon;Leptospheria maculans;1;train;2024:03:01;11:24:25;nan;33;Leptospheria maculans
Idf11290;../data/Bousset_data/Images/Mac/Idf11290.jpg;Mac;Phoma;Champignon;Leptospheria maculans;1;train;2024:03:08;14:20:29;nan;33;Leptospheria maculans
Idf11341;../data/Bousset_data/Images/Mac/Idf11341.jpg;Mac;Phoma;Champignon;Leptospheria maculans;1;train;2024:03:08;14:26:16;nan;33;Leptospheria maculans
Idf11358;../data/Bousset_data/Images/Mac/Idf11358.jpg;Mac;Phoma;Champignon;Leptospheria maculans;1;train;2024:03:08;14:27:37;nan;33;Leptospheria maculans
Idf11367;../data/Bousset_data/Images/Mac/Idf11367.jpg;Mac;Phoma;Champignon;Leptospheria maculans;1;train;2024:03:08;14:28:20;nan;33;Leptospheria maculans
Idf11416;../data/Bousset_data/Images/Mac/Idf11416.jpg;Mac;Phoma;Champignon;Leptospheria maculans;1;train;2024:03:08;14:31:42;nan;33;Leptospheria maculans
Idf11417;../data/Bousset_data/Images/Mac/Idf11417.jpg;Mac;Phoma;Champignon;Leptospheria maculans;1;train;2024:03:08;14:31:45;nan;33;Leptospheria maculans
Idf11422;../data/Bousset_data/Images/Mac/Idf11422.jpg;Mac;Phoma;Champignon;Leptospheria maculans;1;train;2024:03:08;14:32:17;nan;33;Leptospheria maculans
Idf11423;../data/Bousset_data/Images/Mac/Idf11423.jpg;Mac;Phoma;Champignon;Leptospheria maculans;1;train;2024:03:08;14:32:26;nan;33;Leptospheria maculans
Idf11489;../data/Bousset_data/Images/Mac/Idf11489.jpg;Mac;Phoma;Champignon;Leptospheria maculans;1;train;2024:03:08;14:41:49;nan;33;Leptospheria maculans
Idf11573;../data/Bousset_data/Images/Mac/Idf11573.jpg;Mac;Phoma;Champignon;Leptospheria maculans;1;train;2024:03:08;14:54:52;nan;33;Leptospheria maculans
Idf11587;../data/Bousset_data/Images/Mac/Idf11587.jpg;Mac;Phoma;Champignon;Leptospheria maculans;1;train;2024:03:08;14:56:20;nan;33;Leptospheria maculans
Idf11870;../data/Bousset_data/Images/Mac/Idf11870.jpg;Mac;Phoma;Champignon;Leptospheria maculans;1;train;2024:03:12;18:18:12;nan;33;Leptospheria maculans
Idf11871;../data/Bousset_data/Images/Mac/Idf11871.jpg;Mac;Phoma;Champignon;Leptospheria maculans;1;train;2024:03:12;18:18:15;nan;33;Leptospheria maculans
Idf11877;../data/Bousset_data/Images/Mac/Idf11877.jpg;Mac;Phoma;Champignon;Leptospheria maculans;1;train;2024:03:12;18:19:03;nan;33;Leptospheria maculans
Idf11885;../data/Bousset_data/Images/Mac/Idf11885.jpg;Mac;Phoma;Champignon;Leptospheria maculans;1;train;2024:03:12;18:20:43;nan;33;Leptospheria maculans
Idf11896;../data/Bousset_data/Images/Mac/Idf11896.jpg;Mac;Phoma;Champignon;Leptospheria maculans;1;train;2024:03:12;18:21:47;nan;33;Leptospheria maculans
Idf11898;../data/Bousset_data/Images/Mac/Idf11898.jpg;Mac;Phoma;Champignon;Leptospheria maculans;1;train;2024:03:12;18:22:06;nan;33;Leptospheria maculans
Idf11938;../data/Bousset_data/Images/Mac/Idf11938.jpg;Mac;Phoma;Champignon;Leptospheria maculans;1;train;2024:03:12;18:26:37;nan;33;Leptospheria maculans
Idf11968;../data/Bousset_data/Images/Mac/Idf11968.jpg;Mac;Phoma;Champignon;Leptospheria maculans;1;train;2024:03:12;18:31:21;nan;33;Leptospheria maculans
Idf12019;../data/Bousset_data/Images/Mac/Idf12019.jpg;Mac;Phoma;Champignon;Leptospheria maculans;1;train;2024:03:12;18:37:20;nan;33;Leptospheria maculans
Idf12022;../data/Bousset_data/Images/Mac/Idf12022.jpg;Mac;Phoma;Champignon;Leptospheria maculans;1;train;2024:03:12;18:37:36;nan;33;Leptospheria maculans
Idf12023;../data/Bousset_data/Images/Mac/Idf12023.jpg;Mac;Phoma;Champignon;Leptospheria maculans;1;train;2024:03:12;18:37:41;nan;33;Leptospheria maculans
Idf12026;../data/Bousset_data/Images/Mac/Idf12026.jpg;Mac;Phoma;Champignon;Leptospheria maculans;1;train;2024:03:12;18:37:52;nan;33;Leptospheria maculans
Idf12038;../data/Bousset_data/Images/Mac/Idf12038.jpg;Mac;Phoma;Champignon;Leptospheria maculans;1;train;2024:03:12;18:38:54;nan;33;Leptospheria maculans
Idf12047;../data/Bousset_data/Images/Mac/Idf12047.jpg;Mac;Phoma;Champignon;Leptospheria maculans;1;train;2024:03:12;18:39:44;nan;33;Leptospheria maculans
Idf12069;../data/Bousset_data/Images/Mac/Idf12069.jpg;Mac;Phoma;Champignon;Leptospheria maculans;1;train;2024:03:12;18:42:24;nan;33;Leptospheria maculans
Idf12080;../data/Bousset_data/Images/Mac/Idf12080.jpg;Mac;Phoma;Champignon;Leptospheria maculans;1;train;2024:03:12;18:43:47;nan;33;Leptospheria maculans
Idf12092;../data/Bousset_data/Images/Mac/Idf12092.jpg;Mac;Phoma;Champignon;Leptospheria maculans;1;train;2024:03:12;18:45:10;nan;33;Leptospheria maculans
Idf12097;../data/Bousset_data/Images/Mac/Idf12097.jpg;Mac;Phoma;Champignon;Leptospheria maculans;1;train;2024:03:12;18:45:58;nan;33;Leptospheria maculans
Idf12104;../data/Bousset_data/Images/Mac/Idf12104.jpg;Mac;Phoma;Champignon;Leptospheria maculans;1;train;2024:03:12;18:46:21;nan;33;Leptospheria maculans
Idf12112;../data/Bousset_data/Images/Mac/Idf12112.jpg;Mac;Phoma;Champignon;Leptospheria maculans;1;train;2024:03:12;18:47:19;nan;33;Leptospheria maculans
Idf12113;../data/Bousset_data/Images/Mac/Idf12113.jpg;Mac;Phoma;Champignon;Leptospheria maculans;1;train;2024:03:12;18:47:25;nan;33;Leptospheria maculans
Idf12122;../data/Bousset_data/Images/Mac/Idf12122.jpg;Mac;Phoma;Champignon;Leptospheria maculans;1;train;2024:03:12;18:48:16;nan;33;Leptospheria maculans
Idf12124;../data/Bousset_data/Images/Mac/Idf12124.jpg;Mac;Phoma;Champignon;Leptospheria maculans;1;train;2024:03:12;18:48:47;nan;33;Leptospheria maculans
Idf12441;../data/Bousset_data/Images/Mac/Idf12441.jpg;Mac;Phoma;Champignon;Leptospheria maculans;1;train;2024:03:20;14:45:24;nan;33;Leptospheria maculans
Idf12450;../data/Bousset_data/Images/Mac/Idf12450.jpg;Mac;Phoma;Champignon;Leptospheria maculans;1;train;2024:03:20;14:46:19;nan;33;Leptospheria maculans
Idf12573;../data/Bousset_data/Images/Mac/Idf12573.jpg;Mac;Phoma;Champignon;Leptospheria maculans;1;train;2024:03:20;16:44:49;nan;33;Leptospheria maculans
Idf07265;../data/Bousset_data/Images/Mil/Idf07265.jpg;Mil;Mildiou;Champignon;Hyaloperonospora parasitica;1;train;2023:09:12;11:39:29;nan;6;Hyaloperonospora parasitica
Idf07266;../data/Bousset_data/Images/Mil/Idf07266.jpg;Mil;Mildiou;Champignon;Hyaloperonospora parasitica;1;train;2023:09:12;11:39:32;nan;6;Hyaloperonospora parasitica
Idf07267;../data/Bousset_data/Images/Mil/Idf07267.jpg;Mil;Mildiou;Champignon;Hyaloperonospora parasitica;1;train;2023:09:12;11:39:35;nan;6;Hyaloperonospora parasitica
Idf07268;../data/Bousset_data/Images/Mil/Idf07268.jpg;Mil;Mildiou;Champignon;Hyaloperonospora parasitica;1;train;2023:09:12;11:45:37;nan;6;Hyaloperonospora parasitica
Idf07271;../data/Bousset_data/Images/Mil/Idf07271.jpg;Mil;Mildiou;Champignon;Hyaloperonospora parasitica;1;train;2023:09:12;11:46:15;nan;6;Hyaloperonospora parasitica
Idf07272;../data/Bousset_data/Images/Mil/Idf07272.jpg;Mil;Mildiou;Champignon;Hyaloperonospora parasitica;1;train;2023:09:12;11:46:17;nan;6;Hyaloperonospora parasitica
Idf07273;../data/Bousset_data/Images/Mil/Idf07273.jpg;Mil;Mildiou;Champignon;Hyaloperonospora parasitica;1;train;2023:09:12;11:46:23;nan;6;Hyaloperonospora parasitica
Idf07274;../data/Bousset_data/Images/Mil/Idf07274.jpg;Mil;Mildiou;Champignon;Hyaloperonospora parasitica;1;train;2023:09:12;11:46:30;nan;6;Hyaloperonospora parasitica
Idf07275;../data/Bousset_data/Images/Mil/Idf07275.jpg;Mil;Mildiou;Champignon;Hyaloperonospora parasitica;1;train;2023:09:12;11:46:36;nan;6;Hyaloperonospora parasitica
Idf07276;../data/Bousset_data/Images/Mil/Idf07276.jpg;Mil;Mildiou;Champignon;Hyaloperonospora parasitica;1;train;2023:09:12;11:46:47;nan;6;Hyaloperonospora parasitica
Idf07277;../data/Bousset_data/Images/Mil/Idf07277.jpg;Mil;Mildiou;Champignon;Hyaloperonospora parasitica;1;train;2023:09:12;11:46:55;nan;6;Hyaloperonospora parasitica
Idf07278;../data/Bousset_data/Images/Mil/Idf07278.jpg;Mil;Mildiou;Champignon;Hyaloperonospora parasitica;1;train;2023:09:12;11:47:01;nan;6;Hyaloperonospora parasitica
Idf07279;../data/Bousset_data/Images/Mil/Idf07279.jpg;Mil;Mildiou;Champignon;Hyaloperonospora parasitica;1;train;2023:09:12;11:47:06;nan;6;Hyaloperonospora parasitica
Idf07280;../data/Bousset_data/Images/Mil/Idf07280.jpg;Mil;Mildiou;Champignon;Hyaloperonospora parasitica;1;train;2023:09:12;11:47:13;nan;6;Hyaloperonospora parasitica
Idf07281;../data/Bousset_data/Images/Mil/Idf07281.jpg;Mil;Mildiou;Champignon;Hyaloperonospora parasitica;1;train;2023:09:12;11:47:22;nan;6;Hyaloperonospora parasitica
Idf07282;../data/Bousset_data/Images/Mil/Idf07282.jpg;Mil;Mildiou;Champignon;Hyaloperonospora parasitica;1;train;2023:09:12;11:47:25;nan;6;Hyaloperonospora parasitica
Idf07283;../data/Bousset_data/Images/Mil/Idf07283.jpg;Mil;Mildiou;Champignon;Hyaloperonospora parasitica;1;train;2023:09:12;11:47:32;nan;6;Hyaloperonospora parasitica
Idf07284;../data/Bousset_data/Images/Mil/Idf07284.jpg;Mil;Mildiou;Champignon;Hyaloperonospora parasitica;1;train;2023:09:12;11:47:34;nan;6;Hyaloperonospora parasitica
Idf07285;../data/Bousset_data/Images/Mil/Idf07285.jpg;Mil;Mildiou;Champignon;Hyaloperonospora parasitica;1;train;2023:09:12;11:47:44;nan;6;Hyaloperonospora parasitica
Idf07286;../data/Bousset_data/Images/Mil/Idf07286.jpg;Mil;Mildiou;Champignon;Hyaloperonospora parasitica;1;train;2023:09:12;11:47:50;nan;6;Hyaloperonospora parasitica
Idf07287;../data/Bousset_data/Images/Mil/Idf07287.jpg;Mil;Mildiou;Champignon;Hyaloperonospora parasitica;1;train;2023:09:12;11:47:55;nan;6;Hyaloperonospora parasitica
Idf07288;../data/Bousset_data/Images/Mil/Idf07288.jpg;Mil;Mildiou;Champignon;Hyaloperonospora parasitica;1;train;2023:09:12;11:47:57;nan;6;Hyaloperonospora parasitica
Idf07289;../data/Bousset_data/Images/Mil/Idf07289.jpg;Mil;Mildiou;Champignon;Hyaloperonospora parasitica;1;train;2023:09:12;11:48:30;nan;6;Hyaloperonospora parasitica
Idf07291;../data/Bousset_data/Images/Mil/Idf07291.jpg;Mil;Mildiou;Champignon;Hyaloperonospora parasitica;1;train;2023:09:12;11:48:42;nan;6;Hyaloperonospora parasitica
Idf07292;../data/Bousset_data/Images/Mil/Idf07292.jpg;Mil;Mildiou;Champignon;Hyaloperonospora parasitica;1;train;2023:09:12;11:49:02;nan;6;Hyaloperonospora parasitica
Idf07293;../data/Bousset_data/Images/Mil/Idf07293.jpg;Mil;Mildiou;Champignon;Hyaloperonospora parasitica;1;train;2023:09:12;11:49:04;nan;6;Hyaloperonospora parasitica
Idf07302;../data/Bousset_data/Images/Mil/Idf07302.jpg;Mil;Mildiou;Champignon;Hyaloperonospora parasitica;1;train;2023:09:12;11:49:47;nan;6;Hyaloperonospora parasitica
Idf07306;../data/Bousset_data/Images/Mil/Idf07306.jpg;Mil;Mildiou;Champignon;Hyaloperonospora parasitica;1;train;2023:09:12;11:50:15;nan;6;Hyaloperonospora parasitica
Idf07307;../data/Bousset_data/Images/Mil/Idf07307.jpg;Mil;Mildiou;Champignon;Hyaloperonospora parasitica;1;train;2023:09:12;11:50:26;nan;6;Hyaloperonospora parasitica
Idf07308;../data/Bousset_data/Images/Mil/Idf07308.jpg;Mil;Mildiou;Champignon;Hyaloperonospora parasitica;1;train;2023:09:12;11:50:35;nan;6;Hyaloperonospora parasitica
Idf07311;../data/Bousset_data/Images/Mil/Idf07311.jpg;Mil;Mildiou;Champignon;Hyaloperonospora parasitica;1;train;2023:09:12;11:50:45;nan;6;Hyaloperonospora parasitica
Idf07312;../data/Bousset_data/Images/Mil/Idf07312.jpg;Mil;Mildiou;Champignon;Hyaloperonospora parasitica;1;train;2023:09:12;11:50:48;nan;6;Hyaloperonospora parasitica
Idf07313;../data/Bousset_data/Images/Mil/Idf07313.jpg;Mil;Mildiou;Champignon;Hyaloperonospora parasitica;1;train;2023:09:12;11:50:53;nan;6;Hyaloperonospora parasitica
Idf07314;../data/Bousset_data/Images/Mil/Idf07314.jpg;Mil;Mildiou;Champignon;Hyaloperonospora parasitica;1;train;2023:09:12;11:50:57;nan;6;Hyaloperonospora parasitica
Idf07315;../data/Bousset_data/Images/Mil/Idf07315.jpg;Mil;Mildiou;Champignon;Hyaloperonospora parasitica;1;train;2023:09:12;11:51:07;nan;6;Hyaloperonospora parasitica
Idf07316;../data/Bousset_data/Images/Mil/Idf07316.jpg;Mil;Mildiou;Champignon;Hyaloperonospora parasitica;1;train;2023:09:12;11:51:10;nan;6;Hyaloperonospora parasitica
Idf07317;../data/Bousset_data/Images/Mil/Idf07317.jpg;Mil;Mildiou;Champignon;Hyaloperonospora parasitica;1;train;2023:09:12;11:51:12;nan;6;Hyaloperonospora parasitica
Idf07318;../data/Bousset_data/Images/Mil/Idf07318.jpg;Mil;Mildiou;Champignon;Hyaloperonospora parasitica;1;train;2023:09:12;11:51:13;nan;6;Hyaloperonospora parasitica
Idf07326;../data/Bousset_data/Images/Mil/Idf07326.jpg;Mil;Mildiou;Champignon;Hyaloperonospora parasitica;1;train;2023:09:12;11:52:41;nan;6;Hyaloperonospora parasitica
Idf07327;../data/Bousset_data/Images/Mil/Idf07327.jpg;Mil;Mildiou;Champignon;Hyaloperonospora parasitica;1;train;2023:09:12;11:52:49;nan;6;Hyaloperonospora parasitica
Idf07328;../data/Bousset_data/Images/Mil/Idf07328.jpg;Mil;Mildiou;Champignon;Hyaloperonospora parasitica;1;train;2023:09:12;11:52:53;nan;6;Hyaloperonospora parasitica
Idf07329;../data/Bousset_data/Images/Mil/Idf07329.jpg;Mil;Mildiou;Champignon;Hyaloperonospora parasitica;1;train;2023:09:12;11:52:55;nan;6;Hyaloperonospora parasitica
Idf07330;../data/Bousset_data/Images/Mil/Idf07330.jpg;Mil;Mildiou;Champignon;Hyaloperonospora parasitica;1;train;2023:09:12;11:52:57;nan;6;Hyaloperonospora parasitica
Idf07331;../data/Bousset_data/Images/Mil/Idf07331.jpg;Mil;Mildiou;Champignon;Hyaloperonospora parasitica;1;train;2023:09:12;11:53:02;nan;6;Hyaloperonospora parasitica
Idf07332;../data/Bousset_data/Images/Mil/Idf07332.jpg;Mil;Mildiou;Champignon;Hyaloperonospora parasitica;1;train;2023:09:12;11:53:05;nan;6;Hyaloperonospora parasitica
Idf07333;../data/Bousset_data/Images/Mil/Idf07333.jpg;Mil;Mildiou;Champignon;Hyaloperonospora parasitica;1;train;2023:09:12;11:53:11;nan;6;Hyaloperonospora parasitica
Idf07334;../data/Bousset_data/Images/Mil/Idf07334.jpg;Mil;Mildiou;Champignon;Hyaloperonospora parasitica;1;train;2023:09:12;11:53:16;nan;6;Hyaloperonospora parasitica
Idf07335;../data/Bousset_data/Images/Mil/Idf07335.jpg;Mil;Mildiou;Champignon;Hyaloperonospora parasitica;1;train;2023:09:12;11:53:21;nan;6;Hyaloperonospora parasitica
Idf07336;../data/Bousset_data/Images/Mil/Idf07336.jpg;Mil;Mildiou;Champignon;Hyaloperonospora parasitica;1;train;2023:09:12;11:53:22;nan;6;Hyaloperonospora parasitica
Idf07337;../data/Bousset_data/Images/Mil/Idf07337.jpg;Mil;Mildiou;Champignon;Hyaloperonospora parasitica;1;train;2023:09:12;11:53:34;nan;6;Hyaloperonospora parasitica
Idf07338;../data/Bousset_data/Images/Mil/Idf07338.jpg;Mil;Mildiou;Champignon;Hyaloperonospora parasitica;1;train;2023:09:12;11:53:39;nan;6;Hyaloperonospora parasitica
Idf07339;../data/Bousset_data/Images/Mil/Idf07339.jpg;Mil;Mildiou;Champignon;Hyaloperonospora parasitica;1;train;2023:09:12;11:53:49;nan;6;Hyaloperonospora parasitica
Idf07340;../data/Bousset_data/Images/Mil/Idf07340.jpg;Mil;Mildiou;Champignon;Hyaloperonospora parasitica;1;train;2023:09:12;11:54:02;nan;6;Hyaloperonospora parasitica
Idf07341;../data/Bousset_data/Images/Mil/Idf07341.jpg;Mil;Mildiou;Champignon;Hyaloperonospora parasitica;1;train;2023:09:12;11:54:06;nan;6;Hyaloperonospora parasitica
Idf07342;../data/Bousset_data/Images/Mil/Idf07342.jpg;Mil;Mildiou;Champignon;Hyaloperonospora parasitica;1;train;2023:09:12;11:54:22;nan;6;Hyaloperonospora parasitica
Idf07345;../data/Bousset_data/Images/Mil/Idf07345.jpg;Mil;Mildiou;Champignon;Hyaloperonospora parasitica;1;train;2023:09:12;11:55:15;nan;6;Hyaloperonospora parasitica
Idf07346;../data/Bousset_data/Images/Mil/Idf07346.jpg;Mil;Mildiou;Champignon;Hyaloperonospora parasitica;1;train;2023:09:12;11:55:26;nan;6;Hyaloperonospora parasitica
Idf07347;../data/Bousset_data/Images/Mil/Idf07347.jpg;Mil;Mildiou;Champignon;Hyaloperonospora parasitica;1;train;2023:09:12;11:55:28;nan;6;Hyaloperonospora parasitica
Idf07348;../data/Bousset_data/Images/Mil/Idf07348.jpg;Mil;Mildiou;Champignon;Hyaloperonospora parasitica;1;train;2023:09:12;11:55:32;nan;6;Hyaloperonospora parasitica
Idf07349;../data/Bousset_data/Images/Mil/Idf07349.jpg;Mil;Mildiou;Champignon;Hyaloperonospora parasitica;1;train;2023:09:12;11:55:40;nan;6;Hyaloperonospora parasitica
Idf07351;../data/Bousset_data/Images/Mil/Idf07351.jpg;Mil;Mildiou;Champignon;Hyaloperonospora parasitica;1;train;2023:09:12;11:55:52;nan;6;Hyaloperonospora parasitica
Idf07352;../data/Bousset_data/Images/Mil/Idf07352.jpg;Mil;Mildiou;Champignon;Hyaloperonospora parasitica;1;train;2023:09:12;11:55:55;nan;6;Hyaloperonospora parasitica
Idf07353;../data/Bousset_data/Images/Mil/Idf07353.jpg;Mil;Mildiou;Champignon;Hyaloperonospora parasitica;1;train;2023:09:12;11:56:05;nan;6;Hyaloperonospora parasitica
Idf07354;../data/Bousset_data/Images/Mil/Idf07354.jpg;Mil;Mildiou;Champignon;Hyaloperonospora parasitica;1;train;2023:09:12;11:56:10;nan;6;Hyaloperonospora parasitica
Idf07359;../data/Bousset_data/Images/Mil/Idf07359.jpg;Mil;Mildiou;Champignon;Hyaloperonospora parasitica;1;train;2023:09:12;11:56:27;nan;6;Hyaloperonospora parasitica
Idf07361;../data/Bousset_data/Images/Mil/Idf07361.jpg;Mil;Mildiou;Champignon;Hyaloperonospora parasitica;1;train;2023:09:12;11:56:32;nan;6;Hyaloperonospora parasitica
Idf07362;../data/Bousset_data/Images/Mil/Idf07362.jpg;Mil;Mildiou;Champignon;Hyaloperonospora parasitica;1;train;2023:09:12;11:56:37;nan;6;Hyaloperonospora parasitica
Idf07363;../data/Bousset_data/Images/Mil/Idf07363.jpg;Mil;Mildiou;Champignon;Hyaloperonospora parasitica;1;train;2023:09:12;11:56:43;nan;6;Hyaloperonospora parasitica
Idf07365;../data/Bousset_data/Images/Mil/Idf07365.jpg;Mil;Mildiou;Champignon;Hyaloperonospora parasitica;1;train;2023:09:12;11:56:48;nan;6;Hyaloperonospora parasitica
Idf07366;../data/Bousset_data/Images/Mil/Idf07366.jpg;Mil;Mildiou;Champignon;Hyaloperonospora parasitica;1;train;2023:09:12;11:56:51;nan;6;Hyaloperonospora parasitica
Idf07367;../data/Bousset_data/Images/Mil/Idf07367.jpg;Mil;Mildiou;Champignon;Hyaloperonospora parasitica;1;train;2023:09:12;11:56:54;nan;6;Hyaloperonospora parasitica
Idf07368;../data/Bousset_data/Images/Mil/Idf07368.jpg;Mil;Mildiou;Champignon;Hyaloperonospora parasitica;1;train;2023:09:12;11:56:56;nan;6;Hyaloperonospora parasitica
Idf07369;../data/Bousset_data/Images/Mil/Idf07369.jpg;Mil;Mildiou;Champignon;Hyaloperonospora parasitica;1;train;2023:09:12;11:56:59;nan;6;Hyaloperonospora parasitica
Idf07371;../data/Bousset_data/Images/Mil/Idf07371.jpg;Mil;Mildiou;Champignon;Hyaloperonospora parasitica;1;train;2023:09:12;11:57:04;nan;6;Hyaloperonospora parasitica
Idf07373;../data/Bousset_data/Images/Mil/Idf07373.jpg;Mil;Mildiou;Champignon;Hyaloperonospora parasitica;1;train;2023:09:12;11:57:26;nan;6;Hyaloperonospora parasitica
Idf07376;../data/Bousset_data/Images/Mil/Idf07376.jpg;Mil;Mildiou;Champignon;Hyaloperonospora parasitica;1;train;2023:09:12;11:58:05;nan;6;Hyaloperonospora parasitica
Idf07377;../data/Bousset_data/Images/Mil/Idf07377.jpg;Mil;Mildiou;Champignon;Hyaloperonospora parasitica;1;train;2023:09:12;11:58:11;nan;6;Hyaloperonospora parasitica
Idf07380;../data/Bousset_data/Images/Mil/Idf07380.jpg;Mil;Mildiou;Champignon;Hyaloperonospora parasitica;1;train;2023:09:12;11:58:18;nan;6;Hyaloperonospora parasitica
Idf07381;../data/Bousset_data/Images/Mil/Idf07381.jpg;Mil;Mildiou;Champignon;Hyaloperonospora parasitica;1;train;2023:09:12;11:58:20;nan;6;Hyaloperonospora parasitica
Idf07382;../data/Bousset_data/Images/Mil/Idf07382.jpg;Mil;Mildiou;Champignon;Hyaloperonospora parasitica;1;train;2023:09:12;11:58:23;nan;6;Hyaloperonospora parasitica
Idf07383;../data/Bousset_data/Images/Mil/Idf07383.jpg;Mil;Mildiou;Champignon;Hyaloperonospora parasitica;1;train;2023:09:12;11:58:25;nan;6;Hyaloperonospora parasitica
Idf07388;../data/Bousset_data/Images/Mil/Idf07388.jpg;Mil;Mildiou;Champignon;Hyaloperonospora parasitica;1;train;2023:09:12;11:58:43;nan;6;Hyaloperonospora parasitica
Idf07401;../data/Bousset_data/Images/Mil/Idf07401.jpg;Mil;Mildiou;Champignon;Hyaloperonospora parasitica;1;train;2023:09:12;12:00:21;nan;6;Hyaloperonospora parasitica
Idf07402;../data/Bousset_data/Images/Mil/Idf07402.jpg;Mil;Mildiou;Champignon;Hyaloperonospora parasitica;1;train;2023:09:12;12:00:23;nan;6;Hyaloperonospora parasitica
Idf07403;../data/Bousset_data/Images/Mil/Idf07403.jpg;Mil;Mildiou;Champignon;Hyaloperonospora parasitica;1;train;2023:09:12;12:00:29;nan;6;Hyaloperonospora parasitica
Idf07404;../data/Bousset_data/Images/Mil/Idf07404.jpg;Mil;Mildiou;Champignon;Hyaloperonospora parasitica;1;train;2023:09:12;12:00:34;nan;6;Hyaloperonospora parasitica
Idf07407;../data/Bousset_data/Images/Mil/Idf07407.jpg;Mil;Mildiou;Champignon;Hyaloperonospora parasitica;1;train;2023:09:12;12:00:47;nan;6;Hyaloperonospora parasitica
Idf07413;../data/VAULT/Bousset_data/Images/Mil/Idf07413.jpg;Mil;Mildiou;Champignon;Hyaloperonospora parasitica;1;vault;2023:09:14;11:16:09;nan;6;Hyaloperonospora parasitica
Idf07415;../data/VAULT/Bousset_data/Images/Mil/Idf07415.jpg;Mil;Mildiou;Champignon;Hyaloperonospora parasitica;1;vault;2023:09:14;11:17:55;nan;6;Hyaloperonospora parasitica
Idf07417;../data/VAULT/Bousset_data/Images/Mil/Idf07417.jpg;Mil;Mildiou;Champignon;Hyaloperonospora parasitica;1;vault;2023:09:14;11:21:53;nan;6;Hyaloperonospora parasitica
Idf07418;../data/VAULT/Bousset_data/Images/Mil/Idf07418.jpg;Mil;Mildiou;Champignon;Hyaloperonospora parasitica;1;vault;2023:09:14;11:21:58;nan;6;Hyaloperonospora parasitica
Idf07420;../data/VAULT/Bousset_data/Images/Mil/Idf07420.jpg;Mil;Mildiou;Champignon;Hyaloperonospora parasitica;1;vault;2023:09:14;11:22:48;nan;6;Hyaloperonospora parasitica
Idf07421;../data/VAULT/Bousset_data/Images/Mil/Idf07421.jpg;Mil;Mildiou;Champignon;Hyaloperonospora parasitica;1;vault;2023:09:14;11:22:53;nan;6;Hyaloperonospora parasitica
Idf07422;../data/VAULT/Bousset_data/Images/Mil/Idf07422.jpg;Mil;Mildiou;Champignon;Hyaloperonospora parasitica;1;vault;2023:09:14;11:33:22;nan;6;Hyaloperonospora parasitica
Idf07423;../data/VAULT/Bousset_data/Images/Mil/Idf07423.jpg;Mil;Mildiou;Champignon;Hyaloperonospora parasitica;1;vault;2023:09:14;11:33:25;nan;6;Hyaloperonospora parasitica
Idf07424;../data/VAULT/Bousset_data/Images/Mil/Idf07424.jpg;Mil;Mildiou;Champignon;Hyaloperonospora parasitica;1;vault;2023:09:14;11:33:30;nan;6;Hyaloperonospora parasitica
Idf07435;../data/VAULT/Bousset_data/Images/Mil/Idf07435.jpg;Mil;Mildiou;Champignon;Hyaloperonospora parasitica;1;vault;2023:09:14;11:59:44;nan;6;Hyaloperonospora parasitica
Idf07449;../data/VAULT/Bousset_data/Images/Mil/Idf07449.jpg;Mil;Mildiou;Champignon;Hyaloperonospora parasitica;1;vault;2023:09:14;12:01:25;nan;6;Hyaloperonospora parasitica
Idf07450;../data/VAULT/Bousset_data/Images/Mil/Idf07450.jpg;Mil;Mildiou;Champignon;Hyaloperonospora parasitica;1;vault;2023:09:14;12:01:34;nan;6;Hyaloperonospora parasitica
Idf07451;../data/VAULT/Bousset_data/Images/Mil/Idf07451.jpg;Mil;Mildiou;Champignon;Hyaloperonospora parasitica;1;vault;2023:09:14;12:01:58;nan;6;Hyaloperonospora parasitica
Idf07456;../data/VAULT/Bousset_data/Images/Mil/Idf07456.jpg;Mil;Mildiou;Champignon;Hyaloperonospora parasitica;1;vault;2023:09:14;12:03:18;nan;6;Hyaloperonospora parasitica
Idf07457;../data/VAULT/Bousset_data/Images/Mil/Idf07457.jpg;Mil;Mildiou;Champignon;Hyaloperonospora parasitica;1;vault;2023:09:14;12:03:24;nan;6;Hyaloperonospora parasitica
Idf07458;../data/VAULT/Bousset_data/Images/Mil/Idf07458.jpg;Mil;Mildiou;Champignon;Hyaloperonospora parasitica;1;vault;2023:09:14;12:03:27;nan;6;Hyaloperonospora parasitica
Idf07460;../data/VAULT/Bousset_data/Images/Mil/Idf07460.jpg;Mil;Mildiou;Champignon;Hyaloperonospora parasitica;1;vault;2023:09:14;12:03:36;nan;6;Hyaloperonospora parasitica
Idf07461;../data/VAULT/Bousset_data/Images/Mil/Idf07461.jpg;Mil;Mildiou;Champignon;Hyaloperonospora parasitica;1;vault;2023:09:14;12:03:41;nan;6;Hyaloperonospora parasitica
Idf07463;../data/VAULT/Bousset_data/Images/Mil/Idf07463.jpg;Mil;Mildiou;Champignon;Hyaloperonospora parasitica;1;vault;2023:09:14;12:03:58;nan;6;Hyaloperonospora parasitica
Idf07467;../data/VAULT/Bousset_data/Images/Mil/Idf07467.jpg;Mil;Mildiou;Champignon;Hyaloperonospora parasitica;1;vault;2023:09:14;12:04:34;nan;6;Hyaloperonospora parasitica
Idf07468;../data/VAULT/Bousset_data/Images/Mil/Idf07468.jpg;Mil;Mildiou;Champignon;Hyaloperonospora parasitica;1;vault;2023:09:14;12:04:38;nan;6;Hyaloperonospora parasitica
Idf07469;../data/VAULT/Bousset_data/Images/Mil/Idf07469.jpg;Mil;Mildiou;Champignon;Hyaloperonospora parasitica;1;vault;2023:09:14;12:04:45;nan;6;Hyaloperonospora parasitica
Idf07470;../data/VAULT/Bousset_data/Images/Mil/Idf07470.jpg;Mil;Mildiou;Champignon;Hyaloperonospora parasitica;1;vault;2023:09:14;12:04:54;nan;6;Hyaloperonospora parasitica
Idf07471;../data/VAULT/Bousset_data/Images/Mil/Idf07471.jpg;Mil;Mildiou;Champignon;Hyaloperonospora parasitica;1;vault;2023:09:14;12:05:00;nan;6;Hyaloperonospora parasitica
Idf07478;../data/VAULT/Bousset_data/Images/Mil/Idf07478.jpg;Mil;Mildiou;Champignon;Hyaloperonospora parasitica;1;vault;2023:09:14;12:05:24;nan;6;Hyaloperonospora parasitica
Idf07484;../data/VAULT/Bousset_data/Images/Mil/Idf07484.jpg;Mil;Mildiou;Champignon;Hyaloperonospora parasitica;1;vault;2023:09:14;12:06:17;nan;6;Hyaloperonospora parasitica
Idf07490;../data/Bousset_data/Images/Mil/Idf07490.jpg;Mil;Mildiou;Champignon;Hyaloperonospora parasitica;1;train;2023:09:19;15:03:55;nan;6;Hyaloperonospora parasitica
Idf07492;../data/Bousset_data/Images/Mil/Idf07492.jpg;Mil;Mildiou;Champignon;Hyaloperonospora parasitica;1;train;2023:09:19;15:04:02;nan;6;Hyaloperonospora parasitica
Idf07493;../data/Bousset_data/Images/Mil/Idf07493.jpg;Mil;Mildiou;Champignon;Hyaloperonospora parasitica;1;train;2023:09:19;15:04:09;nan;6;Hyaloperonospora parasitica
Idf07495;../data/Bousset_data/Images/Mil/Idf07495.jpg;Mil;Mildiou;Champignon;Hyaloperonospora parasitica;1;train;2023:09:19;15:04:15;nan;6;Hyaloperonospora parasitica
Idf07496;../data/Bousset_data/Images/Mil/Idf07496.jpg;Mil;Mildiou;Champignon;Hyaloperonospora parasitica;1;train;2023:09:19;15:04:19;nan;6;Hyaloperonospora parasitica
Idf07497;../data/Bousset_data/Images/Mil/Idf07497.jpg;Mil;Mildiou;Champignon;Hyaloperonospora parasitica;1;train;2023:09:19;15:04:22;nan;6;Hyaloperonospora parasitica
Idf07498;../data/Bousset_data/Images/Mil/Idf07498.jpg;Mil;Mildiou;Champignon;Hyaloperonospora parasitica;1;train;2023:09:19;15:04:28;nan;6;Hyaloperonospora parasitica
Idf07504;../data/Bousset_data/Images/Mil/Idf07504.jpg;Mil;Mildiou;Champignon;Hyaloperonospora parasitica;1;train;2023:09:19;15:05:03;nan;6;Hyaloperonospora parasitica
Idf07505;../data/Bousset_data/Images/Mil/Idf07505.jpg;Mil;Mildiou;Champignon;Hyaloperonospora parasitica;1;train;2023:09:19;15:05:06;nan;6;Hyaloperonospora parasitica
Idf07506;../data/Bousset_data/Images/Mil/Idf07506.jpg;Mil;Mildiou;Champignon;Hyaloperonospora parasitica;1;train;2023:09:19;15:05:11;nan;6;Hyaloperonospora parasitica
Idf07507;../data/Bousset_data/Images/Mil/Idf07507.jpg;Mil;Mildiou;Champignon;Hyaloperonospora parasitica;1;train;2023:09:19;15:05:13;nan;6;Hyaloperonospora parasitica
Idf07508;../data/Bousset_data/Images/Mil/Idf07508.jpg;Mil;Mildiou;Champignon;Hyaloperonospora parasitica;1;train;2023:09:19;15:05:19;nan;6;Hyaloperonospora parasitica
Idf07509;../data/Bousset_data/Images/Mil/Idf07509.jpg;Mil;Mildiou;Champignon;Hyaloperonospora parasitica;1;train;2023:09:19;15:05:21;nan;6;Hyaloperonospora parasitica
Idf07510;../data/Bousset_data/Images/Mil/Idf07510.jpg;Mil;Mildiou;Champignon;Hyaloperonospora parasitica;1;train;2023:09:19;15:05:26;nan;6;Hyaloperonospora parasitica
Idf07513;../data/Bousset_data/Images/Mil/Idf07513.jpg;Mil;Mildiou;Champignon;Hyaloperonospora parasitica;1;train;2023:09:19;15:05:41;nan;6;Hyaloperonospora parasitica
Idf07516;../data/Bousset_data/Images/Mil/Idf07516.jpg;Mil;Mildiou;Champignon;Hyaloperonospora parasitica;1;train;2023:09:19;15:06:10;nan;6;Hyaloperonospora parasitica
Idf07518;../data/Bousset_data/Images/Mil/Idf07518.jpg;Mil;Mildiou;Champignon;Hyaloperonospora parasitica;1;train;2023:09:19;15:06:17;nan;6;Hyaloperonospora parasitica
Idf07520;../data/Bousset_data/Images/Mil/Idf07520.jpg;Mil;Mildiou;Champignon;Hyaloperonospora parasitica;1;train;2023:09:19;15:06:36;nan;6;Hyaloperonospora parasitica
Idf07522;../data/Bousset_data/Images/Mil/Idf07522.jpg;Mil;Mildiou;Champignon;Hyaloperonospora parasitica;1;train;2023:09:19;15:06:59;nan;6;Hyaloperonospora parasitica
Idf07523;../data/Bousset_data/Images/Mil/Idf07523.jpg;Mil;Mildiou;Champignon;Hyaloperonospora parasitica;1;train;2023:09:19;15:07:04;nan;6;Hyaloperonospora parasitica
Idf07524;../data/Bousset_data/Images/Mil/Idf07524.jpg;Mil;Mildiou;Champignon;Hyaloperonospora parasitica;1;train;2023:09:19;15:07:14;nan;6;Hyaloperonospora parasitica
Idf07525;../data/Bousset_data/Images/Mil/Idf07525.jpg;Mil;Mildiou;Champignon;Hyaloperonospora parasitica;1;train;2023:09:19;15:07:20;nan;6;Hyaloperonospora parasitica
Idf07526;../data/Bousset_data/Images/Mil/Idf07526.jpg;Mil;Mildiou;Champignon;Hyaloperonospora parasitica;1;train;2023:09:19;15:07:47;nan;6;Hyaloperonospora parasitica
Idf07527;../data/Bousset_data/Images/Mil/Idf07527.jpg;Mil;Mildiou;Champignon;Hyaloperonospora parasitica;1;train;2023:09:19;15:07:57;nan;6;Hyaloperonospora parasitica
Idf07528;../data/Bousset_data/Images/Mil/Idf07528.jpg;Mil;Mildiou;Champignon;Hyaloperonospora parasitica;1;train;2023:09:19;15:08:08;nan;6;Hyaloperonospora parasitica
Idf07530;../data/Bousset_data/Images/Mil/Idf07530.jpg;Mil;Mildiou;Champignon;Hyaloperonospora parasitica;1;train;2023:09:19;15:08:34;nan;6;Hyaloperonospora parasitica
Idf07533;../data/Bousset_data/Images/Mil/Idf07533.jpg;Mil;Mildiou;Champignon;Hyaloperonospora parasitica;1;train;2023:09:19;15:08:57;nan;6;Hyaloperonospora parasitica
Idf07534;../data/Bousset_data/Images/Mil/Idf07534.jpg;Mil;Mildiou;Champignon;Hyaloperonospora parasitica;1;train;2023:09:19;15:08:59;nan;6;Hyaloperonospora parasitica
Idf07536;../data/Bousset_data/Images/Mil/Idf07536.jpg;Mil;Mildiou;Champignon;Hyaloperonospora parasitica;1;train;2023:09:19;15:09:15;nan;6;Hyaloperonospora parasitica
Idf07538;../data/Bousset_data/Images/Mil/Idf07538.jpg;Mil;Mildiou;Champignon;Hyaloperonospora parasitica;1;train;2023:09:19;15:09:36;nan;6;Hyaloperonospora parasitica
Idf07539;../data/Bousset_data/Images/Mil/Idf07539.jpg;Mil;Mildiou;Champignon;Hyaloperonospora parasitica;1;train;2023:09:19;15:09:38;nan;6;Hyaloperonospora parasitica
Idf07540;../data/Bousset_data/Images/Mil/Idf07540.jpg;Mil;Mildiou;Champignon;Hyaloperonospora parasitica;1;train;2023:09:19;15:09:48;nan;6;Hyaloperonospora parasitica
Idf07542;../data/Bousset_data/Images/Mil/Idf07542.jpg;Mil;Mildiou;Champignon;Hyaloperonospora parasitica;1;train;2023:09:19;15:10:03;nan;6;Hyaloperonospora parasitica
Idf07543;../data/Bousset_data/Images/Mil/Idf07543.jpg;Mil;Mildiou;Champignon;Hyaloperonospora parasitica;1;train;2023:09:19;15:10:08;nan;6;Hyaloperonospora parasitica
Idf07549;../data/Bousset_data/Images/Mil/Idf07549.jpg;Mil;Mildiou;Champignon;Hyaloperonospora parasitica;1;train;2023:09:19;15:11:53;nan;6;Hyaloperonospora parasitica
Idf07550;../data/Bousset_data/Images/Mil/Idf07550.jpg;Mil;Mildiou;Champignon;Hyaloperonospora parasitica;1;train;2023:09:19;15:11:55;nan;6;Hyaloperonospora parasitica
Idf07551;../data/Bousset_data/Images/Mil/Idf07551.jpg;Mil;Mildiou;Champignon;Hyaloperonospora parasitica;1;train;2023:09:19;15:11:57;nan;6;Hyaloperonospora parasitica
Idf07552;../data/Bousset_data/Images/Mil/Idf07552.jpg;Mil;Mildiou;Champignon;Hyaloperonospora parasitica;1;train;2023:09:19;15:12:04;nan;6;Hyaloperonospora parasitica
Idf07553;../data/Bousset_data/Images/Mil/Idf07553.jpg;Mil;Mildiou;Champignon;Hyaloperonospora parasitica;1;train;2023:09:19;15:12:07;nan;6;Hyaloperonospora parasitica
Idf07554;../data/Bousset_data/Images/Mil/Idf07554.jpg;Mil;Mildiou;Champignon;Hyaloperonospora parasitica;1;train;2023:09:19;15:12:28;nan;6;Hyaloperonospora parasitica
Idf07555;../data/Bousset_data/Images/Mil/Idf07555.jpg;Mil;Mildiou;Champignon;Hyaloperonospora parasitica;1;train;2023:09:19;15:12:33;nan;6;Hyaloperonospora parasitica
Idf07558;../data/Bousset_data/Images/Mil/Idf07558.jpg;Mil;Mildiou;Champignon;Hyaloperonospora parasitica;1;train;2023:09:19;15:12:39;nan;6;Hyaloperonospora parasitica
Idf07560;../data/Bousset_data/Images/Mil/Idf07560.jpg;Mil;Mildiou;Champignon;Hyaloperonospora parasitica;1;train;2023:09:19;15:12:57;nan;6;Hyaloperonospora parasitica
Idf07561;../data/Bousset_data/Images/Mil/Idf07561.jpg;Mil;Mildiou;Champignon;Hyaloperonospora parasitica;1;train;2023:09:19;15:13:00;nan;6;Hyaloperonospora parasitica
Idf07562;../data/Bousset_data/Images/Mil/Idf07562.jpg;Mil;Mildiou;Champignon;Hyaloperonospora parasitica;1;train;2023:09:19;15:13:02;nan;6;Hyaloperonospora parasitica
Idf07563;../data/Bousset_data/Images/Mil/Idf07563.jpg;Mil;Mildiou;Champignon;Hyaloperonospora parasitica;1;train;2023:09:19;15:13:16;nan;6;Hyaloperonospora parasitica
Idf07564;../data/Bousset_data/Images/Mil/Idf07564.jpg;Mil;Mildiou;Champignon;Hyaloperonospora parasitica;1;train;2023:09:19;15:13:21;nan;6;Hyaloperonospora parasitica
Idf07565;../data/Bousset_data/Images/Mil/Idf07565.jpg;Mil;Mildiou;Champignon;Hyaloperonospora parasitica;1;train;2023:09:19;15:13:28;nan;6;Hyaloperonospora parasitica
Idf07566;../data/Bousset_data/Images/Mil/Idf07566.jpg;Mil;Mildiou;Champignon;Hyaloperonospora parasitica;1;train;2023:09:19;15:13:37;nan;6;Hyaloperonospora parasitica
Idf07633;../data/Bousset_data/Images/Mil/Idf07633.jpg;Mil;Mildiou;Champignon;Hyaloperonospora parasitica;1;train;2023:09:19;17:56:24;nan;6;Hyaloperonospora parasitica
Idf07634;../data/Bousset_data/Images/Mil/Idf07634.jpg;Mil;Mildiou;Champignon;Hyaloperonospora parasitica;1;train;2023:09:19;17:56:26;nan;6;Hyaloperonospora parasitica
Idf07636;../data/Bousset_data/Images/Mil/Idf07636.jpg;Mil;Mildiou;Champignon;Hyaloperonospora parasitica;1;train;2023:09:19;17:56:49;nan;6;Hyaloperonospora parasitica
Idf07637;../data/Bousset_data/Images/Mil/Idf07637.jpg;Mil;Mildiou;Champignon;Hyaloperonospora parasitica;1;train;2023:09:19;17:56:58;nan;6;Hyaloperonospora parasitica
Idf07638;../data/Bousset_data/Images/Mil/Idf07638.jpg;Mil;Mildiou;Champignon;Hyaloperonospora parasitica;1;train;2023:09:19;17:57:08;nan;6;Hyaloperonospora parasitica
Idf07639;../data/Bousset_data/Images/Mil/Idf07639.jpg;Mil;Mildiou;Champignon;Hyaloperonospora parasitica;1;train;2023:09:19;17:57:11;nan;6;Hyaloperonospora parasitica
Idf07640;../data/Bousset_data/Images/Mil/Idf07640.jpg;Mil;Mildiou;Champignon;Hyaloperonospora parasitica;1;train;2023:09:19;17:57:24;nan;6;Hyaloperonospora parasitica
Idf07641;../data/Bousset_data/Images/Mil/Idf07641.jpg;Mil;Mildiou;Champignon;Hyaloperonospora parasitica;1;train;2023:09:19;17:57:26;nan;6;Hyaloperonospora parasitica
Idf07642;../data/Bousset_data/Images/Mil/Idf07642.jpg;Mil;Mildiou;Champignon;Hyaloperonospora parasitica;1;train;2023:09:19;17:57:29;nan;6;Hyaloperonospora parasitica
Idf07643;../data/Bousset_data/Images/Mil/Idf07643.jpg;Mil;Mildiou;Champignon;Hyaloperonospora parasitica;1;train;2023:09:19;17:57:32;nan;6;Hyaloperonospora parasitica
Idf07644;../data/Bousset_data/Images/Mil/Idf07644.jpg;Mil;Mildiou;Champignon;Hyaloperonospora parasitica;1;train;2023:09:19;17:57:34;nan;6;Hyaloperonospora parasitica
Idf07645;../data/Bousset_data/Images/Mil/Idf07645.jpg;Mil;Mildiou;Champignon;Hyaloperonospora parasitica;1;train;2023:09:19;17:57:44;nan;6;Hyaloperonospora parasitica
Idf07646;../data/Bousset_data/Images/Mil/Idf07646.jpg;Mil;Mildiou;Champignon;Hyaloperonospora parasitica;1;train;2023:09:19;17:57:52;nan;6;Hyaloperonospora parasitica
Idf07651;../data/Bousset_data/Images/Mil/Idf07651.jpg;Mil;Mildiou;Champignon;Hyaloperonospora parasitica;1;train;2023:09:19;17:58:15;nan;6;Hyaloperonospora parasitica
Idf07652;../data/Bousset_data/Images/Mil/Idf07652.jpg;Mil;Mildiou;Champignon;Hyaloperonospora parasitica;1;train;2023:09:19;17:58:25;nan;6;Hyaloperonospora parasitica
Idf07653;../data/Bousset_data/Images/Mil/Idf07653.jpg;Mil;Mildiou;Champignon;Hyaloperonospora parasitica;1;train;2023:09:19;17:58:28;nan;6;Hyaloperonospora parasitica
Idf07654;../data/Bousset_data/Images/Mil/Idf07654.jpg;Mil;Mildiou;Champignon;Hyaloperonospora parasitica;1;train;2023:09:19;17:58:36;nan;6;Hyaloperonospora parasitica
Idf07655;../data/Bousset_data/Images/Mil/Idf07655.jpg;Mil;Mildiou;Champignon;Hyaloperonospora parasitica;1;train;2023:09:19;17:58:38;nan;6;Hyaloperonospora parasitica
Idf07656;../data/Bousset_data/Images/Mil/Idf07656.jpg;Mil;Mildiou;Champignon;Hyaloperonospora parasitica;1;train;2023:09:19;17:58:40;nan;6;Hyaloperonospora parasitica
Idf07657;../data/Bousset_data/Images/Mil/Idf07657.jpg;Mil;Mildiou;Champignon;Hyaloperonospora parasitica;1;train;2023:09:19;17:58:42;nan;6;Hyaloperonospora parasitica
Idf07658;../data/Bousset_data/Images/Mil/Idf07658.jpg;Mil;Mildiou;Champignon;Hyaloperonospora parasitica;1;train;2023:09:19;17:58:45;nan;6;Hyaloperonospora parasitica
Idf07659;../data/Bousset_data/Images/Mil/Idf07659.jpg;Mil;Mildiou;Champignon;Hyaloperonospora parasitica;1;train;2023:09:19;17:58:47;nan;6;Hyaloperonospora parasitica
Idf07660;../data/Bousset_data/Images/Mil/Idf07660.jpg;Mil;Mildiou;Champignon;Hyaloperonospora parasitica;1;train;2023:09:19;17:58:49;nan;6;Hyaloperonospora parasitica
Idf07661;../data/Bousset_data/Images/Mil/Idf07661.jpg;Mil;Mildiou;Champignon;Hyaloperonospora parasitica;1;train;2023:09:19;17:58:51;nan;6;Hyaloperonospora parasitica
Idf07662;../data/Bousset_data/Images/Mil/Idf07662.jpg;Mil;Mildiou;Champignon;Hyaloperonospora parasitica;1;train;2023:09:19;17:59:03;nan;6;Hyaloperonospora parasitica
Idf07663;../data/Bousset_data/Images/Mil/Idf07663.jpg;Mil;Mildiou;Champignon;Hyaloperonospora parasitica;1;train;2023:09:19;17:59:14;nan;6;Hyaloperonospora parasitica
Idf07664;../data/Bousset_data/Images/Mil/Idf07664.jpg;Mil;Mildiou;Champignon;Hyaloperonospora parasitica;1;train;2023:09:19;17:59:31;nan;6;Hyaloperonospora parasitica
Idf07665;../data/Bousset_data/Images/Mil/Idf07665.jpg;Mil;Mildiou;Champignon;Hyaloperonospora parasitica;1;train;2023:09:19;17:59:44;nan;6;Hyaloperonospora parasitica
Idf07666;../data/Bousset_data/Images/Mil/Idf07666.jpg;Mil;Mildiou;Champignon;Hyaloperonospora parasitica;1;train;2023:09:19;17:59:46;nan;6;Hyaloperonospora parasitica
Idf07667;../data/Bousset_data/Images/Mil/Idf07667.jpg;Mil;Mildiou;Champignon;Hyaloperonospora parasitica;1;train;2023:09:19;17:59:56;nan;6;Hyaloperonospora parasitica
Idf07668;../data/Bousset_data/Images/Mil/Idf07668.jpg;Mil;Mildiou;Champignon;Hyaloperonospora parasitica;1;train;2023:09:19;18:00:10;nan;6;Hyaloperonospora parasitica
Idf07669;../data/Bousset_data/Images/Mil/Idf07669.jpg;Mil;Mildiou;Champignon;Hyaloperonospora parasitica;1;train;2023:09:19;18:00:12;nan;6;Hyaloperonospora parasitica
Idf07670;../data/Bousset_data/Images/Mil/Idf07670.jpg;Mil;Mildiou;Champignon;Hyaloperonospora parasitica;1;train;2023:09:19;18:00:25;nan;6;Hyaloperonospora parasitica
Idf07672;../data/Bousset_data/Images/Mil/Idf07672.jpg;Mil;Mildiou;Champignon;Hyaloperonospora parasitica;1;train;2023:09:19;18:00:28;nan;6;Hyaloperonospora parasitica
Idf07674;../data/Bousset_data/Images/Mil/Idf07674.jpg;Mil;Mildiou;Champignon;Hyaloperonospora parasitica;1;train;2023:09:19;18:00:34;nan;6;Hyaloperonospora parasitica
Idf07675;../data/Bousset_data/Images/Mil/Idf07675.jpg;Mil;Mildiou;Champignon;Hyaloperonospora parasitica;1;train;2023:09:19;18:00:36;nan;6;Hyaloperonospora parasitica
Idf07676;../data/Bousset_data/Images/Mil/Idf07676.jpg;Mil;Mildiou;Champignon;Hyaloperonospora parasitica;1;train;2023:09:19;18:00:49;nan;6;Hyaloperonospora parasitica
Idf07677;../data/Bousset_data/Images/Mil/Idf07677.jpg;Mil;Mildiou;Champignon;Hyaloperonospora parasitica;1;train;2023:09:19;18:00:50;nan;6;Hyaloperonospora parasitica
Idf07678;../data/Bousset_data/Images/Mil/Idf07678.jpg;Mil;Mildiou;Champignon;Hyaloperonospora parasitica;1;train;2023:09:19;18:01:01;nan;6;Hyaloperonospora parasitica
Idf07680;../data/Bousset_data/Images/Mil/Idf07680.jpg;Mil;Mildiou;Champignon;Hyaloperonospora parasitica;1;train;2023:09:19;18:01:04;nan;6;Hyaloperonospora parasitica
Idf07681;../data/Bousset_data/Images/Mil/Idf07681.jpg;Mil;Mildiou;Champignon;Hyaloperonospora parasitica;1;train;2023:09:19;18:01:06;nan;6;Hyaloperonospora parasitica
Idf07682;../data/Bousset_data/Images/Mil/Idf07682.jpg;Mil;Mildiou;Champignon;Hyaloperonospora parasitica;1;train;2023:09:19;18:01:09;nan;6;Hyaloperonospora parasitica
Idf07683;../data/Bousset_data/Images/Mil/Idf07683.jpg;Mil;Mildiou;Champignon;Hyaloperonospora parasitica;1;train;2023:09:19;18:01:13;nan;6;Hyaloperonospora parasitica
Idf07684;../data/Bousset_data/Images/Mil/Idf07684.jpg;Mil;Mildiou;Champignon;Hyaloperonospora parasitica;1;train;2023:09:19;18:01:43;nan;6;Hyaloperonospora parasitica
Idf07685;../data/Bousset_data/Images/Mil/Idf07685.jpg;Mil;Mildiou;Champignon;Hyaloperonospora parasitica;1;train;2023:09:19;18:01:52;nan;6;Hyaloperonospora parasitica
Idf07686;../data/Bousset_data/Images/Mil/Idf07686.jpg;Mil;Mildiou;Champignon;Hyaloperonospora parasitica;1;train;2023:09:19;18:01:55;nan;6;Hyaloperonospora parasitica
Idf07687;../data/Bousset_data/Images/Mil/Idf07687.jpg;Mil;Mildiou;Champignon;Hyaloperonospora parasitica;1;train;2023:09:19;18:01:57;nan;6;Hyaloperonospora parasitica
Idf07688;../data/Bousset_data/Images/Mil/Idf07688.jpg;Mil;Mildiou;Champignon;Hyaloperonospora parasitica;1;train;2023:09:19;18:02:00;nan;6;Hyaloperonospora parasitica
Idf07689;../data/Bousset_data/Images/Mil/Idf07689.jpg;Mil;Mildiou;Champignon;Hyaloperonospora parasitica;1;train;2023:09:19;18:02:05;nan;6;Hyaloperonospora parasitica
Idf07690;../data/Bousset_data/Images/Mil/Idf07690.jpg;Mil;Mildiou;Champignon;Hyaloperonospora parasitica;1;train;2023:09:19;18:02:16;nan;6;Hyaloperonospora parasitica
Idf07691;../data/Bousset_data/Images/Mil/Idf07691.jpg;Mil;Mildiou;Champignon;Hyaloperonospora parasitica;1;train;2023:09:19;18:02:19;nan;6;Hyaloperonospora parasitica
Idf07692;../data/Bousset_data/Images/Mil/Idf07692.jpg;Mil;Mildiou;Champignon;Hyaloperonospora parasitica;1;train;2023:09:19;18:02:21;nan;6;Hyaloperonospora parasitica
Idf07693;../data/Bousset_data/Images/Mil/Idf07693.jpg;Mil;Mildiou;Champignon;Hyaloperonospora parasitica;1;train;2023:09:19;18:02:23;nan;6;Hyaloperonospora parasitica
Idf07694;../data/Bousset_data/Images/Mil/Idf07694.jpg;Mil;Mildiou;Champignon;Hyaloperonospora parasitica;1;train;2023:09:19;18:02:24;nan;6;Hyaloperonospora parasitica
Idf07696;../data/Bousset_data/Images/Mil/Idf07696.jpg;Mil;Mildiou;Champignon;Hyaloperonospora parasitica;1;train;2023:09:19;18:02:29;nan;6;Hyaloperonospora parasitica
Idf07707;../data/Bousset_data/Images/Mil/Idf07707.jpg;Mil;Mildiou;Champignon;Hyaloperonospora parasitica;1;train;2023:09:22;11:32:27;nan;6;Hyaloperonospora parasitica
Idf07708;../data/Bousset_data/Images/Mil/Idf07708.jpg;Mil;Mildiou;Champignon;Hyaloperonospora parasitica;1;train;2023:09:22;11:32:38;nan;6;Hyaloperonospora parasitica
Idf07709;../data/Bousset_data/Images/Mil/Idf07709.jpg;Mil;Mildiou;Champignon;Hyaloperonospora parasitica;1;train;2023:09:22;11:33:12;nan;6;Hyaloperonospora parasitica
Idf07724;../data/Bousset_data/Images/Mil/Idf07724.jpg;Mil;Mildiou;Champignon;Hyaloperonospora parasitica;1;train;2023:09:22;11:39:39;nan;6;Hyaloperonospora parasitica
Idf07726;../data/Bousset_data/Images/Mil/Idf07726.jpg;Mil;Mildiou;Champignon;Hyaloperonospora parasitica;1;train;2023:09:22;11:40:27;nan;6;Hyaloperonospora parasitica
Idf07730;../data/Bousset_data/Images/Mil/Idf07730.jpg;Mil;Mildiou;Champignon;Hyaloperonospora parasitica;1;train;2023:09:22;11:42:00;nan;6;Hyaloperonospora parasitica
Idf07746;../data/Bousset_data/Images/Mil/Idf07746.jpg;Mil;Mildiou;Champignon;Hyaloperonospora parasitica;1;train;2023:09:22;11:45:20;nan;6;Hyaloperonospora parasitica
Idf07747;../data/Bousset_data/Images/Mil/Idf07747.jpg;Mil;Mildiou;Champignon;Hyaloperonospora parasitica;1;train;2023:09:22;11:45:34;nan;6;Hyaloperonospora parasitica
Idf07748;../data/Bousset_data/Images/Mil/Idf07748.jpg;Mil;Mildiou;Champignon;Hyaloperonospora parasitica;1;train;2023:09:22;11:45:47;nan;6;Hyaloperonospora parasitica
Idf07749;../data/Bousset_data/Images/Mil/Idf07749.jpg;Mil;Mildiou;Champignon;Hyaloperonospora parasitica;1;train;2023:09:22;11:46:05;nan;6;Hyaloperonospora parasitica
Idf07757;../data/Bousset_data/Images/Mil/Idf07757.jpg;Mil;Mildiou;Champignon;Hyaloperonospora parasitica;1;train;2023:09:22;11:48:52;nan;6;Hyaloperonospora parasitica
Idf07760;../data/Bousset_data/Images/Mil/Idf07760.jpg;Mil;Mildiou;Champignon;Hyaloperonospora parasitica;1;train;2023:09:26;10:57:34;nan;6;Hyaloperonospora parasitica
Idf07761;../data/Bousset_data/Images/Mil/Idf07761.jpg;Mil;Mildiou;Champignon;Hyaloperonospora parasitica;1;train;2023:09:26;10:57:38;nan;6;Hyaloperonospora parasitica
Idf07762;../data/Bousset_data/Images/Mil/Idf07762.jpg;Mil;Mildiou;Champignon;Hyaloperonospora parasitica;1;train;2023:09:26;10:57:39;nan;6;Hyaloperonospora parasitica
Idf07763;../data/Bousset_data/Images/Mil/Idf07763.jpg;Mil;Mildiou;Champignon;Hyaloperonospora parasitica;1;train;2023:09:26;10:57:46;nan;6;Hyaloperonospora parasitica
Idf07764;../data/Bousset_data/Images/Mil/Idf07764.jpg;Mil;Mildiou;Champignon;Hyaloperonospora parasitica;1;train;2023:09:26;10:57:52;nan;6;Hyaloperonospora parasitica
Idf07766;../data/Bousset_data/Images/Mil/Idf07766.jpg;Mil;Mildiou;Champignon;Hyaloperonospora parasitica;1;train;2023:09:26;10:58:07;nan;6;Hyaloperonospora parasitica
Idf07767;../data/Bousset_data/Images/Mil/Idf07767.jpg;Mil;Mildiou;Champignon;Hyaloperonospora parasitica;1;train;2023:09:26;10:58:12;nan;6;Hyaloperonospora parasitica
Idf07768;../data/Bousset_data/Images/Mil/Idf07768.jpg;Mil;Mildiou;Champignon;Hyaloperonospora parasitica;1;train;2023:09:26;10:58:19;nan;6;Hyaloperonospora parasitica
Idf07770;../data/Bousset_data/Images/Mil/Idf07770.jpg;Mil;Mildiou;Champignon;Hyaloperonospora parasitica;1;train;2023:09:26;10:58:23;nan;6;Hyaloperonospora parasitica
Idf07771;../data/Bousset_data/Images/Mil/Idf07771.jpg;Mil;Mildiou;Champignon;Hyaloperonospora parasitica;1;train;2023:09:26;10:58:33;nan;6;Hyaloperonospora parasitica
Idf07772;../data/Bousset_data/Images/Mil/Idf07772.jpg;Mil;Mildiou;Champignon;Hyaloperonospora parasitica;1;train;2023:09:26;10:58:42;nan;6;Hyaloperonospora parasitica
Idf07773;../data/Bousset_data/Images/Mil/Idf07773.jpg;Mil;Mildiou;Champignon;Hyaloperonospora parasitica;1;train;2023:09:26;10:58:44;nan;6;Hyaloperonospora parasitica
Idf07774;../data/Bousset_data/Images/Mil/Idf07774.jpg;Mil;Mildiou;Champignon;Hyaloperonospora parasitica;1;train;2023:09:26;10:58:46;nan;6;Hyaloperonospora parasitica
Idf07775;../data/Bousset_data/Images/Mil/Idf07775.jpg;Mil;Mildiou;Champignon;Hyaloperonospora parasitica;1;train;2023:09:26;10:58:59;nan;6;Hyaloperonospora parasitica
Idf07776;../data/Bousset_data/Images/Mil/Idf07776.jpg;Mil;Mildiou;Champignon;Hyaloperonospora parasitica;1;train;2023:09:26;10:59:01;nan;6;Hyaloperonospora parasitica
Idf07777;../data/Bousset_data/Images/Mil/Idf07777.jpg;Mil;Mildiou;Champignon;Hyaloperonospora parasitica;1;train;2023:09:26;10:59:38;nan;6;Hyaloperonospora parasitica
Idf07778;../data/Bousset_data/Images/Mil/Idf07778.jpg;Mil;Mildiou;Champignon;Hyaloperonospora parasitica;1;train;2023:09:26;10:59:40;nan;6;Hyaloperonospora parasitica
Idf07782;../data/Bousset_data/Images/Mil/Idf07782.jpg;Mil;Mildiou;Champignon;Hyaloperonospora parasitica;1;train;2023:09:26;10:59:57;nan;6;Hyaloperonospora parasitica
Idf07783;../data/Bousset_data/Images/Mil/Idf07783.jpg;Mil;Mildiou;Champignon;Hyaloperonospora parasitica;1;train;2023:09:26;11:00:11;nan;6;Hyaloperonospora parasitica
Idf07784;../data/Bousset_data/Images/Mil/Idf07784.jpg;Mil;Mildiou;Champignon;Hyaloperonospora parasitica;1;train;2023:09:26;11:00:14;nan;6;Hyaloperonospora parasitica
Idf07788;../data/Bousset_data/Images/Mil/Idf07788.jpg;Mil;Mildiou;Champignon;Hyaloperonospora parasitica;1;train;2023:09:26;11:01:29;nan;6;Hyaloperonospora parasitica
Idf07791;../data/Bousset_data/Images/Mil/Idf07791.jpg;Mil;Mildiou;Champignon;Hyaloperonospora parasitica;1;train;2023:09:26;11:02:02;nan;6;Hyaloperonospora parasitica
Idf07793;../data/Bousset_data/Images/Mil/Idf07793.jpg;Mil;Mildiou;Champignon;Hyaloperonospora parasitica;1;train;2023:09:26;11:02:17;nan;6;Hyaloperonospora parasitica
Idf07794;../data/Bousset_data/Images/Mil/Idf07794.jpg;Mil;Mildiou;Champignon;Hyaloperonospora parasitica;1;train;2023:09:26;11:02:27;nan;6;Hyaloperonospora parasitica
Idf07795;../data/Bousset_data/Images/Mil/Idf07795.jpg;Mil;Mildiou;Champignon;Hyaloperonospora parasitica;1;train;2023:09:26;11:02:36;nan;6;Hyaloperonospora parasitica
Idf07796;../data/Bousset_data/Images/Mil/Idf07796.jpg;Mil;Mildiou;Champignon;Hyaloperonospora parasitica;1;train;2023:09:26;11:02:40;nan;6;Hyaloperonospora parasitica
Idf07797;../data/Bousset_data/Images/Mil/Idf07797.jpg;Mil;Mildiou;Champignon;Hyaloperonospora parasitica;1;train;2023:09:26;11:02:44;nan;6;Hyaloperonospora parasitica
Idf07799;../data/Bousset_data/Images/Mil/Idf07799.jpg;Mil;Mildiou;Champignon;Hyaloperonospora parasitica;1;train;2023:09:26;11:03:03;nan;6;Hyaloperonospora parasitica
Idf07800;../data/Bousset_data/Images/Mil/Idf07800.jpg;Mil;Mildiou;Champignon;Hyaloperonospora parasitica;1;train;2023:09:26;11:03:09;nan;6;Hyaloperonospora parasitica
Idf07801;../data/Bousset_data/Images/Mil/Idf07801.jpg;Mil;Mildiou;Champignon;Hyaloperonospora parasitica;1;train;2023:09:26;11:03:16;nan;6;Hyaloperonospora parasitica
Idf07802;../data/Bousset_data/Images/Mil/Idf07802.jpg;Mil;Mildiou;Champignon;Hyaloperonospora parasitica;1;train;2023:09:26;11:03:19;nan;6;Hyaloperonospora parasitica
Idf07803;../data/Bousset_data/Images/Mil/Idf07803.jpg;Mil;Mildiou;Champignon;Hyaloperonospora parasitica;1;train;2023:09:26;11:03:22;nan;6;Hyaloperonospora parasitica
Idf07804;../data/Bousset_data/Images/Mil/Idf07804.jpg;Mil;Mildiou;Champignon;Hyaloperonospora parasitica;1;train;2023:09:26;11:03:24;nan;6;Hyaloperonospora parasitica
Idf07805;../data/Bousset_data/Images/Mil/Idf07805.jpg;Mil;Mildiou;Champignon;Hyaloperonospora parasitica;1;train;2023:09:26;11:03:27;nan;6;Hyaloperonospora parasitica
Idf07806;../data/Bousset_data/Images/Mil/Idf07806.jpg;Mil;Mildiou;Champignon;Hyaloperonospora parasitica;1;train;2023:09:26;11:03:29;nan;6;Hyaloperonospora parasitica
Idf07807;../data/Bousset_data/Images/Mil/Idf07807.jpg;Mil;Mildiou;Champignon;Hyaloperonospora parasitica;1;train;2023:09:26;11:03:31;nan;6;Hyaloperonospora parasitica
Idf07808;../data/Bousset_data/Images/Mil/Idf07808.jpg;Mil;Mildiou;Champignon;Hyaloperonospora parasitica;1;train;2023:09:26;11:03:37;nan;6;Hyaloperonospora parasitica
Idf07809;../data/Bousset_data/Images/Mil/Idf07809.jpg;Mil;Mildiou;Champignon;Hyaloperonospora parasitica;1;train;2023:09:26;11:03:59;nan;6;Hyaloperonospora parasitica
Idf07810;../data/Bousset_data/Images/Mil/Idf07810.jpg;Mil;Mildiou;Champignon;Hyaloperonospora parasitica;1;train;2023:09:26;11:04:23;nan;6;Hyaloperonospora parasitica
Idf07811;../data/Bousset_data/Images/Mil/Idf07811.jpg;Mil;Mildiou;Champignon;Hyaloperonospora parasitica;1;train;2023:09:26;11:04:41;nan;6;Hyaloperonospora parasitica
Idf07812;../data/Bousset_data/Images/Mil/Idf07812.jpg;Mil;Mildiou;Champignon;Hyaloperonospora parasitica;1;train;2023:09:26;11:04:43;nan;6;Hyaloperonospora parasitica
Idf07813;../data/Bousset_data/Images/Mil/Idf07813.jpg;Mil;Mildiou;Champignon;Hyaloperonospora parasitica;1;train;2023:09:26;11:05:03;nan;6;Hyaloperonospora parasitica
Idf07814;../data/Bousset_data/Images/Mil/Idf07814.jpg;Mil;Mildiou;Champignon;Hyaloperonospora parasitica;1;train;2023:09:26;11:05:09;nan;6;Hyaloperonospora parasitica
Idf07815;../data/Bousset_data/Images/Mil/Idf07815.jpg;Mil;Mildiou;Champignon;Hyaloperonospora parasitica;1;train;2023:09:26;11:05:57;nan;6;Hyaloperonospora parasitica
Idf07816;../data/Bousset_data/Images/Mil/Idf07816.jpg;Mil;Mildiou;Champignon;Hyaloperonospora parasitica;1;train;2023:09:26;11:05:59;nan;6;Hyaloperonospora parasitica
Idf07817;../data/Bousset_data/Images/Mil/Idf07817.jpg;Mil;Mildiou;Champignon;Hyaloperonospora parasitica;1;train;2023:09:26;11:06:27;nan;6;Hyaloperonospora parasitica
Idf07818;../data/Bousset_data/Images/Mil/Idf07818.jpg;Mil;Mildiou;Champignon;Hyaloperonospora parasitica;1;train;2023:09:26;11:06:29;nan;6;Hyaloperonospora parasitica
Idf07819;../data/Bousset_data/Images/Mil/Idf07819.jpg;Mil;Mildiou;Champignon;Hyaloperonospora parasitica;1;train;2023:09:26;11:06:38;nan;6;Hyaloperonospora parasitica
Idf07820;../data/Bousset_data/Images/Mil/Idf07820.jpg;Mil;Mildiou;Champignon;Hyaloperonospora parasitica;1;train;2023:09:26;11:06:46;nan;6;Hyaloperonospora parasitica
Idf07822;../data/Bousset_data/Images/Mil/Idf07822.jpg;Mil;Mildiou;Champignon;Hyaloperonospora parasitica;1;train;2023:09:26;11:06:54;nan;6;Hyaloperonospora parasitica
Idf07823;../data/Bousset_data/Images/Mil/Idf07823.jpg;Mil;Mildiou;Champignon;Hyaloperonospora parasitica;1;train;2023:09:26;11:07:01;nan;6;Hyaloperonospora parasitica
Idf07824;../data/Bousset_data/Images/Mil/Idf07824.jpg;Mil;Mildiou;Champignon;Hyaloperonospora parasitica;1;train;2023:09:26;11:07:11;nan;6;Hyaloperonospora parasitica
Idf07825;../data/Bousset_data/Images/Mil/Idf07825.jpg;Mil;Mildiou;Champignon;Hyaloperonospora parasitica;1;train;2023:09:26;11:07:20;nan;6;Hyaloperonospora parasitica
Idf07826;../data/Bousset_data/Images/Mil/Idf07826.jpg;Mil;Mildiou;Champignon;Hyaloperonospora parasitica;1;train;2023:09:26;11:07:26;nan;6;Hyaloperonospora parasitica
Idf07828;../data/Bousset_data/Images/Mil/Idf07828.jpg;Mil;Mildiou;Champignon;Hyaloperonospora parasitica;1;train;2023:09:26;11:08:02;nan;6;Hyaloperonospora parasitica
Idf07829;../data/Bousset_data/Images/Mil/Idf07829.jpg;Mil;Mildiou;Champignon;Hyaloperonospora parasitica;1;train;2023:09:26;11:08:18;nan;6;Hyaloperonospora parasitica
Idf07830;../data/Bousset_data/Images/Mil/Idf07830.jpg;Mil;Mildiou;Champignon;Hyaloperonospora parasitica;1;train;2023:09:26;11:08:20;nan;6;Hyaloperonospora parasitica
Idf07831;../data/Bousset_data/Images/Mil/Idf07831.jpg;Mil;Mildiou;Champignon;Hyaloperonospora parasitica;1;train;2023:09:26;11:08:42;nan;6;Hyaloperonospora parasitica
Idf07832;../data/Bousset_data/Images/Mil/Idf07832.jpg;Mil;Mildiou;Champignon;Hyaloperonospora parasitica;1;train;2023:09:26;11:08:48;nan;6;Hyaloperonospora parasitica
Idf07835;../data/Bousset_data/Images/Mil/Idf07835.jpg;Mil;Mildiou;Champignon;Hyaloperonospora parasitica;1;train;2023:09:26;11:09:07;nan;6;Hyaloperonospora parasitica
Idf07837;../data/Bousset_data/Images/Mil/Idf07837.jpg;Mil;Mildiou;Champignon;Hyaloperonospora parasitica;1;train;2023:09:26;11:09:34;nan;6;Hyaloperonospora parasitica
Idf07843;../data/Bousset_data/Images/Mil/Idf07843.jpg;Mil;Mildiou;Champignon;Hyaloperonospora parasitica;1;train;2023:09:26;11:13:18;nan;6;Hyaloperonospora parasitica
Idf07844;../data/Bousset_data/Images/Mil/Idf07844.jpg;Mil;Mildiou;Champignon;Hyaloperonospora parasitica;1;train;2023:09:26;11:13:51;nan;6;Hyaloperonospora parasitica
Idf07845;../data/Bousset_data/Images/Mil/Idf07845.jpg;Mil;Mildiou;Champignon;Hyaloperonospora parasitica;1;train;2023:09:26;11:13:58;nan;6;Hyaloperonospora parasitica
Idf07849;../data/Bousset_data/Images/Mil/Idf07849.jpg;Mil;Mildiou;Champignon;Hyaloperonospora parasitica;1;train;2023:09:26;11:15:16;nan;6;Hyaloperonospora parasitica
Idf07850;../data/Bousset_data/Images/Mil/Idf07850.jpg;Mil;Mildiou;Champignon;Hyaloperonospora parasitica;1;train;2023:09:26;11:15:30;nan;6;Hyaloperonospora parasitica
Idf07851;../data/Bousset_data/Images/Mil/Idf07851.jpg;Mil;Mildiou;Champignon;Hyaloperonospora parasitica;1;train;2023:09:26;11:15:36;nan;6;Hyaloperonospora parasitica
Idf07852;../data/Bousset_data/Images/Mil/Idf07852.jpg;Mil;Mildiou;Champignon;Hyaloperonospora parasitica;1;train;2023:09:26;11:15:39;nan;6;Hyaloperonospora parasitica
Idf07853;../data/Bousset_data/Images/Mil/Idf07853.jpg;Mil;Mildiou;Champignon;Hyaloperonospora parasitica;1;train;2023:09:26;11:15:52;nan;6;Hyaloperonospora parasitica
Idf07854;../data/Bousset_data/Images/Mil/Idf07854.jpg;Mil;Mildiou;Champignon;Hyaloperonospora parasitica;1;train;2023:09:26;11:15:57;nan;6;Hyaloperonospora parasitica
Idf07855;../data/Bousset_data/Images/Mil/Idf07855.jpg;Mil;Mildiou;Champignon;Hyaloperonospora parasitica;1;train;2023:09:26;11:16:02;nan;6;Hyaloperonospora parasitica
Idf07858;../data/Bousset_data/Images/Mil/Idf07858.jpg;Mil;Mildiou;Champignon;Hyaloperonospora parasitica;1;train;2023:09:26;11:16:13;nan;6;Hyaloperonospora parasitica
Idf07859;../data/Bousset_data/Images/Mil/Idf07859.jpg;Mil;Mildiou;Champignon;Hyaloperonospora parasitica;1;train;2023:09:26;11:16:21;nan;6;Hyaloperonospora parasitica
Idf07860;../data/Bousset_data/Images/Mil/Idf07860.jpg;Mil;Mildiou;Champignon;Hyaloperonospora parasitica;1;train;2023:09:26;11:16:34;nan;6;Hyaloperonospora parasitica
Idf07861;../data/Bousset_data/Images/Mil/Idf07861.jpg;Mil;Mildiou;Champignon;Hyaloperonospora parasitica;1;train;2023:09:26;11:16:41;nan;6;Hyaloperonospora parasitica
Idf07862;../data/Bousset_data/Images/Mil/Idf07862.jpg;Mil;Mildiou;Champignon;Hyaloperonospora parasitica;1;train;2023:09:26;11:16:56;nan;6;Hyaloperonospora parasitica
Idf07863;../data/Bousset_data/Images/Mil/Idf07863.jpg;Mil;Mildiou;Champignon;Hyaloperonospora parasitica;1;train;2023:09:26;11:16:58;nan;6;Hyaloperonospora parasitica
Idf07864;../data/Bousset_data/Images/Mil/Idf07864.jpg;Mil;Mildiou;Champignon;Hyaloperonospora parasitica;1;train;2023:09:26;11:17:09;nan;6;Hyaloperonospora parasitica
Idf07865;../data/Bousset_data/Images/Mil/Idf07865.jpg;Mil;Mildiou;Champignon;Hyaloperonospora parasitica;1;train;2023:09:26;11:17:11;nan;6;Hyaloperonospora parasitica
Idf07866;../data/Bousset_data/Images/Mil/Idf07866.jpg;Mil;Mildiou;Champignon;Hyaloperonospora parasitica;1;train;2023:09:26;11:17:24;nan;6;Hyaloperonospora parasitica
Idf07867;../data/Bousset_data/Images/Mil/Idf07867.jpg;Mil;Mildiou;Champignon;Hyaloperonospora parasitica;1;train;2023:09:26;11:17:27;nan;6;Hyaloperonospora parasitica
Idf07868;../data/Bousset_data/Images/Mil/Idf07868.jpg;Mil;Mildiou;Champignon;Hyaloperonospora parasitica;1;train;2023:09:26;11:17:41;nan;6;Hyaloperonospora parasitica
Idf07869;../data/Bousset_data/Images/Mil/Idf07869.jpg;Mil;Mildiou;Champignon;Hyaloperonospora parasitica;1;train;2023:09:26;11:17:47;nan;6;Hyaloperonospora parasitica
Idf07870;../data/Bousset_data/Images/Mil/Idf07870.jpg;Mil;Mildiou;Champignon;Hyaloperonospora parasitica;1;train;2023:09:26;11:17:54;nan;6;Hyaloperonospora parasitica
Idf07872;../data/Bousset_data/Images/Mil/Idf07872.jpg;Mil;Mildiou;Champignon;Hyaloperonospora parasitica;1;train;2023:09:26;11:18:01;nan;6;Hyaloperonospora parasitica
Idf07874;../data/Bousset_data/Images/Mil/Idf07874.jpg;Mil;Mildiou;Champignon;Hyaloperonospora parasitica;1;train;2023:09:26;18:50:56;nan;6;Hyaloperonospora parasitica
Idf07875;../data/Bousset_data/Images/Mil/Idf07875.jpg;Mil;Mildiou;Champignon;Hyaloperonospora parasitica;1;train;2023:09:26;18:50:59;nan;6;Hyaloperonospora parasitica
Idf07876;../data/Bousset_data/Images/Mil/Idf07876.jpg;Mil;Mildiou;Champignon;Hyaloperonospora parasitica;1;train;2023:09:26;18:51:01;nan;6;Hyaloperonospora parasitica
Idf07877;../data/Bousset_data/Images/Mil/Idf07877.jpg;Mil;Mildiou;Champignon;Hyaloperonospora parasitica;1;train;2023:09:26;18:51:04;nan;6;Hyaloperonospora parasitica
Idf07879;../data/Bousset_data/Images/Mil/Idf07879.jpg;Mil;Mildiou;Champignon;Hyaloperonospora parasitica;1;train;2023:09:26;18:51:09;nan;6;Hyaloperonospora parasitica
Idf07880;../data/Bousset_data/Images/Mil/Idf07880.jpg;Mil;Mildiou;Champignon;Hyaloperonospora parasitica;1;train;2023:09:26;18:51:11;nan;6;Hyaloperonospora parasitica
Idf07881;../data/Bousset_data/Images/Mil/Idf07881.jpg;Mil;Mildiou;Champignon;Hyaloperonospora parasitica;1;train;2023:09:26;18:51:16;nan;6;Hyaloperonospora parasitica
Idf07883;../data/Bousset_data/Images/Mil/Idf07883.jpg;Mil;Mildiou;Champignon;Hyaloperonospora parasitica;1;train;2023:09:26;18:51:20;nan;6;Hyaloperonospora parasitica
Idf07884;../data/Bousset_data/Images/Mil/Idf07884.jpg;Mil;Mildiou;Champignon;Hyaloperonospora parasitica;1;train;2023:09:26;18:51:22;nan;6;Hyaloperonospora parasitica
Idf07885;../data/Bousset_data/Images/Mil/Idf07885.jpg;Mil;Mildiou;Champignon;Hyaloperonospora parasitica;1;train;2023:09:26;18:51:28;nan;6;Hyaloperonospora parasitica
Idf07886;../data/Bousset_data/Images/Mil/Idf07886.jpg;Mil;Mildiou;Champignon;Hyaloperonospora parasitica;1;train;2023:09:26;18:51:32;nan;6;Hyaloperonospora parasitica
Idf07887;../data/Bousset_data/Images/Mil/Idf07887.jpg;Mil;Mildiou;Champignon;Hyaloperonospora parasitica;1;train;2023:09:26;18:51:34;nan;6;Hyaloperonospora parasitica
Idf07888;../data/Bousset_data/Images/Mil/Idf07888.jpg;Mil;Mildiou;Champignon;Hyaloperonospora parasitica;1;train;2023:09:26;18:51:40;nan;6;Hyaloperonospora parasitica
Idf07889;../data/Bousset_data/Images/Mil/Idf07889.jpg;Mil;Mildiou;Champignon;Hyaloperonospora parasitica;1;train;2023:09:26;18:51:42;nan;6;Hyaloperonospora parasitica
Idf07890;../data/Bousset_data/Images/Mil/Idf07890.jpg;Mil;Mildiou;Champignon;Hyaloperonospora parasitica;1;train;2023:09:26;18:51:47;nan;6;Hyaloperonospora parasitica
Idf07891;../data/Bousset_data/Images/Mil/Idf07891.jpg;Mil;Mildiou;Champignon;Hyaloperonospora parasitica;1;train;2023:09:26;18:51:49;nan;6;Hyaloperonospora parasitica
Idf07892;../data/Bousset_data/Images/Mil/Idf07892.jpg;Mil;Mildiou;Champignon;Hyaloperonospora parasitica;1;train;2023:09:26;18:51:50;nan;6;Hyaloperonospora parasitica
Idf07893;../data/Bousset_data/Images/Mil/Idf07893.jpg;Mil;Mildiou;Champignon;Hyaloperonospora parasitica;1;train;2023:09:26;18:51:55;nan;6;Hyaloperonospora parasitica
Idf07894;../data/Bousset_data/Images/Mil/Idf07894.jpg;Mil;Mildiou;Champignon;Hyaloperonospora parasitica;1;train;2023:09:26;18:51:57;nan;6;Hyaloperonospora parasitica
Idf07895;../data/Bousset_data/Images/Mil/Idf07895.jpg;Mil;Mildiou;Champignon;Hyaloperonospora parasitica;1;train;2023:09:26;18:51:59;nan;6;Hyaloperonospora parasitica
Idf07896;../data/Bousset_data/Images/Mil/Idf07896.jpg;Mil;Mildiou;Champignon;Hyaloperonospora parasitica;1;train;2023:09:26;18:52:03;nan;6;Hyaloperonospora parasitica
Idf07897;../data/Bousset_data/Images/Mil/Idf07897.jpg;Mil;Mildiou;Champignon;Hyaloperonospora parasitica;1;train;2023:09:26;18:52:07;nan;6;Hyaloperonospora parasitica
Idf07898;../data/Bousset_data/Images/Mil/Idf07898.jpg;Mil;Mildiou;Champignon;Hyaloperonospora parasitica;1;train;2023:09:26;18:52:10;nan;6;Hyaloperonospora parasitica
Idf07899;../data/Bousset_data/Images/Mil/Idf07899.jpg;Mil;Mildiou;Champignon;Hyaloperonospora parasitica;1;train;2023:09:26;18:52:13;nan;6;Hyaloperonospora parasitica
Idf07900;../data/Bousset_data/Images/Mil/Idf07900.jpg;Mil;Mildiou;Champignon;Hyaloperonospora parasitica;1;train;2023:09:26;18:52:15;nan;6;Hyaloperonospora parasitica
Idf07901;../data/Bousset_data/Images/Mil/Idf07901.jpg;Mil;Mildiou;Champignon;Hyaloperonospora parasitica;1;train;2023:09:26;18:52:16;nan;6;Hyaloperonospora parasitica
Idf07902;../data/Bousset_data/Images/Mil/Idf07902.jpg;Mil;Mildiou;Champignon;Hyaloperonospora parasitica;1;train;2023:09:26;18:52:18;nan;6;Hyaloperonospora parasitica
Idf07903;../data/Bousset_data/Images/Mil/Idf07903.jpg;Mil;Mildiou;Champignon;Hyaloperonospora parasitica;1;train;2023:09:26;18:52:22;nan;6;Hyaloperonospora parasitica
Idf07904;../data/Bousset_data/Images/Mil/Idf07904.jpg;Mil;Mildiou;Champignon;Hyaloperonospora parasitica;1;train;2023:09:26;18:52:25;nan;6;Hyaloperonospora parasitica
Idf07905;../data/Bousset_data/Images/Mil/Idf07905.jpg;Mil;Mildiou;Champignon;Hyaloperonospora parasitica;1;train;2023:09:26;18:52:28;nan;6;Hyaloperonospora parasitica
Idf07906;../data/Bousset_data/Images/Mil/Idf07906.jpg;Mil;Mildiou;Champignon;Hyaloperonospora parasitica;1;train;2023:09:26;18:52:31;nan;6;Hyaloperonospora parasitica
Idf07907;../data/Bousset_data/Images/Mil/Idf07907.jpg;Mil;Mildiou;Champignon;Hyaloperonospora parasitica;1;train;2023:09:26;18:52:36;nan;6;Hyaloperonospora parasitica
Idf07908;../data/Bousset_data/Images/Mil/Idf07908.jpg;Mil;Mildiou;Champignon;Hyaloperonospora parasitica;1;train;2023:09:26;18:52:38;nan;6;Hyaloperonospora parasitica
Idf07909;../data/Bousset_data/Images/Mil/Idf07909.jpg;Mil;Mildiou;Champignon;Hyaloperonospora parasitica;1;train;2023:09:26;18:52:42;nan;6;Hyaloperonospora parasitica
Idf07910;../data/Bousset_data/Images/Mil/Idf07910.jpg;Mil;Mildiou;Champignon;Hyaloperonospora parasitica;1;train;2023:09:26;18:52:43;nan;6;Hyaloperonospora parasitica
Idf07912;../data/Bousset_data/Images/Mil/Idf07912.jpg;Mil;Mildiou;Champignon;Hyaloperonospora parasitica;1;train;2023:09:26;18:52:52;nan;6;Hyaloperonospora parasitica
Idf07913;../data/Bousset_data/Images/Mil/Idf07913.jpg;Mil;Mildiou;Champignon;Hyaloperonospora parasitica;1;train;2023:09:26;18:52:54;nan;6;Hyaloperonospora parasitica
Idf07914;../data/Bousset_data/Images/Mil/Idf07914.jpg;Mil;Mildiou;Champignon;Hyaloperonospora parasitica;1;train;2023:09:26;18:52:55;nan;6;Hyaloperonospora parasitica
Idf07916;../data/Bousset_data/Images/Mil/Idf07916.jpg;Mil;Mildiou;Champignon;Hyaloperonospora parasitica;1;train;2023:09:26;18:53:00;nan;6;Hyaloperonospora parasitica
Idf07917;../data/Bousset_data/Images/Mil/Idf07917.jpg;Mil;Mildiou;Champignon;Hyaloperonospora parasitica;1;train;2023:09:26;18:53:07;nan;6;Hyaloperonospora parasitica
Idf07918;../data/Bousset_data/Images/Mil/Idf07918.jpg;Mil;Mildiou;Champignon;Hyaloperonospora parasitica;1;train;2023:09:26;18:53:08;nan;6;Hyaloperonospora parasitica
Idf07919;../data/Bousset_data/Images/Mil/Idf07919.jpg;Mil;Mildiou;Champignon;Hyaloperonospora parasitica;1;train;2023:09:26;18:53:13;nan;6;Hyaloperonospora parasitica
Idf07920;../data/Bousset_data/Images/Mil/Idf07920.jpg;Mil;Mildiou;Champignon;Hyaloperonospora parasitica;1;train;2023:09:26;18:53:14;nan;6;Hyaloperonospora parasitica
Idf07922;../data/Bousset_data/Images/Mil/Idf07922.jpg;Mil;Mildiou;Champignon;Hyaloperonospora parasitica;1;train;2023:09:26;18:53:23;nan;6;Hyaloperonospora parasitica
Idf07923;../data/Bousset_data/Images/Mil/Idf07923.jpg;Mil;Mildiou;Champignon;Hyaloperonospora parasitica;1;train;2023:09:26;18:53:27;nan;6;Hyaloperonospora parasitica
Idf07924;../data/Bousset_data/Images/Mil/Idf07924.jpg;Mil;Mildiou;Champignon;Hyaloperonospora parasitica;1;train;2023:09:26;18:53:29;nan;6;Hyaloperonospora parasitica
Idf07925;../data/Bousset_data/Images/Mil/Idf07925.jpg;Mil;Mildiou;Champignon;Hyaloperonospora parasitica;1;train;2023:09:26;18:53:31;nan;6;Hyaloperonospora parasitica
Idf08165;../data/Bousset_data/Images/Mil/Idf08165.jpg;Mil;Mildiou;Champignon;Hyaloperonospora parasitica;1;train;2023:10:06;14:38:28;nan;6;Hyaloperonospora parasitica
Idf08186;../data/Bousset_data/Images/Mil/Idf08186.jpg;Mil;Mildiou;Champignon;Hyaloperonospora parasitica;1;train;2023:10:06;15:10:49;nan;6;Hyaloperonospora parasitica
Idf08210;../data/Bousset_data/Images/Mil/Idf08210.jpg;Mil;Mildiou;Champignon;Hyaloperonospora parasitica;1;train;2023:10:06;15:19:17;nan;6;Hyaloperonospora parasitica
Idf08211;../data/Bousset_data/Images/Mil/Idf08211.jpg;Mil;Mildiou;Champignon;Hyaloperonospora parasitica;1;train;2023:10:06;16:48:20;nan;6;Hyaloperonospora parasitica
Idf08212;../data/Bousset_data/Images/Mil/Idf08212.jpg;Mil;Mildiou;Champignon;Hyaloperonospora parasitica;1;train;2023:10:06;16:48:45;nan;6;Hyaloperonospora parasitica
Idf08218;../data/Bousset_data/Images/Mil/Idf08218.jpg;Mil;Mildiou;Champignon;Hyaloperonospora parasitica;1;train;2023:10:06;16:49:44;nan;6;Hyaloperonospora parasitica
Idf08220;../data/Bousset_data/Images/Mil/Idf08220.jpg;Mil;Mildiou;Champignon;Hyaloperonospora parasitica;1;train;2023:10:06;16:50:07;nan;6;Hyaloperonospora parasitica
Idf08221;../data/Bousset_data/Images/Mil/Idf08221.jpg;Mil;Mildiou;Champignon;Hyaloperonospora parasitica;1;train;2023:10:06;16:50:20;nan;6;Hyaloperonospora parasitica
Idf08261;../data/Bousset_data/Images/Mil/Idf08261.jpg;Mil;Mildiou;Champignon;Hyaloperonospora parasitica;1;train;2023:10:06;17:03:12;nan;6;Hyaloperonospora parasitica
Idf08262;../data/Bousset_data/Images/Mil/Idf08262.jpg;Mil;Mildiou;Champignon;Hyaloperonospora parasitica;1;train;2023:10:06;17:03:18;nan;6;Hyaloperonospora parasitica
Idf08276;../data/Bousset_data/Images/Mil/Idf08276.jpg;Mil;Mildiou;Champignon;Hyaloperonospora parasitica;1;train;2023:10:06;17:06:27;nan;6;Hyaloperonospora parasitica
Idf08280;../data/Bousset_data/Images/Mil/Idf08280.jpg;Mil;Mildiou;Champignon;Hyaloperonospora parasitica;1;train;2023:10:06;17:07:12;nan;6;Hyaloperonospora parasitica
Idf08297;../data/Bousset_data/Images/Mil/Idf08297.jpg;Mil;Mildiou;Champignon;Hyaloperonospora parasitica;1;train;2023:10:06;17:10:16;nan;6;Hyaloperonospora parasitica
Idf08298;../data/Bousset_data/Images/Mil/Idf08298.jpg;Mil;Mildiou;Champignon;Hyaloperonospora parasitica;1;train;2023:10:06;17:10:37;nan;6;Hyaloperonospora parasitica
Idf00034;../data/Bousset_data/Images/Myc/Idf00034.jpg;Myc;Mycosphaerella;Champignon;Mycosphaerella brassicae;1;train;2022:11:07;12:44:46;nan;24;Mycosphaerella brassicae
Idf00256;../data/Bousset_data/Images/Myc/Idf00256.jpg;Myc;Mycosphaerella;Champignon;Mycosphaerella brassicae;1;train;2022:11:28;16:16:20;nan;24;Mycosphaerella brassicae
Idf00309;../data/Bousset_data/Images/Myc/Idf00309.jpg;Myc;Mycosphaerella;Champignon;Mycosphaerella brassicae;1;train;2022:11:28;16:28:09;nan;24;Mycosphaerella brassicae
Idf02128;../data/Bousset_data/Images/Myc/Idf02128.jpg;Myc;Mycosphaerella;Champignon;Mycosphaerella brassicae;1;train;2023:02:27;11:20:58;nan;24;Mycosphaerella brassicae
Idf02292;../data/Bousset_data/Images/Myc/Idf02292.jpg;Myc;Mycosphaerella;Champignon;Mycosphaerella brassicae;1;train;2023:03:17;11:25:51;nan;24;Mycosphaerella brassicae
Idf02296;../data/Bousset_data/Images/Myc/Idf02296.jpg;Myc;Mycosphaerella;Champignon;Mycosphaerella brassicae;1;train;2023:03:17;11:26:18;nan;24;Mycosphaerella brassicae
Idf02577;../data/Bousset_data/Images/Myc/Idf02577.jpg;Myc;Mycosphaerella;Champignon;Mycosphaerella brassicae;1;train;2023:03:20;14:48:07;nan;24;Mycosphaerella brassicae
Idf02657;../data/Bousset_data/Images/Myc/Idf02657.jpg;Myc;Mycosphaerella;Champignon;Mycosphaerella brassicae;1;train;2023:03:20;15:01:24;nan;24;Mycosphaerella brassicae
Idf02658;../data/Bousset_data/Images/Myc/Idf02658.jpg;Myc;Mycosphaerella;Champignon;Mycosphaerella brassicae;1;train;2023:03:20;15:01:34;nan;24;Mycosphaerella brassicae
Idf02684;../data/Bousset_data/Images/Myc/Idf02684.jpg;Myc;Mycosphaerella;Champignon;Mycosphaerella brassicae;1;train;2023:03:20;15:05:01;nan;24;Mycosphaerella brassicae
Idf02685;../data/Bousset_data/Images/Myc/Idf02685.jpg;Myc;Mycosphaerella;Champignon;Mycosphaerella brassicae;1;train;2023:03:20;15:05:12;nan;24;Mycosphaerella brassicae
Idf02686;../data/Bousset_data/Images/Myc/Idf02686.jpg;Myc;Mycosphaerella;Champignon;Mycosphaerella brassicae;1;train;2023:03:20;15:05:15;nan;24;Mycosphaerella brassicae
Idf02687;../data/Bousset_data/Images/Myc/Idf02687.jpg;Myc;Mycosphaerella;Champignon;Mycosphaerella brassicae;1;train;2023:03:20;15:05:26;nan;24;Mycosphaerella brassicae
Idf02689;../data/Bousset_data/Images/Myc/Idf02689.jpg;Myc;Mycosphaerella;Champignon;Mycosphaerella brassicae;1;train;2023:03:20;15:05:32;nan;24;Mycosphaerella brassicae
Idf02691;../data/Bousset_data/Images/Myc/Idf02691.jpg;Myc;Mycosphaerella;Champignon;Mycosphaerella brassicae;1;train;2023:03:20;15:06:08;nan;24;Mycosphaerella brassicae
Idf02692;../data/Bousset_data/Images/Myc/Idf02692.jpg;Myc;Mycosphaerella;Champignon;Mycosphaerella brassicae;1;train;2023:03:20;15:06:16;nan;24;Mycosphaerella brassicae
Idf02696;../data/Bousset_data/Images/Myc/Idf02696.jpg;Myc;Mycosphaerella;Champignon;Mycosphaerella brassicae;1;train;2023:03:20;15:06:53;nan;24;Mycosphaerella brassicae
Idf02697;../data/Bousset_data/Images/Myc/Idf02697.jpg;Myc;Mycosphaerella;Champignon;Mycosphaerella brassicae;1;train;2023:03:20;15:06:57;nan;24;Mycosphaerella brassicae
Idf02698;../data/Bousset_data/Images/Myc/Idf02698.jpg;Myc;Mycosphaerella;Champignon;Mycosphaerella brassicae;1;train;2023:03:20;15:07:10;nan;24;Mycosphaerella brassicae
Idf02700;../data/Bousset_data/Images/Myc/Idf02700.jpg;Myc;Mycosphaerella;Champignon;Mycosphaerella brassicae;1;train;2023:03:20;15:07:17;nan;24;Mycosphaerella brassicae
Idf02701;../data/Bousset_data/Images/Myc/Idf02701.jpg;Myc;Mycosphaerella;Champignon;Mycosphaerella brassicae;1;train;2023:03:20;15:07:23;nan;24;Mycosphaerella brassicae
Idf02710;../data/Bousset_data/Images/Myc/Idf02710.jpg;Myc;Mycosphaerella;Champignon;Mycosphaerella brassicae;1;train;2023:03:21;09:35:14;nan;24;Mycosphaerella brassicae
Idf02745;../data/Bousset_data/Images/Myc/Idf02745.jpg;Myc;Mycosphaerella;Champignon;Mycosphaerella brassicae;1;train;2023:03:21;09:42:07;nan;24;Mycosphaerella brassicae
Idf02746;../data/Bousset_data/Images/Myc/Idf02746.jpg;Myc;Mycosphaerella;Champignon;Mycosphaerella brassicae;1;train;2023:03:21;09:42:50;nan;24;Mycosphaerella brassicae
Idf02748;../data/Bousset_data/Images/Myc/Idf02748.jpg;Myc;Mycosphaerella;Champignon;Mycosphaerella brassicae;1;train;2023:03:21;09:43:21;nan;24;Mycosphaerella brassicae
Idf02749;../data/Bousset_data/Images/Myc/Idf02749.jpg;Myc;Mycosphaerella;Champignon;Mycosphaerella brassicae;1;train;2023:03:21;09:43:44;nan;24;Mycosphaerella brassicae
Idf02774;../data/Bousset_data/Images/Myc/Idf02774.jpg;Myc;Mycosphaerella;Champignon;Mycosphaerella brassicae;1;train;2023:03:21;09:49:36;nan;24;Mycosphaerella brassicae
Idf02902;../data/Bousset_data/Images/Myc/Idf02902.jpg;Myc;Mycosphaerella;Champignon;Mycosphaerella brassicae;1;train;2023:03:21;10:24:25;nan;24;Mycosphaerella brassicae
Idf02903;../data/Bousset_data/Images/Myc/Idf02903.jpg;Myc;Mycosphaerella;Champignon;Mycosphaerella brassicae;1;train;2023:03:21;10:24:27;nan;24;Mycosphaerella brassicae
Idf02908;../data/Bousset_data/Images/Myc/Idf02908.jpg;Myc;Mycosphaerella;Champignon;Mycosphaerella brassicae;1;train;2023:03:21;15:58:02;nan;24;Mycosphaerella brassicae
Idf02916;../data/Bousset_data/Images/Myc/Idf02916.jpg;Myc;Mycosphaerella;Champignon;Mycosphaerella brassicae;1;train;2023:03:21;15:59:23;nan;24;Mycosphaerella brassicae
Idf02923;../data/Bousset_data/Images/Myc/Idf02923.jpg;Myc;Mycosphaerella;Champignon;Mycosphaerella brassicae;1;train;2023:03:21;16:00:13;nan;24;Mycosphaerella brassicae
Idf02927;../data/Bousset_data/Images/Myc/Idf02927.jpg;Myc;Mycosphaerella;Champignon;Mycosphaerella brassicae;1;train;2023:03:21;16:00:45;nan;24;Mycosphaerella brassicae
Idf02934;../data/Bousset_data/Images/Myc/Idf02934.jpg;Myc;Mycosphaerella;Champignon;Mycosphaerella brassicae;1;train;2023:03:21;16:02:08;nan;24;Mycosphaerella brassicae
Idf02935;../data/Bousset_data/Images/Myc/Idf02935.jpg;Myc;Mycosphaerella;Champignon;Mycosphaerella brassicae;1;train;2023:03:21;16:02:25;nan;24;Mycosphaerella brassicae
Idf02937;../data/Bousset_data/Images/Myc/Idf02937.jpg;Myc;Mycosphaerella;Champignon;Mycosphaerella brassicae;1;train;2023:03:21;16:02:42;nan;24;Mycosphaerella brassicae
Idf02940;../data/Bousset_data/Images/Myc/Idf02940.jpg;Myc;Mycosphaerella;Champignon;Mycosphaerella brassicae;1;train;2023:03:21;16:03:14;nan;24;Mycosphaerella brassicae
Idf02941;../data/Bousset_data/Images/Myc/Idf02941.jpg;Myc;Mycosphaerella;Champignon;Mycosphaerella brassicae;1;train;2023:03:21;16:03:26;nan;24;Mycosphaerella brassicae
Idf02951;../data/Bousset_data/Images/Myc/Idf02951.jpg;Myc;Mycosphaerella;Champignon;Mycosphaerella brassicae;1;train;2023:03:21;16:05:01;nan;24;Mycosphaerella brassicae
Idf02963;../data/Bousset_data/Images/Myc/Idf02963.jpg;Myc;Mycosphaerella;Champignon;Mycosphaerella brassicae;1;train;2023:03:21;16:06:32;nan;24;Mycosphaerella brassicae
Idf02968;../data/Bousset_data/Images/Myc/Idf02968.jpg;Myc;Mycosphaerella;Champignon;Mycosphaerella brassicae;1;train;2023:03:21;16:06:53;nan;24;Mycosphaerella brassicae
Idf02969;../data/Bousset_data/Images/Myc/Idf02969.jpg;Myc;Mycosphaerella;Champignon;Mycosphaerella brassicae;1;train;2023:03:21;16:06:56;nan;24;Mycosphaerella brassicae
Idf02970;../data/Bousset_data/Images/Myc/Idf02970.jpg;Myc;Mycosphaerella;Champignon;Mycosphaerella brassicae;1;train;2023:03:21;16:06:58;nan;24;Mycosphaerella brassicae
Idf02971;../data/Bousset_data/Images/Myc/Idf02971.jpg;Myc;Mycosphaerella;Champignon;Mycosphaerella brassicae;1;train;2023:03:21;16:07:03;nan;24;Mycosphaerella brassicae
Idf02973;../data/Bousset_data/Images/Myc/Idf02973.jpg;Myc;Mycosphaerella;Champignon;Mycosphaerella brassicae;1;train;2023:03:21;16:07:29;nan;24;Mycosphaerella brassicae
Idf02974;../data/Bousset_data/Images/Myc/Idf02974.jpg;Myc;Mycosphaerella;Champignon;Mycosphaerella brassicae;1;train;2023:03:21;16:07:32;nan;24;Mycosphaerella brassicae
Idf02975;../data/Bousset_data/Images/Myc/Idf02975.jpg;Myc;Mycosphaerella;Champignon;Mycosphaerella brassicae;1;train;2023:03:21;16:07:42;nan;24;Mycosphaerella brassicae
Idf02979;../data/Bousset_data/Images/Myc/Idf02979.jpg;Myc;Mycosphaerella;Champignon;Mycosphaerella brassicae;1;train;2023:03:21;16:08:17;nan;24;Mycosphaerella brassicae
Idf02982;../data/Bousset_data/Images/Myc/Idf02982.jpg;Myc;Mycosphaerella;Champignon;Mycosphaerella brassicae;1;train;2023:03:21;16:08:40;nan;24;Mycosphaerella brassicae
Idf02983;../data/Bousset_data/Images/Myc/Idf02983.jpg;Myc;Mycosphaerella;Champignon;Mycosphaerella brassicae;1;train;2023:03:21;16:08:53;nan;24;Mycosphaerella brassicae
Idf02996;../data/Bousset_data/Images/Myc/Idf02996.jpg;Myc;Mycosphaerella;Champignon;Mycosphaerella brassicae;1;train;2023:03:21;16:14:51;nan;24;Mycosphaerella brassicae
Idf03024;../data/Bousset_data/Images/Myc/Idf03024.jpg;Myc;Mycosphaerella;Champignon;Mycosphaerella brassicae;1;train;2023:03:21;16:18:21;nan;24;Mycosphaerella brassicae
Idf03032;../data/Bousset_data/Images/Myc/Idf03032.jpg;Myc;Mycosphaerella;Champignon;Mycosphaerella brassicae;1;train;2023:03:21;16:19:24;nan;24;Mycosphaerella brassicae
Idf03036;../data/Bousset_data/Images/Myc/Idf03036.jpg;Myc;Mycosphaerella;Champignon;Mycosphaerella brassicae;1;train;2023:03:21;16:20:27;nan;24;Mycosphaerella brassicae
Idf03037;../data/Bousset_data/Images/Myc/Idf03037.jpg;Myc;Mycosphaerella;Champignon;Mycosphaerella brassicae;1;train;2023:03:21;16:20:34;nan;24;Mycosphaerella brassicae
Idf03062;../data/Bousset_data/Images/Myc/Idf03062.jpg;Myc;Mycosphaerella;Champignon;Mycosphaerella brassicae;1;train;2023:03:21;16:25:54;nan;24;Mycosphaerella brassicae
Idf03063;../data/Bousset_data/Images/Myc/Idf03063.jpg;Myc;Mycosphaerella;Champignon;Mycosphaerella brassicae;1;train;2023:03:21;16:25:57;nan;24;Mycosphaerella brassicae
Idf03103;../data/Bousset_data/Images/Myc/Idf03103.jpg;Myc;Mycosphaerella;Champignon;Mycosphaerella brassicae;1;train;2023:03:21;16:28:39;nan;24;Mycosphaerella brassicae
Idf03456;../data/Bousset_data/Images/Myc/Idf03456.jpg;Myc;Mycosphaerella;Champignon;Mycosphaerella brassicae;1;train;2023:04:03;12:46:29;nan;24;Mycosphaerella brassicae
Idf03458;../data/Bousset_data/Images/Myc/Idf03458.jpg;Myc;Mycosphaerella;Champignon;Mycosphaerella brassicae;1;train;2023:04:03;12:46:49;nan;24;Mycosphaerella brassicae
Idf03696;../data/Bousset_data/Images/Myc/Idf03696.jpg;Myc;Mycosphaerella;Champignon;Mycosphaerella brassicae;1;train;2023:04:03;17:15:31;nan;24;Mycosphaerella brassicae
Idf03705;../data/Bousset_data/Images/Myc/Idf03705.jpg;Myc;Mycosphaerella;Champignon;Mycosphaerella brassicae;1;train;2023:04:03;17:17:48;nan;24;Mycosphaerella brassicae
Idf03728;../data/Bousset_data/Images/Myc/Idf03728.jpg;Myc;Mycosphaerella;Champignon;Mycosphaerella brassicae;1;train;2023:04:03;17:22:46;nan;24;Mycosphaerella brassicae
Idf03729;../data/Bousset_data/Images/Myc/Idf03729.jpg;Myc;Mycosphaerella;Champignon;Mycosphaerella brassicae;1;train;2023:04:03;17:22:50;nan;24;Mycosphaerella brassicae
Idf03895;../data/Bousset_data/Images/Myc/Idf03895.jpg;Myc;Mycosphaerella;Champignon;Mycosphaerella brassicae;1;train;2023:04:05;15:50:51;nan;24;Mycosphaerella brassicae
Idf03898;../data/Bousset_data/Images/Myc/Idf03898.jpg;Myc;Mycosphaerella;Champignon;Mycosphaerella brassicae;1;train;2023:04:05;15:51:32;nan;24;Mycosphaerella brassicae
Idf03905;../data/Bousset_data/Images/Myc/Idf03905.jpg;Myc;Mycosphaerella;Champignon;Mycosphaerella brassicae;1;train;2023:04:05;15:52:31;nan;24;Mycosphaerella brassicae
Idf03934;../data/Bousset_data/Images/Myc/Idf03934.jpg;Myc;Mycosphaerella;Champignon;Mycosphaerella brassicae;1;train;2023:04:05;15:57:48;nan;24;Mycosphaerella brassicae
Idf04488;../data/Bousset_data/Images/Myc/Idf04488.jpg;Myc;Mycosphaerella;Champignon;Mycosphaerella brassicae;1;train;2023:04:20;14:03:58;nan;24;Mycosphaerella brassicae
Idf06196;../data/Bousset_data/Images/Myc/Idf06196.jpg;Myc;Mycosphaerella;Champignon;Mycosphaerella brassicae;1;train;2023:05:09;11:56:47;nan;24;Mycosphaerella brassicae
Idf06590;../data/Bousset_data/Images/Myc/Idf06590.jpg;Myc;Mycosphaerella;Champignon;Mycosphaerella brassicae;1;train;2023:05:10;08:45:31;nan;24;Mycosphaerella brassicae
Idf06593;../data/Bousset_data/Images/Myc/Idf06593.jpg;Myc;Mycosphaerella;Champignon;Mycosphaerella brassicae;1;train;2023:05:10;08:45:55;nan;24;Mycosphaerella brassicae
Idf06594;../data/Bousset_data/Images/Myc/Idf06594.jpg;Myc;Mycosphaerella;Champignon;Mycosphaerella brassicae;1;train;2023:05:10;08:46:08;nan;24;Mycosphaerella brassicae
Idf06597;../data/Bousset_data/Images/Myc/Idf06597.jpg;Myc;Mycosphaerella;Champignon;Mycosphaerella brassicae;1;train;2023:05:10;08:46:26;nan;24;Mycosphaerella brassicae
Idf06598;../data/Bousset_data/Images/Myc/Idf06598.jpg;Myc;Mycosphaerella;Champignon;Mycosphaerella brassicae;1;train;2023:05:10;08:46:45;nan;24;Mycosphaerella brassicae
Idf06600;../data/Bousset_data/Images/Myc/Idf06600.jpg;Myc;Mycosphaerella;Champignon;Mycosphaerella brassicae;1;train;2023:05:10;08:47:35;nan;24;Mycosphaerella brassicae
Idf06601;../data/Bousset_data/Images/Myc/Idf06601.jpg;Myc;Mycosphaerella;Champignon;Mycosphaerella brassicae;1;train;2023:05:10;08:47:38;nan;24;Mycosphaerella brassicae
Idf06629;../data/Bousset_data/Images/Myc/Idf06629.jpg;Myc;Mycosphaerella;Champignon;Mycosphaerella brassicae;1;train;2023:05:10;08:51:00;nan;24;Mycosphaerella brassicae
Idf06631;../data/Bousset_data/Images/Myc/Idf06631.jpg;Myc;Mycosphaerella;Champignon;Mycosphaerella brassicae;1;train;2023:05:10;08:51:10;nan;24;Mycosphaerella brassicae
Idf06633;../data/Bousset_data/Images/Myc/Idf06633.jpg;Myc;Mycosphaerella;Champignon;Mycosphaerella brassicae;1;train;2023:05:10;08:51:22;nan;24;Mycosphaerella brassicae
Idf06636;../data/Bousset_data/Images/Myc/Idf06636.jpg;Myc;Mycosphaerella;Champignon;Mycosphaerella brassicae;1;train;2023:05:10;08:51:38;nan;24;Mycosphaerella brassicae
Idf06637;../data/Bousset_data/Images/Myc/Idf06637.jpg;Myc;Mycosphaerella;Champignon;Mycosphaerella brassicae;1;train;2023:05:10;08:52:18;nan;24;Mycosphaerella brassicae
Idf06638;../data/Bousset_data/Images/Myc/Idf06638.jpg;Myc;Mycosphaerella;Champignon;Mycosphaerella brassicae;1;train;2023:05:10;08:52:20;nan;24;Mycosphaerella brassicae
Idf06641;../data/Bousset_data/Images/Myc/Idf06641.jpg;Myc;Mycosphaerella;Champignon;Mycosphaerella brassicae;1;train;2023:05:10;08:52:44;nan;24;Mycosphaerella brassicae
Idf06643;../data/Bousset_data/Images/Myc/Idf06643.jpg;Myc;Mycosphaerella;Champignon;Mycosphaerella brassicae;1;train;2023:05:10;08:52:59;nan;24;Mycosphaerella brassicae
Idf06644;../data/Bousset_data/Images/Myc/Idf06644.jpg;Myc;Mycosphaerella;Champignon;Mycosphaerella brassicae;1;train;2023:05:10;08:54:06;nan;24;Mycosphaerella brassicae
Idf06645;../data/Bousset_data/Images/Myc/Idf06645.jpg;Myc;Mycosphaerella;Champignon;Mycosphaerella brassicae;1;train;2023:05:10;08:54:16;nan;24;Mycosphaerella brassicae
Idf06647;../data/Bousset_data/Images/Myc/Idf06647.jpg;Myc;Mycosphaerella;Champignon;Mycosphaerella brassicae;1;train;2023:05:10;08:54:26;nan;24;Mycosphaerella brassicae
Idf06651;../data/Bousset_data/Images/Myc/Idf06651.jpg;Myc;Mycosphaerella;Champignon;Mycosphaerella brassicae;1;train;2023:05:10;08:54:57;nan;24;Mycosphaerella brassicae
Idf06652;../data/Bousset_data/Images/Myc/Idf06652.jpg;Myc;Mycosphaerella;Champignon;Mycosphaerella brassicae;1;train;2023:05:10;08:55:29;nan;24;Mycosphaerella brassicae
Idf06654;../data/Bousset_data/Images/Myc/Idf06654.jpg;Myc;Mycosphaerella;Champignon;Mycosphaerella brassicae;1;train;2023:05:10;08:55:50;nan;24;Mycosphaerella brassicae
Idf06655;../data/Bousset_data/Images/Myc/Idf06655.jpg;Myc;Mycosphaerella;Champignon;Mycosphaerella brassicae;1;train;2023:05:10;08:56:07;nan;24;Mycosphaerella brassicae
Idf06656;../data/Bousset_data/Images/Myc/Idf06656.jpg;Myc;Mycosphaerella;Champignon;Mycosphaerella brassicae;1;train;2023:05:10;08:56:15;nan;24;Mycosphaerella brassicae
Idf06663;../data/Bousset_data/Images/Myc/Idf06663.jpg;Myc;Mycosphaerella;Champignon;Mycosphaerella brassicae;1;train;2023:05:10;08:57:12;nan;24;Mycosphaerella brassicae
Idf06664;../data/Bousset_data/Images/Myc/Idf06664.jpg;Myc;Mycosphaerella;Champignon;Mycosphaerella brassicae;1;train;2023:05:10;08:57:17;nan;24;Mycosphaerella brassicae
Idf06677;../data/Bousset_data/Images/Myc/Idf06677.jpg;Myc;Mycosphaerella;Champignon;Mycosphaerella brassicae;1;train;2023:05:10;08:58:59;nan;24;Mycosphaerella brassicae
Idf06678;../data/Bousset_data/Images/Myc/Idf06678.jpg;Myc;Mycosphaerella;Champignon;Mycosphaerella brassicae;1;train;2023:05:10;08:59:04;nan;24;Mycosphaerella brassicae
Idf06684;../data/Bousset_data/Images/Myc/Idf06684.jpg;Myc;Mycosphaerella;Champignon;Mycosphaerella brassicae;1;train;2023:05:16;12:36:13;nan;24;Mycosphaerella brassicae
Idf07222;../data/Bousset_data/Images/Myc/Idf07222.jpg;Myc;Mycosphaerella;Champignon;Mycosphaerella brassicae;1;train;2023:09:09;13:29:54;nan;24;Mycosphaerella brassicae
Idf07580;../data/Bousset_data/Images/Myc/Idf07580.jpg;Myc;Mycosphaerella;Champignon;Mycosphaerella brassicae;1;train;2023:09:19;16:33:52;nan;24;Mycosphaerella brassicae
Idf07592;../data/Bousset_data/Images/Myc/Idf07592.jpg;Myc;Mycosphaerella;Champignon;Mycosphaerella brassicae;1;train;2023:09:19;16:36:15;nan;24;Mycosphaerella brassicae
Idf07595;../data/Bousset_data/Images/Myc/Idf07595.jpg;Myc;Mycosphaerella;Champignon;Mycosphaerella brassicae;1;train;2023:09:19;16:37:00;nan;24;Mycosphaerella brassicae
Idf07596;../data/Bousset_data/Images/Myc/Idf07596.jpg;Myc;Mycosphaerella;Champignon;Mycosphaerella brassicae;1;train;2023:09:19;16:37:13;nan;24;Mycosphaerella brassicae
Idf09157;../data/Bousset_data/Images/Myc/Idf09157.jpg;Myc;Mycosphaerella;Champignon;Mycosphaerella brassicae;1;train;2023:11:14;16:02:07;nan;24;Mycosphaerella brassicae
Idf09529;../data/Bousset_data/Images/Myc/Idf09529.jpg;Myc;Mycosphaerella;Champignon;Mycosphaerella brassicae;1;train;2023:11:20;13:38:46;nan;24;Mycosphaerella brassicae
Idf09610;../data/Bousset_data/Images/Myc/Idf09610.jpg;Myc;Mycosphaerella;Champignon;Mycosphaerella brassicae;1;train;2023:11:24;14:43:38;nan;24;Mycosphaerella brassicae
Idf09640;../data/Bousset_data/Images/Myc/Idf09640.jpg;Myc;Mycosphaerella;Champignon;Mycosphaerella brassicae;1;train;2023:11:24;14:48:18;nan;24;Mycosphaerella brassicae
Idf09975;../data/Bousset_data/Images/Myc/Idf09975.jpg;Myc;Mycosphaerella;Champignon;Mycosphaerella brassicae;1;train;2023:12:22;13:21:06;nan;24;Mycosphaerella brassicae
Idf10021;../data/Bousset_data/Images/Myc/Idf10021.jpg;Myc;Mycosphaerella;Champignon;Mycosphaerella brassicae;1;train;2023:12:22;13:23:32;nan;24;Mycosphaerella brassicae
Idf10050;../data/Bousset_data/Images/Myc/Idf10050.jpg;Myc;Mycosphaerella;Champignon;Mycosphaerella brassicae;1;train;2023:12:22;13:25:28;nan;24;Mycosphaerella brassicae
Idf10418;../data/Bousset_data/Images/Myc/Idf10418.jpg;Myc;Mycosphaerella;Champignon;Mycosphaerella brassicae;1;train;2024:01:21;16:28:41;nan;24;Mycosphaerella brassicae
Idf10421;../data/Bousset_data/Images/Myc/Idf10421.jpg;Myc;Mycosphaerella;Champignon;Mycosphaerella brassicae;1;train;2024:01:21;16:29:07;nan;24;Mycosphaerella brassicae
Idf10472;../data/Bousset_data/Images/Myc/Idf10472.jpg;Myc;Mycosphaerella;Champignon;Mycosphaerella brassicae;1;train;2024:01:22;12:31:48;nan;24;Mycosphaerella brassicae
Idf10634;../data/VAULT/Bousset_data/Images/Myc/Idf10634.jpg;Myc;Mycosphaerella;Champignon;Mycosphaerella brassicae;1;vault;2024:02:15;12:07:45;nan;24;Mycosphaerella brassicae
Idf10644;../data/VAULT/Bousset_data/Images/Myc/Idf10644.jpg;Myc;Mycosphaerella;Champignon;Mycosphaerella brassicae;1;vault;2024:02:15;12:08:21;nan;24;Mycosphaerella brassicae
Idf10651;../data/VAULT/Bousset_data/Images/Myc/Idf10651.jpg;Myc;Mycosphaerella;Champignon;Mycosphaerella brassicae;1;vault;2024:02:15;12:08:45;nan;24;Mycosphaerella brassicae
Idf10653;../data/VAULT/Bousset_data/Images/Myc/Idf10653.jpg;Myc;Mycosphaerella;Champignon;Mycosphaerella brassicae;1;vault;2024:02:15;12:08:56;nan;24;Mycosphaerella brassicae
Idf10671;../data/VAULT/Bousset_data/Images/Myc/Idf10671.jpg;Myc;Mycosphaerella;Champignon;Mycosphaerella brassicae;1;vault;2024:02:15;12:10:22;nan;24;Mycosphaerella brassicae
Idf10672;../data/VAULT/Bousset_data/Images/Myc/Idf10672.jpg;Myc;Mycosphaerella;Champignon;Mycosphaerella brassicae;1;vault;2024:02:15;12:10:24;nan;24;Mycosphaerella brassicae
Idf10678;../data/VAULT/Bousset_data/Images/Myc/Idf10678.jpg;Myc;Mycosphaerella;Champignon;Mycosphaerella brassicae;1;vault;2024:02:15;12:10:55;nan;24;Mycosphaerella brassicae
Idf10709;../data/VAULT/Bousset_data/Images/Myc/Idf10709.jpg;Myc;Mycosphaerella;Champignon;Mycosphaerella brassicae;1;vault;2024:02:15;12:13:55;nan;24;Mycosphaerella brassicae
Idf10884;../data/VAULT/Bousset_data/Images/Myc/Idf10884.jpg;Myc;Mycosphaerella;Champignon;Mycosphaerella brassicae;1;vault;2024:02:15;13:33:35;nan;24;Mycosphaerella brassicae
Idf10885;../data/VAULT/Bousset_data/Images/Myc/Idf10885.jpg;Myc;Mycosphaerella;Champignon;Mycosphaerella brassicae;1;vault;2024:02:15;13:33:39;nan;24;Mycosphaerella brassicae
Idf10899;../data/VAULT/Bousset_data/Images/Myc/Idf10899.jpg;Myc;Mycosphaerella;Champignon;Mycosphaerella brassicae;1;vault;2024:02:15;13:34:50;nan;24;Mycosphaerella brassicae
Idf10904;../data/VAULT/Bousset_data/Images/Myc/Idf10904.jpg;Myc;Mycosphaerella;Champignon;Mycosphaerella brassicae;1;vault;2024:02:15;13:35:55;nan;24;Mycosphaerella brassicae
Idf10931;../data/VAULT/Bousset_data/Images/Myc/Idf10931.jpg;Myc;Mycosphaerella;Champignon;Mycosphaerella brassicae;1;vault;2024:02:15;13:39:00;nan;24;Mycosphaerella brassicae
Idf10933;../data/VAULT/Bousset_data/Images/Myc/Idf10933.jpg;Myc;Mycosphaerella;Champignon;Mycosphaerella brassicae;1;vault;2024:02:15;13:39:04;nan;24;Mycosphaerella brassicae
Idf10935;../data/VAULT/Bousset_data/Images/Myc/Idf10935.jpg;Myc;Mycosphaerella;Champignon;Mycosphaerella brassicae;1;vault;2024:02:15;13:39:11;nan;24;Mycosphaerella brassicae
Idf10936;../data/VAULT/Bousset_data/Images/Myc/Idf10936.jpg;Myc;Mycosphaerella;Champignon;Mycosphaerella brassicae;1;vault;2024:02:15;13:39:13;nan;24;Mycosphaerella brassicae
Idf10937;../data/VAULT/Bousset_data/Images/Myc/Idf10937.jpg;Myc;Mycosphaerella;Champignon;Mycosphaerella brassicae;1;vault;2024:02:15;13:39:21;nan;24;Mycosphaerella brassicae
Idf10940;../data/VAULT/Bousset_data/Images/Myc/Idf10940.jpg;Myc;Mycosphaerella;Champignon;Mycosphaerella brassicae;1;vault;2024:02:15;13:40:07;nan;24;Mycosphaerella brassicae
Idf10941;../data/VAULT/Bousset_data/Images/Myc/Idf10941.jpg;Myc;Mycosphaerella;Champignon;Mycosphaerella brassicae;1;vault;2024:02:15;13:40:14;nan;24;Mycosphaerella brassicae
Idf10959;../data/VAULT/Bousset_data/Images/Myc/Idf10959.jpg;Myc;Mycosphaerella;Champignon;Mycosphaerella brassicae;1;vault;2024:02:15;13:41:25;nan;24;Mycosphaerella brassicae
Idf10979;../data/VAULT/Bousset_data/Images/Myc/Idf10979.jpg;Myc;Mycosphaerella;Champignon;Mycosphaerella brassicae;1;vault;2024:02:15;13:42:42;nan;24;Mycosphaerella brassicae
Idf11035;../data/VAULT/Bousset_data/Images/Myc/Idf11035.jpg;Myc;Mycosphaerella;Champignon;Mycosphaerella brassicae;1;vault;2024:02:15;13:47:52;nan;24;Mycosphaerella brassicae
Idf11041;../data/VAULT/Bousset_data/Images/Myc/Idf11041.jpg;Myc;Mycosphaerella;Champignon;Mycosphaerella brassicae;1;vault;2024:02:15;13:48:14;nan;24;Mycosphaerella brassicae
Idf11081;../data/VAULT/Bousset_data/Images/Myc/Idf11081.jpg;Myc;Mycosphaerella;Champignon;Mycosphaerella brassicae;1;vault;2024:02:15;13:53:16;nan;24;Mycosphaerella brassicae
Idf11082;../data/VAULT/Bousset_data/Images/Myc/Idf11082.jpg;Myc;Mycosphaerella;Champignon;Mycosphaerella brassicae;1;vault;2024:02:15;13:53:18;nan;24;Mycosphaerella brassicae
Idf11084;../data/VAULT/Bousset_data/Images/Myc/Idf11084.jpg;Myc;Mycosphaerella;Champignon;Mycosphaerella brassicae;1;vault;2024:02:15;13:53:25;nan;24;Mycosphaerella brassicae
Idf11339;../data/Bousset_data/Images/Myc/Idf11339.jpg;Myc;Mycosphaerella;Champignon;Mycosphaerella brassicae;1;train;2024:03:08;14:26:07;nan;24;Mycosphaerella brassicae
Idf11366;../data/Bousset_data/Images/Myc/Idf11366.jpg;Myc;Mycosphaerella;Champignon;Mycosphaerella brassicae;1;train;2024:03:08;14:28:17;nan;24;Mycosphaerella brassicae
Idf11376;../data/Bousset_data/Images/Myc/Idf11376.jpg;Myc;Mycosphaerella;Champignon;Mycosphaerella brassicae;1;train;2024:03:08;14:29:04;nan;24;Mycosphaerella brassicae
Idf11380;../data/Bousset_data/Images/Myc/Idf11380.jpg;Myc;Mycosphaerella;Champignon;Mycosphaerella brassicae;1;train;2024:03:08;14:29:22;nan;24;Mycosphaerella brassicae
Idf11457;../data/Bousset_data/Images/Myc/Idf11457.jpg;Myc;Mycosphaerella;Champignon;Mycosphaerella brassicae;1;train;2024:03:08;14:38:57;nan;24;Mycosphaerella brassicae
Idf11514;../data/Bousset_data/Images/Myc/Idf11514.jpg;Myc;Mycosphaerella;Champignon;Mycosphaerella brassicae;1;train;2024:03:08;14:44:22;nan;24;Mycosphaerella brassicae
Idf11590;../data/Bousset_data/Images/Myc/Idf11590.jpg;Myc;Mycosphaerella;Champignon;Mycosphaerella brassicae;1;train;2024:03:08;14:56:43;nan;24;Mycosphaerella brassicae
Idf11643;../data/Bousset_data/Images/Myc/Idf11643.jpg;Myc;Mycosphaerella;Champignon;Mycosphaerella brassicae;1;train;2024:03:08;15:07:37;nan;24;Mycosphaerella brassicae
Idf11688;../data/Bousset_data/Images/Myc/Idf11688.jpg;Myc;Mycosphaerella;Champignon;Mycosphaerella brassicae;1;train;2024:03:08;15:11:34;nan;24;Mycosphaerella brassicae
Idf11692;../data/Bousset_data/Images/Myc/Idf11692.jpg;Myc;Mycosphaerella;Champignon;Mycosphaerella brassicae;1;train;2024:03:08;15:12:05;nan;24;Mycosphaerella brassicae
Idf11694;../data/Bousset_data/Images/Myc/Idf11694.jpg;Myc;Mycosphaerella;Champignon;Mycosphaerella brassicae;1;train;2024:03:08;15:15:14;nan;24;Mycosphaerella brassicae
Idf11708;../data/Bousset_data/Images/Myc/Idf11708.jpg;Myc;Mycosphaerella;Champignon;Mycosphaerella brassicae;1;train;2024:03:08;15:16:57;nan;24;Mycosphaerella brassicae
Idf11711;../data/Bousset_data/Images/Myc/Idf11711.jpg;Myc;Mycosphaerella;Champignon;Mycosphaerella brassicae;1;train;2024:03:08;15:17:16;nan;24;Mycosphaerella brassicae
Idf11721;../data/Bousset_data/Images/Myc/Idf11721.jpg;Myc;Mycosphaerella;Champignon;Mycosphaerella brassicae;1;train;2024:03:08;15:18:31;nan;24;Mycosphaerella brassicae
Idf11724;../data/Bousset_data/Images/Myc/Idf11724.jpg;Myc;Mycosphaerella;Champignon;Mycosphaerella brassicae;1;train;2024:03:08;15:18:41;nan;24;Mycosphaerella brassicae
Idf11725;../data/Bousset_data/Images/Myc/Idf11725.jpg;Myc;Mycosphaerella;Champignon;Mycosphaerella brassicae;1;train;2024:03:08;15:18:43;nan;24;Mycosphaerella brassicae
Idf11726;../data/Bousset_data/Images/Myc/Idf11726.jpg;Myc;Mycosphaerella;Champignon;Mycosphaerella brassicae;1;train;2024:03:08;15:18:49;nan;24;Mycosphaerella brassicae
Idf11735;../data/Bousset_data/Images/Myc/Idf11735.jpg;Myc;Mycosphaerella;Champignon;Mycosphaerella brassicae;1;train;2024:03:08;15:19:40;nan;24;Mycosphaerella brassicae
Idf11741;../data/Bousset_data/Images/Myc/Idf11741.jpg;Myc;Mycosphaerella;Champignon;Mycosphaerella brassicae;1;train;2024:03:08;15:20:09;nan;24;Mycosphaerella brassicae
Idf11747;../data/Bousset_data/Images/Myc/Idf11747.jpg;Myc;Mycosphaerella;Champignon;Mycosphaerella brassicae;1;train;2024:03:08;15:20:35;nan;24;Mycosphaerella brassicae
Idf11748;../data/Bousset_data/Images/Myc/Idf11748.jpg;Myc;Mycosphaerella;Champignon;Mycosphaerella brassicae;1;train;2024:03:08;15:20:37;nan;24;Mycosphaerella brassicae
Idf11750;../data/Bousset_data/Images/Myc/Idf11750.jpg;Myc;Mycosphaerella;Champignon;Mycosphaerella brassicae;1;train;2024:03:08;15:20:58;nan;24;Mycosphaerella brassicae
Idf11753;../data/Bousset_data/Images/Myc/Idf11753.jpg;Myc;Mycosphaerella;Champignon;Mycosphaerella brassicae;1;train;2024:03:08;15:21:10;nan;24;Mycosphaerella brassicae
Idf11759;../data/Bousset_data/Images/Myc/Idf11759.jpg;Myc;Mycosphaerella;Champignon;Mycosphaerella brassicae;1;train;2024:03:08;15:21:38;nan;24;Mycosphaerella brassicae
Idf11771;../data/Bousset_data/Images/Myc/Idf11771.jpg;Myc;Mycosphaerella;Champignon;Mycosphaerella brassicae;1;train;2024:03:08;15:22:36;nan;24;Mycosphaerella brassicae
Idf11772;../data/Bousset_data/Images/Myc/Idf11772.jpg;Myc;Mycosphaerella;Champignon;Mycosphaerella brassicae;1;train;2024:03:08;15:22:39;nan;24;Mycosphaerella brassicae
Idf11773;../data/Bousset_data/Images/Myc/Idf11773.jpg;Myc;Mycosphaerella;Champignon;Mycosphaerella brassicae;1;train;2024:03:08;15:22:47;nan;24;Mycosphaerella brassicae
Idf11780;../data/Bousset_data/Images/Myc/Idf11780.jpg;Myc;Mycosphaerella;Champignon;Mycosphaerella brassicae;1;train;2024:03:08;15:23:13;nan;24;Mycosphaerella brassicae
Idf11782;../data/Bousset_data/Images/Myc/Idf11782.jpg;Myc;Mycosphaerella;Champignon;Mycosphaerella brassicae;1;train;2024:03:08;15:23:29;nan;24;Mycosphaerella brassicae
Idf11790;../data/Bousset_data/Images/Myc/Idf11790.jpg;Myc;Mycosphaerella;Champignon;Mycosphaerella brassicae;1;train;2024:03:08;15:24:14;nan;24;Mycosphaerella brassicae
Idf11795;../data/Bousset_data/Images/Myc/Idf11795.jpg;Myc;Mycosphaerella;Champignon;Mycosphaerella brassicae;1;train;2024:03:08;15:24:34;nan;24;Mycosphaerella brassicae
Idf11799;../data/Bousset_data/Images/Myc/Idf11799.jpg;Myc;Mycosphaerella;Champignon;Mycosphaerella brassicae;1;train;2024:03:08;15:24:46;nan;24;Mycosphaerella brassicae
Idf11804;../data/Bousset_data/Images/Myc/Idf11804.jpg;Myc;Mycosphaerella;Champignon;Mycosphaerella brassicae;1;train;2024:03:08;15:25:25;nan;24;Mycosphaerella brassicae
Idf11836;../data/Bousset_data/Images/Myc/Idf11836.jpg;Myc;Mycosphaerella;Champignon;Mycosphaerella brassicae;1;train;2024:03:08;15:27:30;nan;24;Mycosphaerella brassicae
Idf11837;../data/Bousset_data/Images/Myc/Idf11837.jpg;Myc;Mycosphaerella;Champignon;Mycosphaerella brassicae;1;train;2024:03:08;15:27:37;nan;24;Mycosphaerella brassicae
Idf11838;../data/Bousset_data/Images/Myc/Idf11838.jpg;Myc;Mycosphaerella;Champignon;Mycosphaerella brassicae;1;train;2024:03:08;15:27:42;nan;24;Mycosphaerella brassicae
Idf11843;../data/Bousset_data/Images/Myc/Idf11843.jpg;Myc;Mycosphaerella;Champignon;Mycosphaerella brassicae;1;train;2024:03:08;15:28:01;nan;24;Mycosphaerella brassicae
Idf11863;../data/Bousset_data/Images/Myc/Idf11863.jpg;Myc;Mycosphaerella;Champignon;Mycosphaerella brassicae;1;train;2024:03:08;15:29:54;nan;24;Mycosphaerella brassicae
Idf11865;../data/Bousset_data/Images/Myc/Idf11865.jpg;Myc;Mycosphaerella;Champignon;Mycosphaerella brassicae;1;train;2024:03:08;15:30:17;nan;24;Mycosphaerella brassicae
Idf12125;../data/Bousset_data/Images/Myc/Idf12125.jpg;Myc;Mycosphaerella;Champignon;Mycosphaerella brassicae;1;train;2024:03:19;12:25:16;nan;24;Mycosphaerella brassicae
Idf12136;../data/Bousset_data/Images/Myc/Idf12136.jpg;Myc;Mycosphaerella;Champignon;Mycosphaerella brassicae;1;train;2024:03:19;12:27:10;nan;24;Mycosphaerella brassicae
Idf12159;../data/Bousset_data/Images/Myc/Idf12159.jpg;Myc;Mycosphaerella;Champignon;Mycosphaerella brassicae;1;train;2024:03:19;13:06:24;nan;24;Mycosphaerella brassicae
Idf12172;../data/Bousset_data/Images/Myc/Idf12172.jpg;Myc;Mycosphaerella;Champignon;Mycosphaerella brassicae;1;train;2024:03:19;13:08:39;nan;24;Mycosphaerella brassicae
Idf12173;../data/Bousset_data/Images/Myc/Idf12173.jpg;Myc;Mycosphaerella;Champignon;Mycosphaerella brassicae;1;train;2024:03:19;13:08:48;nan;24;Mycosphaerella brassicae
Idf12174;../data/Bousset_data/Images/Myc/Idf12174.jpg;Myc;Mycosphaerella;Champignon;Mycosphaerella brassicae;1;train;2024:03:19;13:08:52;nan;24;Mycosphaerella brassicae
Idf12184;../data/Bousset_data/Images/Myc/Idf12184.jpg;Myc;Mycosphaerella;Champignon;Mycosphaerella brassicae;1;train;2024:03:19;13:17:40;nan;24;Mycosphaerella brassicae
Idf12185;../data/Bousset_data/Images/Myc/Idf12185.jpg;Myc;Mycosphaerella;Champignon;Mycosphaerella brassicae;1;train;2024:03:19;13:17:42;nan;24;Mycosphaerella brassicae
Idf12186;../data/Bousset_data/Images/Myc/Idf12186.jpg;Myc;Mycosphaerella;Champignon;Mycosphaerella brassicae;1;train;2024:03:19;13:17:44;nan;24;Mycosphaerella brassicae
Idf12188;../data/Bousset_data/Images/Myc/Idf12188.jpg;Myc;Mycosphaerella;Champignon;Mycosphaerella brassicae;1;train;2024:03:19;13:17:51;nan;24;Mycosphaerella brassicae
Idf12189;../data/Bousset_data/Images/Myc/Idf12189.jpg;Myc;Mycosphaerella;Champignon;Mycosphaerella brassicae;1;train;2024:03:19;13:17:53;nan;24;Mycosphaerella brassicae
Idf12190;../data/Bousset_data/Images/Myc/Idf12190.jpg;Myc;Mycosphaerella;Champignon;Mycosphaerella brassicae;1;train;2024:03:19;13:17:55;nan;24;Mycosphaerella brassicae
Idf12192;../data/Bousset_data/Images/Myc/Idf12192.jpg;Myc;Mycosphaerella;Champignon;Mycosphaerella brassicae;1;train;2024:03:19;13:18:07;nan;24;Mycosphaerella brassicae
Idf12193;../data/Bousset_data/Images/Myc/Idf12193.jpg;Myc;Mycosphaerella;Champignon;Mycosphaerella brassicae;1;train;2024:03:19;13:18:17;nan;24;Mycosphaerella brassicae
Idf12237;../data/Bousset_data/Images/Myc/Idf12237.jpg;Myc;Mycosphaerella;Champignon;Mycosphaerella brassicae;1;train;2024:03:19;13:23:13;nan;24;Mycosphaerella brassicae
Idf12302;../data/Bousset_data/Images/Myc/Idf12302.jpg;Myc;Mycosphaerella;Champignon;Mycosphaerella brassicae;1;train;2024:03:19;13:09:35;nan;24;Mycosphaerella brassicae
Idf12308;../data/Bousset_data/Images/Myc/Idf12308.jpg;Myc;Mycosphaerella;Champignon;Mycosphaerella brassicae;1;train;2024:03:19;13:10:03;nan;24;Mycosphaerella brassicae
Idf12309;../data/Bousset_data/Images/Myc/Idf12309.jpg;Myc;Mycosphaerella;Champignon;Mycosphaerella brassicae;1;train;2024:03:19;13:10:05;nan;24;Mycosphaerella brassicae
Idf12312;../data/Bousset_data/Images/Myc/Idf12312.jpg;Myc;Mycosphaerella;Champignon;Mycosphaerella brassicae;1;train;2024:03:19;13:10:27;nan;24;Mycosphaerella brassicae
Idf12313;../data/Bousset_data/Images/Myc/Idf12313.jpg;Myc;Mycosphaerella;Champignon;Mycosphaerella brassicae;1;train;2024:03:19;13:10:32;nan;24;Mycosphaerella brassicae
Idf12314;../data/Bousset_data/Images/Myc/Idf12314.jpg;Myc;Mycosphaerella;Champignon;Mycosphaerella brassicae;1;train;2024:03:19;13:10:41;nan;24;Mycosphaerella brassicae
Idf12315;../data/Bousset_data/Images/Myc/Idf12315.jpg;Myc;Mycosphaerella;Champignon;Mycosphaerella brassicae;1;train;2024:03:19;13:10:43;nan;24;Mycosphaerella brassicae
Idf12316;../data/Bousset_data/Images/Myc/Idf12316.jpg;Myc;Mycosphaerella;Champignon;Mycosphaerella brassicae;1;train;2024:03:19;13:10:48;nan;24;Mycosphaerella brassicae
Idf12318;../data/Bousset_data/Images/Myc/Idf12318.jpg;Myc;Mycosphaerella;Champignon;Mycosphaerella brassicae;1;train;2024:03:19;13:11:07;nan;24;Mycosphaerella brassicae
Idf12319;../data/Bousset_data/Images/Myc/Idf12319.jpg;Myc;Mycosphaerella;Champignon;Mycosphaerella brassicae;1;train;2024:03:19;13:11:12;nan;24;Mycosphaerella brassicae
Idf12339;../data/Bousset_data/Images/Myc/Idf12339.jpg;Myc;Mycosphaerella;Champignon;Mycosphaerella brassicae;1;train;2024:03:19;13:13:00;nan;24;Mycosphaerella brassicae
Idf12340;../data/Bousset_data/Images/Myc/Idf12340.jpg;Myc;Mycosphaerella;Champignon;Mycosphaerella brassicae;1;train;2024:03:19;13:13:02;nan;24;Mycosphaerella brassicae
Idf12343;../data/Bousset_data/Images/Myc/Idf12343.jpg;Myc;Mycosphaerella;Champignon;Mycosphaerella brassicae;1;train;2024:03:19;13:13:16;nan;24;Mycosphaerella brassicae
Idf12350;../data/Bousset_data/Images/Myc/Idf12350.jpg;Myc;Mycosphaerella;Champignon;Mycosphaerella brassicae;1;train;2024:03:19;13:14:14;nan;24;Mycosphaerella brassicae
Idf12354;../data/Bousset_data/Images/Myc/Idf12354.jpg;Myc;Mycosphaerella;Champignon;Mycosphaerella brassicae;1;train;2024:03:19;13:14:36;nan;24;Mycosphaerella brassicae
Idf12363;../data/Bousset_data/Images/Myc/Idf12363.jpg;Myc;Mycosphaerella;Champignon;Mycosphaerella brassicae;1;train;2024:03:19;13:15:35;nan;24;Mycosphaerella brassicae
Idf12369;../data/Bousset_data/Images/Myc/Idf12369.jpg;Myc;Mycosphaerella;Champignon;Mycosphaerella brassicae;1;train;2024:03:19;13:16:22;nan;24;Mycosphaerella brassicae
Idf12384;../data/Bousset_data/Images/Myc/Idf12384.jpg;Myc;Mycosphaerella;Champignon;Mycosphaerella brassicae;1;train;2024:03:20;14:37:18;nan;24;Mycosphaerella brassicae
Idf12386;../data/Bousset_data/Images/Myc/Idf12386.jpg;Myc;Mycosphaerella;Champignon;Mycosphaerella brassicae;1;train;2024:03:20;14:37:57;nan;24;Mycosphaerella brassicae
Idf12402;../data/Bousset_data/Images/Myc/Idf12402.jpg;Myc;Mycosphaerella;Champignon;Mycosphaerella brassicae;1;train;2024:03:20;14:39:49;nan;24;Mycosphaerella brassicae
Idf12430;../data/Bousset_data/Images/Myc/Idf12430.jpg;Myc;Mycosphaerella;Champignon;Mycosphaerella brassicae;1;train;2024:03:20;14:43:20;nan;24;Mycosphaerella brassicae
Idf12507;../data/Bousset_data/Images/Myc/Idf12507.jpg;Myc;Mycosphaerella;Champignon;Mycosphaerella brassicae;1;train;2024:03:20;14:53:39;nan;24;Mycosphaerella brassicae
Idf12535;../data/Bousset_data/Images/Myc/Idf12535.jpg;Myc;Mycosphaerella;Champignon;Mycosphaerella brassicae;1;train;2024:03:20;16:40:28;nan;24;Mycosphaerella brassicae
Idf12563;../data/Bousset_data/Images/Myc/Idf12563.jpg;Myc;Mycosphaerella;Champignon;Mycosphaerella brassicae;1;train;2024:03:20;16:43:57;nan;24;Mycosphaerella brassicae
Idf12575;../data/Bousset_data/Images/Myc/Idf12575.jpg;Myc;Mycosphaerella;Champignon;Mycosphaerella brassicae;1;train;2024:03:20;16:45:01;nan;24;Mycosphaerella brassicae
Idf12576;../data/Bousset_data/Images/Myc/Idf12576.jpg;Myc;Mycosphaerella;Champignon;Mycosphaerella brassicae;1;train;2024:03:20;16:45:04;nan;24;Mycosphaerella brassicae
Idf12577;../data/Bousset_data/Images/Myc/Idf12577.jpg;Myc;Mycosphaerella;Champignon;Mycosphaerella brassicae;1;train;2024:03:20;16:45:06;nan;24;Mycosphaerella brassicae
Idf12580;../data/Bousset_data/Images/Myc/Idf12580.jpg;Myc;Mycosphaerella;Champignon;Mycosphaerella brassicae;1;train;2024:03:20;16:45:41;nan;24;Mycosphaerella brassicae
Idf09629;../data/VAULT/Bousset_data/Images/Oid/Idf09629.jpg;Oid;Oïdium;Champignon;Erysiphe cruciferarum;1;vault;2023:11:14;16:33:57;nan;4;Erysiphe cruciferarum
Idf09630;../data/VAULT/Bousset_data/Images/Oid/Idf09630.jpg;Oid;Oïdium;Champignon;Erysiphe cruciferarum;1;vault;2023:11:14;16:33:59;nan;4;Erysiphe cruciferarum
Idf09631;../data/VAULT/Bousset_data/Images/Oid/Idf09631.jpg;Oid;Oïdium;Champignon;Erysiphe cruciferarum;1;vault;2023:11:14;16:34:00;nan;4;Erysiphe cruciferarum
Idf09632;../data/VAULT/Bousset_data/Images/Oid/Idf09632.jpg;Oid;Oïdium;Champignon;Erysiphe cruciferarum;1;vault;2023:11:14;16:34:03;nan;4;Erysiphe cruciferarum
Idf10422;../data/Bousset_data/Images/Oid/Idf10422.jpg;Oid;Oïdium;Champignon;Erysiphe cruciferarum;1;train;2024:01:21;16:29:42;nan;4;Erysiphe cruciferarum
Idf10585;../data/Bousset_data/Images/Oid/Idf10585.jpg;Oid;Oïdium;Champignon;Erysiphe cruciferarum;1;train;2024:02:15;12:04:05;nan;4;Erysiphe cruciferarum
Idf10598;../data/Bousset_data/Images/Oid/Idf10598.jpg;Oid;Oïdium;Champignon;Erysiphe cruciferarum;1;train;2024:02:15;12:05:17;nan;4;Erysiphe cruciferarum
Idf10609;../data/Bousset_data/Images/Oid/Idf10609.jpg;Oid;Oïdium;Champignon;Erysiphe cruciferarum;1;train;2024:02:15;12:05:56;nan;4;Erysiphe cruciferarum
Idf10612;../data/Bousset_data/Images/Oid/Idf10612.jpg;Oid;Oïdium;Champignon;Erysiphe cruciferarum;1;train;2024:02:15;12:06:05;nan;4;Erysiphe cruciferarum
Idf10617;../data/Bousset_data/Images/Oid/Idf10617.jpg;Oid;Oïdium;Champignon;Erysiphe cruciferarum;1;train;2024:02:15;12:06:21;nan;4;Erysiphe cruciferarum
Idf10694;../data/Bousset_data/Images/Oid/Idf10694.jpg;Oid;Oïdium;Champignon;Erysiphe cruciferarum;1;train;2024:02:15;12:12:47;nan;4;Erysiphe cruciferarum
Idf10695;../data/Bousset_data/Images/Oid/Idf10695.jpg;Oid;Oïdium;Champignon;Erysiphe cruciferarum;1;train;2024:02:15;12:12:49;nan;4;Erysiphe cruciferarum
Idf10710;../data/Bousset_data/Images/Oid/Idf10710.jpg;Oid;Oïdium;Champignon;Erysiphe cruciferarum;1;train;2024:02:15;12:13:58;nan;4;Erysiphe cruciferarum
Idf10717;../data/Bousset_data/Images/Oid/Idf10717.jpg;Oid;Oïdium;Champignon;Erysiphe cruciferarum;1;train;2024:02:15;12:38:09;nan;4;Erysiphe cruciferarum
Idf10718;../data/Bousset_data/Images/Oid/Idf10718.jpg;Oid;Oïdium;Champignon;Erysiphe cruciferarum;1;train;2024:02:15;12:38:11;nan;4;Erysiphe cruciferarum
Idf10722;../data/Bousset_data/Images/Oid/Idf10722.jpg;Oid;Oïdium;Champignon;Erysiphe cruciferarum;1;train;2024:02:15;12:38:35;nan;4;Erysiphe cruciferarum
Idf10724;../data/Bousset_data/Images/Oid/Idf10724.jpg;Oid;Oïdium;Champignon;Erysiphe cruciferarum;1;train;2024:02:15;12:38:55;nan;4;Erysiphe cruciferarum
Idf10725;../data/Bousset_data/Images/Oid/Idf10725.jpg;Oid;Oïdium;Champignon;Erysiphe cruciferarum;1;train;2024:02:15;12:38:59;nan;4;Erysiphe cruciferarum
Idf10726;../data/Bousset_data/Images/Oid/Idf10726.jpg;Oid;Oïdium;Champignon;Erysiphe cruciferarum;1;train;2024:02:15;12:39:02;nan;4;Erysiphe cruciferarum
Idf10727;../data/Bousset_data/Images/Oid/Idf10727.jpg;Oid;Oïdium;Champignon;Erysiphe cruciferarum;1;train;2024:02:15;12:39:04;nan;4;Erysiphe cruciferarum
Idf10729;../data/Bousset_data/Images/Oid/Idf10729.jpg;Oid;Oïdium;Champignon;Erysiphe cruciferarum;1;train;2024:02:15;12:39:08;nan;4;Erysiphe cruciferarum
Idf10734;../data/Bousset_data/Images/Oid/Idf10734.jpg;Oid;Oïdium;Champignon;Erysiphe cruciferarum;1;train;2024:02:15;12:39:19;nan;4;Erysiphe cruciferarum
Idf10735;../data/Bousset_data/Images/Oid/Idf10735.jpg;Oid;Oïdium;Champignon;Erysiphe cruciferarum;1;train;2024:02:15;12:39:24;nan;4;Erysiphe cruciferarum
Idf10736;../data/Bousset_data/Images/Oid/Idf10736.jpg;Oid;Oïdium;Champignon;Erysiphe cruciferarum;1;train;2024:02:15;12:39:28;nan;4;Erysiphe cruciferarum
Idf10737;../data/Bousset_data/Images/Oid/Idf10737.jpg;Oid;Oïdium;Champignon;Erysiphe cruciferarum;1;train;2024:02:15;12:39:33;nan;4;Erysiphe cruciferarum
Idf10739;../data/Bousset_data/Images/Oid/Idf10739.jpg;Oid;Oïdium;Champignon;Erysiphe cruciferarum;1;train;2024:02:15;12:39:48;nan;4;Erysiphe cruciferarum
Idf10740;../data/Bousset_data/Images/Oid/Idf10740.jpg;Oid;Oïdium;Champignon;Erysiphe cruciferarum;1;train;2024:02:15;12:39:49;nan;4;Erysiphe cruciferarum
Idf10741;../data/Bousset_data/Images/Oid/Idf10741.jpg;Oid;Oïdium;Champignon;Erysiphe cruciferarum;1;train;2024:02:15;12:39:51;nan;4;Erysiphe cruciferarum
Idf10745;../data/Bousset_data/Images/Oid/Idf10745.jpg;Oid;Oïdium;Champignon;Erysiphe cruciferarum;1;train;2024:02:15;12:40:09;nan;4;Erysiphe cruciferarum
Idf10747;../data/Bousset_data/Images/Oid/Idf10747.jpg;Oid;Oïdium;Champignon;Erysiphe cruciferarum;1;train;2024:02:15;12:40:14;nan;4;Erysiphe cruciferarum
Idf10749;../data/Bousset_data/Images/Oid/Idf10749.jpg;Oid;Oïdium;Champignon;Erysiphe cruciferarum;1;train;2024:02:15;12:40:25;nan;4;Erysiphe cruciferarum
Idf10755;../data/Bousset_data/Images/Oid/Idf10755.jpg;Oid;Oïdium;Champignon;Erysiphe cruciferarum;1;train;2024:02:15;12:41:01;nan;4;Erysiphe cruciferarum
Idf10756;../data/Bousset_data/Images/Oid/Idf10756.jpg;Oid;Oïdium;Champignon;Erysiphe cruciferarum;1;train;2024:02:15;12:41:19;nan;4;Erysiphe cruciferarum
Idf10757;../data/Bousset_data/Images/Oid/Idf10757.jpg;Oid;Oïdium;Champignon;Erysiphe cruciferarum;1;train;2024:02:15;12:41:22;nan;4;Erysiphe cruciferarum
Idf10758;../data/Bousset_data/Images/Oid/Idf10758.jpg;Oid;Oïdium;Champignon;Erysiphe cruciferarum;1;train;2024:02:15;12:41:24;nan;4;Erysiphe cruciferarum
Idf10759;../data/Bousset_data/Images/Oid/Idf10759.jpg;Oid;Oïdium;Champignon;Erysiphe cruciferarum;1;train;2024:02:15;12:41:26;nan;4;Erysiphe cruciferarum
Idf10760;../data/Bousset_data/Images/Oid/Idf10760.jpg;Oid;Oïdium;Champignon;Erysiphe cruciferarum;1;train;2024:02:15;12:41:28;nan;4;Erysiphe cruciferarum
Idf10761;../data/Bousset_data/Images/Oid/Idf10761.jpg;Oid;Oïdium;Champignon;Erysiphe cruciferarum;1;train;2024:02:15;12:41:29;nan;4;Erysiphe cruciferarum
Idf10762;../data/Bousset_data/Images/Oid/Idf10762.jpg;Oid;Oïdium;Champignon;Erysiphe cruciferarum;1;train;2024:02:15;12:41:32;nan;4;Erysiphe cruciferarum
Idf10763;../data/Bousset_data/Images/Oid/Idf10763.jpg;Oid;Oïdium;Champignon;Erysiphe cruciferarum;1;train;2024:02:15;12:41:33;nan;4;Erysiphe cruciferarum
Idf10764;../data/Bousset_data/Images/Oid/Idf10764.jpg;Oid;Oïdium;Champignon;Erysiphe cruciferarum;1;train;2024:02:15;12:41:37;nan;4;Erysiphe cruciferarum
Idf10765;../data/Bousset_data/Images/Oid/Idf10765.jpg;Oid;Oïdium;Champignon;Erysiphe cruciferarum;1;train;2024:02:15;12:41:47;nan;4;Erysiphe cruciferarum
Idf10766;../data/Bousset_data/Images/Oid/Idf10766.jpg;Oid;Oïdium;Champignon;Erysiphe cruciferarum;1;train;2024:02:15;12:42:05;nan;4;Erysiphe cruciferarum
Idf10767;../data/Bousset_data/Images/Oid/Idf10767.jpg;Oid;Oïdium;Champignon;Erysiphe cruciferarum;1;train;2024:02:15;12:42:08;nan;4;Erysiphe cruciferarum
Idf10768;../data/Bousset_data/Images/Oid/Idf10768.jpg;Oid;Oïdium;Champignon;Erysiphe cruciferarum;1;train;2024:02:15;12:42:16;nan;4;Erysiphe cruciferarum
Idf10769;../data/Bousset_data/Images/Oid/Idf10769.jpg;Oid;Oïdium;Champignon;Erysiphe cruciferarum;1;train;2024:02:15;12:42:21;nan;4;Erysiphe cruciferarum
Idf10774;../data/Bousset_data/Images/Oid/Idf10774.jpg;Oid;Oïdium;Champignon;Erysiphe cruciferarum;1;train;2024:02:15;12:43:16;nan;4;Erysiphe cruciferarum
Idf10775;../data/Bousset_data/Images/Oid/Idf10775.jpg;Oid;Oïdium;Champignon;Erysiphe cruciferarum;1;train;2024:02:15;12:43:19;nan;4;Erysiphe cruciferarum
Idf10900;../data/Bousset_data/Images/Oid/Idf10900.jpg;Oid;Oïdium;Champignon;Erysiphe cruciferarum;1;train;2024:02:15;13:35:01;nan;4;Erysiphe cruciferarum
Idf10928;../data/Bousset_data/Images/Oid/Idf10928.jpg;Oid;Oïdium;Champignon;Erysiphe cruciferarum;1;train;2024:02:15;13:38:41;nan;4;Erysiphe cruciferarum
Idf10982;../data/Bousset_data/Images/Oid/Idf10982.jpg;Oid;Oïdium;Champignon;Erysiphe cruciferarum;1;train;2024:02:15;13:43:03;nan;4;Erysiphe cruciferarum
Idf10984;../data/Bousset_data/Images/Oid/Idf10984.jpg;Oid;Oïdium;Champignon;Erysiphe cruciferarum;1;train;2024:02:15;13:43:14;nan;4;Erysiphe cruciferarum
Idf10985;../data/Bousset_data/Images/Oid/Idf10985.jpg;Oid;Oïdium;Champignon;Erysiphe cruciferarum;1;train;2024:02:15;13:43:21;nan;4;Erysiphe cruciferarum
Idf10993;../data/Bousset_data/Images/Oid/Idf10993.jpg;Oid;Oïdium;Champignon;Erysiphe cruciferarum;1;train;2024:02:15;13:44:17;nan;4;Erysiphe cruciferarum
Idf10997;../data/Bousset_data/Images/Oid/Idf10997.jpg;Oid;Oïdium;Champignon;Erysiphe cruciferarum;1;train;2024:02:15;13:44:46;nan;4;Erysiphe cruciferarum
Idf11048;../data/Bousset_data/Images/Oid/Idf11048.jpg;Oid;Oïdium;Champignon;Erysiphe cruciferarum;1;train;2024:02:15;13:49:28;nan;4;Erysiphe cruciferarum
Idf12132;../data/Bousset_data/Images/Oid/Idf12132.jpg;Oid;Oïdium;Champignon;Erysiphe cruciferarum;1;train;2024:03:19;12:26:47;nan;4;Erysiphe cruciferarum
Idf12133;../data/Bousset_data/Images/Oid/Idf12133.jpg;Oid;Oïdium;Champignon;Erysiphe cruciferarum;1;train;2024:03:19;12:26:53;nan;4;Erysiphe cruciferarum
Idf12134;../data/Bousset_data/Images/Oid/Idf12134.jpg;Oid;Oïdium;Champignon;Erysiphe cruciferarum;1;train;2024:03:19;12:26:56;nan;4;Erysiphe cruciferarum
Idf12135;../data/Bousset_data/Images/Oid/Idf12135.jpg;Oid;Oïdium;Champignon;Erysiphe cruciferarum;1;train;2024:03:19;12:27:06;nan;4;Erysiphe cruciferarum
Idf12137;../data/Bousset_data/Images/Oid/Idf12137.jpg;Oid;Oïdium;Champignon;Erysiphe cruciferarum;1;train;2024:03:19;12:27:15;nan;4;Erysiphe cruciferarum
Idf12138;../data/Bousset_data/Images/Oid/Idf12138.jpg;Oid;Oïdium;Champignon;Erysiphe cruciferarum;1;train;2024:03:19;12:27:18;nan;4;Erysiphe cruciferarum
Idf12139;../data/Bousset_data/Images/Oid/Idf12139.jpg;Oid;Oïdium;Champignon;Erysiphe cruciferarum;1;train;2024:03:19;12:27:22;nan;4;Erysiphe cruciferarum
Idf12140;../data/Bousset_data/Images/Oid/Idf12140.jpg;Oid;Oïdium;Champignon;Erysiphe cruciferarum;1;train;2024:03:19;12:27:31;nan;4;Erysiphe cruciferarum
Idf12141;../data/Bousset_data/Images/Oid/Idf12141.jpg;Oid;Oïdium;Champignon;Erysiphe cruciferarum;1;train;2024:03:19;12:27:37;nan;4;Erysiphe cruciferarum
Idf12142;../data/Bousset_data/Images/Oid/Idf12142.jpg;Oid;Oïdium;Champignon;Erysiphe cruciferarum;1;train;2024:03:19;12:27:40;nan;4;Erysiphe cruciferarum
Idf12143;../data/Bousset_data/Images/Oid/Idf12143.jpg;Oid;Oïdium;Champignon;Erysiphe cruciferarum;1;train;2024:03:19;12:27:47;nan;4;Erysiphe cruciferarum
Idf12144;../data/Bousset_data/Images/Oid/Idf12144.jpg;Oid;Oïdium;Champignon;Erysiphe cruciferarum;1;train;2024:03:19;12:27:50;nan;4;Erysiphe cruciferarum
Idf12145;../data/Bousset_data/Images/Oid/Idf12145.jpg;Oid;Oïdium;Champignon;Erysiphe cruciferarum;1;train;2024:03:19;12:28:01;nan;4;Erysiphe cruciferarum
Idf12146;../data/Bousset_data/Images/Oid/Idf12146.jpg;Oid;Oïdium;Champignon;Erysiphe cruciferarum;1;train;2024:03:19;12:28:06;nan;4;Erysiphe cruciferarum
Idf12147;../data/Bousset_data/Images/Oid/Idf12147.jpg;Oid;Oïdium;Champignon;Erysiphe cruciferarum;1;train;2024:03:19;12:28:18;nan;4;Erysiphe cruciferarum
Idf12148;../data/Bousset_data/Images/Oid/Idf12148.jpg;Oid;Oïdium;Champignon;Erysiphe cruciferarum;1;train;2024:03:19;12:28:25;nan;4;Erysiphe cruciferarum
Idf00057;../data/Bousset_data/Images/Pse/Idf00057.jpg;Pse;Pseudo;Champignon;Pseudocercosporella capsellae;1;train;2022:11:25;11:52:33;nan;26;Pseudocercosporella capsellae
Idf00058;../data/Bousset_data/Images/Pse/Idf00058.jpg;Pse;Pseudo;Champignon;Pseudocercosporella capsellae;1;train;2022:11:25;11:53:02;nan;26;Pseudocercosporella capsellae
Idf00059;../data/Bousset_data/Images/Pse/Idf00059.jpg;Pse;Pseudo;Champignon;Pseudocercosporella capsellae;1;train;2022:11:25;11:53:09;nan;26;Pseudocercosporella capsellae
Idf00200;../data/Bousset_data/Images/Pse/Idf00200.jpg;Pse;Pseudo;Champignon;Pseudocercosporella capsellae;1;train;2022:11:28;16:05:56;nan;26;Pseudocercosporella capsellae
Idf00317;../data/Bousset_data/Images/Pse/Idf00317.jpg;Pse;Pseudo;Champignon;Pseudocercosporella capsellae;1;train;2022:11:28;17:06:26;nan;26;Pseudocercosporella capsellae
Idf00379;../data/Bousset_data/Images/Pse/Idf00379.jpg;Pse;Pseudo;Champignon;Pseudocercosporella capsellae;1;train;2022:11:28;10:56:08;nan;26;Pseudocercosporella capsellae
Idf00381;../data/Bousset_data/Images/Pse/Idf00381.jpg;Pse;Pseudo;Champignon;Pseudocercosporella capsellae;1;train;2022:11:28;10:56:16;nan;26;Pseudocercosporella capsellae
Idf00384;../data/Bousset_data/Images/Pse/Idf00384.jpg;Pse;Pseudo;Champignon;Pseudocercosporella capsellae;1;train;2022:11:28;10:57:21;nan;26;Pseudocercosporella capsellae
Idf00386;../data/Bousset_data/Images/Pse/Idf00386.jpg;Pse;Pseudo;Champignon;Pseudocercosporella capsellae;1;train;2022:11:28;10:57:31;nan;26;Pseudocercosporella capsellae
Idf00387;../data/Bousset_data/Images/Pse/Idf00387.jpg;Pse;Pseudo;Champignon;Pseudocercosporella capsellae;1;train;2022:11:28;10:57:39;nan;26;Pseudocercosporella capsellae
Idf00393;../data/Bousset_data/Images/Pse/Idf00393.jpg;Pse;Pseudo;Champignon;Pseudocercosporella capsellae;1;train;2022:11:28;11:01:13;nan;26;Pseudocercosporella capsellae
Idf00394;../data/Bousset_data/Images/Pse/Idf00394.jpg;Pse;Pseudo;Champignon;Pseudocercosporella capsellae;1;train;2022:11:28;11:01:16;nan;26;Pseudocercosporella capsellae
Idf00395;../data/Bousset_data/Images/Pse/Idf00395.jpg;Pse;Pseudo;Champignon;Pseudocercosporella capsellae;1;train;2022:11:28;11:01:21;nan;26;Pseudocercosporella capsellae
Idf00436;../data/Bousset_data/Images/Pse/Idf00436.jpg;Pse;Pseudo;Champignon;Pseudocercosporella capsellae;1;train;2022:11:28;12:12:22;nan;26;Pseudocercosporella capsellae
Idf00437;../data/Bousset_data/Images/Pse/Idf00437.jpg;Pse;Pseudo;Champignon;Pseudocercosporella capsellae;1;train;2022:11:28;12:12:25;nan;26;Pseudocercosporella capsellae
Idf00438;../data/Bousset_data/Images/Pse/Idf00438.jpg;Pse;Pseudo;Champignon;Pseudocercosporella capsellae;1;train;2022:11:28;12:12:32;nan;26;Pseudocercosporella capsellae
Idf00439;../data/Bousset_data/Images/Pse/Idf00439.jpg;Pse;Pseudo;Champignon;Pseudocercosporella capsellae;1;train;2022:11:28;12:13:35;nan;26;Pseudocercosporella capsellae
Idf00447;../data/Bousset_data/Images/Pse/Idf00447.jpg;Pse;Pseudo;Champignon;Pseudocercosporella capsellae;1;train;2022:11:28;12:16:31;nan;26;Pseudocercosporella capsellae
Idf00449;../data/Bousset_data/Images/Pse/Idf00449.jpg;Pse;Pseudo;Champignon;Pseudocercosporella capsellae;1;train;2022:11:28;12:16:47;nan;26;Pseudocercosporella capsellae
Idf00469;../data/Bousset_data/Images/Pse/Idf00469.jpg;Pse;Pseudo;Champignon;Pseudocercosporella capsellae;1;train;2022:11:28;12:40:10;nan;26;Pseudocercosporella capsellae
Idf00470;../data/Bousset_data/Images/Pse/Idf00470.jpg;Pse;Pseudo;Champignon;Pseudocercosporella capsellae;1;train;2022:11:28;12:40:15;nan;26;Pseudocercosporella capsellae
Idf00476;../data/Bousset_data/Images/Pse/Idf00476.jpg;Pse;Pseudo;Champignon;Pseudocercosporella capsellae;1;train;2022:11:28;12:43:49;nan;26;Pseudocercosporella capsellae
Idf00477;../data/Bousset_data/Images/Pse/Idf00477.jpg;Pse;Pseudo;Champignon;Pseudocercosporella capsellae;1;train;2022:11:28;12:44:24;nan;26;Pseudocercosporella capsellae
Idf00478;../data/Bousset_data/Images/Pse/Idf00478.jpg;Pse;Pseudo;Champignon;Pseudocercosporella capsellae;1;train;2022:11:28;12:44:27;nan;26;Pseudocercosporella capsellae
Idf00479;../data/Bousset_data/Images/Pse/Idf00479.jpg;Pse;Pseudo;Champignon;Pseudocercosporella capsellae;1;train;2022:11:28;12:44:40;nan;26;Pseudocercosporella capsellae
Idf00480;../data/Bousset_data/Images/Pse/Idf00480.jpg;Pse;Pseudo;Champignon;Pseudocercosporella capsellae;1;train;2022:11:28;12:44:53;nan;26;Pseudocercosporella capsellae
Idf00482;../data/Bousset_data/Images/Pse/Idf00482.jpg;Pse;Pseudo;Champignon;Pseudocercosporella capsellae;1;train;2022:11:28;12:45:22;nan;26;Pseudocercosporella capsellae
Idf00484;../data/Bousset_data/Images/Pse/Idf00484.jpg;Pse;Pseudo;Champignon;Pseudocercosporella capsellae;1;train;2022:11:28;12:46:19;nan;26;Pseudocercosporella capsellae
Idf00485;../data/Bousset_data/Images/Pse/Idf00485.jpg;Pse;Pseudo;Champignon;Pseudocercosporella capsellae;1;train;2022:11:28;12:46:24;nan;26;Pseudocercosporella capsellae
Idf00499;../data/Bousset_data/Images/Pse/Idf00499.jpg;Pse;Pseudo;Champignon;Pseudocercosporella capsellae;1;train;2022:12:22;11:04:37;nan;26;Pseudocercosporella capsellae
Idf00500;../data/Bousset_data/Images/Pse/Idf00500.jpg;Pse;Pseudo;Champignon;Pseudocercosporella capsellae;1;train;2022:12:22;11:05:05;nan;26;Pseudocercosporella capsellae
Idf00504;../data/Bousset_data/Images/Pse/Idf00504.jpg;Pse;Pseudo;Champignon;Pseudocercosporella capsellae;1;train;2022:12:22;11:05:17;nan;26;Pseudocercosporella capsellae
Idf00505;../data/Bousset_data/Images/Pse/Idf00505.jpg;Pse;Pseudo;Champignon;Pseudocercosporella capsellae;1;train;2022:12:22;11:06:16;nan;26;Pseudocercosporella capsellae
Idf00509;../data/Bousset_data/Images/Pse/Idf00509.jpg;Pse;Pseudo;Champignon;Pseudocercosporella capsellae;1;train;2022:12:22;11:09:26;nan;26;Pseudocercosporella capsellae
Idf00510;../data/Bousset_data/Images/Pse/Idf00510.jpg;Pse;Pseudo;Champignon;Pseudocercosporella capsellae;1;train;2022:12:22;11:10:04;nan;26;Pseudocercosporella capsellae
Idf00511;../data/Bousset_data/Images/Pse/Idf00511.jpg;Pse;Pseudo;Champignon;Pseudocercosporella capsellae;1;train;2022:12:22;11:10:24;nan;26;Pseudocercosporella capsellae
Idf00563;../data/Bousset_data/Images/Pse/Idf00563.jpg;Pse;Pseudo;Champignon;Pseudocercosporella capsellae;1;train;2022:12:22;11:13:30;nan;26;Pseudocercosporella capsellae
Idf00564;../data/Bousset_data/Images/Pse/Idf00564.jpg;Pse;Pseudo;Champignon;Pseudocercosporella capsellae;1;train;2022:12:22;11:14:22;nan;26;Pseudocercosporella capsellae
Idf00778;../data/Bousset_data/Images/Pse/Idf00778.jpg;Pse;Pseudo;Champignon;Pseudocercosporella capsellae;1;train;2023:01:09;15:49:53;nan;26;Pseudocercosporella capsellae
Idf00789;../data/Bousset_data/Images/Pse/Idf00789.jpg;Pse;Pseudo;Champignon;Pseudocercosporella capsellae;1;train;2023:01:09;15:52:14;nan;26;Pseudocercosporella capsellae
Idf00790;../data/Bousset_data/Images/Pse/Idf00790.jpg;Pse;Pseudo;Champignon;Pseudocercosporella capsellae;1;train;2023:01:09;15:52:17;nan;26;Pseudocercosporella capsellae
Idf00791;../data/Bousset_data/Images/Pse/Idf00791.jpg;Pse;Pseudo;Champignon;Pseudocercosporella capsellae;1;train;2023:01:09;15:52:29;nan;26;Pseudocercosporella capsellae
Idf00792;../data/Bousset_data/Images/Pse/Idf00792.jpg;Pse;Pseudo;Champignon;Pseudocercosporella capsellae;1;train;2023:01:09;15:52:37;nan;26;Pseudocercosporella capsellae
Idf00793;../data/Bousset_data/Images/Pse/Idf00793.jpg;Pse;Pseudo;Champignon;Pseudocercosporella capsellae;1;train;2023:01:09;15:52:48;nan;26;Pseudocercosporella capsellae
Idf00800;../data/Bousset_data/Images/Pse/Idf00800.jpg;Pse;Pseudo;Champignon;Pseudocercosporella capsellae;1;train;2023:01:09;15:54:42;nan;26;Pseudocercosporella capsellae
Idf00802;../data/Bousset_data/Images/Pse/Idf00802.jpg;Pse;Pseudo;Champignon;Pseudocercosporella capsellae;1;train;2023:01:09;15:55:05;nan;26;Pseudocercosporella capsellae
Idf00813;../data/Bousset_data/Images/Pse/Idf00813.jpg;Pse;Pseudo;Champignon;Pseudocercosporella capsellae;1;train;2023:01:09;15:57:40;nan;26;Pseudocercosporella capsellae
Idf00863;../data/Bousset_data/Images/Pse/Idf00863.jpg;Pse;Pseudo;Champignon;Pseudocercosporella capsellae;1;train;2023:01:09;16:10:17;nan;26;Pseudocercosporella capsellae
Idf00864;../data/Bousset_data/Images/Pse/Idf00864.jpg;Pse;Pseudo;Champignon;Pseudocercosporella capsellae;1;train;2023:01:09;16:10:44;nan;26;Pseudocercosporella capsellae
Idf00865;../data/Bousset_data/Images/Pse/Idf00865.jpg;Pse;Pseudo;Champignon;Pseudocercosporella capsellae;1;train;2023:01:09;16:11:33;nan;26;Pseudocercosporella capsellae
Idf00977;../data/VAULT/Bousset_data/Images/Pse/Idf00977.jpg;Pse;Pseudo;Champignon;Pseudocercosporella capsellae;1;vault;2023:01:11;11:03:05;nan;26;Pseudocercosporella capsellae
Idf00978;../data/VAULT/Bousset_data/Images/Pse/Idf00978.jpg;Pse;Pseudo;Champignon;Pseudocercosporella capsellae;1;vault;2023:01:11;11:03:35;nan;26;Pseudocercosporella capsellae
Idf00990;../data/VAULT/Bousset_data/Images/Pse/Idf00990.jpg;Pse;Pseudo;Champignon;Pseudocercosporella capsellae;1;vault;2023:01:11;11:28:38;nan;26;Pseudocercosporella capsellae
Idf00992;../data/VAULT/Bousset_data/Images/Pse/Idf00992.jpg;Pse;Pseudo;Champignon;Pseudocercosporella capsellae;1;vault;2023:01:11;11:28:48;nan;26;Pseudocercosporella capsellae
Idf00994;../data/VAULT/Bousset_data/Images/Pse/Idf00994.jpg;Pse;Pseudo;Champignon;Pseudocercosporella capsellae;1;vault;2023:01:11;11:28:56;nan;26;Pseudocercosporella capsellae
Idf00995;../data/VAULT/Bousset_data/Images/Pse/Idf00995.jpg;Pse;Pseudo;Champignon;Pseudocercosporella capsellae;1;vault;2023:01:11;11:29:02;nan;26;Pseudocercosporella capsellae
Idf01016;../data/VAULT/Bousset_data/Images/Pse/Idf01016.jpg;Pse;Pseudo;Champignon;Pseudocercosporella capsellae;1;vault;2023:01:11;11:30:41;nan;26;Pseudocercosporella capsellae
Idf01022;../data/VAULT/Bousset_data/Images/Pse/Idf01022.jpg;Pse;Pseudo;Champignon;Pseudocercosporella capsellae;1;vault;2023:01:11;11:31:17;nan;26;Pseudocercosporella capsellae
Idf01023;../data/VAULT/Bousset_data/Images/Pse/Idf01023.jpg;Pse;Pseudo;Champignon;Pseudocercosporella capsellae;1;vault;2023:01:11;11:31:20;nan;26;Pseudocercosporella capsellae
Idf01024;../data/VAULT/Bousset_data/Images/Pse/Idf01024.jpg;Pse;Pseudo;Champignon;Pseudocercosporella capsellae;1;vault;2023:01:11;11:31:30;nan;26;Pseudocercosporella capsellae
Idf01025;../data/VAULT/Bousset_data/Images/Pse/Idf01025.jpg;Pse;Pseudo;Champignon;Pseudocercosporella capsellae;1;vault;2023:01:11;11:31:37;nan;26;Pseudocercosporella capsellae
Idf01026;../data/VAULT/Bousset_data/Images/Pse/Idf01026.jpg;Pse;Pseudo;Champignon;Pseudocercosporella capsellae;1;vault;2023:01:11;11:31:40;nan;26;Pseudocercosporella capsellae
Idf01027;../data/VAULT/Bousset_data/Images/Pse/Idf01027.jpg;Pse;Pseudo;Champignon;Pseudocercosporella capsellae;1;vault;2023:01:11;11:31:46;nan;26;Pseudocercosporella capsellae
Idf01031;../data/VAULT/Bousset_data/Images/Pse/Idf01031.jpg;Pse;Pseudo;Champignon;Pseudocercosporella capsellae;1;vault;2023:01:11;11:32:26;nan;26;Pseudocercosporella capsellae
Idf01032;../data/VAULT/Bousset_data/Images/Pse/Idf01032.jpg;Pse;Pseudo;Champignon;Pseudocercosporella capsellae;1;vault;2023:01:11;11:32:32;nan;26;Pseudocercosporella capsellae
Idf01054;../data/VAULT/Bousset_data/Images/Pse/Idf01054.jpg;Pse;Pseudo;Champignon;Pseudocercosporella capsellae;1;vault;2023:01:11;11:35:54;nan;26;Pseudocercosporella capsellae
Idf01056;../data/VAULT/Bousset_data/Images/Pse/Idf01056.jpg;Pse;Pseudo;Champignon;Pseudocercosporella capsellae;1;vault;2023:01:11;11:36:08;nan;26;Pseudocercosporella capsellae
Idf01060;../data/VAULT/Bousset_data/Images/Pse/Idf01060.jpg;Pse;Pseudo;Champignon;Pseudocercosporella capsellae;1;vault;2023:01:11;11:36:46;nan;26;Pseudocercosporella capsellae
Idf01062;../data/VAULT/Bousset_data/Images/Pse/Idf01062.jpg;Pse;Pseudo;Champignon;Pseudocercosporella capsellae;1;vault;2023:01:11;11:37:03;nan;26;Pseudocercosporella capsellae
Idf01063;../data/VAULT/Bousset_data/Images/Pse/Idf01063.jpg;Pse;Pseudo;Champignon;Pseudocercosporella capsellae;1;vault;2023:01:11;11:37:17;nan;26;Pseudocercosporella capsellae
Idf01067;../data/VAULT/Bousset_data/Images/Pse/Idf01067.jpg;Pse;Pseudo;Champignon;Pseudocercosporella capsellae;1;vault;2023:01:11;11:38:22;nan;26;Pseudocercosporella capsellae
Idf01075;../data/VAULT/Bousset_data/Images/Pse/Idf01075.jpg;Pse;Pseudo;Champignon;Pseudocercosporella capsellae;1;vault;2023:01:11;11:41:13;nan;26;Pseudocercosporella capsellae
Idf01076;../data/VAULT/Bousset_data/Images/Pse/Idf01076.jpg;Pse;Pseudo;Champignon;Pseudocercosporella capsellae;1;vault;2023:01:11;11:41:18;nan;26;Pseudocercosporella capsellae
Idf01077;../data/VAULT/Bousset_data/Images/Pse/Idf01077.jpg;Pse;Pseudo;Champignon;Pseudocercosporella capsellae;1;vault;2023:01:11;11:41:26;nan;26;Pseudocercosporella capsellae
Idf01079;../data/VAULT/Bousset_data/Images/Pse/Idf01079.jpg;Pse;Pseudo;Champignon;Pseudocercosporella capsellae;1;vault;2023:01:11;11:42:05;nan;26;Pseudocercosporella capsellae
Idf01080;../data/VAULT/Bousset_data/Images/Pse/Idf01080.jpg;Pse;Pseudo;Champignon;Pseudocercosporella capsellae;1;vault;2023:01:11;11:42:11;nan;26;Pseudocercosporella capsellae
Idf01081;../data/VAULT/Bousset_data/Images/Pse/Idf01081.jpg;Pse;Pseudo;Champignon;Pseudocercosporella capsellae;1;vault;2023:01:11;11:42:31;nan;26;Pseudocercosporella capsellae
Idf01415;../data/Bousset_data/Images/Pse/Idf01415.jpg;Pse;Pseudo;Champignon;Pseudocercosporella capsellae;1;train;2023:01:16;12:47:31;nan;26;Pseudocercosporella capsellae
Idf01416;../data/Bousset_data/Images/Pse/Idf01416.jpg;Pse;Pseudo;Champignon;Pseudocercosporella capsellae;1;train;2023:01:16;12:48:03;nan;26;Pseudocercosporella capsellae
Idf01504;../data/Bousset_data/Images/Pse/Idf01504.jpg;Pse;Pseudo;Champignon;Pseudocercosporella capsellae;1;train;2023:02:06;11:38:38;nan;26;Pseudocercosporella capsellae
Idf01505;../data/Bousset_data/Images/Pse/Idf01505.jpg;Pse;Pseudo;Champignon;Pseudocercosporella capsellae;1;train;2023:02:06;11:38:42;nan;26;Pseudocercosporella capsellae
Idf01506;../data/Bousset_data/Images/Pse/Idf01506.jpg;Pse;Pseudo;Champignon;Pseudocercosporella capsellae;1;train;2023:02:06;11:38:47;nan;26;Pseudocercosporella capsellae
Idf01507;../data/Bousset_data/Images/Pse/Idf01507.jpg;Pse;Pseudo;Champignon;Pseudocercosporella capsellae;1;train;2023:02:06;11:38:55;nan;26;Pseudocercosporella capsellae
Idf01832;../data/Bousset_data/Images/Pse/Idf01832.jpg;Pse;Pseudo;Champignon;Pseudocercosporella capsellae;1;train;2023:02:23;12:44:46;nan;26;Pseudocercosporella capsellae
Idf02028;../data/Bousset_data/Images/Pse/Idf02028.jpg;Pse;Pseudo;Champignon;Pseudocercosporella capsellae;1;train;2023:02:24;10:59:35;nan;26;Pseudocercosporella capsellae
Idf02031;../data/Bousset_data/Images/Pse/Idf02031.jpg;Pse;Pseudo;Champignon;Pseudocercosporella capsellae;1;train;2023:02:24;11:00:25;nan;26;Pseudocercosporella capsellae
Idf02032;../data/Bousset_data/Images/Pse/Idf02032.jpg;Pse;Pseudo;Champignon;Pseudocercosporella capsellae;1;train;2023:02:24;11:00:39;nan;26;Pseudocercosporella capsellae
Idf02073;../data/Bousset_data/Images/Pse/Idf02073.jpg;Pse;Pseudo;Champignon;Pseudocercosporella capsellae;1;train;2023:02:27;10:39:45;nan;26;Pseudocercosporella capsellae
Idf02074;../data/Bousset_data/Images/Pse/Idf02074.jpg;Pse;Pseudo;Champignon;Pseudocercosporella capsellae;1;train;2023:02:27;10:40:03;nan;26;Pseudocercosporella capsellae
Idf02134;../data/Bousset_data/Images/Pse/Idf02134.jpg;Pse;Pseudo;Champignon;Pseudocercosporella capsellae;1;train;2023:02:27;11:26:12;nan;26;Pseudocercosporella capsellae
Idf02135;../data/Bousset_data/Images/Pse/Idf02135.jpg;Pse;Pseudo;Champignon;Pseudocercosporella capsellae;1;train;2023:02:27;11:26:59;nan;26;Pseudocercosporella capsellae
Idf02136;../data/Bousset_data/Images/Pse/Idf02136.jpg;Pse;Pseudo;Champignon;Pseudocercosporella capsellae;1;train;2023:02:27;11:27:02;nan;26;Pseudocercosporella capsellae
Idf02164;../data/Bousset_data/Images/Pse/Idf02164.jpg;Pse;Pseudo;Champignon;Pseudocercosporella capsellae;1;train;2023:03:17;11:06:55;nan;26;Pseudocercosporella capsellae
Idf02711;../data/Bousset_data/Images/Pse/Idf02711.jpg;Pse;Pseudo;Champignon;Pseudocercosporella capsellae;1;train;2023:03:21;09:35:32;nan;26;Pseudocercosporella capsellae
Idf02718;../data/Bousset_data/Images/Pse/Idf02718.jpg;Pse;Pseudo;Champignon;Pseudocercosporella capsellae;1;train;2023:03:21;09:37:01;nan;26;Pseudocercosporella capsellae
Idf02724;../data/Bousset_data/Images/Pse/Idf02724.jpg;Pse;Pseudo;Champignon;Pseudocercosporella capsellae;1;train;2023:03:21;09:38:50;nan;26;Pseudocercosporella capsellae
Idf02841;../data/Bousset_data/Images/Pse/Idf02841.jpg;Pse;Pseudo;Champignon;Pseudocercosporella capsellae;1;train;2023:03:21;10:11:54;nan;26;Pseudocercosporella capsellae
Idf02842;../data/Bousset_data/Images/Pse/Idf02842.jpg;Pse;Pseudo;Champignon;Pseudocercosporella capsellae;1;train;2023:03:21;10:12:06;nan;26;Pseudocercosporella capsellae
Idf02911;../data/Bousset_data/Images/Pse/Idf02911.jpg;Pse;Pseudo;Champignon;Pseudocercosporella capsellae;1;train;2023:03:21;15:58:34;nan;26;Pseudocercosporella capsellae
Idf02912;../data/Bousset_data/Images/Pse/Idf02912.jpg;Pse;Pseudo;Champignon;Pseudocercosporella capsellae;1;train;2023:03:21;15:58:43;nan;26;Pseudocercosporella capsellae
Idf02913;../data/Bousset_data/Images/Pse/Idf02913.jpg;Pse;Pseudo;Champignon;Pseudocercosporella capsellae;1;train;2023:03:21;15:58:48;nan;26;Pseudocercosporella capsellae
Idf03019;../data/Bousset_data/Images/Pse/Idf03019.jpg;Pse;Pseudo;Champignon;Pseudocercosporella capsellae;1;train;2023:03:21;16:17:30;nan;26;Pseudocercosporella capsellae
Idf03020;../data/Bousset_data/Images/Pse/Idf03020.jpg;Pse;Pseudo;Champignon;Pseudocercosporella capsellae;1;train;2023:03:21;16:17:35;nan;26;Pseudocercosporella capsellae
Idf03021;../data/Bousset_data/Images/Pse/Idf03021.jpg;Pse;Pseudo;Champignon;Pseudocercosporella capsellae;1;train;2023:03:21;16:17:42;nan;26;Pseudocercosporella capsellae
Idf03555;../data/Bousset_data/Images/Pse/Idf03555.jpg;Pse;Pseudo;Champignon;Pseudocercosporella capsellae;1;train;2023:04:03;16:53:29;nan;26;Pseudocercosporella capsellae
Idf03569;../data/Bousset_data/Images/Pse/Idf03569.jpg;Pse;Pseudo;Champignon;Pseudocercosporella capsellae;1;train;2023:04:03;16:55:40;nan;26;Pseudocercosporella capsellae
Idf03617;../data/Bousset_data/Images/Pse/Idf03617.jpg;Pse;Pseudo;Champignon;Pseudocercosporella capsellae;1;train;2023:04:03;17:02:31;nan;26;Pseudocercosporella capsellae
Idf03672;../data/Bousset_data/Images/Pse/Idf03672.jpg;Pse;Pseudo;Champignon;Pseudocercosporella capsellae;1;train;2023:04:03;17:11:06;nan;26;Pseudocercosporella capsellae
Idf03685;../data/Bousset_data/Images/Pse/Idf03685.jpg;Pse;Pseudo;Champignon;Pseudocercosporella capsellae;1;train;2023:04:03;17:13:14;nan;26;Pseudocercosporella capsellae
Idf03686;../data/Bousset_data/Images/Pse/Idf03686.jpg;Pse;Pseudo;Champignon;Pseudocercosporella capsellae;1;train;2023:04:03;17:13:19;nan;26;Pseudocercosporella capsellae
Idf03687;../data/Bousset_data/Images/Pse/Idf03687.jpg;Pse;Pseudo;Champignon;Pseudocercosporella capsellae;1;train;2023:04:03;17:13:23;nan;26;Pseudocercosporella capsellae
Idf03688;../data/Bousset_data/Images/Pse/Idf03688.jpg;Pse;Pseudo;Champignon;Pseudocercosporella capsellae;1;train;2023:04:03;17:13:30;nan;26;Pseudocercosporella capsellae
Idf03689;../data/Bousset_data/Images/Pse/Idf03689.jpg;Pse;Pseudo;Champignon;Pseudocercosporella capsellae;1;train;2023:04:03;17:13:32;nan;26;Pseudocercosporella capsellae
Idf03690;../data/Bousset_data/Images/Pse/Idf03690.jpg;Pse;Pseudo;Champignon;Pseudocercosporella capsellae;1;train;2023:04:03;17:13:48;nan;26;Pseudocercosporella capsellae
Idf04028;../data/Bousset_data/Images/Pse/Idf04028.jpg;Pse;Pseudo;Champignon;Pseudocercosporella capsellae;1;train;2023:04:06;12:56:17;nan;26;Pseudocercosporella capsellae
Idf04029;../data/Bousset_data/Images/Pse/Idf04029.jpg;Pse;Pseudo;Champignon;Pseudocercosporella capsellae;1;train;2023:04:06;12:56:21;nan;26;Pseudocercosporella capsellae
Idf04035;../data/Bousset_data/Images/Pse/Idf04035.jpg;Pse;Pseudo;Champignon;Pseudocercosporella capsellae;1;train;2023:04:06;12:57:18;nan;26;Pseudocercosporella capsellae
Idf04036;../data/Bousset_data/Images/Pse/Idf04036.jpg;Pse;Pseudo;Champignon;Pseudocercosporella capsellae;1;train;2023:04:06;12:57:30;nan;26;Pseudocercosporella capsellae
Idf04038;../data/Bousset_data/Images/Pse/Idf04038.jpg;Pse;Pseudo;Champignon;Pseudocercosporella capsellae;1;train;2023:04:06;12:57:50;nan;26;Pseudocercosporella capsellae
Idf04039;../data/Bousset_data/Images/Pse/Idf04039.jpg;Pse;Pseudo;Champignon;Pseudocercosporella capsellae;1;train;2023:04:06;12:57:55;nan;26;Pseudocercosporella capsellae
Idf04040;../data/Bousset_data/Images/Pse/Idf04040.jpg;Pse;Pseudo;Champignon;Pseudocercosporella capsellae;1;train;2023:04:06;12:58:04;nan;26;Pseudocercosporella capsellae
Idf04041;../data/Bousset_data/Images/Pse/Idf04041.jpg;Pse;Pseudo;Champignon;Pseudocercosporella capsellae;1;train;2023:04:06;12:58:12;nan;26;Pseudocercosporella capsellae
Idf04042;../data/Bousset_data/Images/Pse/Idf04042.jpg;Pse;Pseudo;Champignon;Pseudocercosporella capsellae;1;train;2023:04:06;12:58:18;nan;26;Pseudocercosporella capsellae
Idf04044;../data/Bousset_data/Images/Pse/Idf04044.jpg;Pse;Pseudo;Champignon;Pseudocercosporella capsellae;1;train;2023:04:06;12:58:43;nan;26;Pseudocercosporella capsellae
Idf04047;../data/Bousset_data/Images/Pse/Idf04047.jpg;Pse;Pseudo;Champignon;Pseudocercosporella capsellae;1;train;2023:04:06;12:59:22;nan;26;Pseudocercosporella capsellae
Idf04048;../data/Bousset_data/Images/Pse/Idf04048.jpg;Pse;Pseudo;Champignon;Pseudocercosporella capsellae;1;train;2023:04:06;12:59:27;nan;26;Pseudocercosporella capsellae
Idf04049;../data/Bousset_data/Images/Pse/Idf04049.jpg;Pse;Pseudo;Champignon;Pseudocercosporella capsellae;1;train;2023:04:06;12:59:30;nan;26;Pseudocercosporella capsellae
Idf04051;../data/Bousset_data/Images/Pse/Idf04051.jpg;Pse;Pseudo;Champignon;Pseudocercosporella capsellae;1;train;2023:04:06;13:00:01;nan;26;Pseudocercosporella capsellae
Idf04052;../data/Bousset_data/Images/Pse/Idf04052.jpg;Pse;Pseudo;Champignon;Pseudocercosporella capsellae;1;train;2023:04:06;13:00:03;nan;26;Pseudocercosporella capsellae
Idf04053;../data/Bousset_data/Images/Pse/Idf04053.jpg;Pse;Pseudo;Champignon;Pseudocercosporella capsellae;1;train;2023:04:06;13:00:13;nan;26;Pseudocercosporella capsellae
Idf04054;../data/Bousset_data/Images/Pse/Idf04054.jpg;Pse;Pseudo;Champignon;Pseudocercosporella capsellae;1;train;2023:04:06;13:00:38;nan;26;Pseudocercosporella capsellae
Idf04057;../data/Bousset_data/Images/Pse/Idf04057.jpg;Pse;Pseudo;Champignon;Pseudocercosporella capsellae;1;train;2023:04:06;13:00:49;nan;26;Pseudocercosporella capsellae
Idf04058;../data/Bousset_data/Images/Pse/Idf04058.jpg;Pse;Pseudo;Champignon;Pseudocercosporella capsellae;1;train;2023:04:06;13:01:20;nan;26;Pseudocercosporella capsellae
Idf04064;../data/Bousset_data/Images/Pse/Idf04064.jpg;Pse;Pseudo;Champignon;Pseudocercosporella capsellae;1;train;2023:04:06;13:01:57;nan;26;Pseudocercosporella capsellae
Idf04065;../data/Bousset_data/Images/Pse/Idf04065.jpg;Pse;Pseudo;Champignon;Pseudocercosporella capsellae;1;train;2023:04:06;13:02:25;nan;26;Pseudocercosporella capsellae
Idf04066;../data/Bousset_data/Images/Pse/Idf04066.jpg;Pse;Pseudo;Champignon;Pseudocercosporella capsellae;1;train;2023:04:06;13:02:50;nan;26;Pseudocercosporella capsellae
Idf04067;../data/Bousset_data/Images/Pse/Idf04067.jpg;Pse;Pseudo;Champignon;Pseudocercosporella capsellae;1;train;2023:04:06;13:02:52;nan;26;Pseudocercosporella capsellae
Idf04068;../data/Bousset_data/Images/Pse/Idf04068.jpg;Pse;Pseudo;Champignon;Pseudocercosporella capsellae;1;train;2023:04:06;13:02:55;nan;26;Pseudocercosporella capsellae
Idf04069;../data/Bousset_data/Images/Pse/Idf04069.jpg;Pse;Pseudo;Champignon;Pseudocercosporella capsellae;1;train;2023:04:06;13:02:57;nan;26;Pseudocercosporella capsellae
Idf04070;../data/Bousset_data/Images/Pse/Idf04070.jpg;Pse;Pseudo;Champignon;Pseudocercosporella capsellae;1;train;2023:04:06;13:03:45;nan;26;Pseudocercosporella capsellae
Idf04071;../data/Bousset_data/Images/Pse/Idf04071.jpg;Pse;Pseudo;Champignon;Pseudocercosporella capsellae;1;train;2023:04:06;13:03:58;nan;26;Pseudocercosporella capsellae
Idf04072;../data/Bousset_data/Images/Pse/Idf04072.jpg;Pse;Pseudo;Champignon;Pseudocercosporella capsellae;1;train;2023:04:06;13:04:49;nan;26;Pseudocercosporella capsellae
Idf04082;../data/Bousset_data/Images/Pse/Idf04082.jpg;Pse;Pseudo;Champignon;Pseudocercosporella capsellae;1;train;2023:04:06;13:07:41;nan;26;Pseudocercosporella capsellae
Idf04083;../data/Bousset_data/Images/Pse/Idf04083.jpg;Pse;Pseudo;Champignon;Pseudocercosporella capsellae;1;train;2023:04:06;13:07:59;nan;26;Pseudocercosporella capsellae
Idf04089;../data/Bousset_data/Images/Pse/Idf04089.jpg;Pse;Pseudo;Champignon;Pseudocercosporella capsellae;1;train;2023:04:06;13:09:00;nan;26;Pseudocercosporella capsellae
Idf04093;../data/Bousset_data/Images/Pse/Idf04093.jpg;Pse;Pseudo;Champignon;Pseudocercosporella capsellae;1;train;2023:04:06;13:09:54;nan;26;Pseudocercosporella capsellae
Idf04094;../data/Bousset_data/Images/Pse/Idf04094.jpg;Pse;Pseudo;Champignon;Pseudocercosporella capsellae;1;train;2023:04:06;13:10:01;nan;26;Pseudocercosporella capsellae
Idf04182;../data/Bousset_data/Images/Pse/Idf04182.jpg;Pse;Pseudo;Champignon;Pseudocercosporella capsellae;1;train;2023:04:06;15:39:07;nan;26;Pseudocercosporella capsellae
Idf04231;../data/Bousset_data/Images/Pse/Idf04231.jpg;Pse;Pseudo;Champignon;Pseudocercosporella capsellae;1;train;2023:04:06;15:46:56;nan;26;Pseudocercosporella capsellae
Idf04248;../data/Bousset_data/Images/Pse/Idf04248.jpg;Pse;Pseudo;Champignon;Pseudocercosporella capsellae;1;train;2023:04:06;15:49:37;nan;26;Pseudocercosporella capsellae
Idf04250;../data/Bousset_data/Images/Pse/Idf04250.jpg;Pse;Pseudo;Champignon;Pseudocercosporella capsellae;1;train;2023:04:06;15:49:45;nan;26;Pseudocercosporella capsellae
Idf04253;../data/Bousset_data/Images/Pse/Idf04253.jpg;Pse;Pseudo;Champignon;Pseudocercosporella capsellae;1;train;2023:04:06;15:50:12;nan;26;Pseudocercosporella capsellae
Idf04255;../data/Bousset_data/Images/Pse/Idf04255.jpg;Pse;Pseudo;Champignon;Pseudocercosporella capsellae;1;train;2023:04:06;15:50:29;nan;26;Pseudocercosporella capsellae
Idf04257;../data/Bousset_data/Images/Pse/Idf04257.jpg;Pse;Pseudo;Champignon;Pseudocercosporella capsellae;1;train;2023:04:06;15:50:58;nan;26;Pseudocercosporella capsellae
Idf04258;../data/Bousset_data/Images/Pse/Idf04258.jpg;Pse;Pseudo;Champignon;Pseudocercosporella capsellae;1;train;2023:04:06;15:51:00;nan;26;Pseudocercosporella capsellae
Idf04259;../data/Bousset_data/Images/Pse/Idf04259.jpg;Pse;Pseudo;Champignon;Pseudocercosporella capsellae;1;train;2023:04:06;15:51:56;nan;26;Pseudocercosporella capsellae
Idf04260;../data/Bousset_data/Images/Pse/Idf04260.jpg;Pse;Pseudo;Champignon;Pseudocercosporella capsellae;1;train;2023:04:06;15:52:03;nan;26;Pseudocercosporella capsellae
Idf04262;../data/Bousset_data/Images/Pse/Idf04262.jpg;Pse;Pseudo;Champignon;Pseudocercosporella capsellae;1;train;2023:04:06;15:52:19;nan;26;Pseudocercosporella capsellae
Idf04263;../data/Bousset_data/Images/Pse/Idf04263.jpg;Pse;Pseudo;Champignon;Pseudocercosporella capsellae;1;train;2023:04:06;15:52:22;nan;26;Pseudocercosporella capsellae
Idf04265;../data/Bousset_data/Images/Pse/Idf04265.jpg;Pse;Pseudo;Champignon;Pseudocercosporella capsellae;1;train;2023:04:06;15:53:10;nan;26;Pseudocercosporella capsellae
Idf04267;../data/Bousset_data/Images/Pse/Idf04267.jpg;Pse;Pseudo;Champignon;Pseudocercosporella capsellae;1;train;2023:04:06;15:53:21;nan;26;Pseudocercosporella capsellae
Idf04311;../data/Bousset_data/Images/Pse/Idf04311.jpg;Pse;Pseudo;Champignon;Pseudocercosporella capsellae;1;train;2023:04:11;12:17:34;nan;26;Pseudocercosporella capsellae
Idf04314;../data/Bousset_data/Images/Pse/Idf04314.jpg;Pse;Pseudo;Champignon;Pseudocercosporella capsellae;1;train;2023:04:11;12:17:57;nan;26;Pseudocercosporella capsellae
Idf04315;../data/Bousset_data/Images/Pse/Idf04315.jpg;Pse;Pseudo;Champignon;Pseudocercosporella capsellae;1;train;2023:04:11;12:18:01;nan;26;Pseudocercosporella capsellae
Idf04316;../data/Bousset_data/Images/Pse/Idf04316.jpg;Pse;Pseudo;Champignon;Pseudocercosporella capsellae;1;train;2023:04:11;12:18:03;nan;26;Pseudocercosporella capsellae
Idf04317;../data/Bousset_data/Images/Pse/Idf04317.jpg;Pse;Pseudo;Champignon;Pseudocercosporella capsellae;1;train;2023:04:11;12:18:07;nan;26;Pseudocercosporella capsellae
Idf04318;../data/Bousset_data/Images/Pse/Idf04318.jpg;Pse;Pseudo;Champignon;Pseudocercosporella capsellae;1;train;2023:04:11;12:18:15;nan;26;Pseudocercosporella capsellae
Idf04319;../data/Bousset_data/Images/Pse/Idf04319.jpg;Pse;Pseudo;Champignon;Pseudocercosporella capsellae;1;train;2023:04:11;12:18:20;nan;26;Pseudocercosporella capsellae
Idf04320;../data/Bousset_data/Images/Pse/Idf04320.jpg;Pse;Pseudo;Champignon;Pseudocercosporella capsellae;1;train;2023:04:11;12:18:49;nan;26;Pseudocercosporella capsellae
Idf04321;../data/Bousset_data/Images/Pse/Idf04321.jpg;Pse;Pseudo;Champignon;Pseudocercosporella capsellae;1;train;2023:04:11;12:19:01;nan;26;Pseudocercosporella capsellae
Idf04322;../data/Bousset_data/Images/Pse/Idf04322.jpg;Pse;Pseudo;Champignon;Pseudocercosporella capsellae;1;train;2023:04:11;12:19:12;nan;26;Pseudocercosporella capsellae
Idf04323;../data/Bousset_data/Images/Pse/Idf04323.jpg;Pse;Pseudo;Champignon;Pseudocercosporella capsellae;1;train;2023:04:11;12:19:20;nan;26;Pseudocercosporella capsellae
Idf04324;../data/Bousset_data/Images/Pse/Idf04324.jpg;Pse;Pseudo;Champignon;Pseudocercosporella capsellae;1;train;2023:04:11;12:19:24;nan;26;Pseudocercosporella capsellae
Idf04325;../data/Bousset_data/Images/Pse/Idf04325.jpg;Pse;Pseudo;Champignon;Pseudocercosporella capsellae;1;train;2023:04:11;12:19:33;nan;26;Pseudocercosporella capsellae
Idf04326;../data/Bousset_data/Images/Pse/Idf04326.jpg;Pse;Pseudo;Champignon;Pseudocercosporella capsellae;1;train;2023:04:11;12:19:50;nan;26;Pseudocercosporella capsellae
Idf04327;../data/Bousset_data/Images/Pse/Idf04327.jpg;Pse;Pseudo;Champignon;Pseudocercosporella capsellae;1;train;2023:04:11;12:19:59;nan;26;Pseudocercosporella capsellae
Idf04328;../data/Bousset_data/Images/Pse/Idf04328.jpg;Pse;Pseudo;Champignon;Pseudocercosporella capsellae;1;train;2023:04:11;12:20:10;nan;26;Pseudocercosporella capsellae
Idf04333;../data/Bousset_data/Images/Pse/Idf04333.jpg;Pse;Pseudo;Champignon;Pseudocercosporella capsellae;1;train;2023:04:11;12:20:55;nan;26;Pseudocercosporella capsellae
Idf04336;../data/Bousset_data/Images/Pse/Idf04336.jpg;Pse;Pseudo;Champignon;Pseudocercosporella capsellae;1;train;2023:04:11;12:21:44;nan;26;Pseudocercosporella capsellae
Idf04337;../data/Bousset_data/Images/Pse/Idf04337.jpg;Pse;Pseudo;Champignon;Pseudocercosporella capsellae;1;train;2023:04:11;12:21:47;nan;26;Pseudocercosporella capsellae
Idf04338;../data/Bousset_data/Images/Pse/Idf04338.jpg;Pse;Pseudo;Champignon;Pseudocercosporella capsellae;1;train;2023:04:11;12:21:50;nan;26;Pseudocercosporella capsellae
Idf04342;../data/Bousset_data/Images/Pse/Idf04342.jpg;Pse;Pseudo;Champignon;Pseudocercosporella capsellae;1;train;2023:04:11;12:22:57;nan;26;Pseudocercosporella capsellae
Idf04343;../data/Bousset_data/Images/Pse/Idf04343.jpg;Pse;Pseudo;Champignon;Pseudocercosporella capsellae;1;train;2023:04:11;12:23:00;nan;26;Pseudocercosporella capsellae
Idf04489;../data/Bousset_data/Images/Pse/Idf04489.jpg;Pse;Pseudo;Champignon;Pseudocercosporella capsellae;1;train;2023:04:20;14:04:09;nan;26;Pseudocercosporella capsellae
Idf04490;../data/Bousset_data/Images/Pse/Idf04490.jpg;Pse;Pseudo;Champignon;Pseudocercosporella capsellae;1;train;2023:04:20;14:04:17;nan;26;Pseudocercosporella capsellae
Idf04492;../data/Bousset_data/Images/Pse/Idf04492.jpg;Pse;Pseudo;Champignon;Pseudocercosporella capsellae;1;train;2023:04:20;14:04:27;nan;26;Pseudocercosporella capsellae
Idf04580;../data/Bousset_data/Images/Pse/Idf04580.jpg;Pse;Pseudo;Champignon;Pseudocercosporella capsellae;1;train;2023:04:20;14:17:07;nan;26;Pseudocercosporella capsellae
Idf04586;../data/Bousset_data/Images/Pse/Idf04586.jpg;Pse;Pseudo;Champignon;Pseudocercosporella capsellae;1;train;2023:04:20;14:18:24;nan;26;Pseudocercosporella capsellae
Idf04618;../data/Bousset_data/Images/Pse/Idf04618.jpg;Pse;Pseudo;Champignon;Pseudocercosporella capsellae;1;train;2023:04:20;14:22:08;nan;26;Pseudocercosporella capsellae
Idf04633;../data/Bousset_data/Images/Pse/Idf04633.jpg;Pse;Pseudo;Champignon;Pseudocercosporella capsellae;1;train;2023:04:20;14:23:44;nan;26;Pseudocercosporella capsellae
Idf04634;../data/Bousset_data/Images/Pse/Idf04634.jpg;Pse;Pseudo;Champignon;Pseudocercosporella capsellae;1;train;2023:04:20;14:23:47;nan;26;Pseudocercosporella capsellae
Idf04635;../data/Bousset_data/Images/Pse/Idf04635.jpg;Pse;Pseudo;Champignon;Pseudocercosporella capsellae;1;train;2023:04:20;14:23:53;nan;26;Pseudocercosporella capsellae
Idf04685;../data/Bousset_data/Images/Pse/Idf04685.jpg;Pse;Pseudo;Champignon;Pseudocercosporella capsellae;1;train;2023:04:20;14:30:04;nan;26;Pseudocercosporella capsellae
Idf04686;../data/Bousset_data/Images/Pse/Idf04686.jpg;Pse;Pseudo;Champignon;Pseudocercosporella capsellae;1;train;2023:04:20;14:30:13;nan;26;Pseudocercosporella capsellae
Idf04687;../data/Bousset_data/Images/Pse/Idf04687.jpg;Pse;Pseudo;Champignon;Pseudocercosporella capsellae;1;train;2023:04:20;14:30:18;nan;26;Pseudocercosporella capsellae
Idf04699;../data/Bousset_data/Images/Pse/Idf04699.jpg;Pse;Pseudo;Champignon;Pseudocercosporella capsellae;1;train;2023:04:20;14:32:04;nan;26;Pseudocercosporella capsellae
Idf04724;../data/Bousset_data/Images/Pse/Idf04724.jpg;Pse;Pseudo;Champignon;Pseudocercosporella capsellae;1;train;2023:04:20;14:34:43;nan;26;Pseudocercosporella capsellae
Idf07731;../data/Bousset_data/Images/Pse/Idf07731.jpg;Pse;Pseudo;Champignon;Pseudocercosporella capsellae;1;train;2023:09:22;11:42:18;nan;26;Pseudocercosporella capsellae
Idf07840;../data/Bousset_data/Images/Pse/Idf07840.jpg;Pse;Pseudo;Champignon;Pseudocercosporella capsellae;1;train;2023:09:26;11:11:25;nan;26;Pseudocercosporella capsellae
Idf07847;../data/Bousset_data/Images/Pse/Idf07847.jpg;Pse;Pseudo;Champignon;Pseudocercosporella capsellae;1;train;2023:09:26;11:14:31;nan;26;Pseudocercosporella capsellae
Idf08108;../data/Bousset_data/Images/Pse/Idf08108.jpg;Pse;Pseudo;Champignon;Pseudocercosporella capsellae;1;train;2023:09:29;16:42:53;nan;26;Pseudocercosporella capsellae
Idf08111;../data/Bousset_data/Images/Pse/Idf08111.jpg;Pse;Pseudo;Champignon;Pseudocercosporella capsellae;1;train;2023:09:29;16:43:44;nan;26;Pseudocercosporella capsellae
Idf08118;../data/Bousset_data/Images/Pse/Idf08118.jpg;Pse;Pseudo;Champignon;Pseudocercosporella capsellae;1;train;2023:09:29;16:46:37;nan;26;Pseudocercosporella capsellae
Idf08119;../data/Bousset_data/Images/Pse/Idf08119.jpg;Pse;Pseudo;Champignon;Pseudocercosporella capsellae;1;train;2023:09:29;16:53:56;nan;26;Pseudocercosporella capsellae
Idf08347;../data/Bousset_data/Images/Pse/Idf08347.jpg;Pse;Pseudo;Champignon;Pseudocercosporella capsellae;1;train;2023:10:11;14:53:41;nan;26;Pseudocercosporella capsellae
Idf08348;../data/Bousset_data/Images/Pse/Idf08348.jpg;Pse;Pseudo;Champignon;Pseudocercosporella capsellae;1;train;2023:10:11;14:53:43;nan;26;Pseudocercosporella capsellae
Idf08349;../data/Bousset_data/Images/Pse/Idf08349.jpg;Pse;Pseudo;Champignon;Pseudocercosporella capsellae;1;train;2023:10:11;14:53:53;nan;26;Pseudocercosporella capsellae
Idf08381;../data/Bousset_data/Images/Pse/Idf08381.jpg;Pse;Pseudo;Champignon;Pseudocercosporella capsellae;1;train;2023:10:11;14:58:26;nan;26;Pseudocercosporella capsellae
Idf08388;../data/Bousset_data/Images/Pse/Idf08388.jpg;Pse;Pseudo;Champignon;Pseudocercosporella capsellae;1;train;2023:10:11;14:59:10;nan;26;Pseudocercosporella capsellae
Idf08389;../data/Bousset_data/Images/Pse/Idf08389.jpg;Pse;Pseudo;Champignon;Pseudocercosporella capsellae;1;train;2023:10:11;14:59:31;nan;26;Pseudocercosporella capsellae
Idf08390;../data/Bousset_data/Images/Pse/Idf08390.jpg;Pse;Pseudo;Champignon;Pseudocercosporella capsellae;1;train;2023:10:11;15:00:00;nan;26;Pseudocercosporella capsellae
Idf08416;../data/Bousset_data/Images/Pse/Idf08416.jpg;Pse;Pseudo;Champignon;Pseudocercosporella capsellae;1;train;2023:10:11;15:09:34;nan;26;Pseudocercosporella capsellae
Idf08495;../data/Bousset_data/Images/Pse/Idf08495.jpg;Pse;Pseudo;Champignon;Pseudocercosporella capsellae;1;train;2023:10:11;15:33:44;nan;26;Pseudocercosporella capsellae
Idf08504;../data/Bousset_data/Images/Pse/Idf08504.jpg;Pse;Pseudo;Champignon;Pseudocercosporella capsellae;1;train;2023:10:13;14:55:30;nan;26;Pseudocercosporella capsellae
Idf08505;../data/Bousset_data/Images/Pse/Idf08505.jpg;Pse;Pseudo;Champignon;Pseudocercosporella capsellae;1;train;2023:10:13;14:55:40;nan;26;Pseudocercosporella capsellae
Idf08843;../data/Bousset_data/Images/Pse/Idf08843.jpg;Pse;Pseudo;Champignon;Pseudocercosporella capsellae;1;train;2023:11:07;12:10:58;nan;26;Pseudocercosporella capsellae
Idf09960;../data/Bousset_data/Images/Pse/Idf09960.jpg;Pse;Pseudo;Champignon;Pseudocercosporella capsellae;1;train;2023:12:22;13:20:26;nan;26;Pseudocercosporella capsellae
Idf09963;../data/Bousset_data/Images/Pse/Idf09963.jpg;Pse;Pseudo;Champignon;Pseudocercosporella capsellae;1;train;2023:12:22;13:20:32;nan;26;Pseudocercosporella capsellae
Idf09965;../data/Bousset_data/Images/Pse/Idf09965.jpg;Pse;Pseudo;Champignon;Pseudocercosporella capsellae;1;train;2023:12:22;13:20:37;nan;26;Pseudocercosporella capsellae
Idf09976;../data/Bousset_data/Images/Pse/Idf09976.jpg;Pse;Pseudo;Champignon;Pseudocercosporella capsellae;1;train;2023:12:22;13:21:07;nan;26;Pseudocercosporella capsellae
Idf09978;../data/Bousset_data/Images/Pse/Idf09978.jpg;Pse;Pseudo;Champignon;Pseudocercosporella capsellae;1;train;2023:12:22;13:21:16;nan;26;Pseudocercosporella capsellae
Idf09984;../data/Bousset_data/Images/Pse/Idf09984.jpg;Pse;Pseudo;Champignon;Pseudocercosporella capsellae;1;train;2023:12:22;13:21:37;nan;26;Pseudocercosporella capsellae
Idf10005;../data/Bousset_data/Images/Pse/Idf10005.jpg;Pse;Pseudo;Champignon;Pseudocercosporella capsellae;1;train;2023:12:22;13:22:37;nan;26;Pseudocercosporella capsellae
Idf10013;../data/Bousset_data/Images/Pse/Idf10013.jpg;Pse;Pseudo;Champignon;Pseudocercosporella capsellae;1;train;2023:12:22;13:23:05;nan;26;Pseudocercosporella capsellae
Idf10091;../data/Bousset_data/Images/Pse/Idf10091.jpg;Pse;Pseudo;Champignon;Pseudocercosporella capsellae;1;train;2023:12:22;13:32:15;nan;26;Pseudocercosporella capsellae
Idf10620;../data/Bousset_data/Images/Pse/Idf10620.jpg;Pse;Pseudo;Champignon;Pseudocercosporella capsellae;1;train;2024:02:15;12:06:35;nan;26;Pseudocercosporella capsellae
Idf10622;../data/Bousset_data/Images/Pse/Idf10622.jpg;Pse;Pseudo;Champignon;Pseudocercosporella capsellae;1;train;2024:02:15;12:06:41;nan;26;Pseudocercosporella capsellae
Idf10673;../data/Bousset_data/Images/Pse/Idf10673.jpg;Pse;Pseudo;Champignon;Pseudocercosporella capsellae;1;train;2024:02:15;12:10:30;nan;26;Pseudocercosporella capsellae
Idf10705;../data/Bousset_data/Images/Pse/Idf10705.jpg;Pse;Pseudo;Champignon;Pseudocercosporella capsellae;1;train;2024:02:15;12:13:42;nan;26;Pseudocercosporella capsellae
Idf10751;../data/Bousset_data/Images/Pse/Idf10751.jpg;Pse;Pseudo;Champignon;Pseudocercosporella capsellae;1;train;2024:02:15;12:40:37;nan;26;Pseudocercosporella capsellae
Idf10752;../data/Bousset_data/Images/Pse/Idf10752.jpg;Pse;Pseudo;Champignon;Pseudocercosporella capsellae;1;train;2024:02:15;12:40:39;nan;26;Pseudocercosporella capsellae
Idf10753;../data/Bousset_data/Images/Pse/Idf10753.jpg;Pse;Pseudo;Champignon;Pseudocercosporella capsellae;1;train;2024:02:15;12:40:40;nan;26;Pseudocercosporella capsellae
Idf10754;../data/Bousset_data/Images/Pse/Idf10754.jpg;Pse;Pseudo;Champignon;Pseudocercosporella capsellae;1;train;2024:02:15;12:40:42;nan;26;Pseudocercosporella capsellae
Idf10770;../data/Bousset_data/Images/Pse/Idf10770.jpg;Pse;Pseudo;Champignon;Pseudocercosporella capsellae;1;train;2024:02:15;12:42:26;nan;26;Pseudocercosporella capsellae
Idf10772;../data/Bousset_data/Images/Pse/Idf10772.jpg;Pse;Pseudo;Champignon;Pseudocercosporella capsellae;1;train;2024:02:15;12:42:46;nan;26;Pseudocercosporella capsellae
Idf10773;../data/Bousset_data/Images/Pse/Idf10773.jpg;Pse;Pseudo;Champignon;Pseudocercosporella capsellae;1;train;2024:02:15;12:42:50;nan;26;Pseudocercosporella capsellae
Idf11007;../data/Bousset_data/Images/Pse/Idf11007.jpg;Pse;Pseudo;Champignon;Pseudocercosporella capsellae;1;train;2024:02:15;13:45:41;nan;26;Pseudocercosporella capsellae
Idf11033;../data/Bousset_data/Images/Pse/Idf11033.jpg;Pse;Pseudo;Champignon;Pseudocercosporella capsellae;1;train;2024:02:15;13:47:38;nan;26;Pseudocercosporella capsellae
Idf11090;../data/Bousset_data/Images/Pse/Idf11090.jpg;Pse;Pseudo;Champignon;Pseudocercosporella capsellae;1;train;2024:02:15;13:54:13;nan;26;Pseudocercosporella capsellae
Idf11091;../data/Bousset_data/Images/Pse/Idf11091.jpg;Pse;Pseudo;Champignon;Pseudocercosporella capsellae;1;train;2024:02:15;13:54:16;nan;26;Pseudocercosporella capsellae
Idf11092;../data/Bousset_data/Images/Pse/Idf11092.jpg;Pse;Pseudo;Champignon;Pseudocercosporella capsellae;1;train;2024:02:15;13:54:20;nan;26;Pseudocercosporella capsellae
Idf11454;../data/Bousset_data/Images/Pse/Idf11454.jpg;Pse;Pseudo;Champignon;Pseudocercosporella capsellae;1;train;2024:03:08;14:38:49;nan;26;Pseudocercosporella capsellae
Idf11458;../data/Bousset_data/Images/Pse/Idf11458.jpg;Pse;Pseudo;Champignon;Pseudocercosporella capsellae;1;train;2024:03:08;14:39:02;nan;26;Pseudocercosporella capsellae
Idf11488;../data/Bousset_data/Images/Pse/Idf11488.jpg;Pse;Pseudo;Champignon;Pseudocercosporella capsellae;1;train;2024:03:08;14:41:47;nan;26;Pseudocercosporella capsellae
Idf11490;../data/Bousset_data/Images/Pse/Idf11490.jpg;Pse;Pseudo;Champignon;Pseudocercosporella capsellae;1;train;2024:03:08;14:41:57;nan;26;Pseudocercosporella capsellae
Idf11495;../data/Bousset_data/Images/Pse/Idf11495.jpg;Pse;Pseudo;Champignon;Pseudocercosporella capsellae;1;train;2024:03:08;14:42:28;nan;26;Pseudocercosporella capsellae
Idf11496;../data/Bousset_data/Images/Pse/Idf11496.jpg;Pse;Pseudo;Champignon;Pseudocercosporella capsellae;1;train;2024:03:08;14:42:31;nan;26;Pseudocercosporella capsellae
Idf11500;../data/Bousset_data/Images/Pse/Idf11500.jpg;Pse;Pseudo;Champignon;Pseudocercosporella capsellae;1;train;2024:03:08;14:43:13;nan;26;Pseudocercosporella capsellae
Idf11503;../data/Bousset_data/Images/Pse/Idf11503.jpg;Pse;Pseudo;Champignon;Pseudocercosporella capsellae;1;train;2024:03:08;14:43:31;nan;26;Pseudocercosporella capsellae
Idf11504;../data/Bousset_data/Images/Pse/Idf11504.jpg;Pse;Pseudo;Champignon;Pseudocercosporella capsellae;1;train;2024:03:08;14:43:33;nan;26;Pseudocercosporella capsellae
Idf11515;../data/Bousset_data/Images/Pse/Idf11515.jpg;Pse;Pseudo;Champignon;Pseudocercosporella capsellae;1;train;2024:03:08;14:44:36;nan;26;Pseudocercosporella capsellae
Idf11526;../data/Bousset_data/Images/Pse/Idf11526.jpg;Pse;Pseudo;Champignon;Pseudocercosporella capsellae;1;train;2024:03:08;14:45:54;nan;26;Pseudocercosporella capsellae
Idf11532;../data/Bousset_data/Images/Pse/Idf11532.jpg;Pse;Pseudo;Champignon;Pseudocercosporella capsellae;1;train;2024:03:08;14:46:40;nan;26;Pseudocercosporella capsellae
Idf11621;../data/Bousset_data/Images/Pse/Idf11621.jpg;Pse;Pseudo;Champignon;Pseudocercosporella capsellae;1;train;2024:03:08;15:05:05;nan;26;Pseudocercosporella capsellae
Idf11629;../data/Bousset_data/Images/Pse/Idf11629.jpg;Pse;Pseudo;Champignon;Pseudocercosporella capsellae;1;train;2024:03:08;15:06:06;nan;26;Pseudocercosporella capsellae
Idf11630;../data/Bousset_data/Images/Pse/Idf11630.jpg;Pse;Pseudo;Champignon;Pseudocercosporella capsellae;1;train;2024:03:08;15:06:16;nan;26;Pseudocercosporella capsellae
Idf11633;../data/Bousset_data/Images/Pse/Idf11633.jpg;Pse;Pseudo;Champignon;Pseudocercosporella capsellae;1;train;2024:03:08;15:06:32;nan;26;Pseudocercosporella capsellae
Idf11634;../data/Bousset_data/Images/Pse/Idf11634.jpg;Pse;Pseudo;Champignon;Pseudocercosporella capsellae;1;train;2024:03:08;15:06:36;nan;26;Pseudocercosporella capsellae
Idf11635;../data/Bousset_data/Images/Pse/Idf11635.jpg;Pse;Pseudo;Champignon;Pseudocercosporella capsellae;1;train;2024:03:08;15:06:38;nan;26;Pseudocercosporella capsellae
Idf11636;../data/Bousset_data/Images/Pse/Idf11636.jpg;Pse;Pseudo;Champignon;Pseudocercosporella capsellae;1;train;2024:03:08;15:06:49;nan;26;Pseudocercosporella capsellae
Idf11639;../data/Bousset_data/Images/Pse/Idf11639.jpg;Pse;Pseudo;Champignon;Pseudocercosporella capsellae;1;train;2024:03:08;15:07:09;nan;26;Pseudocercosporella capsellae
Idf11640;../data/Bousset_data/Images/Pse/Idf11640.jpg;Pse;Pseudo;Champignon;Pseudocercosporella capsellae;1;train;2024:03:08;15:07:14;nan;26;Pseudocercosporella capsellae
Idf11645;../data/Bousset_data/Images/Pse/Idf11645.jpg;Pse;Pseudo;Champignon;Pseudocercosporella capsellae;1;train;2024:03:08;15:07:48;nan;26;Pseudocercosporella capsellae
Idf11646;../data/Bousset_data/Images/Pse/Idf11646.jpg;Pse;Pseudo;Champignon;Pseudocercosporella capsellae;1;train;2024:03:08;15:07:51;nan;26;Pseudocercosporella capsellae
Idf11647;../data/Bousset_data/Images/Pse/Idf11647.jpg;Pse;Pseudo;Champignon;Pseudocercosporella capsellae;1;train;2024:03:08;15:07:54;nan;26;Pseudocercosporella capsellae
Idf11648;../data/Bousset_data/Images/Pse/Idf11648.jpg;Pse;Pseudo;Champignon;Pseudocercosporella capsellae;1;train;2024:03:08;15:07:56;nan;26;Pseudocercosporella capsellae
Idf11649;../data/Bousset_data/Images/Pse/Idf11649.jpg;Pse;Pseudo;Champignon;Pseudocercosporella capsellae;1;train;2024:03:08;15:08:00;nan;26;Pseudocercosporella capsellae
Idf11650;../data/Bousset_data/Images/Pse/Idf11650.jpg;Pse;Pseudo;Champignon;Pseudocercosporella capsellae;1;train;2024:03:08;15:08:13;nan;26;Pseudocercosporella capsellae
Idf11651;../data/Bousset_data/Images/Pse/Idf11651.jpg;Pse;Pseudo;Champignon;Pseudocercosporella capsellae;1;train;2024:03:08;15:08:18;nan;26;Pseudocercosporella capsellae
Idf11652;../data/Bousset_data/Images/Pse/Idf11652.jpg;Pse;Pseudo;Champignon;Pseudocercosporella capsellae;1;train;2024:03:08;15:08:22;nan;26;Pseudocercosporella capsellae
Idf11662;../data/Bousset_data/Images/Pse/Idf11662.jpg;Pse;Pseudo;Champignon;Pseudocercosporella capsellae;1;train;2024:03:08;15:08:51;nan;26;Pseudocercosporella capsellae
Idf11668;../data/Bousset_data/Images/Pse/Idf11668.jpg;Pse;Pseudo;Champignon;Pseudocercosporella capsellae;1;train;2024:03:08;15:09:21;nan;26;Pseudocercosporella capsellae
Idf11687;../data/Bousset_data/Images/Pse/Idf11687.jpg;Pse;Pseudo;Champignon;Pseudocercosporella capsellae;1;train;2024:03:08;15:11:30;nan;26;Pseudocercosporella capsellae
Idf11689;../data/Bousset_data/Images/Pse/Idf11689.jpg;Pse;Pseudo;Champignon;Pseudocercosporella capsellae;1;train;2024:03:08;15:11:36;nan;26;Pseudocercosporella capsellae
Idf11760;../data/Bousset_data/Images/Pse/Idf11760.jpg;Pse;Pseudo;Champignon;Pseudocercosporella capsellae;1;train;2024:03:08;15:21:46;nan;26;Pseudocercosporella capsellae
Idf11766;../data/Bousset_data/Images/Pse/Idf11766.jpg;Pse;Pseudo;Champignon;Pseudocercosporella capsellae;1;train;2024:03:08;15:22:18;nan;26;Pseudocercosporella capsellae
Idf11768;../data/Bousset_data/Images/Pse/Idf11768.jpg;Pse;Pseudo;Champignon;Pseudocercosporella capsellae;1;train;2024:03:08;15:22:22;nan;26;Pseudocercosporella capsellae
Idf11776;../data/Bousset_data/Images/Pse/Idf11776.jpg;Pse;Pseudo;Champignon;Pseudocercosporella capsellae;1;train;2024:03:08;15:22:59;nan;26;Pseudocercosporella capsellae
Idf11777;../data/Bousset_data/Images/Pse/Idf11777.jpg;Pse;Pseudo;Champignon;Pseudocercosporella capsellae;1;train;2024:03:08;15:23:03;nan;26;Pseudocercosporella capsellae
Idf11778;../data/Bousset_data/Images/Pse/Idf11778.jpg;Pse;Pseudo;Champignon;Pseudocercosporella capsellae;1;train;2024:03:08;15:23:05;nan;26;Pseudocercosporella capsellae
Idf11779;../data/Bousset_data/Images/Pse/Idf11779.jpg;Pse;Pseudo;Champignon;Pseudocercosporella capsellae;1;train;2024:03:08;15:23:08;nan;26;Pseudocercosporella capsellae
Idf11786;../data/Bousset_data/Images/Pse/Idf11786.jpg;Pse;Pseudo;Champignon;Pseudocercosporella capsellae;1;train;2024:03:08;15:23:52;nan;26;Pseudocercosporella capsellae
Idf11794;../data/Bousset_data/Images/Pse/Idf11794.jpg;Pse;Pseudo;Champignon;Pseudocercosporella capsellae;1;train;2024:03:08;15:24:32;nan;26;Pseudocercosporella capsellae
Idf11808;../data/Bousset_data/Images/Pse/Idf11808.jpg;Pse;Pseudo;Champignon;Pseudocercosporella capsellae;1;train;2024:03:08;15:25:41;nan;26;Pseudocercosporella capsellae
Idf11810;../data/Bousset_data/Images/Pse/Idf11810.jpg;Pse;Pseudo;Champignon;Pseudocercosporella capsellae;1;train;2024:03:08;15:25:50;nan;26;Pseudocercosporella capsellae
Idf11812;../data/Bousset_data/Images/Pse/Idf11812.jpg;Pse;Pseudo;Champignon;Pseudocercosporella capsellae;1;train;2024:03:08;15:25:56;nan;26;Pseudocercosporella capsellae
Idf11815;../data/Bousset_data/Images/Pse/Idf11815.jpg;Pse;Pseudo;Champignon;Pseudocercosporella capsellae;1;train;2024:03:08;15:26:10;nan;26;Pseudocercosporella capsellae
Idf11816;../data/Bousset_data/Images/Pse/Idf11816.jpg;Pse;Pseudo;Champignon;Pseudocercosporella capsellae;1;train;2024:03:08;15:26:12;nan;26;Pseudocercosporella capsellae
Idf11817;../data/Bousset_data/Images/Pse/Idf11817.jpg;Pse;Pseudo;Champignon;Pseudocercosporella capsellae;1;train;2024:03:08;15:26:17;nan;26;Pseudocercosporella capsellae
Idf11818;../data/Bousset_data/Images/Pse/Idf11818.jpg;Pse;Pseudo;Champignon;Pseudocercosporella capsellae;1;train;2024:03:08;15:26:20;nan;26;Pseudocercosporella capsellae
Idf11819;../data/Bousset_data/Images/Pse/Idf11819.jpg;Pse;Pseudo;Champignon;Pseudocercosporella capsellae;1;train;2024:03:08;15:26:23;nan;26;Pseudocercosporella capsellae
Idf11820;../data/Bousset_data/Images/Pse/Idf11820.jpg;Pse;Pseudo;Champignon;Pseudocercosporella capsellae;1;train;2024:03:08;15:26:28;nan;26;Pseudocercosporella capsellae
Idf11825;../data/Bousset_data/Images/Pse/Idf11825.jpg;Pse;Pseudo;Champignon;Pseudocercosporella capsellae;1;train;2024:03:08;15:26:49;nan;26;Pseudocercosporella capsellae
Idf11826;../data/Bousset_data/Images/Pse/Idf11826.jpg;Pse;Pseudo;Champignon;Pseudocercosporella capsellae;1;train;2024:03:08;15:26:56;nan;26;Pseudocercosporella capsellae
Idf11827;../data/Bousset_data/Images/Pse/Idf11827.jpg;Pse;Pseudo;Champignon;Pseudocercosporella capsellae;1;train;2024:03:08;15:27:01;nan;26;Pseudocercosporella capsellae
Idf11829;../data/Bousset_data/Images/Pse/Idf11829.jpg;Pse;Pseudo;Champignon;Pseudocercosporella capsellae;1;train;2024:03:08;15:27:06;nan;26;Pseudocercosporella capsellae
Idf11830;../data/Bousset_data/Images/Pse/Idf11830.jpg;Pse;Pseudo;Champignon;Pseudocercosporella capsellae;1;train;2024:03:08;15:27:08;nan;26;Pseudocercosporella capsellae
Idf11831;../data/Bousset_data/Images/Pse/Idf11831.jpg;Pse;Pseudo;Champignon;Pseudocercosporella capsellae;1;train;2024:03:08;15:27:11;nan;26;Pseudocercosporella capsellae
Idf11832;../data/Bousset_data/Images/Pse/Idf11832.jpg;Pse;Pseudo;Champignon;Pseudocercosporella capsellae;1;train;2024:03:08;15:27:13;nan;26;Pseudocercosporella capsellae
Idf11833;../data/Bousset_data/Images/Pse/Idf11833.jpg;Pse;Pseudo;Champignon;Pseudocercosporella capsellae;1;train;2024:03:08;15:27:16;nan;26;Pseudocercosporella capsellae
Idf11835;../data/Bousset_data/Images/Pse/Idf11835.jpg;Pse;Pseudo;Champignon;Pseudocercosporella capsellae;1;train;2024:03:08;15:27:24;nan;26;Pseudocercosporella capsellae
Idf11844;../data/Bousset_data/Images/Pse/Idf11844.jpg;Pse;Pseudo;Champignon;Pseudocercosporella capsellae;1;train;2024:03:08;15:28:05;nan;26;Pseudocercosporella capsellae
Idf11848;../data/Bousset_data/Images/Pse/Idf11848.jpg;Pse;Pseudo;Champignon;Pseudocercosporella capsellae;1;train;2024:03:08;15:28:19;nan;26;Pseudocercosporella capsellae
Idf11849;../data/Bousset_data/Images/Pse/Idf11849.jpg;Pse;Pseudo;Champignon;Pseudocercosporella capsellae;1;train;2024:03:08;15:28:21;nan;26;Pseudocercosporella capsellae
Idf11850;../data/Bousset_data/Images/Pse/Idf11850.jpg;Pse;Pseudo;Champignon;Pseudocercosporella capsellae;1;train;2024:03:08;15:28:31;nan;26;Pseudocercosporella capsellae
Idf11851;../data/Bousset_data/Images/Pse/Idf11851.jpg;Pse;Pseudo;Champignon;Pseudocercosporella capsellae;1;train;2024:03:08;15:28:38;nan;26;Pseudocercosporella capsellae
Idf11852;../data/Bousset_data/Images/Pse/Idf11852.jpg;Pse;Pseudo;Champignon;Pseudocercosporella capsellae;1;train;2024:03:08;15:28:44;nan;26;Pseudocercosporella capsellae
Idf11854;../data/Bousset_data/Images/Pse/Idf11854.jpg;Pse;Pseudo;Champignon;Pseudocercosporella capsellae;1;train;2024:03:08;15:29:01;nan;26;Pseudocercosporella capsellae
Idf11859;../data/Bousset_data/Images/Pse/Idf11859.jpg;Pse;Pseudo;Champignon;Pseudocercosporella capsellae;1;train;2024:03:08;15:29:27;nan;26;Pseudocercosporella capsellae
Idf11861;../data/Bousset_data/Images/Pse/Idf11861.jpg;Pse;Pseudo;Champignon;Pseudocercosporella capsellae;1;train;2024:03:08;15:29:42;nan;26;Pseudocercosporella capsellae
Idf12379;../data/Bousset_data/Images/Pse/Idf12379.jpg;Pse;Pseudo;Champignon;Pseudocercosporella capsellae;1;train;2024:03:20;14:36:35;nan;26;Pseudocercosporella capsellae
Idf12385;../data/Bousset_data/Images/Pse/Idf12385.jpg;Pse;Pseudo;Champignon;Pseudocercosporella capsellae;1;train;2024:03:20;14:37:54;nan;26;Pseudocercosporella capsellae
Idf12403;../data/Bousset_data/Images/Pse/Idf12403.jpg;Pse;Pseudo;Champignon;Pseudocercosporella capsellae;1;train;2024:03:20;14:39:55;nan;26;Pseudocercosporella capsellae
Idf12404;../data/Bousset_data/Images/Pse/Idf12404.jpg;Pse;Pseudo;Champignon;Pseudocercosporella capsellae;1;train;2024:03:20;14:39:59;nan;26;Pseudocercosporella capsellae
Idf12405;../data/Bousset_data/Images/Pse/Idf12405.jpg;Pse;Pseudo;Champignon;Pseudocercosporella capsellae;1;train;2024:03:20;14:40:02;nan;26;Pseudocercosporella capsellae
Idf12411;../data/Bousset_data/Images/Pse/Idf12411.jpg;Pse;Pseudo;Champignon;Pseudocercosporella capsellae;1;train;2024:03:20;14:40:25;nan;26;Pseudocercosporella capsellae
Idf12421;../data/Bousset_data/Images/Pse/Idf12421.jpg;Pse;Pseudo;Champignon;Pseudocercosporella capsellae;1;train;2024:03:20;14:41:55;nan;26;Pseudocercosporella capsellae
Idf12434;../data/Bousset_data/Images/Pse/Idf12434.jpg;Pse;Pseudo;Champignon;Pseudocercosporella capsellae;1;train;2024:03:20;14:43:49;nan;26;Pseudocercosporella capsellae
Idf12437;../data/Bousset_data/Images/Pse/Idf12437.jpg;Pse;Pseudo;Champignon;Pseudocercosporella capsellae;1;train;2024:03:20;14:44:27;nan;26;Pseudocercosporella capsellae
Idf12438;../data/Bousset_data/Images/Pse/Idf12438.jpg;Pse;Pseudo;Champignon;Pseudocercosporella capsellae;1;train;2024:03:20;14:44:45;nan;26;Pseudocercosporella capsellae
Idf02499;../data/Bousset_data/Images/Syl/Idf02499.jpg;Syl;Asymptomatiques;Rien;Aucun;1;train;2023:03:20;12:53:23;nan;6;Aucun
Idf02500;../data/Bousset_data/Images/Syl/Idf02500.jpg;Syl;Asymptomatiques;Rien;Aucun;1;train;2023:03:20;12:53:25;nan;6;Aucun
Idf02501;../data/Bousset_data/Images/Syl/Idf02501.jpg;Syl;Asymptomatiques;Rien;Aucun;1;train;2023:03:20;12:53:28;nan;6;Aucun
Idf07512;../data/VAULT/Bousset_data/Images/Syl/Idf07512.jpg;Syl;Asymptomatiques;Rien;Aucun;1;vault;2023:09:19;15:05:33;nan;6;Aucun
Idf07515;../data/VAULT/Bousset_data/Images/Syl/Idf07515.jpg;Syl;Asymptomatiques;Rien;Aucun;1;vault;2023:09:19;15:05:49;nan;6;Aucun
Idf07557;../data/VAULT/Bousset_data/Images/Syl/Idf07557.jpg;Syl;Asymptomatiques;Rien;Aucun;1;vault;2023:09:19;15:12:36;nan;6;Aucun
Idf07559;../data/VAULT/Bousset_data/Images/Syl/Idf07559.jpg;Syl;Asymptomatiques;Rien;Aucun;1;vault;2023:09:19;15:12:41;nan;6;Aucun
Idf07647;../data/VAULT/Bousset_data/Images/Syl/Idf07647.jpg;Syl;Asymptomatiques;Rien;Aucun;1;vault;2023:09:19;17:58:06;nan;6;Aucun
Idf07648;../data/VAULT/Bousset_data/Images/Syl/Idf07648.jpg;Syl;Asymptomatiques;Rien;Aucun;1;vault;2023:09:19;17:58:08;nan;6;Aucun
Idf07649;../data/VAULT/Bousset_data/Images/Syl/Idf07649.jpg;Syl;Asymptomatiques;Rien;Aucun;1;vault;2023:09:19;17:58:10;nan;6;Aucun
Idf07671;../data/VAULT/Bousset_data/Images/Syl/Idf07671.jpg;Syl;Asymptomatiques;Rien;Aucun;1;vault;2023:09:19;18:00:27;nan;6;Aucun
Idf07697;../data/VAULT/Bousset_data/Images/Syl/Idf07697.jpg;Syl;Asymptomatiques;Rien;Aucun;1;vault;2023:09:19;18:02:33;nan;6;Aucun
Idf07698;../data/VAULT/Bousset_data/Images/Syl/Idf07698.jpg;Syl;Asymptomatiques;Rien;Aucun;1;vault;2023:09:19;18:02:34;nan;6;Aucun
Idf07699;../data/VAULT/Bousset_data/Images/Syl/Idf07699.jpg;Syl;Asymptomatiques;Rien;Aucun;1;vault;2023:09:19;18:02:36;nan;6;Aucun
Idf08125;../data/Bousset_data/Images/Syl/Idf08125.jpg;Syl;Asymptomatiques;Rien;Aucun;1;train;2023:09:29;16:57:22;nan;6;Aucun
Idf08126;../data/Bousset_data/Images/Syl/Idf08126.jpg;Syl;Asymptomatiques;Rien;Aucun;1;train;2023:09:29;16:57:24;nan;6;Aucun
Idf08127;../data/Bousset_data/Images/Syl/Idf08127.jpg;Syl;Asymptomatiques;Rien;Aucun;1;train;2023:09:29;16:57:26;nan;6;Aucun
Idf09396;../data/Bousset_data/Images/Syl/Idf09396.jpg;Syl;Asymptomatiques;Rien;Aucun;1;train;2023:11:20;13:26:27;nan;6;Aucun
Idf11911;../data/Bousset_data/Images/Syl/Idf11911.jpg;Syl;Asymptomatiques;Rien;Aucun;1;train;2024:03:12;18:23:39;nan;6;Aucun
Idf11912;../data/Bousset_data/Images/Syl/Idf11912.jpg;Syl;Asymptomatiques;Rien;Aucun;1;train;2024:03:12;18:23:43;nan;6;Aucun
Idf11913;../data/Bousset_data/Images/Syl/Idf11913.jpg;Syl;Asymptomatiques;Rien;Aucun;1;train;2024:03:12;18:23:45;nan;6;Aucun
Idf11914;../data/Bousset_data/Images/Syl/Idf11914.jpg;Syl;Asymptomatiques;Rien;Aucun;1;train;2024:03:12;18:23:48;nan;6;Aucun
Idf11915;../data/Bousset_data/Images/Syl/Idf11915.jpg;Syl;Asymptomatiques;Rien;Aucun;1;train;2024:03:12;18:23:50;nan;6;Aucun
Idf11917;../data/Bousset_data/Images/Syl/Idf11917.jpg;Syl;Asymptomatiques;Rien;Aucun;1;train;2024:03:12;18:24:09;nan;6;Aucun
Idf11918;../data/Bousset_data/Images/Syl/Idf11918.jpg;Syl;Asymptomatiques;Rien;Aucun;1;train;2024:03:12;18:24:11;nan;6;Aucun
Idf11919;../data/Bousset_data/Images/Syl/Idf11919.jpg;Syl;Asymptomatiques;Rien;Aucun;1;train;2024:03:12;18:24:19;nan;6;Aucun
Idf11920;../data/Bousset_data/Images/Syl/Idf11920.jpg;Syl;Asymptomatiques;Rien;Aucun;1;train;2024:03:12;18:24:21;nan;6;Aucun
Idf11921;../data/Bousset_data/Images/Syl/Idf11921.jpg;Syl;Asymptomatiques;Rien;Aucun;1;train;2024:03:12;18:24:23;nan;6;Aucun
Idf11932;../data/Bousset_data/Images/Syl/Idf11932.jpg;Syl;Asymptomatiques;Rien;Aucun;1;train;2024:03:12;18:25:41;nan;6;Aucun
Idf11933;../data/Bousset_data/Images/Syl/Idf11933.jpg;Syl;Asymptomatiques;Rien;Aucun;1;train;2024:03:12;18:25:43;nan;6;Aucun
Idf11941;../data/Bousset_data/Images/Syl/Idf11941.jpg;Syl;Asymptomatiques;Rien;Aucun;1;train;2024:03:12;18:27:40;nan;6;Aucun
Idf11942;../data/Bousset_data/Images/Syl/Idf11942.jpg;Syl;Asymptomatiques;Rien;Aucun;1;train;2024:03:12;18:27:42;nan;6;Aucun
Idf11943;../data/Bousset_data/Images/Syl/Idf11943.jpg;Syl;Asymptomatiques;Rien;Aucun;1;train;2024:03:12;18:27:44;nan;6;Aucun
Idf11944;../data/Bousset_data/Images/Syl/Idf11944.jpg;Syl;Asymptomatiques;Rien;Aucun;1;train;2024:03:12;18:27:46;nan;6;Aucun
Idf11945;../data/Bousset_data/Images/Syl/Idf11945.jpg;Syl;Asymptomatiques;Rien;Aucun;1;train;2024:03:12;18:27:48;nan;6;Aucun
Idf11954;../data/Bousset_data/Images/Syl/Idf11954.jpg;Syl;Asymptomatiques;Rien;Aucun;1;train;2024:03:12;18:29:50;nan;6;Aucun
Idf11955;../data/Bousset_data/Images/Syl/Idf11955.jpg;Syl;Asymptomatiques;Rien;Aucun;1;train;2024:03:12;18:29:52;nan;6;Aucun
Idf11956;../data/Bousset_data/Images/Syl/Idf11956.jpg;Syl;Asymptomatiques;Rien;Aucun;1;train;2024:03:12;18:29:54;nan;6;Aucun
Idf11957;../data/Bousset_data/Images/Syl/Idf11957.jpg;Syl;Asymptomatiques;Rien;Aucun;1;train;2024:03:12;18:30:02;nan;6;Aucun
Idf11958;../data/Bousset_data/Images/Syl/Idf11958.jpg;Syl;Asymptomatiques;Rien;Aucun;1;train;2024:03:12;18:30:05;nan;6;Aucun
Idf11959;../data/Bousset_data/Images/Syl/Idf11959.jpg;Syl;Asymptomatiques;Rien;Aucun;1;train;2024:03:12;18:30:09;nan;6;Aucun
Idf11960;../data/Bousset_data/Images/Syl/Idf11960.jpg;Syl;Asymptomatiques;Rien;Aucun;1;train;2024:03:12;18:30:17;nan;6;Aucun
Idf11974;../data/Bousset_data/Images/Syl/Idf11974.jpg;Syl;Asymptomatiques;Rien;Aucun;1;train;2024:03:12;18:32:01;nan;6;Aucun
Idf11975;../data/Bousset_data/Images/Syl/Idf11975.jpg;Syl;Asymptomatiques;Rien;Aucun;1;train;2024:03:12;18:32:02;nan;6;Aucun
Idf11976;../data/Bousset_data/Images/Syl/Idf11976.jpg;Syl;Asymptomatiques;Rien;Aucun;1;train;2024:03:12;18:32:04;nan;6;Aucun
Idf11978;../data/Bousset_data/Images/Syl/Idf11978.jpg;Syl;Asymptomatiques;Rien;Aucun;1;train;2024:03:12;18:32:34;nan;6;Aucun
Idf11979;../data/Bousset_data/Images/Syl/Idf11979.jpg;Syl;Asymptomatiques;Rien;Aucun;1;train;2024:03:12;18:32:36;nan;6;Aucun
Idf11980;../data/Bousset_data/Images/Syl/Idf11980.jpg;Syl;Asymptomatiques;Rien;Aucun;1;train;2024:03:12;18:32:37;nan;6;Aucun
Idf11981;../data/Bousset_data/Images/Syl/Idf11981.jpg;Syl;Asymptomatiques;Rien;Aucun;1;train;2024:03:12;18:32:39;nan;6;Aucun
Idf11998;../data/Bousset_data/Images/Syl/Idf11998.jpg;Syl;Asymptomatiques;Rien;Aucun;1;train;2024:03:12;18:35:01;nan;6;Aucun
Idf12002;../data/Bousset_data/Images/Syl/Idf12002.jpg;Syl;Asymptomatiques;Rien;Aucun;1;train;2024:03:12;18:35:28;nan;6;Aucun
Idf12003;../data/Bousset_data/Images/Syl/Idf12003.jpg;Syl;Asymptomatiques;Rien;Aucun;1;train;2024:03:12;18:35:30;nan;6;Aucun
Idf12004;../data/Bousset_data/Images/Syl/Idf12004.jpg;Syl;Asymptomatiques;Rien;Aucun;1;train;2024:03:12;18:35:32;nan;6;Aucun
Idf12005;../data/Bousset_data/Images/Syl/Idf12005.jpg;Syl;Asymptomatiques;Rien;Aucun;1;train;2024:03:12;18:35:33;nan;6;Aucun
Idf12006;../data/Bousset_data/Images/Syl/Idf12006.jpg;Syl;Asymptomatiques;Rien;Aucun;1;train;2024:03:12;18:35:36;nan;6;Aucun
Idf12017;../data/Bousset_data/Images/Syl/Idf12017.jpg;Syl;Asymptomatiques;Rien;Aucun;1;train;2024:03:12;18:37:12;nan;6;Aucun
Idf12018;../data/Bousset_data/Images/Syl/Idf12018.jpg;Syl;Asymptomatiques;Rien;Aucun;1;train;2024:03:12;18:37:14;nan;6;Aucun
Idf12036;../data/Bousset_data/Images/Syl/Idf12036.jpg;Syl;Asymptomatiques;Rien;Aucun;1;train;2024:03:12;18:38:38;nan;6;Aucun
Idf12037;../data/Bousset_data/Images/Syl/Idf12037.jpg;Syl;Asymptomatiques;Rien;Aucun;1;train;2024:03:12;18:38:39;nan;6;Aucun
Idf12060;../data/Bousset_data/Images/Syl/Idf12060.jpg;Syl;Asymptomatiques;Rien;Aucun;1;train;2024:03:12;18:41:46;nan;6;Aucun
Idf12061;../data/Bousset_data/Images/Syl/Idf12061.jpg;Syl;Asymptomatiques;Rien;Aucun;1;train;2024:03:12;18:41:50;nan;6;Aucun
Idf12062;../data/Bousset_data/Images/Syl/Idf12062.jpg;Syl;Asymptomatiques;Rien;Aucun;1;train;2024:03:12;18:41:52;nan;6;Aucun
Idf12063;../data/Bousset_data/Images/Syl/Idf12063.jpg;Syl;Asymptomatiques;Rien;Aucun;1;train;2024:03:12;18:41:55;nan;6;Aucun
Idf12064;../data/Bousset_data/Images/Syl/Idf12064.jpg;Syl;Asymptomatiques;Rien;Aucun;1;train;2024:03:12;18:41:57;nan;6;Aucun
Idf12065;../data/Bousset_data/Images/Syl/Idf12065.jpg;Syl;Asymptomatiques;Rien;Aucun;1;train;2024:03:12;18:41:59;nan;6;Aucun
Idf12099;../data/Bousset_data/Images/Syl/Idf12099.jpg;Syl;Asymptomatiques;Rien;Aucun;1;train;2024:03:12;18:46:05;nan;6;Aucun
Idf12102;../data/Bousset_data/Images/Syl/Idf12102.jpg;Syl;Asymptomatiques;Rien;Aucun;1;train;2024:03:12;18:46:10;nan;6;Aucun
Idf12103;../data/Bousset_data/Images/Syl/Idf12103.jpg;Syl;Asymptomatiques;Rien;Aucun;1;train;2024:03:12;18:46:12;nan;6;Aucun
Idf12105;../data/Bousset_data/Images/Syl/Idf12105.jpg;Syl;Asymptomatiques;Rien;Aucun;1;train;2024:03:12;18:46:32;nan;6;Aucun
Idf12106;../data/Bousset_data/Images/Syl/Idf12106.jpg;Syl;Asymptomatiques;Rien;Aucun;1;train;2024:03:12;18:46:35;nan;6;Aucun
Idf12107;../data/Bousset_data/Images/Syl/Idf12107.jpg;Syl;Asymptomatiques;Rien;Aucun;1;train;2024:03:12;18:46:37;nan;6;Aucun
Idf12108;../data/Bousset_data/Images/Syl/Idf12108.jpg;Syl;Asymptomatiques;Rien;Aucun;1;train;2024:03:12;18:46:38;nan;6;Aucun
Idf12109;../data/Bousset_data/Images/Syl/Idf12109.jpg;Syl;Asymptomatiques;Rien;Aucun;1;train;2024:03:12;18:46:59;nan;6;Aucun
Idf12390;../data/Bousset_data/Images/Syl/Idf12390.jpg;Syl;Asymptomatiques;Rien;Aucun;1;train;2024:03:20;14:38:45;nan;6;Aucun
Idf12391;../data/Bousset_data/Images/Syl/Idf12391.jpg;Syl;Asymptomatiques;Rien;Aucun;1;train;2024:03:20;14:38:48;nan;6;Aucun
Idf12392;../data/Bousset_data/Images/Syl/Idf12392.jpg;Syl;Asymptomatiques;Rien;Aucun;1;train;2024:03:20;14:38:55;nan;6;Aucun
Idf12393;../data/Bousset_data/Images/Syl/Idf12393.jpg;Syl;Asymptomatiques;Rien;Aucun;1;train;2024:03:20;14:39:00;nan;6;Aucun
Idf12394;../data/Bousset_data/Images/Syl/Idf12394.jpg;Syl;Asymptomatiques;Rien;Aucun;1;train;2024:03:20;14:39:03;nan;6;Aucun
Idf12395;../data/Bousset_data/Images/Syl/Idf12395.jpg;Syl;Asymptomatiques;Rien;Aucun;1;train;2024:03:20;14:39:06;nan;6;Aucun
Idf12396;../data/Bousset_data/Images/Syl/Idf12396.jpg;Syl;Asymptomatiques;Rien;Aucun;1;train;2024:03:20;14:39:14;nan;6;Aucun
Idf12397;../data/Bousset_data/Images/Syl/Idf12397.jpg;Syl;Asymptomatiques;Rien;Aucun;1;train;2024:03:20;14:39:17;nan;6;Aucun
Idf12398;../data/Bousset_data/Images/Syl/Idf12398.jpg;Syl;Asymptomatiques;Rien;Aucun;1;train;2024:03:20;14:39:27;nan;6;Aucun
Idf12399;../data/Bousset_data/Images/Syl/Idf12399.jpg;Syl;Asymptomatiques;Rien;Aucun;1;train;2024:03:20;14:39:31;nan;6;Aucun
Idf12400;../data/Bousset_data/Images/Syl/Idf12400.jpg;Syl;Asymptomatiques;Rien;Aucun;1;train;2024:03:20;14:39:33;nan;6;Aucun
Idf12401;../data/Bousset_data/Images/Syl/Idf12401.jpg;Syl;Asymptomatiques;Rien;Aucun;1;train;2024:03:20;14:39:42;nan;6;Aucun
Idf12406;../data/Bousset_data/Images/Syl/Idf12406.jpg;Syl;Asymptomatiques;Rien;Aucun;1;train;2024:03:20;14:40:05;nan;6;Aucun
Idf12408;../data/Bousset_data/Images/Syl/Idf12408.jpg;Syl;Asymptomatiques;Rien;Aucun;1;train;2024:03:20;14:40:10;nan;6;Aucun
Idf12409;../data/Bousset_data/Images/Syl/Idf12409.jpg;Syl;Asymptomatiques;Rien;Aucun;1;train;2024:03:20;14:40:13;nan;6;Aucun
Idf12413;../data/Bousset_data/Images/Syl/Idf12413.jpg;Syl;Asymptomatiques;Rien;Aucun;1;train;2024:03:20;14:40:59;nan;6;Aucun
Idf12414;../data/Bousset_data/Images/Syl/Idf12414.jpg;Syl;Asymptomatiques;Rien;Aucun;1;train;2024:03:20;14:41:01;nan;6;Aucun
Idf12415;../data/Bousset_data/Images/Syl/Idf12415.jpg;Syl;Asymptomatiques;Rien;Aucun;1;train;2024:03:20;14:41:04;nan;6;Aucun
Idf12416;../data/Bousset_data/Images/Syl/Idf12416.jpg;Syl;Asymptomatiques;Rien;Aucun;1;train;2024:03:20;14:41:05;nan;6;Aucun
Idf12423;../data/Bousset_data/Images/Syl/Idf12423.jpg;Syl;Asymptomatiques;Rien;Aucun;1;train;2024:03:20;14:42:07;nan;6;Aucun
Idf12424;../data/Bousset_data/Images/Syl/Idf12424.jpg;Syl;Asymptomatiques;Rien;Aucun;1;train;2024:03:20;14:42:09;nan;6;Aucun
Idf12425;../data/Bousset_data/Images/Syl/Idf12425.jpg;Syl;Asymptomatiques;Rien;Aucun;1;train;2024:03:20;14:42:11;nan;6;Aucun
Idf12426;../data/Bousset_data/Images/Syl/Idf12426.jpg;Syl;Asymptomatiques;Rien;Aucun;1;train;2024:03:20;14:42:14;nan;6;Aucun
Idf12427;../data/Bousset_data/Images/Syl/Idf12427.jpg;Syl;Asymptomatiques;Rien;Aucun;1;train;2024:03:20;14:42:16;nan;6;Aucun
Idf12443;../data/Bousset_data/Images/Syl/Idf12443.jpg;Syl;Asymptomatiques;Rien;Aucun;1;train;2024:03:20;14:45:47;nan;6;Aucun
Idf12444;../data/Bousset_data/Images/Syl/Idf12444.jpg;Syl;Asymptomatiques;Rien;Aucun;1;train;2024:03:20;14:45:49;nan;6;Aucun
Idf12445;../data/Bousset_data/Images/Syl/Idf12445.jpg;Syl;Asymptomatiques;Rien;Aucun;1;train;2024:03:20;14:45:52;nan;6;Aucun
Idf12446;../data/Bousset_data/Images/Syl/Idf12446.jpg;Syl;Asymptomatiques;Rien;Aucun;1;train;2024:03:20;14:46:00;nan;6;Aucun
Idf12447;../data/Bousset_data/Images/Syl/Idf12447.jpg;Syl;Asymptomatiques;Rien;Aucun;1;train;2024:03:20;14:46:02;nan;6;Aucun
Idf12448;../data/Bousset_data/Images/Syl/Idf12448.jpg;Syl;Asymptomatiques;Rien;Aucun;1;train;2024:03:20;14:46:04;nan;6;Aucun
Idf12451;../data/Bousset_data/Images/Syl/Idf12451.jpg;Syl;Asymptomatiques;Rien;Aucun;1;train;2024:03:20;14:46:22;nan;6;Aucun
Idf12452;../data/Bousset_data/Images/Syl/Idf12452.jpg;Syl;Asymptomatiques;Rien;Aucun;1;train;2024:03:20;14:46:24;nan;6;Aucun
Idf12453;../data/Bousset_data/Images/Syl/Idf12453.jpg;Syl;Asymptomatiques;Rien;Aucun;1;train;2024:03:20;14:46:28;nan;6;Aucun
Idf12455;../data/Bousset_data/Images/Syl/Idf12455.jpg;Syl;Asymptomatiques;Rien;Aucun;1;train;2024:03:20;14:46:49;nan;6;Aucun
Idf12456;../data/Bousset_data/Images/Syl/Idf12456.jpg;Syl;Asymptomatiques;Rien;Aucun;1;train;2024:03:20;14:46:50;nan;6;Aucun
Idf12457;../data/Bousset_data/Images/Syl/Idf12457.jpg;Syl;Asymptomatiques;Rien;Aucun;1;train;2024:03:20;14:46:54;nan;6;Aucun
Idf12458;../data/Bousset_data/Images/Syl/Idf12458.jpg;Syl;Asymptomatiques;Rien;Aucun;1;train;2024:03:20;14:47:24;nan;6;Aucun
Idf12459;../data/Bousset_data/Images/Syl/Idf12459.jpg;Syl;Asymptomatiques;Rien;Aucun;1;train;2024:03:20;14:47:33;nan;6;Aucun
Idf12460;../data/Bousset_data/Images/Syl/Idf12460.jpg;Syl;Asymptomatiques;Rien;Aucun;1;train;2024:03:20;14:47:35;nan;6;Aucun
Idf12461;../data/Bousset_data/Images/Syl/Idf12461.jpg;Syl;Asymptomatiques;Rien;Aucun;1;train;2024:03:20;14:47:45;nan;6;Aucun
Idf12462;../data/Bousset_data/Images/Syl/Idf12462.jpg;Syl;Asymptomatiques;Rien;Aucun;1;train;2024:03:20;14:47:47;nan;6;Aucun
Idf12463;../data/Bousset_data/Images/Syl/Idf12463.jpg;Syl;Asymptomatiques;Rien;Aucun;1;train;2024:03:20;14:47:49;nan;6;Aucun
Idf12464;../data/Bousset_data/Images/Syl/Idf12464.jpg;Syl;Asymptomatiques;Rien;Aucun;1;train;2024:03:20;14:47:50;nan;6;Aucun
Idf12470;../data/Bousset_data/Images/Syl/Idf12470.jpg;Syl;Asymptomatiques;Rien;Aucun;1;train;2024:03:20;14:49:36;nan;6;Aucun
Idf12473;../data/Bousset_data/Images/Syl/Idf12473.jpg;Syl;Asymptomatiques;Rien;Aucun;1;train;2024:03:20;14:49:58;nan;6;Aucun
Idf12474;../data/Bousset_data/Images/Syl/Idf12474.jpg;Syl;Asymptomatiques;Rien;Aucun;1;train;2024:03:20;14:50:00;nan;6;Aucun
Idf12479;../data/Bousset_data/Images/Syl/Idf12479.jpg;Syl;Asymptomatiques;Rien;Aucun;1;train;2024:03:20;14:50:40;nan;6;Aucun
Idf12480;../data/Bousset_data/Images/Syl/Idf12480.jpg;Syl;Asymptomatiques;Rien;Aucun;1;train;2024:03:20;14:50:41;nan;6;Aucun
Idf12485;../data/Bousset_data/Images/Syl/Idf12485.jpg;Syl;Asymptomatiques;Rien;Aucun;1;train;2024:03:20;14:51:40;nan;6;Aucun
Idf12487;../data/Bousset_data/Images/Syl/Idf12487.jpg;Syl;Asymptomatiques;Rien;Aucun;1;train;2024:03:20;14:51:46;nan;6;Aucun
Idf12490;../data/Bousset_data/Images/Syl/Idf12490.jpg;Syl;Asymptomatiques;Rien;Aucun;1;train;2024:03:20;14:51:58;nan;6;Aucun
Idf12491;../data/Bousset_data/Images/Syl/Idf12491.jpg;Syl;Asymptomatiques;Rien;Aucun;1;train;2024:03:20;14:52:00;nan;6;Aucun
Idf12492;../data/Bousset_data/Images/Syl/Idf12492.jpg;Syl;Asymptomatiques;Rien;Aucun;1;train;2024:03:20;14:52:01;nan;6;Aucun
Idf12496;../data/Bousset_data/Images/Syl/Idf12496.jpg;Syl;Asymptomatiques;Rien;Aucun;1;train;2024:03:20;14:52:32;nan;6;Aucun
Idf12497;../data/Bousset_data/Images/Syl/Idf12497.jpg;Syl;Asymptomatiques;Rien;Aucun;1;train;2024:03:20;14:52:33;nan;6;Aucun
Idf12501;../data/Bousset_data/Images/Syl/Idf12501.jpg;Syl;Asymptomatiques;Rien;Aucun;1;train;2024:03:20;14:53:01;nan;6;Aucun
Idf12502;../data/Bousset_data/Images/Syl/Idf12502.jpg;Syl;Asymptomatiques;Rien;Aucun;1;train;2024:03:20;14:53:03;nan;6;Aucun
Idf12509;../data/Bousset_data/Images/Syl/Idf12509.jpg;Syl;Asymptomatiques;Rien;Aucun;1;train;2024:03:20;14:53:57;nan;6;Aucun
Idf12510;../data/Bousset_data/Images/Syl/Idf12510.jpg;Syl;Asymptomatiques;Rien;Aucun;1;train;2024:03:20;14:53:58;nan;6;Aucun
Idf12511;../data/Bousset_data/Images/Syl/Idf12511.jpg;Syl;Asymptomatiques;Rien;Aucun;1;train;2024:03:20;14:54:00;nan;6;Aucun
Idf12512;../data/Bousset_data/Images/Syl/Idf12512.jpg;Syl;Asymptomatiques;Rien;Aucun;1;train;2024:03:20;14:54:02;nan;6;Aucun
Idf12514;../data/Bousset_data/Images/Syl/Idf12514.jpg;Syl;Asymptomatiques;Rien;Aucun;1;train;2024:03:20;14:54:53;nan;6;Aucun
Idf12515;../data/Bousset_data/Images/Syl/Idf12515.jpg;Syl;Asymptomatiques;Rien;Aucun;1;train;2024:03:20;14:54:56;nan;6;Aucun
Idf12525;../data/Bousset_data/Images/Syl/Idf12525.jpg;Syl;Asymptomatiques;Rien;Aucun;1;train;2024:03:20;14:56:15;nan;6;Aucun
Idf12526;../data/Bousset_data/Images/Syl/Idf12526.jpg;Syl;Asymptomatiques;Rien;Aucun;1;train;2024:03:20;14:56:16;nan;6;Aucun
Idf12528;../data/Bousset_data/Images/Syl/Idf12528.jpg;Syl;Asymptomatiques;Rien;Aucun;1;train;2024:03:20;14:56:20;nan;6;Aucun
Idf12529;../data/Bousset_data/Images/Syl/Idf12529.jpg;Syl;Asymptomatiques;Rien;Aucun;1;train;2024:03:20;14:56:23;nan;6;Aucun
Idf12530;../data/Bousset_data/Images/Syl/Idf12530.jpg;Syl;Asymptomatiques;Rien;Aucun;1;train;2024:03:20;14:56:24;nan;6;Aucun
Idf12534;../data/Bousset_data/Images/Syl/Idf12534.jpg;Syl;Asymptomatiques;Rien;Aucun;1;train;2024:03:20;16:40:19;nan;6;Aucun
Idf12537;../data/Bousset_data/Images/Syl/Idf12537.jpg;Syl;Asymptomatiques;Rien;Aucun;1;train;2024:03:20;16:40:48;nan;6;Aucun
Idf12538;../data/Bousset_data/Images/Syl/Idf12538.jpg;Syl;Asymptomatiques;Rien;Aucun;1;train;2024:03:20;16:40:50;nan;6;Aucun
Idf12539;../data/Bousset_data/Images/Syl/Idf12539.jpg;Syl;Asymptomatiques;Rien;Aucun;1;train;2024:03:20;16:40:53;nan;6;Aucun
Idf12540;../data/Bousset_data/Images/Syl/Idf12540.jpg;Syl;Asymptomatiques;Rien;Aucun;1;train;2024:03:20;16:40:54;nan;6;Aucun
Idf12541;../data/Bousset_data/Images/Syl/Idf12541.jpg;Syl;Asymptomatiques;Rien;Aucun;1;train;2024:03:20;16:41:02;nan;6;Aucun
Idf12543;../data/Bousset_data/Images/Syl/Idf12543.jpg;Syl;Asymptomatiques;Rien;Aucun;1;train;2024:03:20;16:41:31;nan;6;Aucun
Idf12544;../data/Bousset_data/Images/Syl/Idf12544.jpg;Syl;Asymptomatiques;Rien;Aucun;1;train;2024:03:20;16:41:35;nan;6;Aucun
Idf12549;../data/Bousset_data/Images/Syl/Idf12549.jpg;Syl;Asymptomatiques;Rien;Aucun;1;train;2024:03:20;16:42:07;nan;6;Aucun
Idf12550;../data/Bousset_data/Images/Syl/Idf12550.jpg;Syl;Asymptomatiques;Rien;Aucun;1;train;2024:03:20;16:42:10;nan;6;Aucun
Idf12551;../data/Bousset_data/Images/Syl/Idf12551.jpg;Syl;Asymptomatiques;Rien;Aucun;1;train;2024:03:20;16:42:11;nan;6;Aucun
Idf12552;../data/Bousset_data/Images/Syl/Idf12552.jpg;Syl;Asymptomatiques;Rien;Aucun;1;train;2024:03:20;16:42:13;nan;6;Aucun
Idf12553;../data/Bousset_data/Images/Syl/Idf12553.jpg;Syl;Asymptomatiques;Rien;Aucun;1;train;2024:03:20;16:42:15;nan;6;Aucun
Idf12554;../data/Bousset_data/Images/Syl/Idf12554.jpg;Syl;Asymptomatiques;Rien;Aucun;1;train;2024:03:20;16:42:36;nan;6;Aucun
Idf12557;../data/Bousset_data/Images/Syl/Idf12557.jpg;Syl;Asymptomatiques;Rien;Aucun;1;train;2024:03:20;16:42:57;nan;6;Aucun
Idf12558;../data/Bousset_data/Images/Syl/Idf12558.jpg;Syl;Asymptomatiques;Rien;Aucun;1;train;2024:03:20;16:43:00;nan;6;Aucun
Idf12559;../data/Bousset_data/Images/Syl/Idf12559.jpg;Syl;Asymptomatiques;Rien;Aucun;1;train;2024:03:20;16:43:03;nan;6;Aucun
Idf12560;../data/Bousset_data/Images/Syl/Idf12560.jpg;Syl;Asymptomatiques;Rien;Aucun;1;train;2024:03:20;16:43:34;nan;6;Aucun
Idf12561;../data/Bousset_data/Images/Syl/Idf12561.jpg;Syl;Asymptomatiques;Rien;Aucun;1;train;2024:03:20;16:43:45;nan;6;Aucun
Idf12570;../data/Bousset_data/Images/Syl/Idf12570.jpg;Syl;Asymptomatiques;Rien;Aucun;1;train;2024:03:20;16:44:44;nan;6;Aucun
Idf12571;../data/Bousset_data/Images/Syl/Idf12571.jpg;Syl;Asymptomatiques;Rien;Aucun;1;train;2024:03:20;16:44:45;nan;6;Aucun
Idf12572;../data/Bousset_data/Images/Syl/Idf12572.jpg;Syl;Asymptomatiques;Rien;Aucun;1;train;2024:03:20;16:44:46;nan;6;Aucun
Idf12574;../data/Bousset_data/Images/Syl/Idf12574.jpg;Syl;Asymptomatiques;Rien;Aucun;1;train;2024:03:20;16:44:51;nan;6;Aucun
Idf12584;../data/Bousset_data/Images/Syl/Idf12584.jpg;Syl;Asymptomatiques;Rien;Aucun;1;train;2024:03:20;16:46:19;nan;6;Aucun
Idf12585;../data/Bousset_data/Images/Syl/Idf12585.jpg;Syl;Asymptomatiques;Rien;Aucun;1;train;2024:03:20;16:46:20;nan;6;Aucun
Idf12586;../data/Bousset_data/Images/Syl/Idf12586.jpg;Syl;Asymptomatiques;Rien;Aucun;1;train;2024:03:20;16:46:22;nan;6;Aucun
Idf12590;../data/Bousset_data/Images/Syl/Idf12590.jpg;Syl;Asymptomatiques;Rien;Aucun;1;train;2024:03:20;16:46:53;nan;6;Aucun
Idf03038;../data/Bousset_data/Images/Tox/Idf03038.jpg;Tox;Toxicité;Toxicité;Produit chimique ou adjuvant;1;train;2023:03:21;16:24:08;nan;5;Produit chimique ou adjuvant
Idf03039;../data/Bousset_data/Images/Tox/Idf03039.jpg;Tox;Toxicité;Toxicité;Produit chimique ou adjuvant;1;train;2023:03:21;16:24:11;nan;5;Produit chimique ou adjuvant
Idf03041;../data/Bousset_data/Images/Tox/Idf03041.jpg;Tox;Toxicité;Toxicité;Produit chimique ou adjuvant;1;train;2023:03:21;16:24:17;nan;5;Produit chimique ou adjuvant
Idf03043;../data/Bousset_data/Images/Tox/Idf03043.jpg;Tox;Toxicité;Toxicité;Produit chimique ou adjuvant;1;train;2023:03:21;16:24:22;nan;5;Produit chimique ou adjuvant
Idf03044;../data/Bousset_data/Images/Tox/Idf03044.jpg;Tox;Toxicité;Toxicité;Produit chimique ou adjuvant;1;train;2023:03:21;16:24:31;nan;5;Produit chimique ou adjuvant
Idf03045;../data/Bousset_data/Images/Tox/Idf03045.jpg;Tox;Toxicité;Toxicité;Produit chimique ou adjuvant;1;train;2023:03:21;16:24:35;nan;5;Produit chimique ou adjuvant
Idf03048;../data/Bousset_data/Images/Tox/Idf03048.jpg;Tox;Toxicité;Toxicité;Produit chimique ou adjuvant;1;train;2023:03:21;16:24:51;nan;5;Produit chimique ou adjuvant
Idf03049;../data/Bousset_data/Images/Tox/Idf03049.jpg;Tox;Toxicité;Toxicité;Produit chimique ou adjuvant;1;train;2023:03:21;16:24:55;nan;5;Produit chimique ou adjuvant
Idf03050;../data/Bousset_data/Images/Tox/Idf03050.jpg;Tox;Toxicité;Toxicité;Produit chimique ou adjuvant;1;train;2023:03:21;16:24:59;nan;5;Produit chimique ou adjuvant
Idf03051;../data/Bousset_data/Images/Tox/Idf03051.jpg;Tox;Toxicité;Toxicité;Produit chimique ou adjuvant;1;train;2023:03:21;16:25:03;nan;5;Produit chimique ou adjuvant
Idf03052;../data/Bousset_data/Images/Tox/Idf03052.jpg;Tox;Toxicité;Toxicité;Produit chimique ou adjuvant;1;train;2023:03:21;16:25:05;nan;5;Produit chimique ou adjuvant
Idf03053;../data/Bousset_data/Images/Tox/Idf03053.jpg;Tox;Toxicité;Toxicité;Produit chimique ou adjuvant;1;train;2023:03:21;16:25:11;nan;5;Produit chimique ou adjuvant
Idf03054;../data/Bousset_data/Images/Tox/Idf03054.jpg;Tox;Toxicité;Toxicité;Produit chimique ou adjuvant;1;train;2023:03:21;16:25:20;nan;5;Produit chimique ou adjuvant
Idf03055;../data/Bousset_data/Images/Tox/Idf03055.jpg;Tox;Toxicité;Toxicité;Produit chimique ou adjuvant;1;train;2023:03:21;16:25:25;nan;5;Produit chimique ou adjuvant
Idf03056;../data/Bousset_data/Images/Tox/Idf03056.jpg;Tox;Toxicité;Toxicité;Produit chimique ou adjuvant;1;train;2023:03:21;16:25:29;nan;5;Produit chimique ou adjuvant
Idf03057;../data/Bousset_data/Images/Tox/Idf03057.jpg;Tox;Toxicité;Toxicité;Produit chimique ou adjuvant;1;train;2023:03:21;16:25:31;nan;5;Produit chimique ou adjuvant
Idf03058;../data/Bousset_data/Images/Tox/Idf03058.jpg;Tox;Toxicité;Toxicité;Produit chimique ou adjuvant;1;train;2023:03:21;16:25:35;nan;5;Produit chimique ou adjuvant
Idf03059;../data/Bousset_data/Images/Tox/Idf03059.jpg;Tox;Toxicité;Toxicité;Produit chimique ou adjuvant;1;train;2023:03:21;16:25:37;nan;5;Produit chimique ou adjuvant
Idf03060;../data/Bousset_data/Images/Tox/Idf03060.jpg;Tox;Toxicité;Toxicité;Produit chimique ou adjuvant;1;train;2023:03:21;16:25:40;nan;5;Produit chimique ou adjuvant
Idf03061;../data/Bousset_data/Images/Tox/Idf03061.jpg;Tox;Toxicité;Toxicité;Produit chimique ou adjuvant;1;train;2023:03:21;16:25:47;nan;5;Produit chimique ou adjuvant
Idf03064;../data/Bousset_data/Images/Tox/Idf03064.jpg;Tox;Toxicité;Toxicité;Produit chimique ou adjuvant;1;train;2023:03:21;16:26:02;nan;5;Produit chimique ou adjuvant
Idf03065;../data/Bousset_data/Images/Tox/Idf03065.jpg;Tox;Toxicité;Toxicité;Produit chimique ou adjuvant;1;train;2023:03:21;16:26:05;nan;5;Produit chimique ou adjuvant
Idf03066;../data/Bousset_data/Images/Tox/Idf03066.jpg;Tox;Toxicité;Toxicité;Produit chimique ou adjuvant;1;train;2023:03:21;16:26:08;nan;5;Produit chimique ou adjuvant
Idf03067;../data/Bousset_data/Images/Tox/Idf03067.jpg;Tox;Toxicité;Toxicité;Produit chimique ou adjuvant;1;train;2023:03:21;16:26:14;nan;5;Produit chimique ou adjuvant
Idf03068;../data/Bousset_data/Images/Tox/Idf03068.jpg;Tox;Toxicité;Toxicité;Produit chimique ou adjuvant;1;train;2023:03:21;16:26:16;nan;5;Produit chimique ou adjuvant
Idf03069;../data/Bousset_data/Images/Tox/Idf03069.jpg;Tox;Toxicité;Toxicité;Produit chimique ou adjuvant;1;train;2023:03:21;16:26:18;nan;5;Produit chimique ou adjuvant
Idf03071;../data/Bousset_data/Images/Tox/Idf03071.jpg;Tox;Toxicité;Toxicité;Produit chimique ou adjuvant;1;train;2023:03:21;16:26:27;nan;5;Produit chimique ou adjuvant
Idf03072;../data/Bousset_data/Images/Tox/Idf03072.jpg;Tox;Toxicité;Toxicité;Produit chimique ou adjuvant;1;train;2023:03:21;16:26:31;nan;5;Produit chimique ou adjuvant
Idf03073;../data/Bousset_data/Images/Tox/Idf03073.jpg;Tox;Toxicité;Toxicité;Produit chimique ou adjuvant;1;train;2023:03:21;16:26:34;nan;5;Produit chimique ou adjuvant
Idf03074;../data/Bousset_data/Images/Tox/Idf03074.jpg;Tox;Toxicité;Toxicité;Produit chimique ou adjuvant;1;train;2023:03:21;16:26:38;nan;5;Produit chimique ou adjuvant
Idf03075;../data/Bousset_data/Images/Tox/Idf03075.jpg;Tox;Toxicité;Toxicité;Produit chimique ou adjuvant;1;train;2023:03:21;16:26:41;nan;5;Produit chimique ou adjuvant
Idf03076;../data/Bousset_data/Images/Tox/Idf03076.jpg;Tox;Toxicité;Toxicité;Produit chimique ou adjuvant;1;train;2023:03:21;16:26:51;nan;5;Produit chimique ou adjuvant
Idf03077;../data/Bousset_data/Images/Tox/Idf03077.jpg;Tox;Toxicité;Toxicité;Produit chimique ou adjuvant;1;train;2023:03:21;16:26:54;nan;5;Produit chimique ou adjuvant
Idf03078;../data/Bousset_data/Images/Tox/Idf03078.jpg;Tox;Toxicité;Toxicité;Produit chimique ou adjuvant;1;train;2023:03:21;16:26:57;nan;5;Produit chimique ou adjuvant
Idf03079;../data/Bousset_data/Images/Tox/Idf03079.jpg;Tox;Toxicité;Toxicité;Produit chimique ou adjuvant;1;train;2023:03:21;16:27:01;nan;5;Produit chimique ou adjuvant
Idf03080;../data/Bousset_data/Images/Tox/Idf03080.jpg;Tox;Toxicité;Toxicité;Produit chimique ou adjuvant;1;train;2023:03:21;16:27:04;nan;5;Produit chimique ou adjuvant
Idf03084;../data/Bousset_data/Images/Tox/Idf03084.jpg;Tox;Toxicité;Toxicité;Produit chimique ou adjuvant;1;train;2023:03:21;16:27:18;nan;5;Produit chimique ou adjuvant
Idf03085;../data/Bousset_data/Images/Tox/Idf03085.jpg;Tox;Toxicité;Toxicité;Produit chimique ou adjuvant;1;train;2023:03:21;16:27:21;nan;5;Produit chimique ou adjuvant
Idf03086;../data/Bousset_data/Images/Tox/Idf03086.jpg;Tox;Toxicité;Toxicité;Produit chimique ou adjuvant;1;train;2023:03:21;16:27:24;nan;5;Produit chimique ou adjuvant
Idf03087;../data/Bousset_data/Images/Tox/Idf03087.jpg;Tox;Toxicité;Toxicité;Produit chimique ou adjuvant;1;train;2023:03:21;16:27:26;nan;5;Produit chimique ou adjuvant
Idf03088;../data/Bousset_data/Images/Tox/Idf03088.jpg;Tox;Toxicité;Toxicité;Produit chimique ou adjuvant;1;train;2023:03:21;16:27:29;nan;5;Produit chimique ou adjuvant
Idf03089;../data/Bousset_data/Images/Tox/Idf03089.jpg;Tox;Toxicité;Toxicité;Produit chimique ou adjuvant;1;train;2023:03:21;16:27:33;nan;5;Produit chimique ou adjuvant
Idf03090;../data/Bousset_data/Images/Tox/Idf03090.jpg;Tox;Toxicité;Toxicité;Produit chimique ou adjuvant;1;train;2023:03:21;16:27:36;nan;5;Produit chimique ou adjuvant
Idf03091;../data/Bousset_data/Images/Tox/Idf03091.jpg;Tox;Toxicité;Toxicité;Produit chimique ou adjuvant;1;train;2023:03:21;16:27:38;nan;5;Produit chimique ou adjuvant
Idf03092;../data/Bousset_data/Images/Tox/Idf03092.jpg;Tox;Toxicité;Toxicité;Produit chimique ou adjuvant;1;train;2023:03:21;16:27:43;nan;5;Produit chimique ou adjuvant
Idf03093;../data/Bousset_data/Images/Tox/Idf03093.jpg;Tox;Toxicité;Toxicité;Produit chimique ou adjuvant;1;train;2023:03:21;16:27:47;nan;5;Produit chimique ou adjuvant
Idf03094;../data/Bousset_data/Images/Tox/Idf03094.jpg;Tox;Toxicité;Toxicité;Produit chimique ou adjuvant;1;train;2023:03:21;16:27:49;nan;5;Produit chimique ou adjuvant
Idf03095;../data/Bousset_data/Images/Tox/Idf03095.jpg;Tox;Toxicité;Toxicité;Produit chimique ou adjuvant;1;train;2023:03:21;16:27:52;nan;5;Produit chimique ou adjuvant
Idf03096;../data/Bousset_data/Images/Tox/Idf03096.jpg;Tox;Toxicité;Toxicité;Produit chimique ou adjuvant;1;train;2023:03:21;16:27:55;nan;5;Produit chimique ou adjuvant
Idf03097;../data/Bousset_data/Images/Tox/Idf03097.jpg;Tox;Toxicité;Toxicité;Produit chimique ou adjuvant;1;train;2023:03:21;16:28:06;nan;5;Produit chimique ou adjuvant
Idf03098;../data/Bousset_data/Images/Tox/Idf03098.jpg;Tox;Toxicité;Toxicité;Produit chimique ou adjuvant;1;train;2023:03:21;16:28:11;nan;5;Produit chimique ou adjuvant
Idf03099;../data/Bousset_data/Images/Tox/Idf03099.jpg;Tox;Toxicité;Toxicité;Produit chimique ou adjuvant;1;train;2023:03:21;16:28:21;nan;5;Produit chimique ou adjuvant
Idf03100;../data/Bousset_data/Images/Tox/Idf03100.jpg;Tox;Toxicité;Toxicité;Produit chimique ou adjuvant;1;train;2023:03:21;16:28:30;nan;5;Produit chimique ou adjuvant
Idf03101;../data/Bousset_data/Images/Tox/Idf03101.jpg;Tox;Toxicité;Toxicité;Produit chimique ou adjuvant;1;train;2023:03:21;16:28:33;nan;5;Produit chimique ou adjuvant
Idf03102;../data/Bousset_data/Images/Tox/Idf03102.jpg;Tox;Toxicité;Toxicité;Produit chimique ou adjuvant;1;train;2023:03:21;16:28:36;nan;5;Produit chimique ou adjuvant
Idf03104;../data/Bousset_data/Images/Tox/Idf03104.jpg;Tox;Toxicité;Toxicité;Produit chimique ou adjuvant;1;train;2023:03:21;16:28:42;nan;5;Produit chimique ou adjuvant
Idf03105;../data/Bousset_data/Images/Tox/Idf03105.jpg;Tox;Toxicité;Toxicité;Produit chimique ou adjuvant;1;train;2023:03:21;16:28:45;nan;5;Produit chimique ou adjuvant
Idf03106;../data/Bousset_data/Images/Tox/Idf03106.jpg;Tox;Toxicité;Toxicité;Produit chimique ou adjuvant;1;train;2023:03:21;16:28:50;nan;5;Produit chimique ou adjuvant
Idf03107;../data/Bousset_data/Images/Tox/Idf03107.jpg;Tox;Toxicité;Toxicité;Produit chimique ou adjuvant;1;train;2023:03:21;16:28:52;nan;5;Produit chimique ou adjuvant
Idf03108;../data/Bousset_data/Images/Tox/Idf03108.jpg;Tox;Toxicité;Toxicité;Produit chimique ou adjuvant;1;train;2023:03:21;16:28:57;nan;5;Produit chimique ou adjuvant
Idf03109;../data/Bousset_data/Images/Tox/Idf03109.jpg;Tox;Toxicité;Toxicité;Produit chimique ou adjuvant;1;train;2023:03:21;16:29:00;nan;5;Produit chimique ou adjuvant
Idf03110;../data/Bousset_data/Images/Tox/Idf03110.jpg;Tox;Toxicité;Toxicité;Produit chimique ou adjuvant;1;train;2023:03:21;16:29:02;nan;5;Produit chimique ou adjuvant
Idf03111;../data/Bousset_data/Images/Tox/Idf03111.jpg;Tox;Toxicité;Toxicité;Produit chimique ou adjuvant;1;train;2023:03:21;16:29:04;nan;5;Produit chimique ou adjuvant
Idf03112;../data/Bousset_data/Images/Tox/Idf03112.jpg;Tox;Toxicité;Toxicité;Produit chimique ou adjuvant;1;train;2023:03:21;16:29:07;nan;5;Produit chimique ou adjuvant
Idf03113;../data/Bousset_data/Images/Tox/Idf03113.jpg;Tox;Toxicité;Toxicité;Produit chimique ou adjuvant;1;train;2023:03:21;16:29:10;nan;5;Produit chimique ou adjuvant
Idf03114;../data/Bousset_data/Images/Tox/Idf03114.jpg;Tox;Toxicité;Toxicité;Produit chimique ou adjuvant;1;train;2023:03:21;16:29:13;nan;5;Produit chimique ou adjuvant
Idf03115;../data/Bousset_data/Images/Tox/Idf03115.jpg;Tox;Toxicité;Toxicité;Produit chimique ou adjuvant;1;train;2023:03:21;16:29:15;nan;5;Produit chimique ou adjuvant
Idf03116;../data/Bousset_data/Images/Tox/Idf03116.jpg;Tox;Toxicité;Toxicité;Produit chimique ou adjuvant;1;train;2023:03:21;16:29:16;nan;5;Produit chimique ou adjuvant
Idf03117;../data/Bousset_data/Images/Tox/Idf03117.jpg;Tox;Toxicité;Toxicité;Produit chimique ou adjuvant;1;train;2023:03:21;16:29:20;nan;5;Produit chimique ou adjuvant
Idf03118;../data/Bousset_data/Images/Tox/Idf03118.jpg;Tox;Toxicité;Toxicité;Produit chimique ou adjuvant;1;train;2023:03:21;16:29:22;nan;5;Produit chimique ou adjuvant
Idf03119;../data/Bousset_data/Images/Tox/Idf03119.jpg;Tox;Toxicité;Toxicité;Produit chimique ou adjuvant;1;train;2023:03:21;16:29:26;nan;5;Produit chimique ou adjuvant
Idf03120;../data/Bousset_data/Images/Tox/Idf03120.jpg;Tox;Toxicité;Toxicité;Produit chimique ou adjuvant;1;train;2023:03:21;16:29:29;nan;5;Produit chimique ou adjuvant
Idf03121;../data/Bousset_data/Images/Tox/Idf03121.jpg;Tox;Toxicité;Toxicité;Produit chimique ou adjuvant;1;train;2023:03:21;16:29:32;nan;5;Produit chimique ou adjuvant
Idf03122;../data/Bousset_data/Images/Tox/Idf03122.jpg;Tox;Toxicité;Toxicité;Produit chimique ou adjuvant;1;train;2023:03:21;16:29:40;nan;5;Produit chimique ou adjuvant
Idf03123;../data/Bousset_data/Images/Tox/Idf03123.jpg;Tox;Toxicité;Toxicité;Produit chimique ou adjuvant;1;train;2023:03:21;16:29:42;nan;5;Produit chimique ou adjuvant
Idf03124;../data/Bousset_data/Images/Tox/Idf03124.jpg;Tox;Toxicité;Toxicité;Produit chimique ou adjuvant;1;train;2023:03:21;16:29:44;nan;5;Produit chimique ou adjuvant
Idf03125;../data/Bousset_data/Images/Tox/Idf03125.jpg;Tox;Toxicité;Toxicité;Produit chimique ou adjuvant;1;train;2023:03:21;16:29:46;nan;5;Produit chimique ou adjuvant
Idf03126;../data/Bousset_data/Images/Tox/Idf03126.jpg;Tox;Toxicité;Toxicité;Produit chimique ou adjuvant;1;train;2023:03:21;16:29:49;nan;5;Produit chimique ou adjuvant
Idf03127;../data/Bousset_data/Images/Tox/Idf03127.jpg;Tox;Toxicité;Toxicité;Produit chimique ou adjuvant;1;train;2023:03:21;16:29:52;nan;5;Produit chimique ou adjuvant
Idf03128;../data/Bousset_data/Images/Tox/Idf03128.jpg;Tox;Toxicité;Toxicité;Produit chimique ou adjuvant;1;train;2023:03:21;16:29:55;nan;5;Produit chimique ou adjuvant
Idf03129;../data/Bousset_data/Images/Tox/Idf03129.jpg;Tox;Toxicité;Toxicité;Produit chimique ou adjuvant;1;train;2023:03:21;16:29:57;nan;5;Produit chimique ou adjuvant
Idf03130;../data/Bousset_data/Images/Tox/Idf03130.jpg;Tox;Toxicité;Toxicité;Produit chimique ou adjuvant;1;train;2023:03:21;16:30:00;nan;5;Produit chimique ou adjuvant
Idf03131;../data/Bousset_data/Images/Tox/Idf03131.jpg;Tox;Toxicité;Toxicité;Produit chimique ou adjuvant;1;train;2023:03:21;16:30:03;nan;5;Produit chimique ou adjuvant
Idf03132;../data/Bousset_data/Images/Tox/Idf03132.jpg;Tox;Toxicité;Toxicité;Produit chimique ou adjuvant;1;train;2023:03:21;16:30:09;nan;5;Produit chimique ou adjuvant
Idf03134;../data/Bousset_data/Images/Tox/Idf03134.jpg;Tox;Toxicité;Toxicité;Produit chimique ou adjuvant;1;train;2023:03:21;16:30:19;nan;5;Produit chimique ou adjuvant
Idf03135;../data/Bousset_data/Images/Tox/Idf03135.jpg;Tox;Toxicité;Toxicité;Produit chimique ou adjuvant;1;train;2023:03:21;16:30:21;nan;5;Produit chimique ou adjuvant
Idf03136;../data/Bousset_data/Images/Tox/Idf03136.jpg;Tox;Toxicité;Toxicité;Produit chimique ou adjuvant;1;train;2023:03:21;16:30:23;nan;5;Produit chimique ou adjuvant
Idf03137;../data/Bousset_data/Images/Tox/Idf03137.jpg;Tox;Toxicité;Toxicité;Produit chimique ou adjuvant;1;train;2023:03:21;16:30:26;nan;5;Produit chimique ou adjuvant
Idf03138;../data/Bousset_data/Images/Tox/Idf03138.jpg;Tox;Toxicité;Toxicité;Produit chimique ou adjuvant;1;train;2023:03:21;16:30:29;nan;5;Produit chimique ou adjuvant
Idf03139;../data/Bousset_data/Images/Tox/Idf03139.jpg;Tox;Toxicité;Toxicité;Produit chimique ou adjuvant;1;train;2023:03:21;16:30:33;nan;5;Produit chimique ou adjuvant
Idf03140;../data/Bousset_data/Images/Tox/Idf03140.jpg;Tox;Toxicité;Toxicité;Produit chimique ou adjuvant;1;train;2023:03:21;16:30:36;nan;5;Produit chimique ou adjuvant
Idf03141;../data/Bousset_data/Images/Tox/Idf03141.jpg;Tox;Toxicité;Toxicité;Produit chimique ou adjuvant;1;train;2023:03:21;16:30:45;nan;5;Produit chimique ou adjuvant
Idf03142;../data/Bousset_data/Images/Tox/Idf03142.jpg;Tox;Toxicité;Toxicité;Produit chimique ou adjuvant;1;train;2023:03:21;16:30:48;nan;5;Produit chimique ou adjuvant
Idf03143;../data/Bousset_data/Images/Tox/Idf03143.jpg;Tox;Toxicité;Toxicité;Produit chimique ou adjuvant;1;train;2023:03:21;16:30:50;nan;5;Produit chimique ou adjuvant
Idf03144;../data/Bousset_data/Images/Tox/Idf03144.jpg;Tox;Toxicité;Toxicité;Produit chimique ou adjuvant;1;train;2023:03:21;16:30:52;nan;5;Produit chimique ou adjuvant
Idf03145;../data/Bousset_data/Images/Tox/Idf03145.jpg;Tox;Toxicité;Toxicité;Produit chimique ou adjuvant;1;train;2023:03:21;16:30:55;nan;5;Produit chimique ou adjuvant
Idf03146;../data/Bousset_data/Images/Tox/Idf03146.jpg;Tox;Toxicité;Toxicité;Produit chimique ou adjuvant;1;train;2023:03:21;16:30:57;nan;5;Produit chimique ou adjuvant
Idf03147;../data/Bousset_data/Images/Tox/Idf03147.jpg;Tox;Toxicité;Toxicité;Produit chimique ou adjuvant;1;train;2023:03:21;16:31:10;nan;5;Produit chimique ou adjuvant
Idf03149;../data/Bousset_data/Images/Tox/Idf03149.jpg;Tox;Toxicité;Toxicité;Produit chimique ou adjuvant;1;train;2023:03:21;16:31:14;nan;5;Produit chimique ou adjuvant
Idf03150;../data/Bousset_data/Images/Tox/Idf03150.jpg;Tox;Toxicité;Toxicité;Produit chimique ou adjuvant;1;train;2023:03:21;16:31:21;nan;5;Produit chimique ou adjuvant
Idf03151;../data/Bousset_data/Images/Tox/Idf03151.jpg;Tox;Toxicité;Toxicité;Produit chimique ou adjuvant;1;train;2023:03:21;16:31:25;nan;5;Produit chimique ou adjuvant
Idf03152;../data/Bousset_data/Images/Tox/Idf03152.jpg;Tox;Toxicité;Toxicité;Produit chimique ou adjuvant;1;train;2023:03:21;16:31:30;nan;5;Produit chimique ou adjuvant
Idf03367;../data/Bousset_data/Images/Tox/Idf03367.jpg;Tox;Toxicité;Toxicité;Produit chimique ou adjuvant;1;train;2023:04:03;11:49:19;nan;5;Produit chimique ou adjuvant
Idf03368;../data/Bousset_data/Images/Tox/Idf03368.jpg;Tox;Toxicité;Toxicité;Produit chimique ou adjuvant;1;train;2023:04:03;11:49:24;nan;5;Produit chimique ou adjuvant
Idf03369;../data/Bousset_data/Images/Tox/Idf03369.jpg;Tox;Toxicité;Toxicité;Produit chimique ou adjuvant;1;train;2023:04:03;11:49:39;nan;5;Produit chimique ou adjuvant
Idf03370;../data/Bousset_data/Images/Tox/Idf03370.jpg;Tox;Toxicité;Toxicité;Produit chimique ou adjuvant;1;train;2023:04:03;11:49:45;nan;5;Produit chimique ou adjuvant
Idf03371;../data/Bousset_data/Images/Tox/Idf03371.jpg;Tox;Toxicité;Toxicité;Produit chimique ou adjuvant;1;train;2023:04:03;11:49:50;nan;5;Produit chimique ou adjuvant
Idf03372;../data/Bousset_data/Images/Tox/Idf03372.jpg;Tox;Toxicité;Toxicité;Produit chimique ou adjuvant;1;train;2023:04:03;11:49:58;nan;5;Produit chimique ou adjuvant
Idf03373;../data/Bousset_data/Images/Tox/Idf03373.jpg;Tox;Toxicité;Toxicité;Produit chimique ou adjuvant;1;train;2023:04:03;11:50:04;nan;5;Produit chimique ou adjuvant
Idf03374;../data/Bousset_data/Images/Tox/Idf03374.jpg;Tox;Toxicité;Toxicité;Produit chimique ou adjuvant;1;train;2023:04:03;11:50:07;nan;5;Produit chimique ou adjuvant
Idf03375;../data/Bousset_data/Images/Tox/Idf03375.jpg;Tox;Toxicité;Toxicité;Produit chimique ou adjuvant;1;train;2023:04:03;11:50:12;nan;5;Produit chimique ou adjuvant
Idf03376;../data/Bousset_data/Images/Tox/Idf03376.jpg;Tox;Toxicité;Toxicité;Produit chimique ou adjuvant;1;train;2023:04:03;11:50:17;nan;5;Produit chimique ou adjuvant
Idf03377;../data/Bousset_data/Images/Tox/Idf03377.jpg;Tox;Toxicité;Toxicité;Produit chimique ou adjuvant;1;train;2023:04:03;11:50:19;nan;5;Produit chimique ou adjuvant
Idf03378;../data/Bousset_data/Images/Tox/Idf03378.jpg;Tox;Toxicité;Toxicité;Produit chimique ou adjuvant;1;train;2023:04:03;11:50:22;nan;5;Produit chimique ou adjuvant
Idf03379;../data/Bousset_data/Images/Tox/Idf03379.jpg;Tox;Toxicité;Toxicité;Produit chimique ou adjuvant;1;train;2023:04:03;11:50:28;nan;5;Produit chimique ou adjuvant
Idf03380;../data/Bousset_data/Images/Tox/Idf03380.jpg;Tox;Toxicité;Toxicité;Produit chimique ou adjuvant;1;train;2023:04:03;11:50:32;nan;5;Produit chimique ou adjuvant
Idf03381;../data/Bousset_data/Images/Tox/Idf03381.jpg;Tox;Toxicité;Toxicité;Produit chimique ou adjuvant;1;train;2023:04:03;11:50:45;nan;5;Produit chimique ou adjuvant
Idf03382;../data/Bousset_data/Images/Tox/Idf03382.jpg;Tox;Toxicité;Toxicité;Produit chimique ou adjuvant;1;train;2023:04:03;11:50:54;nan;5;Produit chimique ou adjuvant
Idf03383;../data/Bousset_data/Images/Tox/Idf03383.jpg;Tox;Toxicité;Toxicité;Produit chimique ou adjuvant;1;train;2023:04:03;11:50:59;nan;5;Produit chimique ou adjuvant
Idf03384;../data/Bousset_data/Images/Tox/Idf03384.jpg;Tox;Toxicité;Toxicité;Produit chimique ou adjuvant;1;train;2023:04:03;11:51:06;nan;5;Produit chimique ou adjuvant
Idf03385;../data/Bousset_data/Images/Tox/Idf03385.jpg;Tox;Toxicité;Toxicité;Produit chimique ou adjuvant;1;train;2023:04:03;11:51:17;nan;5;Produit chimique ou adjuvant
Idf03386;../data/Bousset_data/Images/Tox/Idf03386.jpg;Tox;Toxicité;Toxicité;Produit chimique ou adjuvant;1;train;2023:04:03;11:51:20;nan;5;Produit chimique ou adjuvant
Idf03387;../data/Bousset_data/Images/Tox/Idf03387.jpg;Tox;Toxicité;Toxicité;Produit chimique ou adjuvant;1;train;2023:04:03;11:51:24;nan;5;Produit chimique ou adjuvant
Idf03388;../data/Bousset_data/Images/Tox/Idf03388.jpg;Tox;Toxicité;Toxicité;Produit chimique ou adjuvant;1;train;2023:04:03;11:51:27;nan;5;Produit chimique ou adjuvant
Idf03389;../data/Bousset_data/Images/Tox/Idf03389.jpg;Tox;Toxicité;Toxicité;Produit chimique ou adjuvant;1;train;2023:04:03;11:51:32;nan;5;Produit chimique ou adjuvant
Idf03390;../data/Bousset_data/Images/Tox/Idf03390.jpg;Tox;Toxicité;Toxicité;Produit chimique ou adjuvant;1;train;2023:04:03;11:51:35;nan;5;Produit chimique ou adjuvant
Idf03391;../data/Bousset_data/Images/Tox/Idf03391.jpg;Tox;Toxicité;Toxicité;Produit chimique ou adjuvant;1;train;2023:04:03;11:52:00;nan;5;Produit chimique ou adjuvant
Idf03392;../data/Bousset_data/Images/Tox/Idf03392.jpg;Tox;Toxicité;Toxicité;Produit chimique ou adjuvant;1;train;2023:04:03;11:52:10;nan;5;Produit chimique ou adjuvant
Idf03393;../data/Bousset_data/Images/Tox/Idf03393.jpg;Tox;Toxicité;Toxicité;Produit chimique ou adjuvant;1;train;2023:04:03;11:52:27;nan;5;Produit chimique ou adjuvant
Idf03394;../data/Bousset_data/Images/Tox/Idf03394.jpg;Tox;Toxicité;Toxicité;Produit chimique ou adjuvant;1;train;2023:04:03;11:52:32;nan;5;Produit chimique ou adjuvant
Idf03395;../data/Bousset_data/Images/Tox/Idf03395.jpg;Tox;Toxicité;Toxicité;Produit chimique ou adjuvant;1;train;2023:04:03;11:52:36;nan;5;Produit chimique ou adjuvant
Idf03396;../data/Bousset_data/Images/Tox/Idf03396.jpg;Tox;Toxicité;Toxicité;Produit chimique ou adjuvant;1;train;2023:04:03;11:52:42;nan;5;Produit chimique ou adjuvant
Idf03397;../data/Bousset_data/Images/Tox/Idf03397.jpg;Tox;Toxicité;Toxicité;Produit chimique ou adjuvant;1;train;2023:04:03;11:52:45;nan;5;Produit chimique ou adjuvant
Idf03398;../data/Bousset_data/Images/Tox/Idf03398.jpg;Tox;Toxicité;Toxicité;Produit chimique ou adjuvant;1;train;2023:04:03;11:52:50;nan;5;Produit chimique ou adjuvant
Idf03399;../data/Bousset_data/Images/Tox/Idf03399.jpg;Tox;Toxicité;Toxicité;Produit chimique ou adjuvant;1;train;2023:04:03;11:52:57;nan;5;Produit chimique ou adjuvant
Idf03400;../data/Bousset_data/Images/Tox/Idf03400.jpg;Tox;Toxicité;Toxicité;Produit chimique ou adjuvant;1;train;2023:04:03;11:53:15;nan;5;Produit chimique ou adjuvant
Idf03401;../data/Bousset_data/Images/Tox/Idf03401.jpg;Tox;Toxicité;Toxicité;Produit chimique ou adjuvant;1;train;2023:04:03;11:53:22;nan;5;Produit chimique ou adjuvant
Idf03402;../data/Bousset_data/Images/Tox/Idf03402.jpg;Tox;Toxicité;Toxicité;Produit chimique ou adjuvant;1;train;2023:04:03;11:53:38;nan;5;Produit chimique ou adjuvant
Idf03403;../data/Bousset_data/Images/Tox/Idf03403.jpg;Tox;Toxicité;Toxicité;Produit chimique ou adjuvant;1;train;2023:04:03;11:53:43;nan;5;Produit chimique ou adjuvant
Idf03405;../data/Bousset_data/Images/Tox/Idf03405.jpg;Tox;Toxicité;Toxicité;Produit chimique ou adjuvant;1;train;2023:04:03;11:54:25;nan;5;Produit chimique ou adjuvant
Idf03406;../data/Bousset_data/Images/Tox/Idf03406.jpg;Tox;Toxicité;Toxicité;Produit chimique ou adjuvant;1;train;2023:04:03;11:54:34;nan;5;Produit chimique ou adjuvant
Idf03407;../data/Bousset_data/Images/Tox/Idf03407.jpg;Tox;Toxicité;Toxicité;Produit chimique ou adjuvant;1;train;2023:04:03;11:54:38;nan;5;Produit chimique ou adjuvant
Idf03408;../data/Bousset_data/Images/Tox/Idf03408.jpg;Tox;Toxicité;Toxicité;Produit chimique ou adjuvant;1;train;2023:04:03;11:54:57;nan;5;Produit chimique ou adjuvant
Idf03409;../data/Bousset_data/Images/Tox/Idf03409.jpg;Tox;Toxicité;Toxicité;Produit chimique ou adjuvant;1;train;2023:04:03;11:55:05;nan;5;Produit chimique ou adjuvant
Idf03410;../data/Bousset_data/Images/Tox/Idf03410.jpg;Tox;Toxicité;Toxicité;Produit chimique ou adjuvant;1;train;2023:04:03;11:55:08;nan;5;Produit chimique ou adjuvant
Idf03411;../data/Bousset_data/Images/Tox/Idf03411.jpg;Tox;Toxicité;Toxicité;Produit chimique ou adjuvant;1;train;2023:04:03;11:55:16;nan;5;Produit chimique ou adjuvant
Idf03412;../data/Bousset_data/Images/Tox/Idf03412.jpg;Tox;Toxicité;Toxicité;Produit chimique ou adjuvant;1;train;2023:04:03;11:55:38;nan;5;Produit chimique ou adjuvant
Idf03413;../data/Bousset_data/Images/Tox/Idf03413.jpg;Tox;Toxicité;Toxicité;Produit chimique ou adjuvant;1;train;2023:04:03;11:55:43;nan;5;Produit chimique ou adjuvant
Idf03414;../data/Bousset_data/Images/Tox/Idf03414.jpg;Tox;Toxicité;Toxicité;Produit chimique ou adjuvant;1;train;2023:04:03;11:55:50;nan;5;Produit chimique ou adjuvant
Idf03415;../data/Bousset_data/Images/Tox/Idf03415.jpg;Tox;Toxicité;Toxicité;Produit chimique ou adjuvant;1;train;2023:04:03;11:55:54;nan;5;Produit chimique ou adjuvant
Idf03416;../data/Bousset_data/Images/Tox/Idf03416.jpg;Tox;Toxicité;Toxicité;Produit chimique ou adjuvant;1;train;2023:04:03;11:55:59;nan;5;Produit chimique ou adjuvant
Idf03417;../data/Bousset_data/Images/Tox/Idf03417.jpg;Tox;Toxicité;Toxicité;Produit chimique ou adjuvant;1;train;2023:04:03;11:56:12;nan;5;Produit chimique ou adjuvant
Idf03421;../data/Bousset_data/Images/Tox/Idf03421.jpg;Tox;Toxicité;Toxicité;Produit chimique ou adjuvant;1;train;2023:04:03;11:56:32;nan;5;Produit chimique ou adjuvant
Idf03423;../data/Bousset_data/Images/Tox/Idf03423.jpg;Tox;Toxicité;Toxicité;Produit chimique ou adjuvant;1;train;2023:04:03;11:56:46;nan;5;Produit chimique ou adjuvant
Idf03425;../data/Bousset_data/Images/Tox/Idf03425.jpg;Tox;Toxicité;Toxicité;Produit chimique ou adjuvant;1;train;2023:04:03;11:56:59;nan;5;Produit chimique ou adjuvant
Idf03427;../data/Bousset_data/Images/Tox/Idf03427.jpg;Tox;Toxicité;Toxicité;Produit chimique ou adjuvant;1;train;2023:04:03;11:57:25;nan;5;Produit chimique ou adjuvant
Idf03428;../data/Bousset_data/Images/Tox/Idf03428.jpg;Tox;Toxicité;Toxicité;Produit chimique ou adjuvant;1;train;2023:04:03;11:57:34;nan;5;Produit chimique ou adjuvant
Idf03431;../data/Bousset_data/Images/Tox/Idf03431.jpg;Tox;Toxicité;Toxicité;Produit chimique ou adjuvant;1;train;2023:04:03;11:58:23;nan;5;Produit chimique ou adjuvant
Idf03432;../data/Bousset_data/Images/Tox/Idf03432.jpg;Tox;Toxicité;Toxicité;Produit chimique ou adjuvant;1;train;2023:04:03;11:58:29;nan;5;Produit chimique ou adjuvant
Idf03433;../data/Bousset_data/Images/Tox/Idf03433.jpg;Tox;Toxicité;Toxicité;Produit chimique ou adjuvant;1;train;2023:04:03;11:58:44;nan;5;Produit chimique ou adjuvant
Idf08000;../data/VAULT/Bousset_data/Images/Tox/Idf08000.jpg;Tox;Toxicité;Toxicité;Produit chimique ou adjuvant;1;vault;2023:09:29;15:25:44;nan;5;Produit chimique ou adjuvant
Idf08003;../data/VAULT/Bousset_data/Images/Tox/Idf08003.jpg;Tox;Toxicité;Toxicité;Produit chimique ou adjuvant;1;vault;2023:09:29;15:27:10;nan;5;Produit chimique ou adjuvant
Idf08004;../data/VAULT/Bousset_data/Images/Tox/Idf08004.jpg;Tox;Toxicité;Toxicité;Produit chimique ou adjuvant;1;vault;2023:09:29;15:27:17;nan;5;Produit chimique ou adjuvant
Idf08020;../data/VAULT/Bousset_data/Images/Tox/Idf08020.jpg;Tox;Toxicité;Toxicité;Produit chimique ou adjuvant;1;vault;2023:09:29;15:53:17;nan;5;Produit chimique ou adjuvant
Idf08021;../data/VAULT/Bousset_data/Images/Tox/Idf08021.jpg;Tox;Toxicité;Toxicité;Produit chimique ou adjuvant;1;vault;2023:09:29;15:53:20;nan;5;Produit chimique ou adjuvant
Idf08022;../data/VAULT/Bousset_data/Images/Tox/Idf08022.jpg;Tox;Toxicité;Toxicité;Produit chimique ou adjuvant;1;vault;2023:09:29;15:53:22;nan;5;Produit chimique ou adjuvant
Idf08777;../data/Bousset_data/Images/Tox/Idf08777.jpg;Tox;Toxicité;Toxicité;Produit chimique ou adjuvant;1;train;2023:10:26;09:40:40;nan;5;Produit chimique ou adjuvant
Idf11597;../data/Bousset_data/Images/Tox/Idf11597.jpg;Tox;Toxicité;Toxicité;Produit chimique ou adjuvant;1;train;2024:03:08;14:57:27;nan;5;Produit chimique ou adjuvant
Idf11598;../data/Bousset_data/Images/Tox/Idf11598.jpg;Tox;Toxicité;Toxicité;Produit chimique ou adjuvant;1;train;2024:03:08;14:57:28;nan;5;Produit chimique ou adjuvant
Idf11600;../data/Bousset_data/Images/Tox/Idf11600.jpg;Tox;Toxicité;Toxicité;Produit chimique ou adjuvant;1;train;2024:03:08;14:57:33;nan;5;Produit chimique ou adjuvant
Idf11699;../data/Bousset_data/Images/Tox/Idf11699.jpg;Tox;Toxicité;Toxicité;Produit chimique ou adjuvant;1;train;2024:03:08;15:16:00;nan;5;Produit chimique ou adjuvant
Idf00582;../data/Bousset_data/Images/Tuy/Idf00582.jpg;Tuy;Virus de la jaunisse du navet;Virus;Turnip Yellow Mosaic Virus;1;train;2022:12:22;11:47:24;nan;13;Turnip Yellow Mosaic Virus
Idf02294;../data/Bousset_data/Images/Tuy/Idf02294.jpg;Tuy;Virus de la jaunisse du navet;Virus;Turnip Yellow Mosaic Virus;1;train;2023:03:17;11:26:10;nan;13;Turnip Yellow Mosaic Virus
Idf03561;../data/Bousset_data/Images/Tuy/Idf03561.jpg;Tuy;Virus de la jaunisse du navet;Virus;Turnip Yellow Mosaic Virus;1;train;2023:04:03;16:54:24;nan;13;Turnip Yellow Mosaic Virus
Idf03660;../data/Bousset_data/Images/Tuy/Idf03660.jpg;Tuy;Virus de la jaunisse du navet;Virus;Turnip Yellow Mosaic Virus;1;train;2023:04:03;17:08:36;nan;13;Turnip Yellow Mosaic Virus
Idf03661;../data/Bousset_data/Images/Tuy/Idf03661.jpg;Tuy;Virus de la jaunisse du navet;Virus;Turnip Yellow Mosaic Virus;1;train;2023:04:03;17:08:40;nan;13;Turnip Yellow Mosaic Virus
Idf03663;../data/Bousset_data/Images/Tuy/Idf03663.jpg;Tuy;Virus de la jaunisse du navet;Virus;Turnip Yellow Mosaic Virus;1;train;2023:04:03;17:08:49;nan;13;Turnip Yellow Mosaic Virus
Idf03675;../data/Bousset_data/Images/Tuy/Idf03675.jpg;Tuy;Virus de la jaunisse du navet;Virus;Turnip Yellow Mosaic Virus;1;train;2023:04:03;17:11:35;nan;13;Turnip Yellow Mosaic Virus
Idf03698;../data/Bousset_data/Images/Tuy/Idf03698.jpg;Tuy;Virus de la jaunisse du navet;Virus;Turnip Yellow Mosaic Virus;1;train;2023:04:03;17:15:51;nan;13;Turnip Yellow Mosaic Virus
Idf03714;../data/Bousset_data/Images/Tuy/Idf03714.jpg;Tuy;Virus de la jaunisse du navet;Virus;Turnip Yellow Mosaic Virus;1;train;2023:04:03;17:19:25;nan;13;Turnip Yellow Mosaic Virus
Idf03719;../data/Bousset_data/Images/Tuy/Idf03719.jpg;Tuy;Virus de la jaunisse du navet;Virus;Turnip Yellow Mosaic Virus;1;train;2023:04:03;17:20:14;nan;13;Turnip Yellow Mosaic Virus
Idf03740;../data/Bousset_data/Images/Tuy/Idf03740.jpg;Tuy;Virus de la jaunisse du navet;Virus;Turnip Yellow Mosaic Virus;1;train;2023:04:03;17:26:03;nan;13;Turnip Yellow Mosaic Virus
Idf03758;../data/Bousset_data/Images/Tuy/Idf03758.jpg;Tuy;Virus de la jaunisse du navet;Virus;Turnip Yellow Mosaic Virus;1;train;2023:04:03;17:30:19;nan;13;Turnip Yellow Mosaic Virus
Idf04183;../data/Bousset_data/Images/Tuy/Idf04183.jpg;Tuy;Virus de la jaunisse du navet;Virus;Turnip Yellow Mosaic Virus;1;train;2023:04:06;15:40:00;nan;13;Turnip Yellow Mosaic Virus
Idf04235;../data/Bousset_data/Images/Tuy/Idf04235.jpg;Tuy;Virus de la jaunisse du navet;Virus;Turnip Yellow Mosaic Virus;1;train;2023:04:06;15:47:50;nan;13;Turnip Yellow Mosaic Virus
Idf04236;../data/Bousset_data/Images/Tuy/Idf04236.jpg;Tuy;Virus de la jaunisse du navet;Virus;Turnip Yellow Mosaic Virus;1;train;2023:04:06;15:47:54;nan;13;Turnip Yellow Mosaic Virus
Idf09576;../data/Bousset_data/Images/Tuy/Idf09576.jpg;Tuy;Virus de la jaunisse du navet;Virus;Turnip Yellow Mosaic Virus;1;train;2023:11:24;14:34:28;nan;13;Turnip Yellow Mosaic Virus
Idf09577;../data/Bousset_data/Images/Tuy/Idf09577.jpg;Tuy;Virus de la jaunisse du navet;Virus;Turnip Yellow Mosaic Virus;1;train;2023:11:24;14:34:30;nan;13;Turnip Yellow Mosaic Virus
Idf09578;../data/Bousset_data/Images/Tuy/Idf09578.jpg;Tuy;Virus de la jaunisse du navet;Virus;Turnip Yellow Mosaic Virus;1;train;2023:11:24;14:34:37;nan;13;Turnip Yellow Mosaic Virus
Idf09580;../data/Bousset_data/Images/Tuy/Idf09580.jpg;Tuy;Virus de la jaunisse du navet;Virus;Turnip Yellow Mosaic Virus;1;train;2023:11:24;14:35:18;nan;13;Turnip Yellow Mosaic Virus
Idf09829;../data/Bousset_data/Images/Tuy/Idf09829.jpg;Tuy;Virus de la jaunisse du navet;Virus;Turnip Yellow Mosaic Virus;1;train;2023:12:12;13:28:07;nan;13;Turnip Yellow Mosaic Virus
Idf09860;../data/Bousset_data/Images/Tuy/Idf09860.jpg;Tuy;Virus de la jaunisse du navet;Virus;Turnip Yellow Mosaic Virus;1;train;2023:12:15;16:16:00;nan;13;Turnip Yellow Mosaic Virus
Idf09861;../data/Bousset_data/Images/Tuy/Idf09861.jpg;Tuy;Virus de la jaunisse du navet;Virus;Turnip Yellow Mosaic Virus;1;train;2023:12:15;16:16:03;nan;13;Turnip Yellow Mosaic Virus
Idf09863;../data/Bousset_data/Images/Tuy/Idf09863.jpg;Tuy;Virus de la jaunisse du navet;Virus;Turnip Yellow Mosaic Virus;1;train;2023:12:15;16:16:28;nan;13;Turnip Yellow Mosaic Virus
Idf09905;../data/Bousset_data/Images/Tuy/Idf09905.jpg;Tuy;Virus de la jaunisse du navet;Virus;Turnip Yellow Mosaic Virus;1;train;2023:12:15;16:22:02;nan;13;Turnip Yellow Mosaic Virus
Idf10217;../data/Bousset_data/Images/Tuy/Idf10217.jpg;Tuy;Virus de la jaunisse du navet;Virus;Turnip Yellow Mosaic Virus;1;train;2023:12:22;13:43:28;nan;13;Turnip Yellow Mosaic Virus
Idf10540;../data/Bousset_data/Images/Tuy/Idf10540.jpg;Tuy;Virus de la jaunisse du navet;Virus;Turnip Yellow Mosaic Virus;1;train;2024:01:22;12:41:10;nan;13;Turnip Yellow Mosaic Virus
Idf10543;../data/Bousset_data/Images/Tuy/Idf10543.jpg;Tuy;Virus de la jaunisse du navet;Virus;Turnip Yellow Mosaic Virus;1;train;2024:01:22;12:41:38;nan;13;Turnip Yellow Mosaic Virus
Idf10575;../data/Bousset_data/Images/Tuy/Idf10575.jpg;Tuy;Virus de la jaunisse du navet;Virus;Turnip Yellow Mosaic Virus;1;train;2024:01:22;12:47:14;nan;13;Turnip Yellow Mosaic Virus
Idf10576;../data/Bousset_data/Images/Tuy/Idf10576.jpg;Tuy;Virus de la jaunisse du navet;Virus;Turnip Yellow Mosaic Virus;1;train;2024:01:22;12:47:18;nan;13;Turnip Yellow Mosaic Virus
Idf11213;../data/Bousset_data/Images/Tuy/Idf11213.jpg;Tuy;Virus de la jaunisse du navet;Virus;Turnip Yellow Mosaic Virus;1;train;2024:03:01;11:18:21;nan;13;Turnip Yellow Mosaic Virus
Idf11214;../data/Bousset_data/Images/Tuy/Idf11214.jpg;Tuy;Virus de la jaunisse du navet;Virus;Turnip Yellow Mosaic Virus;1;train;2024:03:01;11:18:23;nan;13;Turnip Yellow Mosaic Virus
Idf11259;../data/Bousset_data/Images/Tuy/Idf11259.jpg;Tuy;Virus de la jaunisse du navet;Virus;Turnip Yellow Mosaic Virus;1;train;2024:03:01;11:24:21;nan;13;Turnip Yellow Mosaic Virus
Idf11264;../data/Bousset_data/Images/Tuy/Idf11264.jpg;Tuy;Virus de la jaunisse du navet;Virus;Turnip Yellow Mosaic Virus;1;train;2024:03:01;11:24:55;nan;13;Turnip Yellow Mosaic Virus
Idf11277;../data/Bousset_data/Images/Tuy/Idf11277.jpg;Tuy;Virus de la jaunisse du navet;Virus;Turnip Yellow Mosaic Virus;1;train;2024:03:01;11:26:04;nan;13;Turnip Yellow Mosaic Virus
Idf11278;../data/Bousset_data/Images/Tuy/Idf11278.jpg;Tuy;Virus de la jaunisse du navet;Virus;Turnip Yellow Mosaic Virus;1;train;2024:03:01;11:26:09;nan;13;Turnip Yellow Mosaic Virus
Idf11281;../data/Bousset_data/Images/Tuy/Idf11281.jpg;Tuy;Virus de la jaunisse du navet;Virus;Turnip Yellow Mosaic Virus;1;train;2024:03:01;11:26:25;nan;13;Turnip Yellow Mosaic Virus
Idf11584;../data/VAULT/Bousset_data/Images/Tuy/Idf11584.jpg;Tuy;Virus de la jaunisse du navet;Virus;Turnip Yellow Mosaic Virus;1;vault;2024:03:08;14:55:47;nan;13;Turnip Yellow Mosaic Virus
Idf11675;../data/VAULT/Bousset_data/Images/Tuy/Idf11675.jpg;Tuy;Virus de la jaunisse du navet;Virus;Turnip Yellow Mosaic Virus;1;vault;2024:03:08;15:10:17;nan;13;Turnip Yellow Mosaic Virus
Idf11754;../data/VAULT/Bousset_data/Images/Tuy/Idf11754.jpg;Tuy;Virus de la jaunisse du navet;Virus;Turnip Yellow Mosaic Virus;1;vault;2024:03:08;15:21:15;nan;13;Turnip Yellow Mosaic Virus
Idf11788;../data/VAULT/Bousset_data/Images/Tuy/Idf11788.jpg;Tuy;Virus de la jaunisse du navet;Virus;Turnip Yellow Mosaic Virus;1;vault;2024:03:08;15:24:08;nan;13;Turnip Yellow Mosaic Virus
Idf11796;../data/VAULT/Bousset_data/Images/Tuy/Idf11796.jpg;Tuy;Virus de la jaunisse du navet;Virus;Turnip Yellow Mosaic Virus;1;vault;2024:03:08;15:24:36;nan;13;Turnip Yellow Mosaic Virus
Idf11797;../data/VAULT/Bousset_data/Images/Tuy/Idf11797.jpg;Tuy;Virus de la jaunisse du navet;Virus;Turnip Yellow Mosaic Virus;1;vault;2024:03:08;15:24:37;nan;13;Turnip Yellow Mosaic Virus
Idf11798;../data/VAULT/Bousset_data/Images/Tuy/Idf11798.jpg;Tuy;Virus de la jaunisse du navet;Virus;Turnip Yellow Mosaic Virus;1;vault;2024:03:08;15:24:40;nan;13;Turnip Yellow Mosaic Virus
Idf11801;../data/VAULT/Bousset_data/Images/Tuy/Idf11801.jpg;Tuy;Virus de la jaunisse du navet;Virus;Turnip Yellow Mosaic Virus;1;vault;2024:03:08;15:24:58;nan;13;Turnip Yellow Mosaic Virus
Idf11846;../data/VAULT/Bousset_data/Images/Tuy/Idf11846.jpg;Tuy;Virus de la jaunisse du navet;Virus;Turnip Yellow Mosaic Virus;1;vault;2024:03:08;15:28:15;nan;13;Turnip Yellow Mosaic Virus
Idf11847;../data/VAULT/Bousset_data/Images/Tuy/Idf11847.jpg;Tuy;Virus de la jaunisse du navet;Virus;Turnip Yellow Mosaic Virus;1;vault;2024:03:08;15:28:17;nan;13;Turnip Yellow Mosaic Virus
Idf11878;../data/Bousset_data/Images/Tuy/Idf11878.jpg;Tuy;Virus de la jaunisse du navet;Virus;Turnip Yellow Mosaic Virus;1;train;2024:03:12;18:19:10;nan;13;Turnip Yellow Mosaic Virus
Idf11880;../data/Bousset_data/Images/Tuy/Idf11880.jpg;Tuy;Virus de la jaunisse du navet;Virus;Turnip Yellow Mosaic Virus;1;train;2024:03:12;18:19:42;nan;13;Turnip Yellow Mosaic Virus
Idf11882;../data/Bousset_data/Images/Tuy/Idf11882.jpg;Tuy;Virus de la jaunisse du navet;Virus;Turnip Yellow Mosaic Virus;1;train;2024:03:12;18:20:32;nan;13;Turnip Yellow Mosaic Virus
Idf11883;../data/Bousset_data/Images/Tuy/Idf11883.jpg;Tuy;Virus de la jaunisse du navet;Virus;Turnip Yellow Mosaic Virus;1;train;2024:03:12;18:20:34;nan;13;Turnip Yellow Mosaic Virus
Idf11884;../data/Bousset_data/Images/Tuy/Idf11884.jpg;Tuy;Virus de la jaunisse du navet;Virus;Turnip Yellow Mosaic Virus;1;train;2024:03:12;18:20:38;nan;13;Turnip Yellow Mosaic Virus
Idf11903;../data/Bousset_data/Images/Tuy/Idf11903.jpg;Tuy;Virus de la jaunisse du navet;Virus;Turnip Yellow Mosaic Virus;1;train;2024:03:12;18:22:34;nan;13;Turnip Yellow Mosaic Virus
Idf11904;../data/Bousset_data/Images/Tuy/Idf11904.jpg;Tuy;Virus de la jaunisse du navet;Virus;Turnip Yellow Mosaic Virus;1;train;2024:03:12;18:22:35;nan;13;Turnip Yellow Mosaic Virus
Idf11905;../data/Bousset_data/Images/Tuy/Idf11905.jpg;Tuy;Virus de la jaunisse du navet;Virus;Turnip Yellow Mosaic Virus;1;train;2024:03:12;18:22:38;nan;13;Turnip Yellow Mosaic Virus
Idf11908;../data/Bousset_data/Images/Tuy/Idf11908.jpg;Tuy;Virus de la jaunisse du navet;Virus;Turnip Yellow Mosaic Virus;1;train;2024:03:12;18:23:25;nan;13;Turnip Yellow Mosaic Virus
Idf11909;../data/Bousset_data/Images/Tuy/Idf11909.jpg;Tuy;Virus de la jaunisse du navet;Virus;Turnip Yellow Mosaic Virus;1;train;2024:03:12;18:23:29;nan;13;Turnip Yellow Mosaic Virus
Idf11910;../data/Bousset_data/Images/Tuy/Idf11910.jpg;Tuy;Virus de la jaunisse du navet;Virus;Turnip Yellow Mosaic Virus;1;train;2024:03:12;18:23:31;nan;13;Turnip Yellow Mosaic Virus
Idf11916;../data/Bousset_data/Images/Tuy/Idf11916.jpg;Tuy;Virus de la jaunisse du navet;Virus;Turnip Yellow Mosaic Virus;1;train;2024:03:12;18:23:55;nan;13;Turnip Yellow Mosaic Virus
Idf11922;../data/Bousset_data/Images/Tuy/Idf11922.jpg;Tuy;Virus de la jaunisse du navet;Virus;Turnip Yellow Mosaic Virus;1;train;2024:03:12;18:24:41;nan;13;Turnip Yellow Mosaic Virus
Idf11923;../data/Bousset_data/Images/Tuy/Idf11923.jpg;Tuy;Virus de la jaunisse du navet;Virus;Turnip Yellow Mosaic Virus;1;train;2024:03:12;18:24:43;nan;13;Turnip Yellow Mosaic Virus
Idf11924;../data/Bousset_data/Images/Tuy/Idf11924.jpg;Tuy;Virus de la jaunisse du navet;Virus;Turnip Yellow Mosaic Virus;1;train;2024:03:12;18:24:45;nan;13;Turnip Yellow Mosaic Virus
Idf11925;../data/Bousset_data/Images/Tuy/Idf11925.jpg;Tuy;Virus de la jaunisse du navet;Virus;Turnip Yellow Mosaic Virus;1;train;2024:03:12;18:24:48;nan;13;Turnip Yellow Mosaic Virus
Idf11927;../data/Bousset_data/Images/Tuy/Idf11927.jpg;Tuy;Virus de la jaunisse du navet;Virus;Turnip Yellow Mosaic Virus;1;train;2024:03:12;18:25:12;nan;13;Turnip Yellow Mosaic Virus
Idf11928;../data/Bousset_data/Images/Tuy/Idf11928.jpg;Tuy;Virus de la jaunisse du navet;Virus;Turnip Yellow Mosaic Virus;1;train;2024:03:12;18:25:15;nan;13;Turnip Yellow Mosaic Virus
Idf11929;../data/Bousset_data/Images/Tuy/Idf11929.jpg;Tuy;Virus de la jaunisse du navet;Virus;Turnip Yellow Mosaic Virus;1;train;2024:03:12;18:25:20;nan;13;Turnip Yellow Mosaic Virus
Idf11930;../data/Bousset_data/Images/Tuy/Idf11930.jpg;Tuy;Virus de la jaunisse du navet;Virus;Turnip Yellow Mosaic Virus;1;train;2024:03:12;18:25:25;nan;13;Turnip Yellow Mosaic Virus
Idf11934;../data/Bousset_data/Images/Tuy/Idf11934.jpg;Tuy;Virus de la jaunisse du navet;Virus;Turnip Yellow Mosaic Virus;1;train;2024:03:12;18:26:11;nan;13;Turnip Yellow Mosaic Virus
Idf11935;../data/Bousset_data/Images/Tuy/Idf11935.jpg;Tuy;Virus de la jaunisse du navet;Virus;Turnip Yellow Mosaic Virus;1;train;2024:03:12;18:26:18;nan;13;Turnip Yellow Mosaic Virus
Idf11936;../data/Bousset_data/Images/Tuy/Idf11936.jpg;Tuy;Virus de la jaunisse du navet;Virus;Turnip Yellow Mosaic Virus;1;train;2024:03:12;18:26:20;nan;13;Turnip Yellow Mosaic Virus
Idf11937;../data/Bousset_data/Images/Tuy/Idf11937.jpg;Tuy;Virus de la jaunisse du navet;Virus;Turnip Yellow Mosaic Virus;1;train;2024:03:12;18:26:21;nan;13;Turnip Yellow Mosaic Virus
Idf11947;../data/Bousset_data/Images/Tuy/Idf11947.jpg;Tuy;Virus de la jaunisse du navet;Virus;Turnip Yellow Mosaic Virus;1;train;2024:03:12;18:28:44;nan;13;Turnip Yellow Mosaic Virus
Idf11948;../data/Bousset_data/Images/Tuy/Idf11948.jpg;Tuy;Virus de la jaunisse du navet;Virus;Turnip Yellow Mosaic Virus;1;train;2024:03:12;18:28:47;nan;13;Turnip Yellow Mosaic Virus
Idf11949;../data/Bousset_data/Images/Tuy/Idf11949.jpg;Tuy;Virus de la jaunisse du navet;Virus;Turnip Yellow Mosaic Virus;1;train;2024:03:12;18:28:53;nan;13;Turnip Yellow Mosaic Virus
Idf11953;../data/Bousset_data/Images/Tuy/Idf11953.jpg;Tuy;Virus de la jaunisse du navet;Virus;Turnip Yellow Mosaic Virus;1;train;2024:03:12;18:29:43;nan;13;Turnip Yellow Mosaic Virus
Idf11961;../data/Bousset_data/Images/Tuy/Idf11961.jpg;Tuy;Virus de la jaunisse du navet;Virus;Turnip Yellow Mosaic Virus;1;train;2024:03:12;18:30:27;nan;13;Turnip Yellow Mosaic Virus
Idf11962;../data/Bousset_data/Images/Tuy/Idf11962.jpg;Tuy;Virus de la jaunisse du navet;Virus;Turnip Yellow Mosaic Virus;1;train;2024:03:12;18:30:33;nan;13;Turnip Yellow Mosaic Virus
Idf11963;../data/Bousset_data/Images/Tuy/Idf11963.jpg;Tuy;Virus de la jaunisse du navet;Virus;Turnip Yellow Mosaic Virus;1;train;2024:03:12;18:30:35;nan;13;Turnip Yellow Mosaic Virus
Idf11964;../data/Bousset_data/Images/Tuy/Idf11964.jpg;Tuy;Virus de la jaunisse du navet;Virus;Turnip Yellow Mosaic Virus;1;train;2024:03:12;18:30:38;nan;13;Turnip Yellow Mosaic Virus
Idf11965;../data/Bousset_data/Images/Tuy/Idf11965.jpg;Tuy;Virus de la jaunisse du navet;Virus;Turnip Yellow Mosaic Virus;1;train;2024:03:12;18:30:42;nan;13;Turnip Yellow Mosaic Virus
Idf11971;../data/Bousset_data/Images/Tuy/Idf11971.jpg;Tuy;Virus de la jaunisse du navet;Virus;Turnip Yellow Mosaic Virus;1;train;2024:03:12;18:31:40;nan;13;Turnip Yellow Mosaic Virus
Idf11972;../data/Bousset_data/Images/Tuy/Idf11972.jpg;Tuy;Virus de la jaunisse du navet;Virus;Turnip Yellow Mosaic Virus;1;train;2024:03:12;18:31:55;nan;13;Turnip Yellow Mosaic Virus
Idf11973;../data/Bousset_data/Images/Tuy/Idf11973.jpg;Tuy;Virus de la jaunisse du navet;Virus;Turnip Yellow Mosaic Virus;1;train;2024:03:12;18:31:59;nan;13;Turnip Yellow Mosaic Virus
Idf11977;../data/Bousset_data/Images/Tuy/Idf11977.jpg;Tuy;Virus de la jaunisse du navet;Virus;Turnip Yellow Mosaic Virus;1;train;2024:03:12;18:32:31;nan;13;Turnip Yellow Mosaic Virus
Idf11992;../data/Bousset_data/Images/Tuy/Idf11992.jpg;Tuy;Virus de la jaunisse du navet;Virus;Turnip Yellow Mosaic Virus;1;train;2024:03:12;18:34:37;nan;13;Turnip Yellow Mosaic Virus
Idf11993;../data/Bousset_data/Images/Tuy/Idf11993.jpg;Tuy;Virus de la jaunisse du navet;Virus;Turnip Yellow Mosaic Virus;1;train;2024:03:12;18:34:41;nan;13;Turnip Yellow Mosaic Virus
Idf11994;../data/Bousset_data/Images/Tuy/Idf11994.jpg;Tuy;Virus de la jaunisse du navet;Virus;Turnip Yellow Mosaic Virus;1;train;2024:03:12;18:34:44;nan;13;Turnip Yellow Mosaic Virus
Idf11995;../data/Bousset_data/Images/Tuy/Idf11995.jpg;Tuy;Virus de la jaunisse du navet;Virus;Turnip Yellow Mosaic Virus;1;train;2024:03:12;18:34:47;nan;13;Turnip Yellow Mosaic Virus
Idf11996;../data/Bousset_data/Images/Tuy/Idf11996.jpg;Tuy;Virus de la jaunisse du navet;Virus;Turnip Yellow Mosaic Virus;1;train;2024:03:12;18:34:50;nan;13;Turnip Yellow Mosaic Virus
Idf11997;../data/Bousset_data/Images/Tuy/Idf11997.jpg;Tuy;Virus de la jaunisse du navet;Virus;Turnip Yellow Mosaic Virus;1;train;2024:03:12;18:34:52;nan;13;Turnip Yellow Mosaic Virus
Idf11999;../data/Bousset_data/Images/Tuy/Idf11999.jpg;Tuy;Virus de la jaunisse du navet;Virus;Turnip Yellow Mosaic Virus;1;train;2024:03:12;18:35:05;nan;13;Turnip Yellow Mosaic Virus
Idf12000;../data/Bousset_data/Images/Tuy/Idf12000.jpg;Tuy;Virus de la jaunisse du navet;Virus;Turnip Yellow Mosaic Virus;1;train;2024:03:12;18:35:10;nan;13;Turnip Yellow Mosaic Virus
Idf12001;../data/Bousset_data/Images/Tuy/Idf12001.jpg;Tuy;Virus de la jaunisse du navet;Virus;Turnip Yellow Mosaic Virus;1;train;2024:03:12;18:35:14;nan;13;Turnip Yellow Mosaic Virus
Idf12007;../data/Bousset_data/Images/Tuy/Idf12007.jpg;Tuy;Virus de la jaunisse du navet;Virus;Turnip Yellow Mosaic Virus;1;train;2024:03:12;18:35:43;nan;13;Turnip Yellow Mosaic Virus
Idf12014;../data/Bousset_data/Images/Tuy/Idf12014.jpg;Tuy;Virus de la jaunisse du navet;Virus;Turnip Yellow Mosaic Virus;1;train;2024:03:12;18:36:43;nan;13;Turnip Yellow Mosaic Virus
Idf12020;../data/Bousset_data/Images/Tuy/Idf12020.jpg;Tuy;Virus de la jaunisse du navet;Virus;Turnip Yellow Mosaic Virus;1;train;2024:03:12;18:37:26;nan;13;Turnip Yellow Mosaic Virus
Idf12024;../data/Bousset_data/Images/Tuy/Idf12024.jpg;Tuy;Virus de la jaunisse du navet;Virus;Turnip Yellow Mosaic Virus;1;train;2024:03:12;18:37:47;nan;13;Turnip Yellow Mosaic Virus
Idf12025;../data/Bousset_data/Images/Tuy/Idf12025.jpg;Tuy;Virus de la jaunisse du navet;Virus;Turnip Yellow Mosaic Virus;1;train;2024:03:12;18:37:50;nan;13;Turnip Yellow Mosaic Virus
Idf12030;../data/Bousset_data/Images/Tuy/Idf12030.jpg;Tuy;Virus de la jaunisse du navet;Virus;Turnip Yellow Mosaic Virus;1;train;2024:03:12;18:38:21;nan;13;Turnip Yellow Mosaic Virus
Idf12031;../data/Bousset_data/Images/Tuy/Idf12031.jpg;Tuy;Virus de la jaunisse du navet;Virus;Turnip Yellow Mosaic Virus;1;train;2024:03:12;18:38:23;nan;13;Turnip Yellow Mosaic Virus
Idf12032;../data/Bousset_data/Images/Tuy/Idf12032.jpg;Tuy;Virus de la jaunisse du navet;Virus;Turnip Yellow Mosaic Virus;1;train;2024:03:12;18:38:25;nan;13;Turnip Yellow Mosaic Virus
Idf12039;../data/Bousset_data/Images/Tuy/Idf12039.jpg;Tuy;Virus de la jaunisse du navet;Virus;Turnip Yellow Mosaic Virus;1;train;2024:03:12;18:38:58;nan;13;Turnip Yellow Mosaic Virus
Idf12040;../data/Bousset_data/Images/Tuy/Idf12040.jpg;Tuy;Virus de la jaunisse du navet;Virus;Turnip Yellow Mosaic Virus;1;train;2024:03:12;18:39:12;nan;13;Turnip Yellow Mosaic Virus
Idf12041;../data/Bousset_data/Images/Tuy/Idf12041.jpg;Tuy;Virus de la jaunisse du navet;Virus;Turnip Yellow Mosaic Virus;1;train;2024:03:12;18:39:13;nan;13;Turnip Yellow Mosaic Virus
Idf12042;../data/Bousset_data/Images/Tuy/Idf12042.jpg;Tuy;Virus de la jaunisse du navet;Virus;Turnip Yellow Mosaic Virus;1;train;2024:03:12;18:39:15;nan;13;Turnip Yellow Mosaic Virus
Idf12043;../data/Bousset_data/Images/Tuy/Idf12043.jpg;Tuy;Virus de la jaunisse du navet;Virus;Turnip Yellow Mosaic Virus;1;train;2024:03:12;18:39:18;nan;13;Turnip Yellow Mosaic Virus
Idf12048;../data/Bousset_data/Images/Tuy/Idf12048.jpg;Tuy;Virus de la jaunisse du navet;Virus;Turnip Yellow Mosaic Virus;1;train;2024:03:12;18:39:52;nan;13;Turnip Yellow Mosaic Virus
Idf12081;../data/Bousset_data/Images/Tuy/Idf12081.jpg;Tuy;Virus de la jaunisse du navet;Virus;Turnip Yellow Mosaic Virus;1;train;2024:03:12;18:43:56;nan;13;Turnip Yellow Mosaic Virus
Idf12083;../data/Bousset_data/Images/Tuy/Idf12083.jpg;Tuy;Virus de la jaunisse du navet;Virus;Turnip Yellow Mosaic Virus;1;train;2024:03:12;18:44:03;nan;13;Turnip Yellow Mosaic Virus
Idf12084;../data/Bousset_data/Images/Tuy/Idf12084.jpg;Tuy;Virus de la jaunisse du navet;Virus;Turnip Yellow Mosaic Virus;1;train;2024:03:12;18:44:09;nan;13;Turnip Yellow Mosaic Virus
Idf12090;../data/Bousset_data/Images/Tuy/Idf12090.jpg;Tuy;Virus de la jaunisse du navet;Virus;Turnip Yellow Mosaic Virus;1;train;2024:03:12;18:44:57;nan;13;Turnip Yellow Mosaic Virus
Idf12091;../data/Bousset_data/Images/Tuy/Idf12091.jpg;Tuy;Virus de la jaunisse du navet;Virus;Turnip Yellow Mosaic Virus;1;train;2024:03:12;18:45:03;nan;13;Turnip Yellow Mosaic Virus
Idf12094;../data/Bousset_data/Images/Tuy/Idf12094.jpg;Tuy;Virus de la jaunisse du navet;Virus;Turnip Yellow Mosaic Virus;1;train;2024:03:12;18:45:22;nan;13;Turnip Yellow Mosaic Virus
Idf12121;../data/Bousset_data/Images/Tuy/Idf12121.jpg;Tuy;Virus de la jaunisse du navet;Virus;Turnip Yellow Mosaic Virus;1;train;2024:03:12;18:48:09;nan;13;Turnip Yellow Mosaic Virus
Idf12375;../data/Bousset_data/Images/Tuy/Idf12375.jpg;Tuy;Virus de la jaunisse du navet;Virus;Turnip Yellow Mosaic Virus;1;train;2024:03:20;14:35:46;nan;13;Turnip Yellow Mosaic Virus
Idf12377;../data/Bousset_data/Images/Tuy/Idf12377.jpg;Tuy;Virus de la jaunisse du navet;Virus;Turnip Yellow Mosaic Virus;1;train;2024:03:20;14:35:51;nan;13;Turnip Yellow Mosaic Virus
Idf12378;../data/Bousset_data/Images/Tuy/Idf12378.jpg;Tuy;Virus de la jaunisse du navet;Virus;Turnip Yellow Mosaic Virus;1;train;2024:03:20;14:35:55;nan;13;Turnip Yellow Mosaic Virus
Idf12389;../data/Bousset_data/Images/Tuy/Idf12389.jpg;Tuy;Virus de la jaunisse du navet;Virus;Turnip Yellow Mosaic Virus;1;train;2024:03:20;14:38:31;nan;13;Turnip Yellow Mosaic Virus
Idf12410;../data/Bousset_data/Images/Tuy/Idf12410.jpg;Tuy;Virus de la jaunisse du navet;Virus;Turnip Yellow Mosaic Virus;1;train;2024:03:20;14:40:19;nan;13;Turnip Yellow Mosaic Virus
Idf12429;../data/Bousset_data/Images/Tuy/Idf12429.jpg;Tuy;Virus de la jaunisse du navet;Virus;Turnip Yellow Mosaic Virus;1;train;2024:03:20;14:43:02;nan;13;Turnip Yellow Mosaic Virus
Idf12431;../data/Bousset_data/Images/Tuy/Idf12431.jpg;Tuy;Virus de la jaunisse du navet;Virus;Turnip Yellow Mosaic Virus;1;train;2024:03:20;14:43:33;nan;13;Turnip Yellow Mosaic Virus
Idf12432;../data/Bousset_data/Images/Tuy/Idf12432.jpg;Tuy;Virus de la jaunisse du navet;Virus;Turnip Yellow Mosaic Virus;1;train;2024:03:20;14:43:36;nan;13;Turnip Yellow Mosaic Virus
Idf12433;../data/Bousset_data/Images/Tuy/Idf12433.jpg;Tuy;Virus de la jaunisse du navet;Virus;Turnip Yellow Mosaic Virus;1;train;2024:03:20;14:43:40;nan;13;Turnip Yellow Mosaic Virus
Idf12468;../data/Bousset_data/Images/Tuy/Idf12468.jpg;Tuy;Virus de la jaunisse du navet;Virus;Turnip Yellow Mosaic Virus;1;train;2024:03:20;14:49:24;nan;13;Turnip Yellow Mosaic Virus
Idf12469;../data/Bousset_data/Images/Tuy/Idf12469.jpg;Tuy;Virus de la jaunisse du navet;Virus;Turnip Yellow Mosaic Virus;1;train;2024:03:20;14:49:25;nan;13;Turnip Yellow Mosaic Virus
Idf12483;../data/Bousset_data/Images/Tuy/Idf12483.jpg;Tuy;Virus de la jaunisse du navet;Virus;Turnip Yellow Mosaic Virus;1;train;2024:03:20;14:51:15;nan;13;Turnip Yellow Mosaic Virus
Idf12484;../data/Bousset_data/Images/Tuy/Idf12484.jpg;Tuy;Virus de la jaunisse du navet;Virus;Turnip Yellow Mosaic Virus;1;train;2024:03:20;14:51:26;nan;13;Turnip Yellow Mosaic Virus
Idf12495;../data/Bousset_data/Images/Tuy/Idf12495.jpg;Tuy;Virus de la jaunisse du navet;Virus;Turnip Yellow Mosaic Virus;1;train;2024:03:20;14:52:25;nan;13;Turnip Yellow Mosaic Virus
Idf12503;../data/Bousset_data/Images/Tuy/Idf12503.jpg;Tuy;Virus de la jaunisse du navet;Virus;Turnip Yellow Mosaic Virus;1;train;2024:03:20;14:53:07;nan;13;Turnip Yellow Mosaic Virus
Idf12504;../data/Bousset_data/Images/Tuy/Idf12504.jpg;Tuy;Virus de la jaunisse du navet;Virus;Turnip Yellow Mosaic Virus;1;train;2024:03:20;14:53:11;nan;13;Turnip Yellow Mosaic Virus
Idf12505;../data/Bousset_data/Images/Tuy/Idf12505.jpg;Tuy;Virus de la jaunisse du navet;Virus;Turnip Yellow Mosaic Virus;1;train;2024:03:20;14:53:15;nan;13;Turnip Yellow Mosaic Virus
Idf00120;../data/Bousset_data/Images/Vir/Idf00120.jpg;Vir;Virose;Virus;Non discriminés;1;train;2022:11:25;15:39:44;nan;14;Non discriminés
Idf02537;../data/Bousset_data/Images/Vir/Idf02537.jpg;Vir;Virose;Virus;Non discriminés;1;train;2023:03:20;14:41:02;nan;14;Non discriminés
Idf02945;../data/Bousset_data/Images/Vir/Idf02945.jpg;Vir;Virose;Virus;Non discriminés;1;train;2023:03:21;16:04:05;nan;14;Non discriminés
Idf02950;../data/Bousset_data/Images/Vir/Idf02950.jpg;Vir;Virose;Virus;Non discriminés;1;train;2023:03:21;16:04:57;nan;14;Non discriminés
Idf02958;../data/Bousset_data/Images/Vir/Idf02958.jpg;Vir;Virose;Virus;Non discriminés;1;train;2023:03:21;16:06:01;nan;14;Non discriminés
Idf02960;../data/Bousset_data/Images/Vir/Idf02960.jpg;Vir;Virose;Virus;Non discriminés;1;train;2023:03:21;16:06:09;nan;14;Non discriminés
Idf02965;../data/Bousset_data/Images/Vir/Idf02965.jpg;Vir;Virose;Virus;Non discriminés;1;train;2023:03:21;16:06:40;nan;14;Non discriminés
Idf02966;../data/Bousset_data/Images/Vir/Idf02966.jpg;Vir;Virose;Virus;Non discriminés;1;train;2023:03:21;16:06:42;nan;14;Non discriminés
Idf02967;../data/Bousset_data/Images/Vir/Idf02967.jpg;Vir;Virose;Virus;Non discriminés;1;train;2023:03:21;16:06:44;nan;14;Non discriminés
Idf07412;../data/Bousset_data/Images/Vir/Idf07412.jpg;Vir;Virose;Virus;Non discriminés;1;train;2023:09:12;12:05:35;nan;14;Non discriminés
Idf07459;../data/Bousset_data/Images/Vir/Idf07459.jpg;Vir;Virose;Virus;Non discriminés;1;train;2023:09:14;12:03:31;nan;14;Non discriminés
Idf07500;../data/Bousset_data/Images/Vir/Idf07500.jpg;Vir;Virose;Virus;Non discriminés;1;train;2023:09:19;15:04:35;nan;14;Non discriminés
Idf07501;../data/Bousset_data/Images/Vir/Idf07501.jpg;Vir;Virose;Virus;Non discriminés;1;train;2023:09:19;15:04:39;nan;14;Non discriminés
Idf07502;../data/Bousset_data/Images/Vir/Idf07502.jpg;Vir;Virose;Virus;Non discriminés;1;train;2023:09:19;15:04:42;nan;14;Non discriminés
Idf07535;../data/Bousset_data/Images/Vir/Idf07535.jpg;Vir;Virose;Virus;Non discriminés;1;train;2023:09:19;15:09:10;nan;14;Non discriminés
Idf07541;../data/Bousset_data/Images/Vir/Idf07541.jpg;Vir;Virose;Virus;Non discriminés;1;train;2023:09:19;15:10:00;nan;14;Non discriminés
Idf07556;../data/Bousset_data/Images/Vir/Idf07556.jpg;Vir;Virose;Virus;Non discriminés;1;train;2023:09:19;15:12:35;nan;14;Non discriminés
Idf07587;../data/Bousset_data/Images/Vir/Idf07587.jpg;Vir;Virose;Virus;Non discriminés;1;train;2023:09:19;16:35:22;nan;14;Non discriminés
Idf07873;../data/Bousset_data/Images/Vir/Idf07873.jpg;Vir;Virose;Virus;Non discriminés;1;train;2023:09:26;11:20:25;nan;14;Non discriminés
Idf07933;../data/Bousset_data/Images/Vir/Idf07933.jpg;Vir;Virose;Virus;Non discriminés;1;train;2023:09:29;15:13:06;nan;14;Non discriminés
Idf07966;../data/Bousset_data/Images/Vir/Idf07966.jpg;Vir;Virose;Virus;Non discriminés;1;train;2023:09:29;15:19:21;nan;14;Non discriminés
Idf07990;../data/Bousset_data/Images/Vir/Idf07990.jpg;Vir;Virose;Virus;Non discriminés;1;train;2023:09:29;15:23:09;nan;14;Non discriminés
Idf07996;../data/Bousset_data/Images/Vir/Idf07996.jpg;Vir;Virose;Virus;Non discriminés;1;train;2023:09:29;15:24:55;nan;14;Non discriminés
Idf08024;../data/Bousset_data/Images/Vir/Idf08024.jpg;Vir;Virose;Virus;Non discriminés;1;train;2023:09:29;15:55:13;nan;14;Non discriminés
Idf08053;../data/Bousset_data/Images/Vir/Idf08053.jpg;Vir;Virose;Virus;Non discriminés;1;train;2023:09:29;16:27:35;nan;14;Non discriminés
Idf08075;../data/Bousset_data/Images/Vir/Idf08075.jpg;Vir;Virose;Virus;Non discriminés;1;train;2023:09:29;16:31:07;nan;14;Non discriminés
Idf08090;../data/Bousset_data/Images/Vir/Idf08090.jpg;Vir;Virose;Virus;Non discriminés;1;train;2023:09:29;16:33:15;nan;14;Non discriminés
Idf08131;../data/VAULT/Bousset_data/Images/Vir/Idf08131.jpg;Vir;Virose;Virus;Non discriminés;1;vault;2023:10:06;14:25:14;nan;14;Non discriminés
Idf08132;../data/VAULT/Bousset_data/Images/Vir/Idf08132.jpg;Vir;Virose;Virus;Non discriminés;1;vault;2023:10:06;14:25:16;nan;14;Non discriminés
Idf08133;../data/VAULT/Bousset_data/Images/Vir/Idf08133.jpg;Vir;Virose;Virus;Non discriminés;1;vault;2023:10:06;14:25:21;nan;14;Non discriminés
Idf08134;../data/VAULT/Bousset_data/Images/Vir/Idf08134.jpg;Vir;Virose;Virus;Non discriminés;1;vault;2023:10:06;14:25:55;nan;14;Non discriminés
Idf08169;../data/VAULT/Bousset_data/Images/Vir/Idf08169.jpg;Vir;Virose;Virus;Non discriminés;1;vault;2023:10:06;15:07:01;nan;14;Non discriminés
Idf08300;../data/VAULT/Bousset_data/Images/Vir/Idf08300.jpg;Vir;Virose;Virus;Non discriminés;1;vault;2023:10:06;17:10:57;nan;14;Non discriminés
Idf08503;../data/Bousset_data/Images/Vir/Idf08503.jpg;Vir;Virose;Virus;Non discriminés;1;train;2023:10:12;10:14:07;nan;14;Non discriminés
Idf08516;../data/Bousset_data/Images/Vir/Idf08516.jpg;Vir;Virose;Virus;Non discriminés;1;train;2023:10:12;10:17:52;nan;14;Non discriminés
Idf08579;../data/Bousset_data/Images/Vir/Idf08579.jpg;Vir;Virose;Virus;Non discriminés;1;train;2023:10:12;10:38:36;nan;14;Non discriminés
Idf08775;../data/Bousset_data/Images/Vir/Idf08775.jpg;Vir;Virose;Virus;Non discriminés;1;train;2023:10:26;09:40:26;nan;14;Non discriminés
Idf08812;../data/Bousset_data/Images/Vir/Idf08812.jpg;Vir;Virose;Virus;Non discriminés;1;train;2023:10:26;09:47:05;nan;14;Non discriminés
Idf09131;../data/Bousset_data/Images/Vir/Idf09131.jpg;Vir;Virose;Virus;Non discriminés;1;train;2023:11:14;15:55:18;nan;14;Non discriminés
Idf09295;../data/Bousset_data/Images/Vir/Idf09295.jpg;Vir;Virose;Virus;Non discriminés;1;train;2023:11:20;12:12:26;nan;14;Non discriminés
Idf09296;../data/Bousset_data/Images/Vir/Idf09296.jpg;Vir;Virose;Virus;Non discriminés;1;train;2023:11:20;12:12:28;nan;14;Non discriminés
Idf09300;../data/Bousset_data/Images/Vir/Idf09300.jpg;Vir;Virose;Virus;Non discriminés;1;train;2023:11:20;12:12:46;nan;14;Non discriminés
Idf09301;../data/Bousset_data/Images/Vir/Idf09301.jpg;Vir;Virose;Virus;Non discriminés;1;train;2023:11:20;12:12:49;nan;14;Non discriminés
Idf09302;../data/Bousset_data/Images/Vir/Idf09302.jpg;Vir;Virose;Virus;Non discriminés;1;train;2023:11:20;12:12:51;nan;14;Non discriminés
Idf09303;../data/Bousset_data/Images/Vir/Idf09303.jpg;Vir;Virose;Virus;Non discriminés;1;train;2023:11:20;12:12:53;nan;14;Non discriminés
Idf09304;../data/Bousset_data/Images/Vir/Idf09304.jpg;Vir;Virose;Virus;Non discriminés;1;train;2023:11:20;12:12:55;nan;14;Non discriminés
Idf09531;../data/Bousset_data/Images/Vir/Idf09531.jpg;Vir;Virose;Virus;Non discriminés;1;train;2023:11:20;13:39:00;nan;14;Non discriminés
Idf12371;../data/Bousset_data/Images/Vir/Idf12371.jpg;Vir;Virose;Virus;Non discriminés;1;train;2024:03:20;14:35:26;nan;14;Non discriminés
Idf12372;../data/Bousset_data/Images/Vir/Idf12372.jpg;Vir;Virose;Virus;Non discriminés;1;train;2024:03:20;14:35:28;nan;14;Non discriminés
Idf12439;../data/Bousset_data/Images/Vir/Idf12439.jpg;Vir;Virose;Virus;Non discriminés;1;train;2024:03:20;14:44:52;nan;14;Non discriminés
Idf00011;../data/Bousset_data/Images/Xan/Idf00011.jpg;Xan;Bactériose à Xanthomonas;Bactérie;Xanthomonas campestris pv. Campestris;1;train;2022:10:14;17:38:18;nan;34;Xanthomonas campestris pv. Campestris
Idf00018;../data/Bousset_data/Images/Xan/Idf00018.jpg;Xan;Bactériose à Xanthomonas;Bactérie;Xanthomonas campestris pv. Campestris;1;train;2022:10:26;11:39:43;nan;34;Xanthomonas campestris pv. Campestris
Idf00020;../data/Bousset_data/Images/Xan/Idf00020.jpg;Xan;Bactériose à Xanthomonas;Bactérie;Xanthomonas campestris pv. Campestris;1;train;2022:10:26;11:08:22;nan;34;Xanthomonas campestris pv. Campestris
Idf00024;../data/Bousset_data/Images/Xan/Idf00024.jpg;Xan;Bactériose à Xanthomonas;Bactérie;Xanthomonas campestris pv. Campestris;1;train;2022:10:28;16:29:03;nan;34;Xanthomonas campestris pv. Campestris
Idf00310;../data/Bousset_data/Images/Xan/Idf00310.jpg;Xan;Bactériose à Xanthomonas;Bactérie;Xanthomonas campestris pv. Campestris;1;train;2022:11:28;16:28:17;nan;34;Xanthomonas campestris pv. Campestris
Idf00483;../data/Bousset_data/Images/Xan/Idf00483.jpg;Xan;Bactériose à Xanthomonas;Bactérie;Xanthomonas campestris pv. Campestris;1;train;2022:11:28;12:45:57;nan;34;Xanthomonas campestris pv. Campestris
Idf00526;../data/Bousset_data/Images/Xan/Idf00526.jpg;Xan;Bactériose à Xanthomonas;Bactérie;Xanthomonas campestris pv. Campestris;1;train;2022:12:22;10:49:29;nan;34;Xanthomonas campestris pv. Campestris
Idf00936;../data/Bousset_data/Images/Xan/Idf00936.jpg;Xan;Bactériose à Xanthomonas;Bactérie;Xanthomonas campestris pv. Campestris;1;train;2023:01:11;10:50:35;nan;34;Xanthomonas campestris pv. Campestris
Idf04261;../data/Bousset_data/Images/Xan/Idf04261.jpg;Xan;Bactériose à Xanthomonas;Bactérie;Xanthomonas campestris pv. Campestris;1;train;2023:04:06;15:52:16;nan;34;Xanthomonas campestris pv. Campestris
Idf04331;../data/Bousset_data/Images/Xan/Idf04331.jpg;Xan;Bactériose à Xanthomonas;Bactérie;Xanthomonas campestris pv. Campestris;1;train;2023:04:11;12:20:27;nan;34;Xanthomonas campestris pv. Campestris
Idf04332;../data/Bousset_data/Images/Xan/Idf04332.jpg;Xan;Bactériose à Xanthomonas;Bactérie;Xanthomonas campestris pv. Campestris;1;train;2023:04:11;12:20:31;nan;34;Xanthomonas campestris pv. Campestris
Idf04353;../data/Bousset_data/Images/Xan/Idf04353.jpg;Xan;Bactériose à Xanthomonas;Bactérie;Xanthomonas campestris pv. Campestris;1;train;2023:04:11;12:37:58;nan;34;Xanthomonas campestris pv. Campestris
Idf04355;../data/Bousset_data/Images/Xan/Idf04355.jpg;Xan;Bactériose à Xanthomonas;Bactérie;Xanthomonas campestris pv. Campestris;1;train;2023:04:11;12:39:14;nan;34;Xanthomonas campestris pv. Campestris
Idf04356;../data/Bousset_data/Images/Xan/Idf04356.jpg;Xan;Bactériose à Xanthomonas;Bactérie;Xanthomonas campestris pv. Campestris;1;train;2023:04:11;12:39:23;nan;34;Xanthomonas campestris pv. Campestris
Idf04361;../data/Bousset_data/Images/Xan/Idf04361.jpg;Xan;Bactériose à Xanthomonas;Bactérie;Xanthomonas campestris pv. Campestris;1;train;2023:04:11;12:40:24;nan;34;Xanthomonas campestris pv. Campestris
Idf04362;../data/Bousset_data/Images/Xan/Idf04362.jpg;Xan;Bactériose à Xanthomonas;Bactérie;Xanthomonas campestris pv. Campestris;1;train;2023:04:11;12:41:35;nan;34;Xanthomonas campestris pv. Campestris
Idf04365;../data/Bousset_data/Images/Xan/Idf04365.jpg;Xan;Bactériose à Xanthomonas;Bactérie;Xanthomonas campestris pv. Campestris;1;train;2023:04:11;12:43:30;nan;34;Xanthomonas campestris pv. Campestris
Idf04368;../data/Bousset_data/Images/Xan/Idf04368.jpg;Xan;Bactériose à Xanthomonas;Bactérie;Xanthomonas campestris pv. Campestris;1;train;2023:04:11;12:44:11;nan;34;Xanthomonas campestris pv. Campestris
Idf04370;../data/Bousset_data/Images/Xan/Idf04370.jpg;Xan;Bactériose à Xanthomonas;Bactérie;Xanthomonas campestris pv. Campestris;1;train;2023:04:11;12:45:13;nan;34;Xanthomonas campestris pv. Campestris
Idf04371;../data/Bousset_data/Images/Xan/Idf04371.jpg;Xan;Bactériose à Xanthomonas;Bactérie;Xanthomonas campestris pv. Campestris;1;train;2023:04:11;12:45:23;nan;34;Xanthomonas campestris pv. Campestris
Idf04378;../data/Bousset_data/Images/Xan/Idf04378.jpg;Xan;Bactériose à Xanthomonas;Bactérie;Xanthomonas campestris pv. Campestris;1;train;2023:04:11;12:46:46;nan;34;Xanthomonas campestris pv. Campestris
Idf04451;../data/Bousset_data/Images/Xan/Idf04451.jpg;Xan;Bactériose à Xanthomonas;Bactérie;Xanthomonas campestris pv. Campestris;1;train;2023:04:20;12:51:26;nan;34;Xanthomonas campestris pv. Campestris
Idf04454;../data/Bousset_data/Images/Xan/Idf04454.jpg;Xan;Bactériose à Xanthomonas;Bactérie;Xanthomonas campestris pv. Campestris;1;train;2023:04:20;12:52:21;nan;34;Xanthomonas campestris pv. Campestris
Idf04459;../data/Bousset_data/Images/Xan/Idf04459.jpg;Xan;Bactériose à Xanthomonas;Bactérie;Xanthomonas campestris pv. Campestris;1;train;2023:04:20;12:55:01;nan;34;Xanthomonas campestris pv. Campestris
Idf04460;../data/Bousset_data/Images/Xan/Idf04460.jpg;Xan;Bactériose à Xanthomonas;Bactérie;Xanthomonas campestris pv. Campestris;1;train;2023:04:20;12:55:09;nan;34;Xanthomonas campestris pv. Campestris
Idf04461;../data/Bousset_data/Images/Xan/Idf04461.jpg;Xan;Bactériose à Xanthomonas;Bactérie;Xanthomonas campestris pv. Campestris;1;train;2023:04:20;12:55:30;nan;34;Xanthomonas campestris pv. Campestris
Idf04462;../data/Bousset_data/Images/Xan/Idf04462.jpg;Xan;Bactériose à Xanthomonas;Bactérie;Xanthomonas campestris pv. Campestris;1;train;2023:04:20;12:55:56;nan;34;Xanthomonas campestris pv. Campestris
Idf04463;../data/Bousset_data/Images/Xan/Idf04463.jpg;Xan;Bactériose à Xanthomonas;Bactérie;Xanthomonas campestris pv. Campestris;1;train;2023:04:20;12:56:08;nan;34;Xanthomonas campestris pv. Campestris
Idf04464;../data/Bousset_data/Images/Xan/Idf04464.jpg;Xan;Bactériose à Xanthomonas;Bactérie;Xanthomonas campestris pv. Campestris;1;train;2023:04:20;12:56:23;nan;34;Xanthomonas campestris pv. Campestris
Idf04465;../data/Bousset_data/Images/Xan/Idf04465.jpg;Xan;Bactériose à Xanthomonas;Bactérie;Xanthomonas campestris pv. Campestris;1;train;2023:04:20;12:58:28;nan;34;Xanthomonas campestris pv. Campestris
Idf04466;../data/Bousset_data/Images/Xan/Idf04466.jpg;Xan;Bactériose à Xanthomonas;Bactérie;Xanthomonas campestris pv. Campestris;1;train;2023:04:20;12:58:33;nan;34;Xanthomonas campestris pv. Campestris
Idf04467;../data/Bousset_data/Images/Xan/Idf04467.jpg;Xan;Bactériose à Xanthomonas;Bactérie;Xanthomonas campestris pv. Campestris;1;train;2023:04:20;12:59:03;nan;34;Xanthomonas campestris pv. Campestris
Idf04468;../data/Bousset_data/Images/Xan/Idf04468.jpg;Xan;Bactériose à Xanthomonas;Bactérie;Xanthomonas campestris pv. Campestris;1;train;2023:04:20;12:59:07;nan;34;Xanthomonas campestris pv. Campestris
Idf04469;../data/Bousset_data/Images/Xan/Idf04469.jpg;Xan;Bactériose à Xanthomonas;Bactérie;Xanthomonas campestris pv. Campestris;1;train;2023:04:20;12:59:16;nan;34;Xanthomonas campestris pv. Campestris
Idf04470;../data/Bousset_data/Images/Xan/Idf04470.jpg;Xan;Bactériose à Xanthomonas;Bactérie;Xanthomonas campestris pv. Campestris;1;train;2023:04:20;13:00:09;nan;34;Xanthomonas campestris pv. Campestris
Idf04471;../data/Bousset_data/Images/Xan/Idf04471.jpg;Xan;Bactériose à Xanthomonas;Bactérie;Xanthomonas campestris pv. Campestris;1;train;2023:04:20;13:00:45;nan;34;Xanthomonas campestris pv. Campestris
Idf04472;../data/Bousset_data/Images/Xan/Idf04472.jpg;Xan;Bactériose à Xanthomonas;Bactérie;Xanthomonas campestris pv. Campestris;1;train;2023:04:20;13:00:47;nan;34;Xanthomonas campestris pv. Campestris
Idf04473;../data/Bousset_data/Images/Xan/Idf04473.jpg;Xan;Bactériose à Xanthomonas;Bactérie;Xanthomonas campestris pv. Campestris;1;train;2023:04:20;13:00:50;nan;34;Xanthomonas campestris pv. Campestris
Idf04474;../data/Bousset_data/Images/Xan/Idf04474.jpg;Xan;Bactériose à Xanthomonas;Bactérie;Xanthomonas campestris pv. Campestris;1;train;2023:04:20;13:01:24;nan;34;Xanthomonas campestris pv. Campestris
Idf04475;../data/Bousset_data/Images/Xan/Idf04475.jpg;Xan;Bactériose à Xanthomonas;Bactérie;Xanthomonas campestris pv. Campestris;1;train;2023:04:20;13:01:29;nan;34;Xanthomonas campestris pv. Campestris
Idf04480;../data/Bousset_data/Images/Xan/Idf04480.jpg;Xan;Bactériose à Xanthomonas;Bactérie;Xanthomonas campestris pv. Campestris;1;train;2023:04:20;13:02:25;nan;34;Xanthomonas campestris pv. Campestris
Idf04481;../data/Bousset_data/Images/Xan/Idf04481.jpg;Xan;Bactériose à Xanthomonas;Bactérie;Xanthomonas campestris pv. Campestris;1;train;2023:04:20;13:02:38;nan;34;Xanthomonas campestris pv. Campestris
Idf04482;../data/Bousset_data/Images/Xan/Idf04482.jpg;Xan;Bactériose à Xanthomonas;Bactérie;Xanthomonas campestris pv. Campestris;1;train;2023:04:20;13:02:51;nan;34;Xanthomonas campestris pv. Campestris
Idf04483;../data/Bousset_data/Images/Xan/Idf04483.jpg;Xan;Bactériose à Xanthomonas;Bactérie;Xanthomonas campestris pv. Campestris;1;train;2023:04:20;13:03:31;nan;34;Xanthomonas campestris pv. Campestris
Idf07198;../data/Bousset_data/Images/Xan/Idf07198.jpg;Xan;Bactériose à Xanthomonas;Bactérie;Xanthomonas campestris pv. Campestris;1;train;2023:09:09;13:27:16;nan;34;Xanthomonas campestris pv. Campestris
Idf07202;../data/Bousset_data/Images/Xan/Idf07202.jpg;Xan;Bactériose à Xanthomonas;Bactérie;Xanthomonas campestris pv. Campestris;1;train;2023:09:09;13:27:29;nan;34;Xanthomonas campestris pv. Campestris
Idf07223;../data/Bousset_data/Images/Xan/Idf07223.jpg;Xan;Bactériose à Xanthomonas;Bactérie;Xanthomonas campestris pv. Campestris;1;train;2023:09:09;13:30:15;nan;34;Xanthomonas campestris pv. Campestris
Idf07247;../data/Bousset_data/Images/Xan/Idf07247.jpg;Xan;Bactériose à Xanthomonas;Bactérie;Xanthomonas campestris pv. Campestris;1;train;2023:09:09;13:34:03;nan;34;Xanthomonas campestris pv. Campestris
Idf07257;../data/Bousset_data/Images/Xan/Idf07257.jpg;Xan;Bactériose à Xanthomonas;Bactérie;Xanthomonas campestris pv. Campestris;1;train;2023:09:09;13:36:02;nan;34;Xanthomonas campestris pv. Campestris
Idf07325;../data/Bousset_data/Images/Xan/Idf07325.jpg;Xan;Bactériose à Xanthomonas;Bactérie;Xanthomonas campestris pv. Campestris;1;train;2023:09:12;11:52:30;nan;34;Xanthomonas campestris pv. Campestris
Idf07567;../data/VAULT/Bousset_data/Images/Xan/Idf07567.jpg;Xan;Bactériose à Xanthomonas;Bactérie;Xanthomonas campestris pv. Campestris;1;vault;2023:09:19;16:30:51;nan;34;Xanthomonas campestris pv. Campestris
Idf07568;../data/VAULT/Bousset_data/Images/Xan/Idf07568.jpg;Xan;Bactériose à Xanthomonas;Bactérie;Xanthomonas campestris pv. Campestris;1;vault;2023:09:19;16:31:00;nan;34;Xanthomonas campestris pv. Campestris
Idf07569;../data/VAULT/Bousset_data/Images/Xan/Idf07569.jpg;Xan;Bactériose à Xanthomonas;Bactérie;Xanthomonas campestris pv. Campestris;1;vault;2023:09:19;16:31:06;nan;34;Xanthomonas campestris pv. Campestris
Idf07570;../data/VAULT/Bousset_data/Images/Xan/Idf07570.jpg;Xan;Bactériose à Xanthomonas;Bactérie;Xanthomonas campestris pv. Campestris;1;vault;2023:09:19;16:31:08;nan;34;Xanthomonas campestris pv. Campestris
Idf07571;../data/VAULT/Bousset_data/Images/Xan/Idf07571.jpg;Xan;Bactériose à Xanthomonas;Bactérie;Xanthomonas campestris pv. Campestris;1;vault;2023:09:19;16:31:16;nan;34;Xanthomonas campestris pv. Campestris
Idf07572;../data/VAULT/Bousset_data/Images/Xan/Idf07572.jpg;Xan;Bactériose à Xanthomonas;Bactérie;Xanthomonas campestris pv. Campestris;1;vault;2023:09:19;16:31:18;nan;34;Xanthomonas campestris pv. Campestris
Idf07573;../data/VAULT/Bousset_data/Images/Xan/Idf07573.jpg;Xan;Bactériose à Xanthomonas;Bactérie;Xanthomonas campestris pv. Campestris;1;vault;2023:09:19;16:31:22;nan;34;Xanthomonas campestris pv. Campestris
Idf07574;../data/VAULT/Bousset_data/Images/Xan/Idf07574.jpg;Xan;Bactériose à Xanthomonas;Bactérie;Xanthomonas campestris pv. Campestris;1;vault;2023:09:19;16:31:29;nan;34;Xanthomonas campestris pv. Campestris
Idf07575;../data/VAULT/Bousset_data/Images/Xan/Idf07575.jpg;Xan;Bactériose à Xanthomonas;Bactérie;Xanthomonas campestris pv. Campestris;1;vault;2023:09:19;16:31:44;nan;34;Xanthomonas campestris pv. Campestris
Idf07576;../data/VAULT/Bousset_data/Images/Xan/Idf07576.jpg;Xan;Bactériose à Xanthomonas;Bactérie;Xanthomonas campestris pv. Campestris;1;vault;2023:09:19;16:31:49;nan;34;Xanthomonas campestris pv. Campestris
Idf07577;../data/VAULT/Bousset_data/Images/Xan/Idf07577.jpg;Xan;Bactériose à Xanthomonas;Bactérie;Xanthomonas campestris pv. Campestris;1;vault;2023:09:19;16:32:29;nan;34;Xanthomonas campestris pv. Campestris
Idf07581;../data/VAULT/Bousset_data/Images/Xan/Idf07581.jpg;Xan;Bactériose à Xanthomonas;Bactérie;Xanthomonas campestris pv. Campestris;1;vault;2023:09:19;16:34:02;nan;34;Xanthomonas campestris pv. Campestris
Idf07584;../data/VAULT/Bousset_data/Images/Xan/Idf07584.jpg;Xan;Bactériose à Xanthomonas;Bactérie;Xanthomonas campestris pv. Campestris;1;vault;2023:09:19;16:34:59;nan;34;Xanthomonas campestris pv. Campestris
Idf07586;../data/VAULT/Bousset_data/Images/Xan/Idf07586.jpg;Xan;Bactériose à Xanthomonas;Bactérie;Xanthomonas campestris pv. Campestris;1;vault;2023:09:19;16:35:09;nan;34;Xanthomonas campestris pv. Campestris
Idf07588;../data/VAULT/Bousset_data/Images/Xan/Idf07588.jpg;Xan;Bactériose à Xanthomonas;Bactérie;Xanthomonas campestris pv. Campestris;1;vault;2023:09:19;16:35:36;nan;34;Xanthomonas campestris pv. Campestris
Idf07589;../data/VAULT/Bousset_data/Images/Xan/Idf07589.jpg;Xan;Bactériose à Xanthomonas;Bactérie;Xanthomonas campestris pv. Campestris;1;vault;2023:09:19;16:35:43;nan;34;Xanthomonas campestris pv. Campestris
Idf07590;../data/VAULT/Bousset_data/Images/Xan/Idf07590.jpg;Xan;Bactériose à Xanthomonas;Bactérie;Xanthomonas campestris pv. Campestris;1;vault;2023:09:19;16:35:59;nan;34;Xanthomonas campestris pv. Campestris
Idf07597;../data/VAULT/Bousset_data/Images/Xan/Idf07597.jpg;Xan;Bactériose à Xanthomonas;Bactérie;Xanthomonas campestris pv. Campestris;1;vault;2023:09:19;16:37:37;nan;34;Xanthomonas campestris pv. Campestris
Idf07599;../data/VAULT/Bousset_data/Images/Xan/Idf07599.jpg;Xan;Bactériose à Xanthomonas;Bactérie;Xanthomonas campestris pv. Campestris;1;vault;2023:09:19;16:39:02;nan;34;Xanthomonas campestris pv. Campestris
Idf07600;../data/VAULT/Bousset_data/Images/Xan/Idf07600.jpg;Xan;Bactériose à Xanthomonas;Bactérie;Xanthomonas campestris pv. Campestris;1;vault;2023:09:19;16:39:04;nan;34;Xanthomonas campestris pv. Campestris
Idf07607;../data/VAULT/Bousset_data/Images/Xan/Idf07607.jpg;Xan;Bactériose à Xanthomonas;Bactérie;Xanthomonas campestris pv. Campestris;1;vault;2023:09:19;16:43:50;nan;34;Xanthomonas campestris pv. Campestris
Idf07608;../data/VAULT/Bousset_data/Images/Xan/Idf07608.jpg;Xan;Bactériose à Xanthomonas;Bactérie;Xanthomonas campestris pv. Campestris;1;vault;2023:09:19;16:44:11;nan;34;Xanthomonas campestris pv. Campestris
Idf07609;../data/VAULT/Bousset_data/Images/Xan/Idf07609.jpg;Xan;Bactériose à Xanthomonas;Bactérie;Xanthomonas campestris pv. Campestris;1;vault;2023:09:19;16:44:12;nan;34;Xanthomonas campestris pv. Campestris
Idf07610;../data/VAULT/Bousset_data/Images/Xan/Idf07610.jpg;Xan;Bactériose à Xanthomonas;Bactérie;Xanthomonas campestris pv. Campestris;1;vault;2023:09:19;16:44:14;nan;34;Xanthomonas campestris pv. Campestris
Idf07611;../data/VAULT/Bousset_data/Images/Xan/Idf07611.jpg;Xan;Bactériose à Xanthomonas;Bactérie;Xanthomonas campestris pv. Campestris;1;vault;2023:09:19;16:44:16;nan;34;Xanthomonas campestris pv. Campestris
Idf07612;../data/VAULT/Bousset_data/Images/Xan/Idf07612.jpg;Xan;Bactériose à Xanthomonas;Bactérie;Xanthomonas campestris pv. Campestris;1;vault;2023:09:19;16:44:21;nan;34;Xanthomonas campestris pv. Campestris
Idf07613;../data/VAULT/Bousset_data/Images/Xan/Idf07613.jpg;Xan;Bactériose à Xanthomonas;Bactérie;Xanthomonas campestris pv. Campestris;1;vault;2023:09:19;16:44:23;nan;34;Xanthomonas campestris pv. Campestris
Idf07614;../data/VAULT/Bousset_data/Images/Xan/Idf07614.jpg;Xan;Bactériose à Xanthomonas;Bactérie;Xanthomonas campestris pv. Campestris;1;vault;2023:09:19;16:44:26;nan;34;Xanthomonas campestris pv. Campestris
Idf07615;../data/VAULT/Bousset_data/Images/Xan/Idf07615.jpg;Xan;Bactériose à Xanthomonas;Bactérie;Xanthomonas campestris pv. Campestris;1;vault;2023:09:19;16:44:57;nan;34;Xanthomonas campestris pv. Campestris
Idf07616;../data/VAULT/Bousset_data/Images/Xan/Idf07616.jpg;Xan;Bactériose à Xanthomonas;Bactérie;Xanthomonas campestris pv. Campestris;1;vault;2023:09:19;16:44:59;nan;34;Xanthomonas campestris pv. Campestris
Idf07617;../data/VAULT/Bousset_data/Images/Xan/Idf07617.jpg;Xan;Bactériose à Xanthomonas;Bactérie;Xanthomonas campestris pv. Campestris;1;vault;2023:09:19;16:45:02;nan;34;Xanthomonas campestris pv. Campestris
Idf07618;../data/VAULT/Bousset_data/Images/Xan/Idf07618.jpg;Xan;Bactériose à Xanthomonas;Bactérie;Xanthomonas campestris pv. Campestris;1;vault;2023:09:19;16:45:38;nan;34;Xanthomonas campestris pv. Campestris
Idf07619;../data/VAULT/Bousset_data/Images/Xan/Idf07619.jpg;Xan;Bactériose à Xanthomonas;Bactérie;Xanthomonas campestris pv. Campestris;1;vault;2023:09:19;16:45:40;nan;34;Xanthomonas campestris pv. Campestris
Idf07620;../data/VAULT/Bousset_data/Images/Xan/Idf07620.jpg;Xan;Bactériose à Xanthomonas;Bactérie;Xanthomonas campestris pv. Campestris;1;vault;2023:09:19;16:45:42;nan;34;Xanthomonas campestris pv. Campestris
Idf07758;../data/Bousset_data/Images/Xan/Idf07758.jpg;Xan;Bactériose à Xanthomonas;Bactérie;Xanthomonas campestris pv. Campestris;1;train;2023:09:26;10:56:54;nan;34;Xanthomonas campestris pv. Campestris
Idf07882;../data/Bousset_data/Images/Xan/Idf07882.jpg;Xan;Bactériose à Xanthomonas;Bactérie;Xanthomonas campestris pv. Campestris;1;train;2023:09:26;18:51:18;nan;34;Xanthomonas campestris pv. Campestris
Idf07926;../data/Bousset_data/Images/Xan/Idf07926.jpg;Xan;Bactériose à Xanthomonas;Bactérie;Xanthomonas campestris pv. Campestris;1;train;2023:09:29;15:11:22;nan;34;Xanthomonas campestris pv. Campestris
Idf07927;../data/Bousset_data/Images/Xan/Idf07927.jpg;Xan;Bactériose à Xanthomonas;Bactérie;Xanthomonas campestris pv. Campestris;1;train;2023:09:29;15:11:32;nan;34;Xanthomonas campestris pv. Campestris
Idf07935;../data/Bousset_data/Images/Xan/Idf07935.jpg;Xan;Bactériose à Xanthomonas;Bactérie;Xanthomonas campestris pv. Campestris;1;train;2023:09:29;15:13:24;nan;34;Xanthomonas campestris pv. Campestris
Idf07943;../data/Bousset_data/Images/Xan/Idf07943.jpg;Xan;Bactériose à Xanthomonas;Bactérie;Xanthomonas campestris pv. Campestris;1;train;2023:09:29;15:15:00;nan;34;Xanthomonas campestris pv. Campestris
Idf07944;../data/Bousset_data/Images/Xan/Idf07944.jpg;Xan;Bactériose à Xanthomonas;Bactérie;Xanthomonas campestris pv. Campestris;1;train;2023:09:29;15:15:02;nan;34;Xanthomonas campestris pv. Campestris
Idf07945;../data/Bousset_data/Images/Xan/Idf07945.jpg;Xan;Bactériose à Xanthomonas;Bactérie;Xanthomonas campestris pv. Campestris;1;train;2023:09:29;15:15:09;nan;34;Xanthomonas campestris pv. Campestris
Idf07951;../data/Bousset_data/Images/Xan/Idf07951.jpg;Xan;Bactériose à Xanthomonas;Bactérie;Xanthomonas campestris pv. Campestris;1;train;2023:09:29;15:16:51;nan;34;Xanthomonas campestris pv. Campestris
Idf07954;../data/Bousset_data/Images/Xan/Idf07954.jpg;Xan;Bactériose à Xanthomonas;Bactérie;Xanthomonas campestris pv. Campestris;1;train;2023:09:29;15:17:44;nan;34;Xanthomonas campestris pv. Campestris
Idf07957;../data/Bousset_data/Images/Xan/Idf07957.jpg;Xan;Bactériose à Xanthomonas;Bactérie;Xanthomonas campestris pv. Campestris;1;train;2023:09:29;15:18:11;nan;34;Xanthomonas campestris pv. Campestris
Idf07959;../data/Bousset_data/Images/Xan/Idf07959.jpg;Xan;Bactériose à Xanthomonas;Bactérie;Xanthomonas campestris pv. Campestris;1;train;2023:09:29;15:18:27;nan;34;Xanthomonas campestris pv. Campestris
Idf07960;../data/Bousset_data/Images/Xan/Idf07960.jpg;Xan;Bactériose à Xanthomonas;Bactérie;Xanthomonas campestris pv. Campestris;1;train;2023:09:29;15:18:51;nan;34;Xanthomonas campestris pv. Campestris
Idf07961;../data/Bousset_data/Images/Xan/Idf07961.jpg;Xan;Bactériose à Xanthomonas;Bactérie;Xanthomonas campestris pv. Campestris;1;train;2023:09:29;15:18:58;nan;34;Xanthomonas campestris pv. Campestris
Idf07962;../data/Bousset_data/Images/Xan/Idf07962.jpg;Xan;Bactériose à Xanthomonas;Bactérie;Xanthomonas campestris pv. Campestris;1;train;2023:09:29;15:19:01;nan;34;Xanthomonas campestris pv. Campestris
Idf07963;../data/Bousset_data/Images/Xan/Idf07963.jpg;Xan;Bactériose à Xanthomonas;Bactérie;Xanthomonas campestris pv. Campestris;1;train;2023:09:29;15:19:04;nan;34;Xanthomonas campestris pv. Campestris
Idf07964;../data/Bousset_data/Images/Xan/Idf07964.jpg;Xan;Bactériose à Xanthomonas;Bactérie;Xanthomonas campestris pv. Campestris;1;train;2023:09:29;15:19:06;nan;34;Xanthomonas campestris pv. Campestris
Idf07965;../data/Bousset_data/Images/Xan/Idf07965.jpg;Xan;Bactériose à Xanthomonas;Bactérie;Xanthomonas campestris pv. Campestris;1;train;2023:09:29;15:19:15;nan;34;Xanthomonas campestris pv. Campestris
Idf07972;../data/Bousset_data/Images/Xan/Idf07972.jpg;Xan;Bactériose à Xanthomonas;Bactérie;Xanthomonas campestris pv. Campestris;1;train;2023:09:29;15:20:15;nan;34;Xanthomonas campestris pv. Campestris
Idf07978;../data/Bousset_data/Images/Xan/Idf07978.jpg;Xan;Bactériose à Xanthomonas;Bactérie;Xanthomonas campestris pv. Campestris;1;train;2023:09:29;15:21:13;nan;34;Xanthomonas campestris pv. Campestris
Idf07981;../data/Bousset_data/Images/Xan/Idf07981.jpg;Xan;Bactériose à Xanthomonas;Bactérie;Xanthomonas campestris pv. Campestris;1;train;2023:09:29;15:22:02;nan;34;Xanthomonas campestris pv. Campestris
Idf07991;../data/Bousset_data/Images/Xan/Idf07991.jpg;Xan;Bactériose à Xanthomonas;Bactérie;Xanthomonas campestris pv. Campestris;1;train;2023:09:29;15:23:38;nan;34;Xanthomonas campestris pv. Campestris
Idf07993;../data/Bousset_data/Images/Xan/Idf07993.jpg;Xan;Bactériose à Xanthomonas;Bactérie;Xanthomonas campestris pv. Campestris;1;train;2023:09:29;15:24:28;nan;34;Xanthomonas campestris pv. Campestris
Idf07997;../data/Bousset_data/Images/Xan/Idf07997.jpg;Xan;Bactériose à Xanthomonas;Bactérie;Xanthomonas campestris pv. Campestris;1;train;2023:09:29;15:25:14;nan;34;Xanthomonas campestris pv. Campestris
Idf07998;../data/Bousset_data/Images/Xan/Idf07998.jpg;Xan;Bactériose à Xanthomonas;Bactérie;Xanthomonas campestris pv. Campestris;1;train;2023:09:29;15:25:16;nan;34;Xanthomonas campestris pv. Campestris
Idf08010;../data/Bousset_data/Images/Xan/Idf08010.jpg;Xan;Bactériose à Xanthomonas;Bactérie;Xanthomonas campestris pv. Campestris;1;train;2023:09:29;15:29:06;nan;34;Xanthomonas campestris pv. Campestris
Idf08011;../data/Bousset_data/Images/Xan/Idf08011.jpg;Xan;Bactériose à Xanthomonas;Bactérie;Xanthomonas campestris pv. Campestris;1;train;2023:09:29;15:29:41;nan;34;Xanthomonas campestris pv. Campestris
Idf08012;../data/Bousset_data/Images/Xan/Idf08012.jpg;Xan;Bactériose à Xanthomonas;Bactérie;Xanthomonas campestris pv. Campestris;1;train;2023:09:29;15:29:44;nan;34;Xanthomonas campestris pv. Campestris
Idf08013;../data/Bousset_data/Images/Xan/Idf08013.jpg;Xan;Bactériose à Xanthomonas;Bactérie;Xanthomonas campestris pv. Campestris;1;train;2023:09:29;15:29:48;nan;34;Xanthomonas campestris pv. Campestris
Idf08015;../data/Bousset_data/Images/Xan/Idf08015.jpg;Xan;Bactériose à Xanthomonas;Bactérie;Xanthomonas campestris pv. Campestris;1;train;2023:09:29;15:31:40;nan;34;Xanthomonas campestris pv. Campestris
Idf08017;../data/Bousset_data/Images/Xan/Idf08017.jpg;Xan;Bactériose à Xanthomonas;Bactérie;Xanthomonas campestris pv. Campestris;1;train;2023:09:29;15:31:52;nan;34;Xanthomonas campestris pv. Campestris
Idf08018;../data/Bousset_data/Images/Xan/Idf08018.jpg;Xan;Bactériose à Xanthomonas;Bactérie;Xanthomonas campestris pv. Campestris;1;train;2023:09:29;15:52:37;nan;34;Xanthomonas campestris pv. Campestris
Idf08027;../data/Bousset_data/Images/Xan/Idf08027.jpg;Xan;Bactériose à Xanthomonas;Bactérie;Xanthomonas campestris pv. Campestris;1;train;2023:10:02;14:36:50;nan;34;Xanthomonas campestris pv. Campestris
Idf08028;../data/Bousset_data/Images/Xan/Idf08028.jpg;Xan;Bactériose à Xanthomonas;Bactérie;Xanthomonas campestris pv. Campestris;1;train;2023:10:02;14:36:53;nan;34;Xanthomonas campestris pv. Campestris
Idf08033;../data/Bousset_data/Images/Xan/Idf08033.jpg;Xan;Bactériose à Xanthomonas;Bactérie;Xanthomonas campestris pv. Campestris;1;train;2023:10:02;14:38:59;nan;34;Xanthomonas campestris pv. Campestris
Idf08263;../data/Bousset_data/Images/Xan/Idf08263.jpg;Xan;Bactériose à Xanthomonas;Bactérie;Xanthomonas campestris pv. Campestris;1;train;2023:10:06;17:03:37;nan;34;Xanthomonas campestris pv. Campestris
Idf08392;../data/Bousset_data/Images/Xan/Idf08392.jpg;Xan;Bactériose à Xanthomonas;Bactérie;Xanthomonas campestris pv. Campestris;1;train;2023:10:11;15:05:00;nan;34;Xanthomonas campestris pv. Campestris
Idf08445;../data/Bousset_data/Images/Xan/Idf08445.jpg;Xan;Bactériose à Xanthomonas;Bactérie;Xanthomonas campestris pv. Campestris;1;train;2023:10:11;15:12:59;nan;34;Xanthomonas campestris pv. Campestris
Idf08471;../data/Bousset_data/Images/Xan/Idf08471.jpg;Xan;Bactériose à Xanthomonas;Bactérie;Xanthomonas campestris pv. Campestris;1;train;2023:10:13;14:44:46;nan;34;Xanthomonas campestris pv. Campestris
Idf08480;../data/Bousset_data/Images/Xan/Idf08480.jpg;Xan;Bactériose à Xanthomonas;Bactérie;Xanthomonas campestris pv. Campestris;1;train;2023:10:13;14:49:22;nan;34;Xanthomonas campestris pv. Campestris
Idf08485;../data/Bousset_data/Images/Xan/Idf08485.jpg;Xan;Bactériose à Xanthomonas;Bactérie;Xanthomonas campestris pv. Campestris;1;train;2023:10:13;14:50:29;nan;34;Xanthomonas campestris pv. Campestris
Idf08488;../data/Bousset_data/Images/Xan/Idf08488.jpg;Xan;Bactériose à Xanthomonas;Bactérie;Xanthomonas campestris pv. Campestris;1;train;2023:10:13;14:51:52;nan;34;Xanthomonas campestris pv. Campestris
Idf08490;../data/Bousset_data/Images/Xan/Idf08490.jpg;Xan;Bactériose à Xanthomonas;Bactérie;Xanthomonas campestris pv. Campestris;1;train;2023:10:13;14:52:14;nan;34;Xanthomonas campestris pv. Campestris
Idf08498;../data/Bousset_data/Images/Xan/Idf08498.jpg;Xan;Bactériose à Xanthomonas;Bactérie;Xanthomonas campestris pv. Campestris;1;train;2023:10:13;14:54:12;nan;34;Xanthomonas campestris pv. Campestris
Idf08499;../data/Bousset_data/Images/Xan/Idf08499.jpg;Xan;Bactériose à Xanthomonas;Bactérie;Xanthomonas campestris pv. Campestris;1;train;2023:10:13;14:54:15;nan;34;Xanthomonas campestris pv. Campestris
Idf08500;../data/Bousset_data/Images/Xan/Idf08500.jpg;Xan;Bactériose à Xanthomonas;Bactérie;Xanthomonas campestris pv. Campestris;1;train;2023:10:13;14:54:17;nan;34;Xanthomonas campestris pv. Campestris
Idf08502;../data/Bousset_data/Images/Xan/Idf08502.jpg;Xan;Bactériose à Xanthomonas;Bactérie;Xanthomonas campestris pv. Campestris;1;train;2023:10:13;14:54:47;nan;34;Xanthomonas campestris pv. Campestris
Idf08506;../data/Bousset_data/Images/Xan/Idf08506.jpg;Xan;Bactériose à Xanthomonas;Bactérie;Xanthomonas campestris pv. Campestris;1;train;2023:10:13;14:56:27;nan;34;Xanthomonas campestris pv. Campestris
Idf08509;../data/Bousset_data/Images/Xan/Idf08509.jpg;Xan;Bactériose à Xanthomonas;Bactérie;Xanthomonas campestris pv. Campestris;1;train;2023:10:13;14:57:06;nan;34;Xanthomonas campestris pv. Campestris
Idf08514;../data/Bousset_data/Images/Xan/Idf08514.jpg;Xan;Bactériose à Xanthomonas;Bactérie;Xanthomonas campestris pv. Campestris;1;train;2023:10:13;14:57:35;nan;34;Xanthomonas campestris pv. Campestris
Idf08521;../data/Bousset_data/Images/Xan/Idf08521.jpg;Xan;Bactériose à Xanthomonas;Bactérie;Xanthomonas campestris pv. Campestris;1;train;2023:10:13;14:59:46;nan;34;Xanthomonas campestris pv. Campestris
Idf08550;../data/Bousset_data/Images/Xan/Idf08550.jpg;Xan;Bactériose à Xanthomonas;Bactérie;Xanthomonas campestris pv. Campestris;1;train;2023:10:12;10:29:20;nan;34;Xanthomonas campestris pv. Campestris
Idf08551;../data/Bousset_data/Images/Xan/Idf08551.jpg;Xan;Bactériose à Xanthomonas;Bactérie;Xanthomonas campestris pv. Campestris;1;train;2023:10:12;10:29:24;nan;34;Xanthomonas campestris pv. Campestris
Idf08552;../data/Bousset_data/Images/Xan/Idf08552.jpg;Xan;Bactériose à Xanthomonas;Bactérie;Xanthomonas campestris pv. Campestris;1;train;2023:10:12;10:29:26;nan;34;Xanthomonas campestris pv. Campestris
Idf08572;../data/Bousset_data/Images/Xan/Idf08572.jpg;Xan;Bactériose à Xanthomonas;Bactérie;Xanthomonas campestris pv. Campestris;1;train;2023:10:12;10:35:47;nan;34;Xanthomonas campestris pv. Campestris
Idf08573;../data/Bousset_data/Images/Xan/Idf08573.jpg;Xan;Bactériose à Xanthomonas;Bactérie;Xanthomonas campestris pv. Campestris;1;train;2023:10:12;10:37:17;nan;34;Xanthomonas campestris pv. Campestris
Idf08578;../data/Bousset_data/Images/Xan/Idf08578.jpg;Xan;Bactériose à Xanthomonas;Bactérie;Xanthomonas campestris pv. Campestris;1;train;2023:10:12;10:38:10;nan;34;Xanthomonas campestris pv. Campestris
Idf08640;../data/Bousset_data/Images/Xan/Idf08640.jpg;Xan;Bactériose à Xanthomonas;Bactérie;Xanthomonas campestris pv. Campestris;1;train;2023:10:13;14:40:44;nan;34;Xanthomonas campestris pv. Campestris
Idf08650;../data/Bousset_data/Images/Xan/Idf08650.jpg;Xan;Bactériose à Xanthomonas;Bactérie;Xanthomonas campestris pv. Campestris;1;train;2023:10:13;14:42:59;nan;34;Xanthomonas campestris pv. Campestris
Idf08651;../data/Bousset_data/Images/Xan/Idf08651.jpg;Xan;Bactériose à Xanthomonas;Bactérie;Xanthomonas campestris pv. Campestris;1;train;2023:10:13;14:43:01;nan;34;Xanthomonas campestris pv. Campestris
Idf08778;../data/Bousset_data/Images/Xan/Idf08778.jpg;Xan;Bactériose à Xanthomonas;Bactérie;Xanthomonas campestris pv. Campestris;1;train;2023:10:26;09:40:46;nan;34;Xanthomonas campestris pv. Campestris
Idf08779;../data/Bousset_data/Images/Xan/Idf08779.jpg;Xan;Bactériose à Xanthomonas;Bactérie;Xanthomonas campestris pv. Campestris;1;train;2023:10:26;09:40:47;nan;34;Xanthomonas campestris pv. Campestris
Idf08846;../data/Bousset_data/Images/Xan/Idf08846.jpg;Xan;Bactériose à Xanthomonas;Bactérie;Xanthomonas campestris pv. Campestris;1;train;2023:11:07;11:40:04;nan;34;Xanthomonas campestris pv. Campestris
Idf08847;../data/Bousset_data/Images/Xan/Idf08847.jpg;Xan;Bactériose à Xanthomonas;Bactérie;Xanthomonas campestris pv. Campestris;1;train;2023:11:07;11:40:08;nan;34;Xanthomonas campestris pv. Campestris
Idf08848;../data/Bousset_data/Images/Xan/Idf08848.jpg;Xan;Bactériose à Xanthomonas;Bactérie;Xanthomonas campestris pv. Campestris;1;train;2023:11:07;11:40:10;nan;34;Xanthomonas campestris pv. Campestris
Idf08849;../data/Bousset_data/Images/Xan/Idf08849.jpg;Xan;Bactériose à Xanthomonas;Bactérie;Xanthomonas campestris pv. Campestris;1;train;2023:11:07;11:40:14;nan;34;Xanthomonas campestris pv. Campestris
Idf08850;../data/Bousset_data/Images/Xan/Idf08850.jpg;Xan;Bactériose à Xanthomonas;Bactérie;Xanthomonas campestris pv. Campestris;1;train;2023:11:07;11:40:17;nan;34;Xanthomonas campestris pv. Campestris
Idf08899;../data/Bousset_data/Images/Xan/Idf08899.jpg;Xan;Bactériose à Xanthomonas;Bactérie;Xanthomonas campestris pv. Campestris;1;train;2023:11:07;11:51:26;nan;34;Xanthomonas campestris pv. Campestris
Idf08902;../data/Bousset_data/Images/Xan/Idf08902.jpg;Xan;Bactériose à Xanthomonas;Bactérie;Xanthomonas campestris pv. Campestris;1;train;2023:11:07;11:52:00;nan;34;Xanthomonas campestris pv. Campestris
Idf08922;../data/Bousset_data/Images/Xan/Idf08922.jpg;Xan;Bactériose à Xanthomonas;Bactérie;Xanthomonas campestris pv. Campestris;1;train;2023:11:07;11:58:36;nan;34;Xanthomonas campestris pv. Campestris
Idf08946;../data/Bousset_data/Images/Xan/Idf08946.jpg;Xan;Bactériose à Xanthomonas;Bactérie;Xanthomonas campestris pv. Campestris;1;train;2023:11:07;12:04:59;nan;34;Xanthomonas campestris pv. Campestris
Idf08959;../data/Bousset_data/Images/Xan/Idf08959.jpg;Xan;Bactériose à Xanthomonas;Bactérie;Xanthomonas campestris pv. Campestris;1;train;2023:11:14;15:25:10;nan;34;Xanthomonas campestris pv. Campestris
Idf08960;../data/Bousset_data/Images/Xan/Idf08960.jpg;Xan;Bactériose à Xanthomonas;Bactérie;Xanthomonas campestris pv. Campestris;1;train;2023:11:14;15:27:18;nan;34;Xanthomonas campestris pv. Campestris
Idf08961;../data/Bousset_data/Images/Xan/Idf08961.jpg;Xan;Bactériose à Xanthomonas;Bactérie;Xanthomonas campestris pv. Campestris;1;train;2023:11:14;15:27:23;nan;34;Xanthomonas campestris pv. Campestris
Idf08962;../data/Bousset_data/Images/Xan/Idf08962.jpg;Xan;Bactériose à Xanthomonas;Bactérie;Xanthomonas campestris pv. Campestris;1;train;2023:11:14;15:27:25;nan;34;Xanthomonas campestris pv. Campestris
Idf08964;../data/Bousset_data/Images/Xan/Idf08964.jpg;Xan;Bactériose à Xanthomonas;Bactérie;Xanthomonas campestris pv. Campestris;1;train;2023:11:14;15:27:52;nan;34;Xanthomonas campestris pv. Campestris
Idf08965;../data/Bousset_data/Images/Xan/Idf08965.jpg;Xan;Bactériose à Xanthomonas;Bactérie;Xanthomonas campestris pv. Campestris;1;train;2023:11:14;15:27:56;nan;34;Xanthomonas campestris pv. Campestris
Idf08966;../data/Bousset_data/Images/Xan/Idf08966.jpg;Xan;Bactériose à Xanthomonas;Bactérie;Xanthomonas campestris pv. Campestris;1;train;2023:11:14;15:28:05;nan;34;Xanthomonas campestris pv. Campestris
Idf08967;../data/Bousset_data/Images/Xan/Idf08967.jpg;Xan;Bactériose à Xanthomonas;Bactérie;Xanthomonas campestris pv. Campestris;1;train;2023:11:14;15:28:11;nan;34;Xanthomonas campestris pv. Campestris
Idf08968;../data/Bousset_data/Images/Xan/Idf08968.jpg;Xan;Bactériose à Xanthomonas;Bactérie;Xanthomonas campestris pv. Campestris;1;train;2023:11:14;15:28:25;nan;34;Xanthomonas campestris pv. Campestris
Idf08971;../data/Bousset_data/Images/Xan/Idf08971.jpg;Xan;Bactériose à Xanthomonas;Bactérie;Xanthomonas campestris pv. Campestris;1;train;2023:11:14;15:29:15;nan;34;Xanthomonas campestris pv. Campestris
Idf08972;../data/Bousset_data/Images/Xan/Idf08972.jpg;Xan;Bactériose à Xanthomonas;Bactérie;Xanthomonas campestris pv. Campestris;1;train;2023:11:14;15:29:19;nan;34;Xanthomonas campestris pv. Campestris
Idf08973;../data/Bousset_data/Images/Xan/Idf08973.jpg;Xan;Bactériose à Xanthomonas;Bactérie;Xanthomonas campestris pv. Campestris;1;train;2023:11:14;15:29:25;nan;34;Xanthomonas campestris pv. Campestris
Idf08974;../data/Bousset_data/Images/Xan/Idf08974.jpg;Xan;Bactériose à Xanthomonas;Bactérie;Xanthomonas campestris pv. Campestris;1;train;2023:11:14;15:29:48;nan;34;Xanthomonas campestris pv. Campestris
Idf08979;../data/Bousset_data/Images/Xan/Idf08979.jpg;Xan;Bactériose à Xanthomonas;Bactérie;Xanthomonas campestris pv. Campestris;1;train;2023:11:14;15:31:07;nan;34;Xanthomonas campestris pv. Campestris
Idf08981;../data/Bousset_data/Images/Xan/Idf08981.jpg;Xan;Bactériose à Xanthomonas;Bactérie;Xanthomonas campestris pv. Campestris;1;train;2023:11:14;15:31:34;nan;34;Xanthomonas campestris pv. Campestris
Idf08982;../data/Bousset_data/Images/Xan/Idf08982.jpg;Xan;Bactériose à Xanthomonas;Bactérie;Xanthomonas campestris pv. Campestris;1;train;2023:11:14;15:31:44;nan;34;Xanthomonas campestris pv. Campestris
Idf08986;../data/Bousset_data/Images/Xan/Idf08986.jpg;Xan;Bactériose à Xanthomonas;Bactérie;Xanthomonas campestris pv. Campestris;1;train;2023:11:14;15:32:08;nan;34;Xanthomonas campestris pv. Campestris
Idf08988;../data/Bousset_data/Images/Xan/Idf08988.jpg;Xan;Bactériose à Xanthomonas;Bactérie;Xanthomonas campestris pv. Campestris;1;train;2023:11:14;15:32:28;nan;34;Xanthomonas campestris pv. Campestris
Idf08992;../data/Bousset_data/Images/Xan/Idf08992.jpg;Xan;Bactériose à Xanthomonas;Bactérie;Xanthomonas campestris pv. Campestris;1;train;2023:11:14;15:33:35;nan;34;Xanthomonas campestris pv. Campestris
Idf08998;../data/Bousset_data/Images/Xan/Idf08998.jpg;Xan;Bactériose à Xanthomonas;Bactérie;Xanthomonas campestris pv. Campestris;1;train;2023:11:14;15:35:01;nan;34;Xanthomonas campestris pv. Campestris
Idf09000;../data/Bousset_data/Images/Xan/Idf09000.jpg;Xan;Bactériose à Xanthomonas;Bactérie;Xanthomonas campestris pv. Campestris;1;train;2023:11:14;15:35:26;nan;34;Xanthomonas campestris pv. Campestris
Idf09001;../data/Bousset_data/Images/Xan/Idf09001.jpg;Xan;Bactériose à Xanthomonas;Bactérie;Xanthomonas campestris pv. Campestris;1;train;2023:11:14;15:35:43;nan;34;Xanthomonas campestris pv. Campestris
Idf09007;../data/Bousset_data/Images/Xan/Idf09007.jpg;Xan;Bactériose à Xanthomonas;Bactérie;Xanthomonas campestris pv. Campestris;1;train;2023:11:14;15:36:48;nan;34;Xanthomonas campestris pv. Campestris
Idf09014;../data/Bousset_data/Images/Xan/Idf09014.jpg;Xan;Bactériose à Xanthomonas;Bactérie;Xanthomonas campestris pv. Campestris;1;train;2023:11:14;15:37:55;nan;34;Xanthomonas campestris pv. Campestris
Idf09015;../data/Bousset_data/Images/Xan/Idf09015.jpg;Xan;Bactériose à Xanthomonas;Bactérie;Xanthomonas campestris pv. Campestris;1;train;2023:11:14;15:37:58;nan;34;Xanthomonas campestris pv. Campestris
Idf09016;../data/Bousset_data/Images/Xan/Idf09016.jpg;Xan;Bactériose à Xanthomonas;Bactérie;Xanthomonas campestris pv. Campestris;1;train;2023:11:14;15:38:07;nan;34;Xanthomonas campestris pv. Campestris
Idf09017;../data/Bousset_data/Images/Xan/Idf09017.jpg;Xan;Bactériose à Xanthomonas;Bactérie;Xanthomonas campestris pv. Campestris;1;train;2023:11:14;15:38:10;nan;34;Xanthomonas campestris pv. Campestris
Idf09018;../data/Bousset_data/Images/Xan/Idf09018.jpg;Xan;Bactériose à Xanthomonas;Bactérie;Xanthomonas campestris pv. Campestris;1;train;2023:11:14;15:38:25;nan;34;Xanthomonas campestris pv. Campestris
Idf09019;../data/Bousset_data/Images/Xan/Idf09019.jpg;Xan;Bactériose à Xanthomonas;Bactérie;Xanthomonas campestris pv. Campestris;1;train;2023:11:14;15:38:31;nan;34;Xanthomonas campestris pv. Campestris
Idf09020;../data/Bousset_data/Images/Xan/Idf09020.jpg;Xan;Bactériose à Xanthomonas;Bactérie;Xanthomonas campestris pv. Campestris;1;train;2023:11:14;15:38:34;nan;34;Xanthomonas campestris pv. Campestris
Idf09021;../data/Bousset_data/Images/Xan/Idf09021.jpg;Xan;Bactériose à Xanthomonas;Bactérie;Xanthomonas campestris pv. Campestris;1;train;2023:11:14;15:38:40;nan;34;Xanthomonas campestris pv. Campestris
Idf09022;../data/Bousset_data/Images/Xan/Idf09022.jpg;Xan;Bactériose à Xanthomonas;Bactérie;Xanthomonas campestris pv. Campestris;1;train;2023:11:14;15:38:57;nan;34;Xanthomonas campestris pv. Campestris
Idf09023;../data/Bousset_data/Images/Xan/Idf09023.jpg;Xan;Bactériose à Xanthomonas;Bactérie;Xanthomonas campestris pv. Campestris;1;train;2023:11:14;15:39:45;nan;34;Xanthomonas campestris pv. Campestris
Idf09028;../data/Bousset_data/Images/Xan/Idf09028.jpg;Xan;Bactériose à Xanthomonas;Bactérie;Xanthomonas campestris pv. Campestris;1;train;2023:11:14;15:41:34;nan;34;Xanthomonas campestris pv. Campestris
Idf09036;../data/Bousset_data/Images/Xan/Idf09036.jpg;Xan;Bactériose à Xanthomonas;Bactérie;Xanthomonas campestris pv. Campestris;1;train;2023:11:14;15:43:27;nan;34;Xanthomonas campestris pv. Campestris
Idf09056;../data/Bousset_data/Images/Xan/Idf09056.jpg;Xan;Bactériose à Xanthomonas;Bactérie;Xanthomonas campestris pv. Campestris;1;train;2023:11:14;15:44:54;nan;34;Xanthomonas campestris pv. Campestris
Idf09058;../data/Bousset_data/Images/Xan/Idf09058.jpg;Xan;Bactériose à Xanthomonas;Bactérie;Xanthomonas campestris pv. Campestris;1;train;2023:11:14;15:45:00;nan;34;Xanthomonas campestris pv. Campestris
Idf09066;../data/Bousset_data/Images/Xan/Idf09066.jpg;Xan;Bactériose à Xanthomonas;Bactérie;Xanthomonas campestris pv. Campestris;1;train;2023:11:14;15:46:32;nan;34;Xanthomonas campestris pv. Campestris
Idf09067;../data/Bousset_data/Images/Xan/Idf09067.jpg;Xan;Bactériose à Xanthomonas;Bactérie;Xanthomonas campestris pv. Campestris;1;train;2023:11:14;15:46:36;nan;34;Xanthomonas campestris pv. Campestris
Idf09069;../data/Bousset_data/Images/Xan/Idf09069.jpg;Xan;Bactériose à Xanthomonas;Bactérie;Xanthomonas campestris pv. Campestris;1;train;2023:11:14;15:46:43;nan;34;Xanthomonas campestris pv. Campestris
Idf09072;../data/Bousset_data/Images/Xan/Idf09072.jpg;Xan;Bactériose à Xanthomonas;Bactérie;Xanthomonas campestris pv. Campestris;1;train;2023:11:14;15:47:11;nan;34;Xanthomonas campestris pv. Campestris
Idf09073;../data/Bousset_data/Images/Xan/Idf09073.jpg;Xan;Bactériose à Xanthomonas;Bactérie;Xanthomonas campestris pv. Campestris;1;train;2023:11:14;15:47:16;nan;34;Xanthomonas campestris pv. Campestris
Idf09074;../data/Bousset_data/Images/Xan/Idf09074.jpg;Xan;Bactériose à Xanthomonas;Bactérie;Xanthomonas campestris pv. Campestris;1;train;2023:11:14;15:47:18;nan;34;Xanthomonas campestris pv. Campestris
Idf09075;../data/Bousset_data/Images/Xan/Idf09075.jpg;Xan;Bactériose à Xanthomonas;Bactérie;Xanthomonas campestris pv. Campestris;1;train;2023:11:14;15:47:25;nan;34;Xanthomonas campestris pv. Campestris
Idf09076;../data/Bousset_data/Images/Xan/Idf09076.jpg;Xan;Bactériose à Xanthomonas;Bactérie;Xanthomonas campestris pv. Campestris;1;train;2023:11:14;15:47:27;nan;34;Xanthomonas campestris pv. Campestris
Idf09079;../data/Bousset_data/Images/Xan/Idf09079.jpg;Xan;Bactériose à Xanthomonas;Bactérie;Xanthomonas campestris pv. Campestris;1;train;2023:11:14;15:47:58;nan;34;Xanthomonas campestris pv. Campestris
Idf09080;../data/Bousset_data/Images/Xan/Idf09080.jpg;Xan;Bactériose à Xanthomonas;Bactérie;Xanthomonas campestris pv. Campestris;1;train;2023:11:14;15:48:01;nan;34;Xanthomonas campestris pv. Campestris
Idf09081;../data/Bousset_data/Images/Xan/Idf09081.jpg;Xan;Bactériose à Xanthomonas;Bactérie;Xanthomonas campestris pv. Campestris;1;train;2023:11:14;15:48:05;nan;34;Xanthomonas campestris pv. Campestris
Idf09082;../data/Bousset_data/Images/Xan/Idf09082.jpg;Xan;Bactériose à Xanthomonas;Bactérie;Xanthomonas campestris pv. Campestris;1;train;2023:11:14;15:48:07;nan;34;Xanthomonas campestris pv. Campestris
Idf09085;../data/Bousset_data/Images/Xan/Idf09085.jpg;Xan;Bactériose à Xanthomonas;Bactérie;Xanthomonas campestris pv. Campestris;1;train;2023:11:14;15:48:22;nan;34;Xanthomonas campestris pv. Campestris
Idf09086;../data/Bousset_data/Images/Xan/Idf09086.jpg;Xan;Bactériose à Xanthomonas;Bactérie;Xanthomonas campestris pv. Campestris;1;train;2023:11:14;15:49:08;nan;34;Xanthomonas campestris pv. Campestris
Idf09087;../data/Bousset_data/Images/Xan/Idf09087.jpg;Xan;Bactériose à Xanthomonas;Bactérie;Xanthomonas campestris pv. Campestris;1;train;2023:11:14;15:49:18;nan;34;Xanthomonas campestris pv. Campestris
Idf09088;../data/Bousset_data/Images/Xan/Idf09088.jpg;Xan;Bactériose à Xanthomonas;Bactérie;Xanthomonas campestris pv. Campestris;1;train;2023:11:14;15:49:21;nan;34;Xanthomonas campestris pv. Campestris
Idf09090;../data/Bousset_data/Images/Xan/Idf09090.jpg;Xan;Bactériose à Xanthomonas;Bactérie;Xanthomonas campestris pv. Campestris;1;train;2023:11:14;15:49:26;nan;34;Xanthomonas campestris pv. Campestris
Idf09105;../data/Bousset_data/Images/Xan/Idf09105.jpg;Xan;Bactériose à Xanthomonas;Bactérie;Xanthomonas campestris pv. Campestris;1;train;2023:11:14;15:53:06;nan;34;Xanthomonas campestris pv. Campestris
Idf09130;../data/Bousset_data/Images/Xan/Idf09130.jpg;Xan;Bactériose à Xanthomonas;Bactérie;Xanthomonas campestris pv. Campestris;1;train;2023:11:14;15:55:12;nan;34;Xanthomonas campestris pv. Campestris
Idf09139;../data/Bousset_data/Images/Xan/Idf09139.jpg;Xan;Bactériose à Xanthomonas;Bactérie;Xanthomonas campestris pv. Campestris;1;train;2023:11:14;15:59:30;nan;34;Xanthomonas campestris pv. Campestris
Idf09140;../data/Bousset_data/Images/Xan/Idf09140.jpg;Xan;Bactériose à Xanthomonas;Bactérie;Xanthomonas campestris pv. Campestris;1;train;2023:11:14;15:59:35;nan;34;Xanthomonas campestris pv. Campestris
Idf09143;../data/Bousset_data/Images/Xan/Idf09143.jpg;Xan;Bactériose à Xanthomonas;Bactérie;Xanthomonas campestris pv. Campestris;1;train;2023:11:14;16:00:08;nan;34;Xanthomonas campestris pv. Campestris
Idf09159;../data/Bousset_data/Images/Xan/Idf09159.jpg;Xan;Bactériose à Xanthomonas;Bactérie;Xanthomonas campestris pv. Campestris;1;train;2023:11:14;16:03:04;nan;34;Xanthomonas campestris pv. Campestris
Idf09160;../data/Bousset_data/Images/Xan/Idf09160.jpg;Xan;Bactériose à Xanthomonas;Bactérie;Xanthomonas campestris pv. Campestris;1;train;2023:11:14;16:04:15;nan;34;Xanthomonas campestris pv. Campestris
Idf09181;../data/Bousset_data/Images/Xan/Idf09181.jpg;Xan;Bactériose à Xanthomonas;Bactérie;Xanthomonas campestris pv. Campestris;1;train;2023:11:15;15:09:43;nan;34;Xanthomonas campestris pv. Campestris
Idf09227;../data/Bousset_data/Images/Xan/Idf09227.jpg;Xan;Bactériose à Xanthomonas;Bactérie;Xanthomonas campestris pv. Campestris;1;train;2023:11:20;11:53:16;nan;34;Xanthomonas campestris pv. Campestris
Idf09234;../data/Bousset_data/Images/Xan/Idf09234.jpg;Xan;Bactériose à Xanthomonas;Bactérie;Xanthomonas campestris pv. Campestris;1;train;2023:11:20;11:54:26;nan;34;Xanthomonas campestris pv. Campestris
Idf09248;../data/Bousset_data/Images/Xan/Idf09248.jpg;Xan;Bactériose à Xanthomonas;Bactérie;Xanthomonas campestris pv. Campestris;1;train;2023:11:20;11:58:02;nan;34;Xanthomonas campestris pv. Campestris
Idf09254;../data/Bousset_data/Images/Xan/Idf09254.jpg;Xan;Bactériose à Xanthomonas;Bactérie;Xanthomonas campestris pv. Campestris;1;train;2023:11:20;12:00:06;nan;34;Xanthomonas campestris pv. Campestris
Idf09307;../data/Bousset_data/Images/Xan/Idf09307.jpg;Xan;Bactériose à Xanthomonas;Bactérie;Xanthomonas campestris pv. Campestris;1;train;2023:11:20;12:59:11;nan;34;Xanthomonas campestris pv. Campestris
Idf09308;../data/Bousset_data/Images/Xan/Idf09308.jpg;Xan;Bactériose à Xanthomonas;Bactérie;Xanthomonas campestris pv. Campestris;1;train;2023:11:20;12:59:15;nan;34;Xanthomonas campestris pv. Campestris
Idf09309;../data/Bousset_data/Images/Xan/Idf09309.jpg;Xan;Bactériose à Xanthomonas;Bactérie;Xanthomonas campestris pv. Campestris;1;train;2023:11:20;12:59:20;nan;34;Xanthomonas campestris pv. Campestris
Idf09310;../data/Bousset_data/Images/Xan/Idf09310.jpg;Xan;Bactériose à Xanthomonas;Bactérie;Xanthomonas campestris pv. Campestris;1;train;2023:11:20;12:59:22;nan;34;Xanthomonas campestris pv. Campestris
Idf09311;../data/Bousset_data/Images/Xan/Idf09311.jpg;Xan;Bactériose à Xanthomonas;Bactérie;Xanthomonas campestris pv. Campestris;1;train;2023:11:20;12:59:30;nan;34;Xanthomonas campestris pv. Campestris
Idf09313;../data/Bousset_data/Images/Xan/Idf09313.jpg;Xan;Bactériose à Xanthomonas;Bactérie;Xanthomonas campestris pv. Campestris;1;train;2023:11:20;12:59:34;nan;34;Xanthomonas campestris pv. Campestris
Idf09314;../data/Bousset_data/Images/Xan/Idf09314.jpg;Xan;Bactériose à Xanthomonas;Bactérie;Xanthomonas campestris pv. Campestris;1;train;2023:11:20;12:59:38;nan;34;Xanthomonas campestris pv. Campestris
Idf09315;../data/Bousset_data/Images/Xan/Idf09315.jpg;Xan;Bactériose à Xanthomonas;Bactérie;Xanthomonas campestris pv. Campestris;1;train;2023:11:20;12:59:44;nan;34;Xanthomonas campestris pv. Campestris
Idf09319;../data/Bousset_data/Images/Xan/Idf09319.jpg;Xan;Bactériose à Xanthomonas;Bactérie;Xanthomonas campestris pv. Campestris;1;train;2023:11:20;13:00:35;nan;34;Xanthomonas campestris pv. Campestris
Idf09320;../data/Bousset_data/Images/Xan/Idf09320.jpg;Xan;Bactériose à Xanthomonas;Bactérie;Xanthomonas campestris pv. Campestris;1;train;2023:11:20;13:00:37;nan;34;Xanthomonas campestris pv. Campestris
Idf09321;../data/Bousset_data/Images/Xan/Idf09321.jpg;Xan;Bactériose à Xanthomonas;Bactérie;Xanthomonas campestris pv. Campestris;1;train;2023:11:20;13:00:48;nan;34;Xanthomonas campestris pv. Campestris
Idf09322;../data/Bousset_data/Images/Xan/Idf09322.jpg;Xan;Bactériose à Xanthomonas;Bactérie;Xanthomonas campestris pv. Campestris;1;train;2023:11:20;13:00:49;nan;34;Xanthomonas campestris pv. Campestris
Idf09324;../data/Bousset_data/Images/Xan/Idf09324.jpg;Xan;Bactériose à Xanthomonas;Bactérie;Xanthomonas campestris pv. Campestris;1;train;2023:11:20;13:00:53;nan;34;Xanthomonas campestris pv. Campestris
Idf09325;../data/Bousset_data/Images/Xan/Idf09325.jpg;Xan;Bactériose à Xanthomonas;Bactérie;Xanthomonas campestris pv. Campestris;1;train;2023:11:20;13:00:55;nan;34;Xanthomonas campestris pv. Campestris
Idf09326;../data/Bousset_data/Images/Xan/Idf09326.jpg;Xan;Bactériose à Xanthomonas;Bactérie;Xanthomonas campestris pv. Campestris;1;train;2023:11:20;13:00:58;nan;34;Xanthomonas campestris pv. Campestris
Idf09327;../data/Bousset_data/Images/Xan/Idf09327.jpg;Xan;Bactériose à Xanthomonas;Bactérie;Xanthomonas campestris pv. Campestris;1;train;2023:11:20;13:01:00;nan;34;Xanthomonas campestris pv. Campestris
Idf09329;../data/Bousset_data/Images/Xan/Idf09329.jpg;Xan;Bactériose à Xanthomonas;Bactérie;Xanthomonas campestris pv. Campestris;1;train;2023:11:20;13:01:36;nan;34;Xanthomonas campestris pv. Campestris
Idf09330;../data/Bousset_data/Images/Xan/Idf09330.jpg;Xan;Bactériose à Xanthomonas;Bactérie;Xanthomonas campestris pv. Campestris;1;train;2023:11:20;13:01:38;nan;34;Xanthomonas campestris pv. Campestris
Idf09331;../data/Bousset_data/Images/Xan/Idf09331.jpg;Xan;Bactériose à Xanthomonas;Bactérie;Xanthomonas campestris pv. Campestris;1;train;2023:11:20;13:01:40;nan;34;Xanthomonas campestris pv. Campestris
Idf09332;../data/Bousset_data/Images/Xan/Idf09332.jpg;Xan;Bactériose à Xanthomonas;Bactérie;Xanthomonas campestris pv. Campestris;1;train;2023:11:20;13:01:42;nan;34;Xanthomonas campestris pv. Campestris
Idf09333;../data/Bousset_data/Images/Xan/Idf09333.jpg;Xan;Bactériose à Xanthomonas;Bactérie;Xanthomonas campestris pv. Campestris;1;train;2023:11:20;13:02:09;nan;34;Xanthomonas campestris pv. Campestris
Idf09334;../data/Bousset_data/Images/Xan/Idf09334.jpg;Xan;Bactériose à Xanthomonas;Bactérie;Xanthomonas campestris pv. Campestris;1;train;2023:11:20;13:02:28;nan;34;Xanthomonas campestris pv. Campestris
Idf09335;../data/Bousset_data/Images/Xan/Idf09335.jpg;Xan;Bactériose à Xanthomonas;Bactérie;Xanthomonas campestris pv. Campestris;1;train;2023:11:20;13:21:33;nan;34;Xanthomonas campestris pv. Campestris
Idf09336;../data/Bousset_data/Images/Xan/Idf09336.jpg;Xan;Bactériose à Xanthomonas;Bactérie;Xanthomonas campestris pv. Campestris;1;train;2023:11:20;13:21:35;nan;34;Xanthomonas campestris pv. Campestris
Idf09339;../data/Bousset_data/Images/Xan/Idf09339.jpg;Xan;Bactériose à Xanthomonas;Bactérie;Xanthomonas campestris pv. Campestris;1;train;2023:11:20;13:21:49;nan;34;Xanthomonas campestris pv. Campestris
Idf09340;../data/Bousset_data/Images/Xan/Idf09340.jpg;Xan;Bactériose à Xanthomonas;Bactérie;Xanthomonas campestris pv. Campestris;1;train;2023:11:20;13:21:51;nan;34;Xanthomonas campestris pv. Campestris
Idf09341;../data/Bousset_data/Images/Xan/Idf09341.jpg;Xan;Bactériose à Xanthomonas;Bactérie;Xanthomonas campestris pv. Campestris;1;train;2023:11:20;13:21:53;nan;34;Xanthomonas campestris pv. Campestris
Idf09342;../data/Bousset_data/Images/Xan/Idf09342.jpg;Xan;Bactériose à Xanthomonas;Bactérie;Xanthomonas campestris pv. Campestris;1;train;2023:11:20;13:21:56;nan;34;Xanthomonas campestris pv. Campestris
Idf09343;../data/Bousset_data/Images/Xan/Idf09343.jpg;Xan;Bactériose à Xanthomonas;Bactérie;Xanthomonas campestris pv. Campestris;1;train;2023:11:20;13:22:04;nan;34;Xanthomonas campestris pv. Campestris
Idf09362;../data/Bousset_data/Images/Xan/Idf09362.jpg;Xan;Bactériose à Xanthomonas;Bactérie;Xanthomonas campestris pv. Campestris;1;train;2023:11:20;13:23:52;nan;34;Xanthomonas campestris pv. Campestris
Idf09364;../data/Bousset_data/Images/Xan/Idf09364.jpg;Xan;Bactériose à Xanthomonas;Bactérie;Xanthomonas campestris pv. Campestris;1;train;2023:11:20;13:24:03;nan;34;Xanthomonas campestris pv. Campestris
Idf09365;../data/Bousset_data/Images/Xan/Idf09365.jpg;Xan;Bactériose à Xanthomonas;Bactérie;Xanthomonas campestris pv. Campestris;1;train;2023:11:20;13:24:05;nan;34;Xanthomonas campestris pv. Campestris
Idf09366;../data/Bousset_data/Images/Xan/Idf09366.jpg;Xan;Bactériose à Xanthomonas;Bactérie;Xanthomonas campestris pv. Campestris;1;train;2023:11:20;13:24:07;nan;34;Xanthomonas campestris pv. Campestris
Idf09367;../data/Bousset_data/Images/Xan/Idf09367.jpg;Xan;Bactériose à Xanthomonas;Bactérie;Xanthomonas campestris pv. Campestris;1;train;2023:11:20;13:24:14;nan;34;Xanthomonas campestris pv. Campestris
Idf09368;../data/Bousset_data/Images/Xan/Idf09368.jpg;Xan;Bactériose à Xanthomonas;Bactérie;Xanthomonas campestris pv. Campestris;1;train;2023:11:20;13:24:18;nan;34;Xanthomonas campestris pv. Campestris
Idf09369;../data/Bousset_data/Images/Xan/Idf09369.jpg;Xan;Bactériose à Xanthomonas;Bactérie;Xanthomonas campestris pv. Campestris;1;train;2023:11:20;13:24:22;nan;34;Xanthomonas campestris pv. Campestris
Idf09372;../data/Bousset_data/Images/Xan/Idf09372.jpg;Xan;Bactériose à Xanthomonas;Bactérie;Xanthomonas campestris pv. Campestris;1;train;2023:11:20;13:24:34;nan;34;Xanthomonas campestris pv. Campestris
Idf09374;../data/Bousset_data/Images/Xan/Idf09374.jpg;Xan;Bactériose à Xanthomonas;Bactérie;Xanthomonas campestris pv. Campestris;1;train;2023:11:20;13:24:39;nan;34;Xanthomonas campestris pv. Campestris
Idf09375;../data/Bousset_data/Images/Xan/Idf09375.jpg;Xan;Bactériose à Xanthomonas;Bactérie;Xanthomonas campestris pv. Campestris;1;train;2023:11:20;13:24:42;nan;34;Xanthomonas campestris pv. Campestris
Idf09381;../data/Bousset_data/Images/Xan/Idf09381.jpg;Xan;Bactériose à Xanthomonas;Bactérie;Xanthomonas campestris pv. Campestris;1;train;2023:11:20;13:25:13;nan;34;Xanthomonas campestris pv. Campestris
Idf09383;../data/Bousset_data/Images/Xan/Idf09383.jpg;Xan;Bactériose à Xanthomonas;Bactérie;Xanthomonas campestris pv. Campestris;1;train;2023:11:20;13:25:18;nan;34;Xanthomonas campestris pv. Campestris
Idf09386;../data/Bousset_data/Images/Xan/Idf09386.jpg;Xan;Bactériose à Xanthomonas;Bactérie;Xanthomonas campestris pv. Campestris;1;train;2023:11:20;13:25:37;nan;34;Xanthomonas campestris pv. Campestris
Idf09387;../data/Bousset_data/Images/Xan/Idf09387.jpg;Xan;Bactériose à Xanthomonas;Bactérie;Xanthomonas campestris pv. Campestris;1;train;2023:11:20;13:25:43;nan;34;Xanthomonas campestris pv. Campestris
Idf09398;../data/Bousset_data/Images/Xan/Idf09398.jpg;Xan;Bactériose à Xanthomonas;Bactérie;Xanthomonas campestris pv. Campestris;1;train;2023:11:20;13:26:43;nan;34;Xanthomonas campestris pv. Campestris
Idf09421;../data/Bousset_data/Images/Xan/Idf09421.jpg;Xan;Bactériose à Xanthomonas;Bactérie;Xanthomonas campestris pv. Campestris;1;train;2023:11:20;13:28:17;nan;34;Xanthomonas campestris pv. Campestris
Idf09422;../data/Bousset_data/Images/Xan/Idf09422.jpg;Xan;Bactériose à Xanthomonas;Bactérie;Xanthomonas campestris pv. Campestris;1;train;2023:11:20;13:28:18;nan;34;Xanthomonas campestris pv. Campestris
Idf09437;../data/Bousset_data/Images/Xan/Idf09437.jpg;Xan;Bactériose à Xanthomonas;Bactérie;Xanthomonas campestris pv. Campestris;1;train;2023:11:20;13:29:08;nan;34;Xanthomonas campestris pv. Campestris
Idf09438;../data/Bousset_data/Images/Xan/Idf09438.jpg;Xan;Bactériose à Xanthomonas;Bactérie;Xanthomonas campestris pv. Campestris;1;train;2023:11:20;13:29:09;nan;34;Xanthomonas campestris pv. Campestris
Idf09439;../data/Bousset_data/Images/Xan/Idf09439.jpg;Xan;Bactériose à Xanthomonas;Bactérie;Xanthomonas campestris pv. Campestris;1;train;2023:11:20;13:29:16;nan;34;Xanthomonas campestris pv. Campestris
Idf09440;../data/Bousset_data/Images/Xan/Idf09440.jpg;Xan;Bactériose à Xanthomonas;Bactérie;Xanthomonas campestris pv. Campestris;1;train;2023:11:20;13:29:17;nan;34;Xanthomonas campestris pv. Campestris
Idf09442;../data/Bousset_data/Images/Xan/Idf09442.jpg;Xan;Bactériose à Xanthomonas;Bactérie;Xanthomonas campestris pv. Campestris;1;train;2023:11:20;13:29:33;nan;34;Xanthomonas campestris pv. Campestris
Idf09444;../data/Bousset_data/Images/Xan/Idf09444.jpg;Xan;Bactériose à Xanthomonas;Bactérie;Xanthomonas campestris pv. Campestris;1;train;2023:11:20;13:29:43;nan;34;Xanthomonas campestris pv. Campestris
Idf09445;../data/Bousset_data/Images/Xan/Idf09445.jpg;Xan;Bactériose à Xanthomonas;Bactérie;Xanthomonas campestris pv. Campestris;1;train;2023:11:20;13:30:10;nan;34;Xanthomonas campestris pv. Campestris
Idf09464;../data/Bousset_data/Images/Xan/Idf09464.jpg;Xan;Bactériose à Xanthomonas;Bactérie;Xanthomonas campestris pv. Campestris;1;train;2023:11:20;13:32:02;nan;34;Xanthomonas campestris pv. Campestris
Idf09483;../data/Bousset_data/Images/Xan/Idf09483.jpg;Xan;Bactériose à Xanthomonas;Bactérie;Xanthomonas campestris pv. Campestris;1;train;2023:11:20;13:33:08;nan;34;Xanthomonas campestris pv. Campestris
Idf09485;../data/Bousset_data/Images/Xan/Idf09485.jpg;Xan;Bactériose à Xanthomonas;Bactérie;Xanthomonas campestris pv. Campestris;1;train;2023:11:20;13:33:16;nan;34;Xanthomonas campestris pv. Campestris
Idf09487;../data/Bousset_data/Images/Xan/Idf09487.jpg;Xan;Bactériose à Xanthomonas;Bactérie;Xanthomonas campestris pv. Campestris;1;train;2023:11:20;13:33:25;nan;34;Xanthomonas campestris pv. Campestris
Idf09488;../data/Bousset_data/Images/Xan/Idf09488.jpg;Xan;Bactériose à Xanthomonas;Bactérie;Xanthomonas campestris pv. Campestris;1;train;2023:11:20;13:33:27;nan;34;Xanthomonas campestris pv. Campestris
Idf09489;../data/Bousset_data/Images/Xan/Idf09489.jpg;Xan;Bactériose à Xanthomonas;Bactérie;Xanthomonas campestris pv. Campestris;1;train;2023:11:20;13:33:28;nan;34;Xanthomonas campestris pv. Campestris
Idf09499;../data/Bousset_data/Images/Xan/Idf09499.jpg;Xan;Bactériose à Xanthomonas;Bactérie;Xanthomonas campestris pv. Campestris;1;train;2023:11:20;13:34:24;nan;34;Xanthomonas campestris pv. Campestris
Idf09505;../data/Bousset_data/Images/Xan/Idf09505.jpg;Xan;Bactériose à Xanthomonas;Bactérie;Xanthomonas campestris pv. Campestris;1;train;2023:11:20;13:35:05;nan;34;Xanthomonas campestris pv. Campestris
Idf09506;../data/Bousset_data/Images/Xan/Idf09506.jpg;Xan;Bactériose à Xanthomonas;Bactérie;Xanthomonas campestris pv. Campestris;1;train;2023:11:20;13:35:08;nan;34;Xanthomonas campestris pv. Campestris
Idf09507;../data/Bousset_data/Images/Xan/Idf09507.jpg;Xan;Bactériose à Xanthomonas;Bactérie;Xanthomonas campestris pv. Campestris;1;train;2023:11:20;13:35:34;nan;34;Xanthomonas campestris pv. Campestris
Idf09508;../data/Bousset_data/Images/Xan/Idf09508.jpg;Xan;Bactériose à Xanthomonas;Bactérie;Xanthomonas campestris pv. Campestris;1;train;2023:11:20;13:35:36;nan;34;Xanthomonas campestris pv. Campestris
Idf09512;../data/Bousset_data/Images/Xan/Idf09512.jpg;Xan;Bactériose à Xanthomonas;Bactérie;Xanthomonas campestris pv. Campestris;1;train;2023:11:20;13:35:59;nan;34;Xanthomonas campestris pv. Campestris
Idf09528;../data/Bousset_data/Images/Xan/Idf09528.jpg;Xan;Bactériose à Xanthomonas;Bactérie;Xanthomonas campestris pv. Campestris;1;train;2023:11:20;13:38:43;nan;34;Xanthomonas campestris pv. Campestris
Idf09530;../data/Bousset_data/Images/Xan/Idf09530.jpg;Xan;Bactériose à Xanthomonas;Bactérie;Xanthomonas campestris pv. Campestris;1;train;2023:11:20;13:38:56;nan;34;Xanthomonas campestris pv. Campestris
Idf09534;../data/Bousset_data/Images/Xan/Idf09534.jpg;Xan;Bactériose à Xanthomonas;Bactérie;Xanthomonas campestris pv. Campestris;1;train;2023:11:20;13:39:11;nan;34;Xanthomonas campestris pv. Campestris
Idf09536;../data/Bousset_data/Images/Xan/Idf09536.jpg;Xan;Bactériose à Xanthomonas;Bactérie;Xanthomonas campestris pv. Campestris;1;train;2023:11:20;13:39:25;nan;34;Xanthomonas campestris pv. Campestris
Idf09537;../data/Bousset_data/Images/Xan/Idf09537.jpg;Xan;Bactériose à Xanthomonas;Bactérie;Xanthomonas campestris pv. Campestris;1;train;2023:11:20;13:39:38;nan;34;Xanthomonas campestris pv. Campestris
Idf09539;../data/Bousset_data/Images/Xan/Idf09539.jpg;Xan;Bactériose à Xanthomonas;Bactérie;Xanthomonas campestris pv. Campestris;1;train;2023:11:20;13:39:56;nan;34;Xanthomonas campestris pv. Campestris
Idf09540;../data/Bousset_data/Images/Xan/Idf09540.jpg;Xan;Bactériose à Xanthomonas;Bactérie;Xanthomonas campestris pv. Campestris;1;train;2023:11:20;13:39:57;nan;34;Xanthomonas campestris pv. Campestris
Idf09541;../data/Bousset_data/Images/Xan/Idf09541.jpg;Xan;Bactériose à Xanthomonas;Bactérie;Xanthomonas campestris pv. Campestris;1;train;2023:11:20;13:40:05;nan;34;Xanthomonas campestris pv. Campestris
Idf09542;../data/Bousset_data/Images/Xan/Idf09542.jpg;Xan;Bactériose à Xanthomonas;Bactérie;Xanthomonas campestris pv. Campestris;1;train;2023:11:20;13:40:07;nan;34;Xanthomonas campestris pv. Campestris
Idf09543;../data/Bousset_data/Images/Xan/Idf09543.jpg;Xan;Bactériose à Xanthomonas;Bactérie;Xanthomonas campestris pv. Campestris;1;train;2023:11:20;13:40:29;nan;34;Xanthomonas campestris pv. Campestris
Idf09544;../data/Bousset_data/Images/Xan/Idf09544.jpg;Xan;Bactériose à Xanthomonas;Bactérie;Xanthomonas campestris pv. Campestris;1;train;2023:11:20;13:40:31;nan;34;Xanthomonas campestris pv. Campestris
Idf09545;../data/Bousset_data/Images/Xan/Idf09545.jpg;Xan;Bactériose à Xanthomonas;Bactérie;Xanthomonas campestris pv. Campestris;1;train;2023:11:20;13:40:33;nan;34;Xanthomonas campestris pv. Campestris
Idf09546;../data/Bousset_data/Images/Xan/Idf09546.jpg;Xan;Bactériose à Xanthomonas;Bactérie;Xanthomonas campestris pv. Campestris;1;train;2023:11:20;13:40:35;nan;34;Xanthomonas campestris pv. Campestris
Idf09547;../data/Bousset_data/Images/Xan/Idf09547.jpg;Xan;Bactériose à Xanthomonas;Bactérie;Xanthomonas campestris pv. Campestris;1;train;2023:11:20;13:40:38;nan;34;Xanthomonas campestris pv. Campestris
Idf09548;../data/Bousset_data/Images/Xan/Idf09548.jpg;Xan;Bactériose à Xanthomonas;Bactérie;Xanthomonas campestris pv. Campestris;1;train;2023:11:20;13:40:43;nan;34;Xanthomonas campestris pv. Campestris
Idf09555;../data/Bousset_data/Images/Xan/Idf09555.jpg;Xan;Bactériose à Xanthomonas;Bactérie;Xanthomonas campestris pv. Campestris;1;train;2023:11:24;14:32:48;nan;34;Xanthomonas campestris pv. Campestris
Idf09567;../data/Bousset_data/Images/Xan/Idf09567.jpg;Xan;Bactériose à Xanthomonas;Bactérie;Xanthomonas campestris pv. Campestris;1;train;2023:11:24;14:33:46;nan;34;Xanthomonas campestris pv. Campestris
Idf09568;../data/Bousset_data/Images/Xan/Idf09568.jpg;Xan;Bactériose à Xanthomonas;Bactérie;Xanthomonas campestris pv. Campestris;1;train;2023:11:24;14:33:48;nan;34;Xanthomonas campestris pv. Campestris
Idf09590;../data/Bousset_data/Images/Xan/Idf09590.jpg;Xan;Bactériose à Xanthomonas;Bactérie;Xanthomonas campestris pv. Campestris;1;train;2023:11:24;14:39:26;nan;34;Xanthomonas campestris pv. Campestris
Idf09594;../data/Bousset_data/Images/Xan/Idf09594.jpg;Xan;Bactériose à Xanthomonas;Bactérie;Xanthomonas campestris pv. Campestris;1;train;2023:11:24;14:40:10;nan;34;Xanthomonas campestris pv. Campestris
Idf09595;../data/Bousset_data/Images/Xan/Idf09595.jpg;Xan;Bactériose à Xanthomonas;Bactérie;Xanthomonas campestris pv. Campestris;1;train;2023:11:24;14:40:12;nan;34;Xanthomonas campestris pv. Campestris
Idf09607;../data/Bousset_data/Images/Xan/Idf09607.jpg;Xan;Bactériose à Xanthomonas;Bactérie;Xanthomonas campestris pv. Campestris;1;train;2023:11:24;14:43:10;nan;34;Xanthomonas campestris pv. Campestris
Idf09611;../data/Bousset_data/Images/Xan/Idf09611.jpg;Xan;Bactériose à Xanthomonas;Bactérie;Xanthomonas campestris pv. Campestris;1;train;2023:11:24;14:43:52;nan;34;Xanthomonas campestris pv. Campestris
Idf09636;../data/Bousset_data/Images/Xan/Idf09636.jpg;Xan;Bactériose à Xanthomonas;Bactérie;Xanthomonas campestris pv. Campestris;1;train;2023:11:24;14:48:04;nan;34;Xanthomonas campestris pv. Campestris
Idf09823;../data/Bousset_data/Images/Xan/Idf09823.jpg;Xan;Bactériose à Xanthomonas;Bactérie;Xanthomonas campestris pv. Campestris;1;train;2023:12:12;13:26:28;nan;34;Xanthomonas campestris pv. Campestris
Idf09832;../data/Bousset_data/Images/Xan/Idf09832.jpg;Xan;Bactériose à Xanthomonas;Bactérie;Xanthomonas campestris pv. Campestris;1;train;2023:12:12;13:29:03;nan;34;Xanthomonas campestris pv. Campestris
Idf09896;../data/Bousset_data/Images/Xan/Idf09896.jpg;Xan;Bactériose à Xanthomonas;Bactérie;Xanthomonas campestris pv. Campestris;1;train;2023:12:15;16:20:45;nan;34;Xanthomonas campestris pv. Campestris
Idf10286;../data/Bousset_data/Images/Xan/Idf10286.jpg;Xan;Bactériose à Xanthomonas;Bactérie;Xanthomonas campestris pv. Campestris;1;train;2023:12:22;13:52:36;nan;34;Xanthomonas campestris pv. Campestris
Idf10303;../data/Bousset_data/Images/Xan/Idf10303.jpg;Xan;Bactériose à Xanthomonas;Bactérie;Xanthomonas campestris pv. Campestris;1;train;2023:12:22;13:53:49;nan;34;Xanthomonas campestris pv. Campestris
Idf10308;../data/Bousset_data/Images/Xan/Idf10308.jpg;Xan;Bactériose à Xanthomonas;Bactérie;Xanthomonas campestris pv. Campestris;1;train;2023:12:22;13:54:05;nan;34;Xanthomonas campestris pv. Campestris
Idf10310;../data/Bousset_data/Images/Xan/Idf10310.jpg;Xan;Bactériose à Xanthomonas;Bactérie;Xanthomonas campestris pv. Campestris;1;train;2023:12:22;13:54:12;nan;34;Xanthomonas campestris pv. Campestris
Idf10600;../data/Bousset_data/Images/Xan/Idf10600.jpg;Xan;Bactériose à Xanthomonas;Bactérie;Xanthomonas campestris pv. Campestris;1;train;2024:02:15;12:05:26;nan;34;Xanthomonas campestris pv. Campestris
Idf10601;../data/Bousset_data/Images/Xan/Idf10601.jpg;Xan;Bactériose à Xanthomonas;Bactérie;Xanthomonas campestris pv. Campestris;1;train;2024:02:15;12:05:29;nan;34;Xanthomonas campestris pv. Campestris
Idf10602;../data/Bousset_data/Images/Xan/Idf10602.jpg;Xan;Bactériose à Xanthomonas;Bactérie;Xanthomonas campestris pv. Campestris;1;train;2024:02:15;12:05:31;nan;34;Xanthomonas campestris pv. Campestris
Idf10686;../data/Bousset_data/Images/Xan/Idf10686.jpg;Xan;Bactériose à Xanthomonas;Bactérie;Xanthomonas campestris pv. Campestris;1;train;2024:02:15;12:11:55;nan;34;Xanthomonas campestris pv. Campestris
Idf10688;../data/Bousset_data/Images/Xan/Idf10688.jpg;Xan;Bactériose à Xanthomonas;Bactérie;Xanthomonas campestris pv. Campestris;1;train;2024:02:15;12:12:09;nan;34;Xanthomonas campestris pv. Campestris
Idf10706;../data/Bousset_data/Images/Xan/Idf10706.jpg;Xan;Bactériose à Xanthomonas;Bactérie;Xanthomonas campestris pv. Campestris;1;train;2024:02:15;12:13:47;nan;34;Xanthomonas campestris pv. Campestris
Idf10875;../data/Bousset_data/Images/Xan/Idf10875.jpg;Xan;Bactériose à Xanthomonas;Bactérie;Xanthomonas campestris pv. Campestris;1;train;2024:02:15;13:32:44;nan;34;Xanthomonas campestris pv. Campestris
Idf10881;../data/Bousset_data/Images/Xan/Idf10881.jpg;Xan;Bactériose à Xanthomonas;Bactérie;Xanthomonas campestris pv. Campestris;1;train;2024:02:15;13:33:09;nan;34;Xanthomonas campestris pv. Campestris
Idf10908;../data/Bousset_data/Images/Xan/Idf10908.jpg;Xan;Bactériose à Xanthomonas;Bactérie;Xanthomonas campestris pv. Campestris;1;train;2024:02:15;13:36:19;nan;34;Xanthomonas campestris pv. Campestris
Idf10919;../data/Bousset_data/Images/Xan/Idf10919.jpg;Xan;Bactériose à Xanthomonas;Bactérie;Xanthomonas campestris pv. Campestris;1;train;2024:02:15;13:37:31;nan;34;Xanthomonas campestris pv. Campestris
Idf10922;../data/Bousset_data/Images/Xan/Idf10922.jpg;Xan;Bactériose à Xanthomonas;Bactérie;Xanthomonas campestris pv. Campestris;1;train;2024:02:15;13:38:03;nan;34;Xanthomonas campestris pv. Campestris
Idf10923;../data/Bousset_data/Images/Xan/Idf10923.jpg;Xan;Bactériose à Xanthomonas;Bactérie;Xanthomonas campestris pv. Campestris;1;train;2024:02:15;13:38:04;nan;34;Xanthomonas campestris pv. Campestris
Idf10927;../data/Bousset_data/Images/Xan/Idf10927.jpg;Xan;Bactériose à Xanthomonas;Bactérie;Xanthomonas campestris pv. Campestris;1;train;2024:02:15;13:38:35;nan;34;Xanthomonas campestris pv. Campestris
Idf10994;../data/Bousset_data/Images/Xan/Idf10994.jpg;Xan;Bactériose à Xanthomonas;Bactérie;Xanthomonas campestris pv. Campestris;1;train;2024:02:15;13:44:32;nan;34;Xanthomonas campestris pv. Campestris
Idf10995;../data/Bousset_data/Images/Xan/Idf10995.jpg;Xan;Bactériose à Xanthomonas;Bactérie;Xanthomonas campestris pv. Campestris;1;train;2024:02:15;13:44:34;nan;34;Xanthomonas campestris pv. Campestris
Idf11004;../data/Bousset_data/Images/Xan/Idf11004.jpg;Xan;Bactériose à Xanthomonas;Bactérie;Xanthomonas campestris pv. Campestris;1;train;2024:02:15;13:45:21;nan;34;Xanthomonas campestris pv. Campestris
Idf11047;../data/Bousset_data/Images/Xan/Idf11047.jpg;Xan;Bactériose à Xanthomonas;Bactérie;Xanthomonas campestris pv. Campestris;1;train;2024:02:15;13:49:14;nan;34;Xanthomonas campestris pv. Campestris
Idf11051;../data/Bousset_data/Images/Xan/Idf11051.jpg;Xan;Bactériose à Xanthomonas;Bactérie;Xanthomonas campestris pv. Campestris;1;train;2024:02:15;13:50:04;nan;34;Xanthomonas campestris pv. Campestris
Idf11102;../data/Bousset_data/Images/Xan/Idf11102.jpg;Xan;Bactériose à Xanthomonas;Bactérie;Xanthomonas campestris pv. Campestris;1;train;2024:02:15;13:55:28;nan;34;Xanthomonas campestris pv. Campestris
Idf11130;../data/Bousset_data/Images/Xan/Idf11130.jpg;Xan;Bactériose à Xanthomonas;Bactérie;Xanthomonas campestris pv. Campestris;1;train;2024:02:15;13:26:58;nan;34;Xanthomonas campestris pv. Campestris
Idf11164;../data/Bousset_data/Images/Xan/Idf11164.jpg;Xan;Bactériose à Xanthomonas;Bactérie;Xanthomonas campestris pv. Campestris;1;train;2024:02:15;13:29:43;nan;34;Xanthomonas campestris pv. Campestris
Idf11165;../data/Bousset_data/Images/Xan/Idf11165.jpg;Xan;Bactériose à Xanthomonas;Bactérie;Xanthomonas campestris pv. Campestris;1;train;2024:02:15;13:29:47;nan;34;Xanthomonas campestris pv. Campestris
Idf11166;../data/Bousset_data/Images/Xan/Idf11166.jpg;Xan;Bactériose à Xanthomonas;Bactérie;Xanthomonas campestris pv. Campestris;1;train;2024:02:15;13:29:49;nan;34;Xanthomonas campestris pv. Campestris
Idf11179;../data/Bousset_data/Images/Xan/Idf11179.jpg;Xan;Bactériose à Xanthomonas;Bactérie;Xanthomonas campestris pv. Campestris;1;train;2024:02:15;13:31:04;nan;34;Xanthomonas campestris pv. Campestris
Idf11180;../data/Bousset_data/Images/Xan/Idf11180.jpg;Xan;Bactériose à Xanthomonas;Bactérie;Xanthomonas campestris pv. Campestris;1;train;2024:02:15;13:31:06;nan;34;Xanthomonas campestris pv. Campestris
Idf11182;../data/Bousset_data/Images/Xan/Idf11182.jpg;Xan;Bactériose à Xanthomonas;Bactérie;Xanthomonas campestris pv. Campestris;1;train;2024:02:15;13:31:13;nan;34;Xanthomonas campestris pv. Campestris
Idf11183;../data/Bousset_data/Images/Xan/Idf11183.jpg;Xan;Bactériose à Xanthomonas;Bactérie;Xanthomonas campestris pv. Campestris;1;train;2024:02:15;13:31:15;nan;34;Xanthomonas campestris pv. Campestris
Idf11184;../data/Bousset_data/Images/Xan/Idf11184.jpg;Xan;Bactériose à Xanthomonas;Bactérie;Xanthomonas campestris pv. Campestris;1;train;2024:02:15;13:31:17;nan;34;Xanthomonas campestris pv. Campestris
Idf11212;../data/Bousset_data/Images/Xan/Idf11212.jpg;Xan;Bactériose à Xanthomonas;Bactérie;Xanthomonas campestris pv. Campestris;1;train;2024:03:01;11:18:15;nan;34;Xanthomonas campestris pv. Campestris
Idf11215;../data/Bousset_data/Images/Xan/Idf11215.jpg;Xan;Bactériose à Xanthomonas;Bactérie;Xanthomonas campestris pv. Campestris;1;train;2024:03:01;11:18:28;nan;34;Xanthomonas campestris pv. Campestris
Idf11247;../data/Bousset_data/Images/Xan/Idf11247.jpg;Xan;Bactériose à Xanthomonas;Bactérie;Xanthomonas campestris pv. Campestris;1;train;2024:03:01;11:23:21;nan;34;Xanthomonas campestris pv. Campestris
Idf11263;../data/Bousset_data/Images/Xan/Idf11263.jpg;Xan;Bactériose à Xanthomonas;Bactérie;Xanthomonas campestris pv. Campestris;1;train;2024:03:01;11:24:50;nan;34;Xanthomonas campestris pv. Campestris
Idf11696;../data/Bousset_data/Images/Xan/Idf11696.jpg;Xan;Bactériose à Xanthomonas;Bactérie;Xanthomonas campestris pv. Campestris;1;train;2024:03:08;15:15:28;nan;34;Xanthomonas campestris pv. Campestris
Idf11709;../data/Bousset_data/Images/Xan/Idf11709.jpg;Xan;Bactériose à Xanthomonas;Bactérie;Xanthomonas campestris pv. Campestris;1;train;2024:03:08;15:17:04;nan;34;Xanthomonas campestris pv. Campestris
Idf11900;../data/Bousset_data/Images/Xan/Idf11900.jpg;Xan;Bactériose à Xanthomonas;Bactérie;Xanthomonas campestris pv. Campestris;1;train;2024:03:12;18:22:17;nan;34;Xanthomonas campestris pv. Campestris
Idf12010;../data/Bousset_data/Images/Xan/Idf12010.jpg;Xan;Bactériose à Xanthomonas;Bactérie;Xanthomonas campestris pv. Campestris;1;train;2024:03:12;18:36:16;nan;34;Xanthomonas campestris pv. Campestris
Idf12044;../data/Bousset_data/Images/Xan/Idf12044.jpg;Xan;Bactériose à Xanthomonas;Bactérie;Xanthomonas campestris pv. Campestris;1;train;2024:03:12;18:39:27;nan;34;Xanthomonas campestris pv. Campestris
Idf12055;../data/Bousset_data/Images/Xan/Idf12055.jpg;Xan;Bactériose à Xanthomonas;Bactérie;Xanthomonas campestris pv. Campestris;1;train;2024:03:12;18:40:51;nan;34;Xanthomonas campestris pv. Campestris
Idf12066;../data/Bousset_data/Images/Xan/Idf12066.jpg;Xan;Bactériose à Xanthomonas;Bactérie;Xanthomonas campestris pv. Campestris;1;train;2024:03:12;18:42:06;nan;34;Xanthomonas campestris pv. Campestris
Idf12068;../data/Bousset_data/Images/Xan/Idf12068.jpg;Xan;Bactériose à Xanthomonas;Bactérie;Xanthomonas campestris pv. Campestris;1;train;2024:03:12;18:42:13;nan;34;Xanthomonas campestris pv. Campestris
Idf12149;../data/Bousset_data/Images/Xan/Idf12149.jpg;Xan;Bactériose à Xanthomonas;Bactérie;Xanthomonas campestris pv. Campestris;1;train;2024:03:19;12:29:45;nan;34;Xanthomonas campestris pv. Campestris
Idf12160;../data/Bousset_data/Images/Xan/Idf12160.jpg;Xan;Bactériose à Xanthomonas;Bactérie;Xanthomonas campestris pv. Campestris;1;train;2024:03:19;13:06:31;nan;34;Xanthomonas campestris pv. Campestris
Idf12170;../data/Bousset_data/Images/Xan/Idf12170.jpg;Xan;Bactériose à Xanthomonas;Bactérie;Xanthomonas campestris pv. Campestris;1;train;2024:03:19;13:08:10;nan;34;Xanthomonas campestris pv. Campestris
Idf12171;../data/Bousset_data/Images/Xan/Idf12171.jpg;Xan;Bactériose à Xanthomonas;Bactérie;Xanthomonas campestris pv. Campestris;1;train;2024:03:19;13:08:15;nan;34;Xanthomonas campestris pv. Campestris
Idf12210;../data/Bousset_data/Images/Xan/Idf12210.jpg;Xan;Bactériose à Xanthomonas;Bactérie;Xanthomonas campestris pv. Campestris;1;train;2024:03:19;13:19:43;nan;34;Xanthomonas campestris pv. Campestris
Idf12214;../data/Bousset_data/Images/Xan/Idf12214.jpg;Xan;Bactériose à Xanthomonas;Bactérie;Xanthomonas campestris pv. Campestris;1;train;2024:03:19;13:20:35;nan;34;Xanthomonas campestris pv. Campestris
Idf12219;../data/Bousset_data/Images/Xan/Idf12219.jpg;Xan;Bactériose à Xanthomonas;Bactérie;Xanthomonas campestris pv. Campestris;1;train;2024:03:19;13:21:14;nan;34;Xanthomonas campestris pv. Campestris
Idf12241;../data/Bousset_data/Images/Xan/Idf12241.jpg;Xan;Bactériose à Xanthomonas;Bactérie;Xanthomonas campestris pv. Campestris;1;train;2024:03:19;13:26:54;nan;34;Xanthomonas campestris pv. Campestris
Idf12287;../data/Bousset_data/Images/Xan/Idf12287.jpg;Xan;Bactériose à Xanthomonas;Bactérie;Xanthomonas campestris pv. Campestris;1;train;2024:03:19;12:58:52;nan;34;Xanthomonas campestris pv. Campestris
Idf12342;../data/Bousset_data/Images/Xan/Idf12342.jpg;Xan;Bactériose à Xanthomonas;Bactérie;Xanthomonas campestris pv. Campestris;1;train;2024:03:19;13:13:11;nan;34;Xanthomonas campestris pv. Campestris
Idf12349;../data/Bousset_data/Images/Xan/Idf12349.jpg;Xan;Bactériose à Xanthomonas;Bactérie;Xanthomonas campestris pv. Campestris;1;train;2024:03:19;13:14:04;nan;34;Xanthomonas campestris pv. Campestris
Idf12351;../data/Bousset_data/Images/Xan/Idf12351.jpg;Xan;Bactériose à Xanthomonas;Bactérie;Xanthomonas campestris pv. Campestris;1;train;2024:03:19;13:14:23;nan;34;Xanthomonas campestris pv. Campestris
Idf12364;../data/Bousset_data/Images/Xan/Idf12364.jpg;Xan;Bactériose à Xanthomonas;Bactérie;Xanthomonas campestris pv. Campestris;1;train;2024:03:19;13:16:01;nan;34;Xanthomonas campestris pv. Campestris
Idf12387;../data/Bousset_data/Images/Xan/Idf12387.jpg;Xan;Bactériose à Xanthomonas;Bactérie;Xanthomonas campestris pv. Campestris;1;train;2024:03:20;14:38:18;nan;34;Xanthomonas campestris pv. Campestris
Idf12388;../data/Bousset_data/Images/Xan/Idf12388.jpg;Xan;Bactériose à Xanthomonas;Bactérie;Xanthomonas campestris pv. Campestris;1;train;2024:03:20;14:38:21;nan;34;Xanthomonas campestris pv. Campestris
Idf12475;../data/Bousset_data/Images/Xan/Idf12475.jpg;Xan;Bactériose à Xanthomonas;Bactérie;Xanthomonas campestris pv. Campestris;1;train;2024:03:20;14:50:19;nan;34;Xanthomonas campestris pv. Campestris
Idf12532;../data/Bousset_data/Images/Xan/Idf12532.jpg;Xan;Bactériose à Xanthomonas;Bactérie;Xanthomonas campestris pv. Campestris;1;train;2024:03:20;16:40:03;nan;34;Xanthomonas campestris pv. Campestris
Idf12536;../data/Bousset_data/Images/Xan/Idf12536.jpg;Xan;Bactériose à Xanthomonas;Bactérie;Xanthomonas campestris pv. Campestris;1;train;2024:03:20;16:40:39;nan;34;Xanthomonas campestris pv. Campestris
Idf12555;../data/Bousset_data/Images/Xan/Idf12555.jpg;Xan;Bactériose à Xanthomonas;Bactérie;Xanthomonas campestris pv. Campestris;1;train;2024:03:20;16:42:47;nan;34;Xanthomonas campestris pv. Campestris
Idf12556;../data/Bousset_data/Images/Xan/Idf12556.jpg;Xan;Bactériose à Xanthomonas;Bactérie;Xanthomonas campestris pv. Campestris;1;train;2024:03:20;16:42:49;nan;34;Xanthomonas campestris pv. Campestris
Idf12562;../data/Bousset_data/Images/Xan/Idf12562.jpg;Xan;Bactériose à Xanthomonas;Bactérie;Xanthomonas campestris pv. Campestris;1;train;2024:03:20;16:43:49;nan;34;Xanthomonas campestris pv. Campestris
Idf12579;../data/Bousset_data/Images/Xan/Idf12579.jpg;Xan;Bactériose à Xanthomonas;Bactérie;Xanthomonas campestris pv. Campestris;1;train;2024:03:20;16:45:16;nan;34;Xanthomonas campestris pv. Campestris
Idf12581;../data/Bousset_data/Images/Xan/Idf12581.jpg;Xan;Bactériose à Xanthomonas;Bactérie;Xanthomonas campestris pv. Campestris;1;train;2024:03:20;16:45:53;nan;34;Xanthomonas campestris pv. Campestris
Idf12582;../data/Bousset_data/Images/Xan/Idf12582.jpg;Xan;Bactériose à Xanthomonas;Bactérie;Xanthomonas campestris pv. Campestris;1;train;2024:03:20;16:45:58;nan;34;Xanthomonas campestris pv. Campestris
Idf12583;../data/Bousset_data/Images/Xan/Idf12583.jpg;Xan;Bactériose à Xanthomonas;Bactérie;Xanthomonas campestris pv. Campestris;1;train;2024:03:20;16:46:17;nan;34;Xanthomonas campestris pv. Campestris
Idf12589;../data/Bousset_data/Images/Xan/Idf12589.jpg;Xan;Bactériose à Xanthomonas;Bactérie;Xanthomonas campestris pv. Campestris;1;train;2024:03:20;16:46:46;nan;34;Xanthomonas campestris pv. Campestris
Idf12513;../data/Bousset_data/Images/Xxx/Idf12513.jpg;Xxx;Bactériose ou toxicité;Bactérie ou toxicité;Indéterminé;0;train;2024:03:20;14:54:21;nan;1;Indéterminé
Idf12592;../data/Bousset_data/Images/Xxx/Idf12592.jpg;Xxx;Bactériose ou toxicité;Bactérie ou toxicité;Indéterminé;0;train;2024:03:20;17:59:16;nan;1;Indéterminé
Idf12593;../data/Bousset_data/Images/Xxx/Idf12593.jpg;Xxx;Bactériose ou toxicité;Bactérie ou toxicité;Indéterminé;0;train;2024:03:20;17:59:21;nan;1;Indéterminé
Idf12594;../data/Bousset_data/Images/Xxx/Idf12594.jpg;Xxx;Bactériose ou toxicité;Bactérie ou toxicité;Indéterminé;0;train;2024:03:20;17:59:27;nan;1;Indéterminé
Idf12595;../data/Bousset_data/Images/Xxx/Idf12595.jpg;Xxx;Bactériose ou toxicité;Bactérie ou toxicité;Indéterminé;0;train;2024:03:20;17:59:33;nan;1;Indéterminé
Idf12596;../data/Bousset_data/Images/Xxx/Idf12596.jpg;Xxx;Bactériose ou toxicité;Bactérie ou toxicité;Indéterminé;0;train;2024:03:20;17:59:37;nan;1;Indéterminé
Idf12597;../data/Bousset_data/Images/Xxx/Idf12597.jpg;Xxx;Bactériose ou toxicité;Bactérie ou toxicité;Indéterminé;0;train;2024:03:20;17:59:43;nan;1;Indéterminé
Idf12598;../data/Bousset_data/Images/Xxx/Idf12598.jpg;Xxx;Bactériose ou toxicité;Bactérie ou toxicité;Indéterminé;0;train;2024:03:20;17:59:51;nan;1;Indéterminé
Idf12599;../data/Bousset_data/Images/Xxx/Idf12599.jpg;Xxx;Bactériose ou toxicité;Bactérie ou toxicité;Indéterminé;0;train;2024:03:20;18:00:03;nan;1;Indéterminé
Idf12600;../data/Bousset_data/Images/Xxx/Idf12600.jpg;Xxx;Bactériose ou toxicité;Bactérie ou toxicité;Indéterminé;0;train;2024:03:20;18:00:34;nan;1;Indéterminé
Idf12601;../data/Bousset_data/Images/Xxx/Idf12601.jpg;Xxx;Bactériose ou toxicité;Bactérie ou toxicité;Indéterminé;0;train;2024:03:20;18:00:38;nan;1;Indéterminé
Idf12602;../data/Bousset_data/Images/Xxx/Idf12602.jpg;Xxx;Bactériose ou toxicité;Bactérie ou toxicité;Indéterminé;0;train;2024:03:20;18:00:47;nan;1;Indéterminé
Idf12603;../data/Bousset_data/Images/Xxx/Idf12603.jpg;Xxx;Bactériose ou toxicité;Bactérie ou toxicité;Indéterminé;0;train;2024:03:20;18:01:00;nan;1;Indéterminé
Idf12604;../data/Bousset_data/Images/Xxx/Idf12604.jpg;Xxx;Bactériose ou toxicité;Bactérie ou toxicité;Indéterminé;0;train;2024:03:20;18:01:04;nan;1;Indéterminé
Idf12605;../data/Bousset_data/Images/Xxx/Idf12605.jpg;Xxx;Bactériose ou toxicité;Bactérie ou toxicité;Indéterminé;0;train;2024:03:20;18:01:09;nan;1;Indéterminé
Idf12606;../data/Bousset_data/Images/Xxx/Idf12606.jpg;Xxx;Bactériose ou toxicité;Bactérie ou toxicité;Indéterminé;0;train;2024:03:20;18:01:11;nan;1;Indéterminé
Idf12607;../data/Bousset_data/Images/Xxx/Idf12607.jpg;Xxx;Bactériose ou toxicité;Bactérie ou toxicité;Indéterminé;0;train;2024:03:20;18:01:24;nan;1;Indéterminé
Idf12608;../data/Bousset_data/Images/Xxx/Idf12608.jpg;Xxx;Bactériose ou toxicité;Bactérie ou toxicité;Indéterminé;0;train;2024:03:20;18:01:27;nan;1;Indéterminé
Idf12609;../data/Bousset_data/Images/Xxx/Idf12609.jpg;Xxx;Bactériose ou toxicité;Bactérie ou toxicité;Indéterminé;0;train;2024:03:20;18:01:30;nan;1;Indéterminé
Idf12610;../data/Bousset_data/Images/Xxx/Idf12610.jpg;Xxx;Bactériose ou toxicité;Bactérie ou toxicité;Indéterminé;0;train;2024:03:20;18:01:32;nan;1;Indéterminé
Idf12611;../data/Bousset_data/Images/Xxx/Idf12611.jpg;Xxx;Bactériose ou toxicité;Bactérie ou toxicité;Indéterminé;0;train;2024:03:20;18:01:46;nan;1;Indéterminé
Idf12612;../data/Bousset_data/Images/Xxx/Idf12612.jpg;Xxx;Bactériose ou toxicité;Bactérie ou toxicité;Indéterminé;0;train;2024:03:20;18:01:51;nan;1;Indéterminé
Idf12613;../data/Bousset_data/Images/Xxx/Idf12613.jpg;Xxx;Bactériose ou toxicité;Bactérie ou toxicité;Indéterminé;0;train;2024:03:20;18:01:54;nan;1;Indéterminé
Idf12614;../data/Bousset_data/Images/Xxx/Idf12614.jpg;Xxx;Bactériose ou toxicité;Bactérie ou toxicité;Indéterminé;0;train;2024:03:20;18:01:56;nan;1;Indéterminé
Idf12615;../data/Bousset_data/Images/Xxx/Idf12615.jpg;Xxx;Bactériose ou toxicité;Bactérie ou toxicité;Indéterminé;0;train;2024:03:20;18:02:01;nan;1;Indéterminé
Idf12616;../data/Bousset_data/Images/Xxx/Idf12616.jpg;Xxx;Bactériose ou toxicité;Bactérie ou toxicité;Indéterminé;0;train;2024:03:20;18:02:06;nan;1;Indéterminé
Idf12617;../data/Bousset_data/Images/Xxx/Idf12617.jpg;Xxx;Bactériose ou toxicité;Bactérie ou toxicité;Indéterminé;0;train;2024:03:20;18:02:10;nan;1;Indéterminé
Idf12618;../data/Bousset_data/Images/Xxx/Idf12618.jpg;Xxx;Bactériose ou toxicité;Bactérie ou toxicité;Indéterminé;0;train;2024:03:20;18:02:13;nan;1;Indéterminé
Idf12619;../data/Bousset_data/Images/Xxx/Idf12619.jpg;Xxx;Bactériose ou toxicité;Bactérie ou toxicité;Indéterminé;0;train;2024:03:20;18:02:19;nan;1;Indéterminé
Idf12620;../data/Bousset_data/Images/Xxx/Idf12620.jpg;Xxx;Bactériose ou toxicité;Bactérie ou toxicité;Indéterminé;0;train;2024:03:20;18:02:32;nan;1;Indéterminé
Idf12621;../data/Bousset_data/Images/Xxx/Idf12621.jpg;Xxx;Bactériose ou toxicité;Bactérie ou toxicité;Indéterminé;0;train;2024:03:20;18:02:34;nan;1;Indéterminé
Idf12622;../data/Bousset_data/Images/Xxx/Idf12622.jpg;Xxx;Bactériose ou toxicité;Bactérie ou toxicité;Indéterminé;0;train;2024:03:20;18:02:38;nan;1;Indéterminé
Idf12623;../data/Bousset_data/Images/Xxx/Idf12623.jpg;Xxx;Bactériose ou toxicité;Bactérie ou toxicité;Indéterminé;0;train;2024:03:20;18:02:42;nan;1;Indéterminé
Idf12624;../data/Bousset_data/Images/Xxx/Idf12624.jpg;Xxx;Bactériose ou toxicité;Bactérie ou toxicité;Indéterminé;0;train;2024:03:20;18:03:03;nan;1;Indéterminé
Idf12625;../data/Bousset_data/Images/Xxx/Idf12625.jpg;Xxx;Bactériose ou toxicité;Bactérie ou toxicité;Indéterminé;0;train;2024:03:20;18:03:05;nan;1;Indéterminé
Idf12626;../data/Bousset_data/Images/Xxx/Idf12626.jpg;Xxx;Bactériose ou toxicité;Bactérie ou toxicité;Indéterminé;0;train;2024:03:20;18:03:16;nan;1;Indéterminé
Idf12627;../data/Bousset_data/Images/Xxx/Idf12627.jpg;Xxx;Bactériose ou toxicité;Bactérie ou toxicité;Indéterminé;0;train;2024:03:20;18:03:25;nan;1;Indéterminé
Idf12628;../data/Bousset_data/Images/Xxx/Idf12628.jpg;Xxx;Bactériose ou toxicité;Bactérie ou toxicité;Indéterminé;0;train;2024:03:20;18:03:29;nan;1;Indéterminé
Idf12630;../data/Bousset_data/Images/Xxx/Idf12630.jpg;Xxx;Bactériose ou toxicité;Bactérie ou toxicité;Indéterminé;0;train;2024:03:20;18:03:56;nan;1;Indéterminé
Idf12631;../data/Bousset_data/Images/Xxx/Idf12631.jpg;Xxx;Bactériose ou toxicité;Bactérie ou toxicité;Indéterminé;0;train;2024:03:20;18:04:06;nan;1;Indéterminé
Idf12632;../data/Bousset_data/Images/Xxx/Idf12632.jpg;Xxx;Bactériose ou toxicité;Bactérie ou toxicité;Indéterminé;0;train;2024:03:20;18:04:11;nan;1;Indéterminé
Idf12633;../data/Bousset_data/Images/Xxx/Idf12633.jpg;Xxx;Bactériose ou toxicité;Bactérie ou toxicité;Indéterminé;0;train;2024:03:20;18:04:20;nan;1;Indéterminé
Idf12634;../data/Bousset_data/Images/Xxx/Idf12634.jpg;Xxx;Bactériose ou toxicité;Bactérie ou toxicité;Indéterminé;0;train;2024:03:20;18:04:37;nan;1;Indéterminé
Idf12635;../data/Bousset_data/Images/Xxx/Idf12635.jpg;Xxx;Bactériose ou toxicité;Bactérie ou toxicité;Indéterminé;0;train;2024:03:20;18:04:45;nan;1;Indéterminé
Idf12636;../data/Bousset_data/Images/Xxx/Idf12636.jpg;Xxx;Bactériose ou toxicité;Bactérie ou toxicité;Indéterminé;0;train;2024:03:20;18:04:54;nan;1;Indéterminé
Idf12637;../data/Bousset_data/Images/Xxx/Idf12637.jpg;Xxx;Bactériose ou toxicité;Bactérie ou toxicité;Indéterminé;0;train;2024:03:20;18:05:07;nan;1;Indéterminé
Idf12638;../data/Bousset_data/Images/Xxx/Idf12638.jpg;Xxx;Bactériose ou toxicité;Bactérie ou toxicité;Indéterminé;0;train;2024:03:20;18:05:15;nan;1;Indéterminé
Idf12639;../data/Bousset_data/Images/Xxx/Idf12639.jpg;Xxx;Bactériose ou toxicité;Bactérie ou toxicité;Indéterminé;0;train;2024:03:20;18:05:19;nan;1;Indéterminé
Idf12640;../data/Bousset_data/Images/Xxx/Idf12640.jpg;Xxx;Bactériose ou toxicité;Bactérie ou toxicité;Indéterminé;0;train;2024:03:20;18:05:49;nan;1;Indéterminé
Idf12641;../data/Bousset_data/Images/Xxx/Idf12641.jpg;Xxx;Bactériose ou toxicité;Bactérie ou toxicité;Indéterminé;0;train;2024:03:20;18:06:23;nan;1;Indéterminé
Idf12642;../data/Bousset_data/Images/Xxx/Idf12642.jpg;Xxx;Bactériose ou toxicité;Bactérie ou toxicité;Indéterminé;0;train;2024:03:20;18:06:30;nan;1;Indéterminé
Idf12643;../data/Bousset_data/Images/Xxx/Idf12643.jpg;Xxx;Bactériose ou toxicité;Bactérie ou toxicité;Indéterminé;0;train;2024:03:20;18:06:39;nan;1;Indéterminé
Idf12644;../data/Bousset_data/Images/Xxx/Idf12644.jpg;Xxx;Bactériose ou toxicité;Bactérie ou toxicité;Indéterminé;0;train;2024:03:20;18:06:43;nan;1;Indéterminé
Idf12645;../data/Bousset_data/Images/Xxx/Idf12645.jpg;Xxx;Bactériose ou toxicité;Bactérie ou toxicité;Indéterminé;0;train;2024:03:20;18:06:46;nan;1;Indéterminé
Idf12646;../data/Bousset_data/Images/Xxx/Idf12646.jpg;Xxx;Bactériose ou toxicité;Bactérie ou toxicité;Indéterminé;0;train;2024:03:20;18:06:54;nan;1;Indéterminé
Idf12647;../data/Bousset_data/Images/Xxx/Idf12647.jpg;Xxx;Bactériose ou toxicité;Bactérie ou toxicité;Indéterminé;0;train;2024:03:20;18:06:59;nan;1;Indéterminé
Idf12648;../data/Bousset_data/Images/Xxx/Idf12648.jpg;Xxx;Bactériose ou toxicité;Bactérie ou toxicité;Indéterminé;0;train;2024:03:20;18:07:21;nan;1;Indéterminé
Idf12649;../data/Bousset_data/Images/Xxx/Idf12649.jpg;Xxx;Bactériose ou toxicité;Bactérie ou toxicité;Indéterminé;0;train;2024:03:20;18:07:33;nan;1;Indéterminé
Idf12650;../data/Bousset_data/Images/Xxx/Idf12650.jpg;Xxx;Bactériose ou toxicité;Bactérie ou toxicité;Indéterminé;0;train;2024:03:20;18:07:36;nan;1;Indéterminé
Idf12651;../data/Bousset_data/Images/Xxx/Idf12651.jpg;Xxx;Bactériose ou toxicité;Bactérie ou toxicité;Indéterminé;0;train;2024:03:20;18:07:55;nan;1;Indéterminé
Idf12652;../data/Bousset_data/Images/Xxx/Idf12652.jpg;Xxx;Bactériose ou toxicité;Bactérie ou toxicité;Indéterminé;0;train;2024:03:20;18:07:58;nan;1;Indéterminé
Idf12653;../data/Bousset_data/Images/Xxx/Idf12653.jpg;Xxx;Bactériose ou toxicité;Bactérie ou toxicité;Indéterminé;0;train;2024:03:20;18:08:01;nan;1;Indéterminé
Idf12654;../data/Bousset_data/Images/Xxx/Idf12654.jpg;Xxx;Bactériose ou toxicité;Bactérie ou toxicité;Indéterminé;0;train;2024:03:20;18:08:26;nan;1;Indéterminé
Idf12655;../data/Bousset_data/Images/Xxx/Idf12655.jpg;Xxx;Bactériose ou toxicité;Bactérie ou toxicité;Indéterminé;0;train;2024:03:20;18:08:52;nan;1;Indéterminé
Idf12656;../data/Bousset_data/Images/Xxx/Idf12656.jpg;Xxx;Bactériose ou toxicité;Bactérie ou toxicité;Indéterminé;0;train;2024:03:20;18:09:09;nan;1;Indéterminé
Idf12657;../data/Bousset_data/Images/Xxx/Idf12657.jpg;Xxx;Bactériose ou toxicité;Bactérie ou toxicité;Indéterminé;0;train;2024:03:20;18:09:28;nan;1;Indéterminé
Idf12658;../data/Bousset_data/Images/Xxx/Idf12658.jpg;Xxx;Bactériose ou toxicité;Bactérie ou toxicité;Indéterminé;0;train;2024:03:20;18:09:32;nan;1;Indéterminé
Idf12659;../data/Bousset_data/Images/Xxx/Idf12659.jpg;Xxx;Bactériose ou toxicité;Bactérie ou toxicité;Indéterminé;0;train;2024:03:20;18:09:47;nan;1;Indéterminé
Idf12660;../data/Bousset_data/Images/Xxx/Idf12660.jpg;Xxx;Bactériose ou toxicité;Bactérie ou toxicité;Indéterminé;0;train;2024:03:20;18:10:02;nan;1;Indéterminé
Idf12661;../data/Bousset_data/Images/Xxx/Idf12661.jpg;Xxx;Bactériose ou toxicité;Bactérie ou toxicité;Indéterminé;0;train;2024:03:20;18:10:04;nan;1;Indéterminé
Idf12662;../data/Bousset_data/Images/Xxx/Idf12662.jpg;Xxx;Bactériose ou toxicité;Bactérie ou toxicité;Indéterminé;0;train;2024:03:20;18:10:06;nan;1;Indéterminé
Idf12663;../data/Bousset_data/Images/Xxx/Idf12663.jpg;Xxx;Bactériose ou toxicité;Bactérie ou toxicité;Indéterminé;0;train;2024:03:20;18:10:17;nan;1;Indéterminé
Idf12664;../data/Bousset_data/Images/Xxx/Idf12664.jpg;Xxx;Bactériose ou toxicité;Bactérie ou toxicité;Indéterminé;0;train;2024:03:20;18:10:52;nan;1;Indéterminé
Idf12665;../data/Bousset_data/Images/Xxx/Idf12665.jpg;Xxx;Bactériose ou toxicité;Bactérie ou toxicité;Indéterminé;0;train;2024:03:20;18:11:23;nan;1;Indéterminé
Idf12666;../data/Bousset_data/Images/Xxx/Idf12666.jpg;Xxx;Bactériose ou toxicité;Bactérie ou toxicité;Indéterminé;0;train;2024:03:20;18:11:25;nan;1;Indéterminé
Idf12667;../data/Bousset_data/Images/Xxx/Idf12667.jpg;Xxx;Bactériose ou toxicité;Bactérie ou toxicité;Indéterminé;0;train;2024:03:20;18:11:30;nan;1;Indéterminé
Idf12668;../data/Bousset_data/Images/Xxx/Idf12668.jpg;Xxx;Bactériose ou toxicité;Bactérie ou toxicité;Indéterminé;0;train;2024:03:20;18:11:41;nan;1;Indéterminé
Idf12670;../data/Bousset_data/Images/Xxx/Idf12670.jpg;Xxx;Bactériose ou toxicité;Bactérie ou toxicité;Indéterminé;0;train;2024:03:20;18:12:00;nan;1;Indéterminé
Idf12671;../data/Bousset_data/Images/Xxx/Idf12671.jpg;Xxx;Bactériose ou toxicité;Bactérie ou toxicité;Indéterminé;0;train;2024:03:20;18:12:02;nan;1;Indéterminé
Idf12672;../data/Bousset_data/Images/Xxx/Idf12672.jpg;Xxx;Bactériose ou toxicité;Bactérie ou toxicité;Indéterminé;0;train;2024:03:20;18:12:04;nan;1;Indéterminé
Idf12673;../data/Bousset_data/Images/Xxx/Idf12673.jpg;Xxx;Bactériose ou toxicité;Bactérie ou toxicité;Indéterminé;0;train;2024:03:20;18:12:07;nan;1;Indéterminé
Idf12674;../data/Bousset_data/Images/Xxx/Idf12674.jpg;Xxx;Bactériose ou toxicité;Bactérie ou toxicité;Indéterminé;0;train;2024:03:20;18:12:11;nan;1;Indéterminé
Idf12675;../data/Bousset_data/Images/Xxx/Idf12675.jpg;Xxx;Bactériose ou toxicité;Bactérie ou toxicité;Indéterminé;0;train;2024:03:20;18:12:18;nan;1;Indéterminé
Idf12676;../data/Bousset_data/Images/Xxx/Idf12676.jpg;Xxx;Bactériose ou toxicité;Bactérie ou toxicité;Indéterminé;0;train;2024:03:20;18:13:17;nan;1;Indéterminé
Idf12677;../data/Bousset_data/Images/Xxx/Idf12677.jpg;Xxx;Bactériose ou toxicité;Bactérie ou toxicité;Indéterminé;0;train;2024:03:20;18:13:20;nan;1;Indéterminé
Idf12678;../data/Bousset_data/Images/Xxx/Idf12678.jpg;Xxx;Bactériose ou toxicité;Bactérie ou toxicité;Indéterminé;0;train;2024:03:20;18:13:54;nan;1;Indéterminé
Idf12679;../data/Bousset_data/Images/Xxx/Idf12679.jpg;Xxx;Bactériose ou toxicité;Bactérie ou toxicité;Indéterminé;0;train;2024:03:20;18:14:15;nan;1;Indéterminé
Idf12680;../data/Bousset_data/Images/Xxx/Idf12680.jpg;Xxx;Bactériose ou toxicité;Bactérie ou toxicité;Indéterminé;0;train;2024:03:20;18:14:17;nan;1;Indéterminé
Idf12681;../data/Bousset_data/Images/Xxx/Idf12681.jpg;Xxx;Bactériose ou toxicité;Bactérie ou toxicité;Indéterminé;0;train;2024:03:20;18:14:27;nan;1;Indéterminé
Idf12682;../data/Bousset_data/Images/Xxx/Idf12682.jpg;Xxx;Bactériose ou toxicité;Bactérie ou toxicité;Indéterminé;0;train;2024:03:20;18:14:29;nan;1;Indéterminé
Idf12683;../data/Bousset_data/Images/Xxx/Idf12683.jpg;Xxx;Bactériose ou toxicité;Bactérie ou toxicité;Indéterminé;0;train;2024:03:20;18:14:45;nan;1;Indéterminé
