imgnum;imgpath;crop;code_x;key;Species;EPPO_map;Organisme;code_y;Notes;train_test_set;code;date;hour;artist;day_obs_count;subid
Iav00038;../data/Bousset2_data/Images/Avoine/0_Saines/Iav00038.jpg;Avoine;0_Saines;Avoine_0_Saines;Avoine;;;0_Saines;Asymptomatiques;train;0_Saines;2024:04:15;13:52:53;nan;23;Avoine_0_Saines
Iav00049;../data/Bousset2_data/Images/Avoine/0_Saines/Iav00049.jpg;Avoine;0_Saines;Avoine_0_Saines;Avoine;;;0_Saines;Asymptomatiques;train;0_Saines;2024:04:15;13:57:33;nan;23;Avoine_0_Saines
Iav00050;../data/Bousset2_data/Images/Avoine/0_Saines/Iav00050.jpg;Avoine;0_Saines;Avoine_0_Saines;Avoine;;;0_Saines;Asymptomatiques;train;0_Saines;2024:04:15;13:57:35;nan;23;Avoine_0_Saines
Iav00051;../data/Bousset2_data/Images/Avoine/0_Saines/Iav00051.jpg;Avoine;0_Saines;Avoine_0_Saines;Avoine;;;0_Saines;Asymptomatiques;train;0_Saines;2024:04:15;13:57:46;nan;23;Avoine_0_Saines
Iav00088;../data/Bousset2_data/Images/Avoine/0_Saines/Iav00088.jpg;Avoine;0_Saines;Avoine_0_Saines;Avoine;;;0_Saines;Asymptomatiques;train;0_Saines;2024:04:22;14:03:25;nan;23;Avoine_0_Saines
Iav00123;../data/Bousset2_data/Images/Avoine/0_Saines/Iav00123.jpg;Avoine;0_Saines;Avoine_0_Saines;Avoine;;;0_Saines;Asymptomatiques;train;0_Saines;2024:05:03;13:37:55;nan;23;Avoine_0_Saines
Iav00124;../data/Bousset2_data/Images/Avoine/0_Saines/Iav00124.jpg;Avoine;0_Saines;Avoine_0_Saines;Avoine;;;0_Saines;Asymptomatiques;train;0_Saines;2024:05:03;13:38:03;nan;23;Avoine_0_Saines
Iav00125;../data/Bousset2_data/Images/Avoine/0_Saines/Iav00125.jpg;Avoine;0_Saines;Avoine_0_Saines;Avoine;;;0_Saines;Asymptomatiques;train;0_Saines;2024:05:03;13:38:05;nan;23;Avoine_0_Saines
Iav00126;../data/Bousset2_data/Images/Avoine/0_Saines/Iav00126.jpg;Avoine;0_Saines;Avoine_0_Saines;Avoine;;;0_Saines;Asymptomatiques;train;0_Saines;2024:05:03;13:38:07;nan;23;Avoine_0_Saines
Iav00169;../data/Bousset2_data/Images/Avoine/0_Saines/Iav00169.jpg;Avoine;0_Saines;Avoine_0_Saines;Avoine;;;0_Saines;Asymptomatiques;train;0_Saines;2024:05:23;12:25:02;nan;23;Avoine_0_Saines
Iav00170;../data/Bousset2_data/Images/Avoine/0_Saines/Iav00170.jpg;Avoine;0_Saines;Avoine_0_Saines;Avoine;;;0_Saines;Asymptomatiques;train;0_Saines;2024:05:23;12:25:05;nan;23;Avoine_0_Saines
Iav00021;../data/Bousset2_data/Images/Avoine/Oïdium/Iav00021.jpg;Avoine;Oïdium;Avoine_Oïdium;Avoine;ERYSGA;Blumeria graminis f.sp avenae;Oïdium;;train;Oïdium;2024:04:15;13:48:43;nan;14;Avoine_Oïdium
Iav00022;../data/Bousset2_data/Images/Avoine/Oïdium/Iav00022.jpg;Avoine;Oïdium;Avoine_Oïdium;Avoine;ERYSGA;Blumeria graminis f.sp avenae;Oïdium;;train;Oïdium;2024:04:15;13:49:21;nan;14;Avoine_Oïdium
Iav00031;../data/Bousset2_data/Images/Avoine/Oïdium/Iav00031.jpg;Avoine;Oïdium;Avoine_Oïdium;Avoine;ERYSGA;Blumeria graminis f.sp avenae;Oïdium;;train;Oïdium;2024:04:15;13:50:59;nan;14;Avoine_Oïdium
Iav00032;../data/Bousset2_data/Images/Avoine/Oïdium/Iav00032.jpg;Avoine;Oïdium;Avoine_Oïdium;Avoine;ERYSGA;Blumeria graminis f.sp avenae;Oïdium;;train;Oïdium;2024:04:15;13:51:07;nan;14;Avoine_Oïdium
Iav00033;../data/Bousset2_data/Images/Avoine/Oïdium/Iav00033.jpg;Avoine;Oïdium;Avoine_Oïdium;Avoine;ERYSGA;Blumeria graminis f.sp avenae;Oïdium;;train;Oïdium;2024:04:15;13:51:09;nan;14;Avoine_Oïdium
Iav00047;../data/Bousset2_data/Images/Avoine/Oïdium/Iav00047.jpg;Avoine;Oïdium;Avoine_Oïdium;Avoine;ERYSGA;Blumeria graminis f.sp avenae;Oïdium;;train;Oïdium;2024:04:15;13:55:58;nan;14;Avoine_Oïdium
Iav00067;../data/VAULT/Bousset2_data/Images/Avoine/Oïdium/Iav00067.jpg;Avoine;Oïdium;Avoine_Oïdium;Avoine;ERYSGA;Blumeria graminis f.sp avenae;Oïdium;;vault;Oïdium;2024:04:22;13:58:11;nan;14;Avoine_Oïdium
Iav00068;../data/VAULT/Bousset2_data/Images/Avoine/Oïdium/Iav00068.jpg;Avoine;Oïdium;Avoine_Oïdium;Avoine;ERYSGA;Blumeria graminis f.sp avenae;Oïdium;;vault;Oïdium;2024:04:22;13:58:20;nan;14;Avoine_Oïdium
Iav00071;../data/VAULT/Bousset2_data/Images/Avoine/Oïdium/Iav00071.jpg;Avoine;Oïdium;Avoine_Oïdium;Avoine;ERYSGA;Blumeria graminis f.sp avenae;Oïdium;;vault;Oïdium;2024:04:22;13:58:43;nan;14;Avoine_Oïdium
Iav00072;../data/VAULT/Bousset2_data/Images/Avoine/Oïdium/Iav00072.jpg;Avoine;Oïdium;Avoine_Oïdium;Avoine;ERYSGA;Blumeria graminis f.sp avenae;Oïdium;;vault;Oïdium;2024:04:22;13:59:00;nan;14;Avoine_Oïdium
Iav00074;../data/VAULT/Bousset2_data/Images/Avoine/Oïdium/Iav00074.jpg;Avoine;Oïdium;Avoine_Oïdium;Avoine;ERYSGA;Blumeria graminis f.sp avenae;Oïdium;;vault;Oïdium;2024:04:22;13:59:45;nan;14;Avoine_Oïdium
Iav00076;../data/VAULT/Bousset2_data/Images/Avoine/Oïdium/Iav00076.jpg;Avoine;Oïdium;Avoine_Oïdium;Avoine;ERYSGA;Blumeria graminis f.sp avenae;Oïdium;;vault;Oïdium;2024:04:22;14:00:04;nan;14;Avoine_Oïdium
Iav00003;../data/Bousset2_data/Images/Avoine/Rouille couronnée/Iav00003.jpg;Avoine;Rouille couronnée;Avoine_Rouille couronnée;Avoine;PUCCCA;Puccinia coronata var avenae;Rouille couronnée;;train;Rouille couronnée;2024:04:15;13:44:28;nan;7;Avoine_Rouille couronnée
Iav00005;../data/Bousset2_data/Images/Avoine/Rouille couronnée/Iav00005.jpg;Avoine;Rouille couronnée;Avoine_Rouille couronnée;Avoine;PUCCCA;Puccinia coronata var avenae;Rouille couronnée;;train;Rouille couronnée;2024:04:15;13:44:58;nan;7;Avoine_Rouille couronnée
Iav00006;../data/Bousset2_data/Images/Avoine/Rouille couronnée/Iav00006.jpg;Avoine;Rouille couronnée;Avoine_Rouille couronnée;Avoine;PUCCCA;Puccinia coronata var avenae;Rouille couronnée;;train;Rouille couronnée;2024:04:15;13:45:20;nan;7;Avoine_Rouille couronnée
Iav00007;../data/Bousset2_data/Images/Avoine/Rouille couronnée/Iav00007.jpg;Avoine;Rouille couronnée;Avoine_Rouille couronnée;Avoine;PUCCCA;Puccinia coronata var avenae;Rouille couronnée;;train;Rouille couronnée;2024:04:15;13:45:27;nan;7;Avoine_Rouille couronnée
Iav00008;../data/Bousset2_data/Images/Avoine/Rouille couronnée/Iav00008.jpg;Avoine;Rouille couronnée;Avoine_Rouille couronnée;Avoine;PUCCCA;Puccinia coronata var avenae;Rouille couronnée;;train;Rouille couronnée;2024:04:15;13:45:29;nan;7;Avoine_Rouille couronnée
Iav00009;../data/Bousset2_data/Images/Avoine/Rouille couronnée/Iav00009.jpg;Avoine;Rouille couronnée;Avoine_Rouille couronnée;Avoine;PUCCCA;Puccinia coronata var avenae;Rouille couronnée;;train;Rouille couronnée;2024:04:15;13:45:43;nan;7;Avoine_Rouille couronnée
Iav00010;../data/Bousset2_data/Images/Avoine/Rouille couronnée/Iav00010.jpg;Avoine;Rouille couronnée;Avoine_Rouille couronnée;Avoine;PUCCCA;Puccinia coronata var avenae;Rouille couronnée;;train;Rouille couronnée;2024:04:15;13:46:04;nan;7;Avoine_Rouille couronnée
Iav00011;../data/Bousset2_data/Images/Avoine/Rouille couronnée/Iav00011.jpg;Avoine;Rouille couronnée;Avoine_Rouille couronnée;Avoine;PUCCCA;Puccinia coronata var avenae;Rouille couronnée;;train;Rouille couronnée;2024:04:15;13:46:30;nan;7;Avoine_Rouille couronnée
Iav00025;../data/Bousset2_data/Images/Avoine/Rouille couronnée/Iav00025.jpg;Avoine;Rouille couronnée;Avoine_Rouille couronnée;Avoine;PUCCCA;Puccinia coronata var avenae;Rouille couronnée;;train;Rouille couronnée;2024:04:15;13:49:56;nan;7;Avoine_Rouille couronnée
Iav00039;../data/Bousset2_data/Images/Avoine/Rouille couronnée/Iav00039.jpg;Avoine;Rouille couronnée;Avoine_Rouille couronnée;Avoine;PUCCCA;Puccinia coronata var avenae;Rouille couronnée;;train;Rouille couronnée;2024:04:15;13:53:00;nan;7;Avoine_Rouille couronnée
Iav00040;../data/Bousset2_data/Images/Avoine/Rouille couronnée/Iav00040.jpg;Avoine;Rouille couronnée;Avoine_Rouille couronnée;Avoine;PUCCCA;Puccinia coronata var avenae;Rouille couronnée;;train;Rouille couronnée;2024:04:15;13:53:09;nan;7;Avoine_Rouille couronnée
Iav00041;../data/Bousset2_data/Images/Avoine/Rouille couronnée/Iav00041.jpg;Avoine;Rouille couronnée;Avoine_Rouille couronnée;Avoine;PUCCCA;Puccinia coronata var avenae;Rouille couronnée;;train;Rouille couronnée;2024:04:15;13:53:37;nan;7;Avoine_Rouille couronnée
Iav00043;../data/Bousset2_data/Images/Avoine/Rouille couronnée/Iav00043.jpg;Avoine;Rouille couronnée;Avoine_Rouille couronnée;Avoine;PUCCCA;Puccinia coronata var avenae;Rouille couronnée;;train;Rouille couronnée;2024:04:15;13:54:17;nan;7;Avoine_Rouille couronnée
Iav00044;../data/Bousset2_data/Images/Avoine/Rouille couronnée/Iav00044.jpg;Avoine;Rouille couronnée;Avoine_Rouille couronnée;Avoine;PUCCCA;Puccinia coronata var avenae;Rouille couronnée;;train;Rouille couronnée;2024:04:15;13:54:39;nan;7;Avoine_Rouille couronnée
Iav00045;../data/Bousset2_data/Images/Avoine/Rouille couronnée/Iav00045.jpg;Avoine;Rouille couronnée;Avoine_Rouille couronnée;Avoine;PUCCCA;Puccinia coronata var avenae;Rouille couronnée;;train;Rouille couronnée;2024:04:15;13:54:50;nan;7;Avoine_Rouille couronnée
Iav00055;../data/Bousset2_data/Images/Avoine/Rouille couronnée/Iav00055.jpg;Avoine;Rouille couronnée;Avoine_Rouille couronnée;Avoine;PUCCCA;Puccinia coronata var avenae;Rouille couronnée;;train;Rouille couronnée;2024:04:15;14:00:37;nan;7;Avoine_Rouille couronnée
Iav00062;../data/Bousset2_data/Images/Avoine/Rouille couronnée/Iav00062.jpg;Avoine;Rouille couronnée;Avoine_Rouille couronnée;Avoine;PUCCCA;Puccinia coronata var avenae;Rouille couronnée;;train;Rouille couronnée;2024:04:22;13:56:49;nan;7;Avoine_Rouille couronnée
Iav00063;../data/Bousset2_data/Images/Avoine/Rouille couronnée/Iav00063.jpg;Avoine;Rouille couronnée;Avoine_Rouille couronnée;Avoine;PUCCCA;Puccinia coronata var avenae;Rouille couronnée;;train;Rouille couronnée;2024:04:22;13:57:17;nan;7;Avoine_Rouille couronnée
Iav00064;../data/Bousset2_data/Images/Avoine/Rouille couronnée/Iav00064.jpg;Avoine;Rouille couronnée;Avoine_Rouille couronnée;Avoine;PUCCCA;Puccinia coronata var avenae;Rouille couronnée;;train;Rouille couronnée;2024:04:22;13:57:23;nan;7;Avoine_Rouille couronnée
Iav00065;../data/Bousset2_data/Images/Avoine/Rouille couronnée/Iav00065.jpg;Avoine;Rouille couronnée;Avoine_Rouille couronnée;Avoine;PUCCCA;Puccinia coronata var avenae;Rouille couronnée;;train;Rouille couronnée;2024:04:22;13:57:47;nan;7;Avoine_Rouille couronnée
Iav00066;../data/Bousset2_data/Images/Avoine/Rouille couronnée/Iav00066.jpg;Avoine;Rouille couronnée;Avoine_Rouille couronnée;Avoine;PUCCCA;Puccinia coronata var avenae;Rouille couronnée;;train;Rouille couronnée;2024:04:22;13:57:52;nan;7;Avoine_Rouille couronnée
Iav00080;../data/Bousset2_data/Images/Avoine/Rouille couronnée/Iav00080.jpg;Avoine;Rouille couronnée;Avoine_Rouille couronnée;Avoine;PUCCCA;Puccinia coronata var avenae;Rouille couronnée;;train;Rouille couronnée;2024:04:22;14:01:16;nan;7;Avoine_Rouille couronnée
Iav00081;../data/Bousset2_data/Images/Avoine/Rouille couronnée/Iav00081.jpg;Avoine;Rouille couronnée;Avoine_Rouille couronnée;Avoine;PUCCCA;Puccinia coronata var avenae;Rouille couronnée;;train;Rouille couronnée;2024:04:22;14:01:19;nan;7;Avoine_Rouille couronnée
Iav00082;../data/Bousset2_data/Images/Avoine/Rouille couronnée/Iav00082.jpg;Avoine;Rouille couronnée;Avoine_Rouille couronnée;Avoine;PUCCCA;Puccinia coronata var avenae;Rouille couronnée;;train;Rouille couronnée;2024:04:22;14:01:23;nan;7;Avoine_Rouille couronnée
Iav00084;../data/Bousset2_data/Images/Avoine/Rouille couronnée/Iav00084.jpg;Avoine;Rouille couronnée;Avoine_Rouille couronnée;Avoine;PUCCCA;Puccinia coronata var avenae;Rouille couronnée;;train;Rouille couronnée;2024:04:22;14:01:30;nan;7;Avoine_Rouille couronnée
Iav00085;../data/Bousset2_data/Images/Avoine/Rouille couronnée/Iav00085.jpg;Avoine;Rouille couronnée;Avoine_Rouille couronnée;Avoine;PUCCCA;Puccinia coronata var avenae;Rouille couronnée;;train;Rouille couronnée;2024:04:22;14:01:34;nan;7;Avoine_Rouille couronnée
Iav00089;../data/Bousset2_data/Images/Avoine/Rouille couronnée/Iav00089.jpg;Avoine;Rouille couronnée;Avoine_Rouille couronnée;Avoine;PUCCCA;Puccinia coronata var avenae;Rouille couronnée;;train;Rouille couronnée;2024:04:22;14:03:49;nan;7;Avoine_Rouille couronnée
Iav00090;../data/Bousset2_data/Images/Avoine/Rouille couronnée/Iav00090.jpg;Avoine;Rouille couronnée;Avoine_Rouille couronnée;Avoine;PUCCCA;Puccinia coronata var avenae;Rouille couronnée;;train;Rouille couronnée;2024:04:22;14:03:53;nan;7;Avoine_Rouille couronnée
Iav00091;../data/Bousset2_data/Images/Avoine/Rouille couronnée/Iav00091.jpg;Avoine;Rouille couronnée;Avoine_Rouille couronnée;Avoine;PUCCCA;Puccinia coronata var avenae;Rouille couronnée;;train;Rouille couronnée;2024:04:22;14:04:01;nan;7;Avoine_Rouille couronnée
Iav00092;../data/Bousset2_data/Images/Avoine/Rouille couronnée/Iav00092.jpg;Avoine;Rouille couronnée;Avoine_Rouille couronnée;Avoine;PUCCCA;Puccinia coronata var avenae;Rouille couronnée;;train;Rouille couronnée;2024:04:22;14:04:10;nan;7;Avoine_Rouille couronnée
Iav00093;../data/Bousset2_data/Images/Avoine/Rouille couronnée/Iav00093.jpg;Avoine;Rouille couronnée;Avoine_Rouille couronnée;Avoine;PUCCCA;Puccinia coronata var avenae;Rouille couronnée;;train;Rouille couronnée;2024:04:22;14:04:19;nan;7;Avoine_Rouille couronnée
Iav00094;../data/Bousset2_data/Images/Avoine/Rouille couronnée/Iav00094.jpg;Avoine;Rouille couronnée;Avoine_Rouille couronnée;Avoine;PUCCCA;Puccinia coronata var avenae;Rouille couronnée;;train;Rouille couronnée;2024:04:22;14:04:30;nan;7;Avoine_Rouille couronnée
Iav00095;../data/Bousset2_data/Images/Avoine/Rouille couronnée/Iav00095.jpg;Avoine;Rouille couronnée;Avoine_Rouille couronnée;Avoine;PUCCCA;Puccinia coronata var avenae;Rouille couronnée;;train;Rouille couronnée;2024:05:03;13:33:40;nan;7;Avoine_Rouille couronnée
Iav00102;../data/Bousset2_data/Images/Avoine/Rouille couronnée/Iav00102.jpg;Avoine;Rouille couronnée;Avoine_Rouille couronnée;Avoine;PUCCCA;Puccinia coronata var avenae;Rouille couronnée;;train;Rouille couronnée;2024:05:03;13:35:14;nan;7;Avoine_Rouille couronnée
Iav00103;../data/Bousset2_data/Images/Avoine/Rouille couronnée/Iav00103.jpg;Avoine;Rouille couronnée;Avoine_Rouille couronnée;Avoine;PUCCCA;Puccinia coronata var avenae;Rouille couronnée;;train;Rouille couronnée;2024:05:03;13:35:16;nan;7;Avoine_Rouille couronnée
Iav00104;../data/Bousset2_data/Images/Avoine/Rouille couronnée/Iav00104.jpg;Avoine;Rouille couronnée;Avoine_Rouille couronnée;Avoine;PUCCCA;Puccinia coronata var avenae;Rouille couronnée;;train;Rouille couronnée;2024:05:03;13:35:20;nan;7;Avoine_Rouille couronnée
Iav00105;../data/Bousset2_data/Images/Avoine/Rouille couronnée/Iav00105.jpg;Avoine;Rouille couronnée;Avoine_Rouille couronnée;Avoine;PUCCCA;Puccinia coronata var avenae;Rouille couronnée;;train;Rouille couronnée;2024:05:03;13:35:27;nan;7;Avoine_Rouille couronnée
Iav00107;../data/Bousset2_data/Images/Avoine/Rouille couronnée/Iav00107.jpg;Avoine;Rouille couronnée;Avoine_Rouille couronnée;Avoine;PUCCCA;Puccinia coronata var avenae;Rouille couronnée;;train;Rouille couronnée;2024:05:03;13:35:35;nan;7;Avoine_Rouille couronnée
Iav00108;../data/Bousset2_data/Images/Avoine/Rouille couronnée/Iav00108.jpg;Avoine;Rouille couronnée;Avoine_Rouille couronnée;Avoine;PUCCCA;Puccinia coronata var avenae;Rouille couronnée;;train;Rouille couronnée;2024:05:03;13:35:46;nan;7;Avoine_Rouille couronnée
Iav00109;../data/Bousset2_data/Images/Avoine/Rouille couronnée/Iav00109.jpg;Avoine;Rouille couronnée;Avoine_Rouille couronnée;Avoine;PUCCCA;Puccinia coronata var avenae;Rouille couronnée;;train;Rouille couronnée;2024:05:03;13:35:49;nan;7;Avoine_Rouille couronnée
Iav00110;../data/Bousset2_data/Images/Avoine/Rouille couronnée/Iav00110.jpg;Avoine;Rouille couronnée;Avoine_Rouille couronnée;Avoine;PUCCCA;Puccinia coronata var avenae;Rouille couronnée;;train;Rouille couronnée;2024:05:03;13:36:00;nan;7;Avoine_Rouille couronnée
Iav00113;../data/Bousset2_data/Images/Avoine/Rouille couronnée/Iav00113.jpg;Avoine;Rouille couronnée;Avoine_Rouille couronnée;Avoine;PUCCCA;Puccinia coronata var avenae;Rouille couronnée;;train;Rouille couronnée;2024:05:03;13:36:31;nan;7;Avoine_Rouille couronnée
Iav00114;../data/Bousset2_data/Images/Avoine/Rouille couronnée/Iav00114.jpg;Avoine;Rouille couronnée;Avoine_Rouille couronnée;Avoine;PUCCCA;Puccinia coronata var avenae;Rouille couronnée;;train;Rouille couronnée;2024:05:03;13:36:41;nan;7;Avoine_Rouille couronnée
Iav00115;../data/Bousset2_data/Images/Avoine/Rouille couronnée/Iav00115.jpg;Avoine;Rouille couronnée;Avoine_Rouille couronnée;Avoine;PUCCCA;Puccinia coronata var avenae;Rouille couronnée;;train;Rouille couronnée;2024:05:03;13:36:51;nan;7;Avoine_Rouille couronnée
Iav00116;../data/Bousset2_data/Images/Avoine/Rouille couronnée/Iav00116.jpg;Avoine;Rouille couronnée;Avoine_Rouille couronnée;Avoine;PUCCCA;Puccinia coronata var avenae;Rouille couronnée;;train;Rouille couronnée;2024:05:03;13:37:00;nan;7;Avoine_Rouille couronnée
Iav00118;../data/Bousset2_data/Images/Avoine/Rouille couronnée/Iav00118.jpg;Avoine;Rouille couronnée;Avoine_Rouille couronnée;Avoine;PUCCCA;Puccinia coronata var avenae;Rouille couronnée;;train;Rouille couronnée;2024:05:03;13:37:24;nan;7;Avoine_Rouille couronnée
Iav00119;../data/Bousset2_data/Images/Avoine/Rouille couronnée/Iav00119.jpg;Avoine;Rouille couronnée;Avoine_Rouille couronnée;Avoine;PUCCCA;Puccinia coronata var avenae;Rouille couronnée;;train;Rouille couronnée;2024:05:03;13:37:26;nan;7;Avoine_Rouille couronnée
Iav00120;../data/Bousset2_data/Images/Avoine/Rouille couronnée/Iav00120.jpg;Avoine;Rouille couronnée;Avoine_Rouille couronnée;Avoine;PUCCCA;Puccinia coronata var avenae;Rouille couronnée;;train;Rouille couronnée;2024:05:03;13:37:31;nan;7;Avoine_Rouille couronnée
Iav00121;../data/Bousset2_data/Images/Avoine/Rouille couronnée/Iav00121.jpg;Avoine;Rouille couronnée;Avoine_Rouille couronnée;Avoine;PUCCCA;Puccinia coronata var avenae;Rouille couronnée;;train;Rouille couronnée;2024:05:03;13:37:38;nan;7;Avoine_Rouille couronnée
Iav00122;../data/Bousset2_data/Images/Avoine/Rouille couronnée/Iav00122.jpg;Avoine;Rouille couronnée;Avoine_Rouille couronnée;Avoine;PUCCCA;Puccinia coronata var avenae;Rouille couronnée;;train;Rouille couronnée;2024:05:03;13:37:40;nan;7;Avoine_Rouille couronnée
Iav00134;../data/Bousset2_data/Images/Avoine/Rouille couronnée/Iav00134.jpg;Avoine;Rouille couronnée;Avoine_Rouille couronnée;Avoine;PUCCCA;Puccinia coronata var avenae;Rouille couronnée;;train;Rouille couronnée;2024:05:23;12:19:53;nan;7;Avoine_Rouille couronnée
Iav00136;../data/Bousset2_data/Images/Avoine/Rouille couronnée/Iav00136.jpg;Avoine;Rouille couronnée;Avoine_Rouille couronnée;Avoine;PUCCCA;Puccinia coronata var avenae;Rouille couronnée;;train;Rouille couronnée;2024:05:23;12:20:10;nan;7;Avoine_Rouille couronnée
Iav00137;../data/Bousset2_data/Images/Avoine/Rouille couronnée/Iav00137.jpg;Avoine;Rouille couronnée;Avoine_Rouille couronnée;Avoine;PUCCCA;Puccinia coronata var avenae;Rouille couronnée;;train;Rouille couronnée;2024:05:23;12:20:16;nan;7;Avoine_Rouille couronnée
Iav00138;../data/Bousset2_data/Images/Avoine/Rouille couronnée/Iav00138.jpg;Avoine;Rouille couronnée;Avoine_Rouille couronnée;Avoine;PUCCCA;Puccinia coronata var avenae;Rouille couronnée;;train;Rouille couronnée;2024:05:23;12:20:18;nan;7;Avoine_Rouille couronnée
Iav00139;../data/Bousset2_data/Images/Avoine/Rouille couronnée/Iav00139.jpg;Avoine;Rouille couronnée;Avoine_Rouille couronnée;Avoine;PUCCCA;Puccinia coronata var avenae;Rouille couronnée;;train;Rouille couronnée;2024:05:23;12:20:21;nan;7;Avoine_Rouille couronnée
Iav00141;../data/Bousset2_data/Images/Avoine/Rouille couronnée/Iav00141.jpg;Avoine;Rouille couronnée;Avoine_Rouille couronnée;Avoine;PUCCCA;Puccinia coronata var avenae;Rouille couronnée;;train;Rouille couronnée;2024:05:23;12:20:28;nan;7;Avoine_Rouille couronnée
Iav00142;../data/Bousset2_data/Images/Avoine/Rouille couronnée/Iav00142.jpg;Avoine;Rouille couronnée;Avoine_Rouille couronnée;Avoine;PUCCCA;Puccinia coronata var avenae;Rouille couronnée;;train;Rouille couronnée;2024:05:23;12:20:30;nan;7;Avoine_Rouille couronnée
Iav00143;../data/Bousset2_data/Images/Avoine/Rouille couronnée/Iav00143.jpg;Avoine;Rouille couronnée;Avoine_Rouille couronnée;Avoine;PUCCCA;Puccinia coronata var avenae;Rouille couronnée;;train;Rouille couronnée;2024:05:23;12:20:31;nan;7;Avoine_Rouille couronnée
Iav00144;../data/Bousset2_data/Images/Avoine/Rouille couronnée/Iav00144.jpg;Avoine;Rouille couronnée;Avoine_Rouille couronnée;Avoine;PUCCCA;Puccinia coronata var avenae;Rouille couronnée;;train;Rouille couronnée;2024:05:23;12:20:33;nan;7;Avoine_Rouille couronnée
Iav00145;../data/Bousset2_data/Images/Avoine/Rouille couronnée/Iav00145.jpg;Avoine;Rouille couronnée;Avoine_Rouille couronnée;Avoine;PUCCCA;Puccinia coronata var avenae;Rouille couronnée;;train;Rouille couronnée;2024:05:23;12:20:36;nan;7;Avoine_Rouille couronnée
Iav00146;../data/Bousset2_data/Images/Avoine/Rouille couronnée/Iav00146.jpg;Avoine;Rouille couronnée;Avoine_Rouille couronnée;Avoine;PUCCCA;Puccinia coronata var avenae;Rouille couronnée;;train;Rouille couronnée;2024:05:23;12:20:41;nan;7;Avoine_Rouille couronnée
Iav00148;../data/Bousset2_data/Images/Avoine/Rouille couronnée/Iav00148.jpg;Avoine;Rouille couronnée;Avoine_Rouille couronnée;Avoine;PUCCCA;Puccinia coronata var avenae;Rouille couronnée;;train;Rouille couronnée;2024:05:23;12:21:06;nan;7;Avoine_Rouille couronnée
Iav00149;../data/Bousset2_data/Images/Avoine/Rouille couronnée/Iav00149.jpg;Avoine;Rouille couronnée;Avoine_Rouille couronnée;Avoine;PUCCCA;Puccinia coronata var avenae;Rouille couronnée;;train;Rouille couronnée;2024:05:23;12:21:22;nan;7;Avoine_Rouille couronnée
Iav00150;../data/Bousset2_data/Images/Avoine/Rouille couronnée/Iav00150.jpg;Avoine;Rouille couronnée;Avoine_Rouille couronnée;Avoine;PUCCCA;Puccinia coronata var avenae;Rouille couronnée;;train;Rouille couronnée;2024:05:23;12:21:25;nan;7;Avoine_Rouille couronnée
Iav00151;../data/Bousset2_data/Images/Avoine/Rouille couronnée/Iav00151.jpg;Avoine;Rouille couronnée;Avoine_Rouille couronnée;Avoine;PUCCCA;Puccinia coronata var avenae;Rouille couronnée;;train;Rouille couronnée;2024:05:23;12:21:32;nan;7;Avoine_Rouille couronnée
Iav00152;../data/Bousset2_data/Images/Avoine/Rouille couronnée/Iav00152.jpg;Avoine;Rouille couronnée;Avoine_Rouille couronnée;Avoine;PUCCCA;Puccinia coronata var avenae;Rouille couronnée;;train;Rouille couronnée;2024:05:23;12:21:41;nan;7;Avoine_Rouille couronnée
Iav00153;../data/Bousset2_data/Images/Avoine/Rouille couronnée/Iav00153.jpg;Avoine;Rouille couronnée;Avoine_Rouille couronnée;Avoine;PUCCCA;Puccinia coronata var avenae;Rouille couronnée;;train;Rouille couronnée;2024:05:23;12:21:52;nan;7;Avoine_Rouille couronnée
Iav00154;../data/Bousset2_data/Images/Avoine/Rouille couronnée/Iav00154.jpg;Avoine;Rouille couronnée;Avoine_Rouille couronnée;Avoine;PUCCCA;Puccinia coronata var avenae;Rouille couronnée;;train;Rouille couronnée;2024:05:23;12:22:05;nan;7;Avoine_Rouille couronnée
Iav00155;../data/Bousset2_data/Images/Avoine/Rouille couronnée/Iav00155.jpg;Avoine;Rouille couronnée;Avoine_Rouille couronnée;Avoine;PUCCCA;Puccinia coronata var avenae;Rouille couronnée;;train;Rouille couronnée;2024:05:23;12:22:09;nan;7;Avoine_Rouille couronnée
Iav00156;../data/Bousset2_data/Images/Avoine/Rouille couronnée/Iav00156.jpg;Avoine;Rouille couronnée;Avoine_Rouille couronnée;Avoine;PUCCCA;Puccinia coronata var avenae;Rouille couronnée;;train;Rouille couronnée;2024:05:23;12:22:11;nan;7;Avoine_Rouille couronnée
Iav00157;../data/Bousset2_data/Images/Avoine/Rouille couronnée/Iav00157.jpg;Avoine;Rouille couronnée;Avoine_Rouille couronnée;Avoine;PUCCCA;Puccinia coronata var avenae;Rouille couronnée;;train;Rouille couronnée;2024:05:23;12:22:18;nan;7;Avoine_Rouille couronnée
Iav00158;../data/Bousset2_data/Images/Avoine/Rouille couronnée/Iav00158.jpg;Avoine;Rouille couronnée;Avoine_Rouille couronnée;Avoine;PUCCCA;Puccinia coronata var avenae;Rouille couronnée;;train;Rouille couronnée;2024:05:23;12:22:28;nan;7;Avoine_Rouille couronnée
Iav00159;../data/Bousset2_data/Images/Avoine/Rouille couronnée/Iav00159.jpg;Avoine;Rouille couronnée;Avoine_Rouille couronnée;Avoine;PUCCCA;Puccinia coronata var avenae;Rouille couronnée;;train;Rouille couronnée;2024:05:23;12:23:07;nan;7;Avoine_Rouille couronnée
Iav00160;../data/Bousset2_data/Images/Avoine/Rouille couronnée/Iav00160.jpg;Avoine;Rouille couronnée;Avoine_Rouille couronnée;Avoine;PUCCCA;Puccinia coronata var avenae;Rouille couronnée;;train;Rouille couronnée;2024:05:23;12:23:09;nan;7;Avoine_Rouille couronnée
Iav00161;../data/Bousset2_data/Images/Avoine/Rouille couronnée/Iav00161.jpg;Avoine;Rouille couronnée;Avoine_Rouille couronnée;Avoine;PUCCCA;Puccinia coronata var avenae;Rouille couronnée;;train;Rouille couronnée;2024:05:23;12:23:16;nan;7;Avoine_Rouille couronnée
Iav00163;../data/Bousset2_data/Images/Avoine/Rouille couronnée/Iav00163.jpg;Avoine;Rouille couronnée;Avoine_Rouille couronnée;Avoine;PUCCCA;Puccinia coronata var avenae;Rouille couronnée;;train;Rouille couronnée;2024:05:23;12:23:43;nan;7;Avoine_Rouille couronnée
Iav00165;../data/Bousset2_data/Images/Avoine/Rouille couronnée/Iav00165.jpg;Avoine;Rouille couronnée;Avoine_Rouille couronnée;Avoine;PUCCCA;Puccinia coronata var avenae;Rouille couronnée;;train;Rouille couronnée;2024:05:23;12:24:26;nan;7;Avoine_Rouille couronnée
Iav00166;../data/Bousset2_data/Images/Avoine/Rouille couronnée/Iav00166.jpg;Avoine;Rouille couronnée;Avoine_Rouille couronnée;Avoine;PUCCCA;Puccinia coronata var avenae;Rouille couronnée;;train;Rouille couronnée;2024:05:23;12:24:30;nan;7;Avoine_Rouille couronnée
Iav00167;../data/Bousset2_data/Images/Avoine/Rouille couronnée/Iav00167.jpg;Avoine;Rouille couronnée;Avoine_Rouille couronnée;Avoine;PUCCCA;Puccinia coronata var avenae;Rouille couronnée;;train;Rouille couronnée;2024:05:23;12:24:41;nan;7;Avoine_Rouille couronnée
Iav00171;../data/Bousset2_data/Images/Avoine/Rouille couronnée/Iav00171.jpg;Avoine;Rouille couronnée;Avoine_Rouille couronnée;Avoine;PUCCCA;Puccinia coronata var avenae;Rouille couronnée;;train;Rouille couronnée;2024:05:23;12:25:16;nan;7;Avoine_Rouille couronnée
Iav00173;../data/Bousset2_data/Images/Avoine/Rouille couronnée/Iav00173.jpg;Avoine;Rouille couronnée;Avoine_Rouille couronnée;Avoine;PUCCCA;Puccinia coronata var avenae;Rouille couronnée;;train;Rouille couronnée;2024:05:23;12:25:22;nan;7;Avoine_Rouille couronnée
Iav00174;../data/Bousset2_data/Images/Avoine/Rouille couronnée/Iav00174.jpg;Avoine;Rouille couronnée;Avoine_Rouille couronnée;Avoine;PUCCCA;Puccinia coronata var avenae;Rouille couronnée;;train;Rouille couronnée;2024:05:23;12:25:54;nan;7;Avoine_Rouille couronnée
Iav00175;../data/Bousset2_data/Images/Avoine/Rouille couronnée/Iav00175.jpg;Avoine;Rouille couronnée;Avoine_Rouille couronnée;Avoine;PUCCCA;Puccinia coronata var avenae;Rouille couronnée;;train;Rouille couronnée;2024:05:23;12:26:09;nan;7;Avoine_Rouille couronnée
Iav00176;../data/Bousset2_data/Images/Avoine/Rouille couronnée/Iav00176.jpg;Avoine;Rouille couronnée;Avoine_Rouille couronnée;Avoine;PUCCCA;Puccinia coronata var avenae;Rouille couronnée;;train;Rouille couronnée;2024:05:23;12:26:38;nan;7;Avoine_Rouille couronnée
Iav00177;../data/Bousset2_data/Images/Avoine/Rouille couronnée/Iav00177.jpg;Avoine;Rouille couronnée;Avoine_Rouille couronnée;Avoine;PUCCCA;Puccinia coronata var avenae;Rouille couronnée;;train;Rouille couronnée;2024:05:23;12:26:52;nan;7;Avoine_Rouille couronnée
Iav00180;../data/Bousset2_data/Images/Avoine/Rouille couronnée/Iav00180.jpg;Avoine;Rouille couronnée;Avoine_Rouille couronnée;Avoine;PUCCCA;Puccinia coronata var avenae;Rouille couronnée;;train;Rouille couronnée;2024:05:23;12:27:37;nan;7;Avoine_Rouille couronnée
Iav00182;../data/Bousset2_data/Images/Avoine/Rouille couronnée/Iav00182.jpg;Avoine;Rouille couronnée;Avoine_Rouille couronnée;Avoine;PUCCCA;Puccinia coronata var avenae;Rouille couronnée;;train;Rouille couronnée;2024:05:23;12:28:33;nan;7;Avoine_Rouille couronnée
Iav00186;../data/Bousset2_data/Images/Avoine/Rouille couronnée/Iav00186.jpg;Avoine;Rouille couronnée;Avoine_Rouille couronnée;Avoine;PUCCCA;Puccinia coronata var avenae;Rouille couronnée;;train;Rouille couronnée;2024:05:23;12:56:22;nan;7;Avoine_Rouille couronnée
Iav00187;../data/Bousset2_data/Images/Avoine/Rouille couronnée/Iav00187.jpg;Avoine;Rouille couronnée;Avoine_Rouille couronnée;Avoine;PUCCCA;Puccinia coronata var avenae;Rouille couronnée;;train;Rouille couronnée;2024:05:23;12:56:29;nan;7;Avoine_Rouille couronnée
Iav00188;../data/Bousset2_data/Images/Avoine/Rouille couronnée/Iav00188.jpg;Avoine;Rouille couronnée;Avoine_Rouille couronnée;Avoine;PUCCCA;Puccinia coronata var avenae;Rouille couronnée;;train;Rouille couronnée;2024:05:23;12:56:35;nan;7;Avoine_Rouille couronnée
Iav00190;../data/Bousset2_data/Images/Avoine/Rouille couronnée/Iav00190.jpg;Avoine;Rouille couronnée;Avoine_Rouille couronnée;Avoine;PUCCCA;Puccinia coronata var avenae;Rouille couronnée;;train;Rouille couronnée;2024:05:23;12:57:15;nan;7;Avoine_Rouille couronnée
Iav00191;../data/Bousset2_data/Images/Avoine/Rouille couronnée/Iav00191.jpg;Avoine;Rouille couronnée;Avoine_Rouille couronnée;Avoine;PUCCCA;Puccinia coronata var avenae;Rouille couronnée;;train;Rouille couronnée;2024:05:23;12:57:20;nan;7;Avoine_Rouille couronnée
Iav00192;../data/Bousset2_data/Images/Avoine/Rouille couronnée/Iav00192.jpg;Avoine;Rouille couronnée;Avoine_Rouille couronnée;Avoine;PUCCCA;Puccinia coronata var avenae;Rouille couronnée;;train;Rouille couronnée;2024:05:23;12:57:25;nan;7;Avoine_Rouille couronnée
Iav00193;../data/Bousset2_data/Images/Avoine/Rouille couronnée/Iav00193.jpg;Avoine;Rouille couronnée;Avoine_Rouille couronnée;Avoine;PUCCCA;Puccinia coronata var avenae;Rouille couronnée;;train;Rouille couronnée;2024:05:23;12:57:41;nan;7;Avoine_Rouille couronnée
Iav00194;../data/Bousset2_data/Images/Avoine/Rouille couronnée/Iav00194.jpg;Avoine;Rouille couronnée;Avoine_Rouille couronnée;Avoine;PUCCCA;Puccinia coronata var avenae;Rouille couronnée;;train;Rouille couronnée;2024:05:23;12:57:55;nan;7;Avoine_Rouille couronnée
Iav00196;../data/Bousset2_data/Images/Avoine/Rouille couronnée/Iav00196.jpg;Avoine;Rouille couronnée;Avoine_Rouille couronnée;Avoine;PUCCCA;Puccinia coronata var avenae;Rouille couronnée;;train;Rouille couronnée;2024:05:23;12:58:03;nan;7;Avoine_Rouille couronnée
Iav00197;../data/Bousset2_data/Images/Avoine/Rouille couronnée/Iav00197.jpg;Avoine;Rouille couronnée;Avoine_Rouille couronnée;Avoine;PUCCCA;Puccinia coronata var avenae;Rouille couronnée;;train;Rouille couronnée;2024:05:23;12:58:06;nan;7;Avoine_Rouille couronnée
Iav00198;../data/Bousset2_data/Images/Avoine/Rouille couronnée/Iav00198.jpg;Avoine;Rouille couronnée;Avoine_Rouille couronnée;Avoine;PUCCCA;Puccinia coronata var avenae;Rouille couronnée;;train;Rouille couronnée;2024:05:23;12:58:09;nan;7;Avoine_Rouille couronnée
Iav00199;../data/Bousset2_data/Images/Avoine/Rouille couronnée/Iav00199.jpg;Avoine;Rouille couronnée;Avoine_Rouille couronnée;Avoine;PUCCCA;Puccinia coronata var avenae;Rouille couronnée;;train;Rouille couronnée;2024:05:23;12:58:14;nan;7;Avoine_Rouille couronnée
Iav00200;../data/Bousset2_data/Images/Avoine/Rouille couronnée/Iav00200.jpg;Avoine;Rouille couronnée;Avoine_Rouille couronnée;Avoine;PUCCCA;Puccinia coronata var avenae;Rouille couronnée;;train;Rouille couronnée;2024:05:23;12:58:19;nan;7;Avoine_Rouille couronnée
Iav00201;../data/Bousset2_data/Images/Avoine/Rouille couronnée/Iav00201.jpg;Avoine;Rouille couronnée;Avoine_Rouille couronnée;Avoine;PUCCCA;Puccinia coronata var avenae;Rouille couronnée;;train;Rouille couronnée;2024:05:23;12:58:24;nan;7;Avoine_Rouille couronnée
Iav00203;../data/Bousset2_data/Images/Avoine/Rouille couronnée/Iav00203.jpg;Avoine;Rouille couronnée;Avoine_Rouille couronnée;Avoine;PUCCCA;Puccinia coronata var avenae;Rouille couronnée;;train;Rouille couronnée;2024:05:23;12:58:38;nan;7;Avoine_Rouille couronnée
Iav00204;../data/Bousset2_data/Images/Avoine/Rouille couronnée/Iav00204.jpg;Avoine;Rouille couronnée;Avoine_Rouille couronnée;Avoine;PUCCCA;Puccinia coronata var avenae;Rouille couronnée;;train;Rouille couronnée;2024:05:23;12:58:48;nan;7;Avoine_Rouille couronnée
Iav00206;../data/Bousset2_data/Images/Avoine/Rouille couronnée/Iav00206.jpg;Avoine;Rouille couronnée;Avoine_Rouille couronnée;Avoine;PUCCCA;Puccinia coronata var avenae;Rouille couronnée;;train;Rouille couronnée;2024:05:23;12:58:53;nan;7;Avoine_Rouille couronnée
Iav00207;../data/Bousset2_data/Images/Avoine/Rouille couronnée/Iav00207.jpg;Avoine;Rouille couronnée;Avoine_Rouille couronnée;Avoine;PUCCCA;Puccinia coronata var avenae;Rouille couronnée;;train;Rouille couronnée;2024:05:23;12:59:10;nan;7;Avoine_Rouille couronnée
Iav00208;../data/Bousset2_data/Images/Avoine/Rouille couronnée/Iav00208.jpg;Avoine;Rouille couronnée;Avoine_Rouille couronnée;Avoine;PUCCCA;Puccinia coronata var avenae;Rouille couronnée;;train;Rouille couronnée;2024:05:23;12:59:19;nan;7;Avoine_Rouille couronnée
Iav00209;../data/Bousset2_data/Images/Avoine/Rouille couronnée/Iav00209.jpg;Avoine;Rouille couronnée;Avoine_Rouille couronnée;Avoine;PUCCCA;Puccinia coronata var avenae;Rouille couronnée;;train;Rouille couronnée;2024:05:23;12:59:24;nan;7;Avoine_Rouille couronnée
Iav00210;../data/Bousset2_data/Images/Avoine/Rouille couronnée/Iav00210.jpg;Avoine;Rouille couronnée;Avoine_Rouille couronnée;Avoine;PUCCCA;Puccinia coronata var avenae;Rouille couronnée;;train;Rouille couronnée;2024:05:23;12:59:26;nan;7;Avoine_Rouille couronnée
Iav00211;../data/Bousset2_data/Images/Avoine/Rouille couronnée/Iav00211.jpg;Avoine;Rouille couronnée;Avoine_Rouille couronnée;Avoine;PUCCCA;Puccinia coronata var avenae;Rouille couronnée;;train;Rouille couronnée;2024:05:23;12:59:32;nan;7;Avoine_Rouille couronnée
Iav00212;../data/Bousset2_data/Images/Avoine/Rouille couronnée/Iav00212.jpg;Avoine;Rouille couronnée;Avoine_Rouille couronnée;Avoine;PUCCCA;Puccinia coronata var avenae;Rouille couronnée;;train;Rouille couronnée;2024:05:27;12:58:05;nan;7;Avoine_Rouille couronnée
Iav00213;../data/Bousset2_data/Images/Avoine/Rouille couronnée/Iav00213.jpg;Avoine;Rouille couronnée;Avoine_Rouille couronnée;Avoine;PUCCCA;Puccinia coronata var avenae;Rouille couronnée;;train;Rouille couronnée;2024:05:27;12:58:15;nan;7;Avoine_Rouille couronnée
Iav00215;../data/Bousset2_data/Images/Avoine/Rouille couronnée/Iav00215.jpg;Avoine;Rouille couronnée;Avoine_Rouille couronnée;Avoine;PUCCCA;Puccinia coronata var avenae;Rouille couronnée;;train;Rouille couronnée;2024:05:27;12:58:30;nan;7;Avoine_Rouille couronnée
Iav00216;../data/Bousset2_data/Images/Avoine/Rouille couronnée/Iav00216.jpg;Avoine;Rouille couronnée;Avoine_Rouille couronnée;Avoine;PUCCCA;Puccinia coronata var avenae;Rouille couronnée;;train;Rouille couronnée;2024:05:27;12:58:37;nan;7;Avoine_Rouille couronnée
Iav00217;../data/Bousset2_data/Images/Avoine/Rouille couronnée/Iav00217.jpg;Avoine;Rouille couronnée;Avoine_Rouille couronnée;Avoine;PUCCCA;Puccinia coronata var avenae;Rouille couronnée;;train;Rouille couronnée;2024:05:27;12:59:16;nan;7;Avoine_Rouille couronnée
Iav00218;../data/Bousset2_data/Images/Avoine/Rouille couronnée/Iav00218.jpg;Avoine;Rouille couronnée;Avoine_Rouille couronnée;Avoine;PUCCCA;Puccinia coronata var avenae;Rouille couronnée;;train;Rouille couronnée;2024:05:27;12:59:44;nan;7;Avoine_Rouille couronnée
Iav00226;../data/Bousset2_data/Images/Avoine/Rouille couronnée/Iav00226.jpg;Avoine;Rouille couronnée;Avoine_Rouille couronnée;Avoine;PUCCCA;Puccinia coronata var avenae;Rouille couronnée;;train;Rouille couronnée;2024:05:27;13:03:24;nan;7;Avoine_Rouille couronnée
Iav00229;../data/Bousset2_data/Images/Avoine/Rouille couronnée/Iav00229.jpg;Avoine;Rouille couronnée;Avoine_Rouille couronnée;Avoine;PUCCCA;Puccinia coronata var avenae;Rouille couronnée;;train;Rouille couronnée;2024:05:27;13:04:08;nan;7;Avoine_Rouille couronnée
Iav00230;../data/Bousset2_data/Images/Avoine/Rouille couronnée/Iav00230.jpg;Avoine;Rouille couronnée;Avoine_Rouille couronnée;Avoine;PUCCCA;Puccinia coronata var avenae;Rouille couronnée;;train;Rouille couronnée;2024:05:27;13:04:48;nan;7;Avoine_Rouille couronnée
Iav00235;../data/Bousset2_data/Images/Avoine/Rouille couronnée/Iav00235.jpg;Avoine;Rouille couronnée;Avoine_Rouille couronnée;Avoine;PUCCCA;Puccinia coronata var avenae;Rouille couronnée;;train;Rouille couronnée;2024:05:27;13:06:06;nan;7;Avoine_Rouille couronnée
Iav00240;../data/Bousset2_data/Images/Avoine/Rouille couronnée/Iav00240.jpg;Avoine;Rouille couronnée;Avoine_Rouille couronnée;Avoine;PUCCCA;Puccinia coronata var avenae;Rouille couronnée;;train;Rouille couronnée;2024:05:27;13:07:10;nan;7;Avoine_Rouille couronnée
Iav00247;../data/Bousset2_data/Images/Avoine/Rouille couronnée/Iav00247.jpg;Avoine;Rouille couronnée;Avoine_Rouille couronnée;Avoine;PUCCCA;Puccinia coronata var avenae;Rouille couronnée;;train;Rouille couronnée;2024:05:27;13:09:18;nan;7;Avoine_Rouille couronnée
Iav00250;../data/Bousset2_data/Images/Avoine/Rouille couronnée/Iav00250.jpg;Avoine;Rouille couronnée;Avoine_Rouille couronnée;Avoine;PUCCCA;Puccinia coronata var avenae;Rouille couronnée;;train;Rouille couronnée;2024:06:07;15:30:37;nan;7;Avoine_Rouille couronnée
Iav00251;../data/Bousset2_data/Images/Avoine/Rouille couronnée/Iav00251.jpg;Avoine;Rouille couronnée;Avoine_Rouille couronnée;Avoine;PUCCCA;Puccinia coronata var avenae;Rouille couronnée;;train;Rouille couronnée;2024:06:07;15:30:59;nan;7;Avoine_Rouille couronnée
Iav00252;../data/Bousset2_data/Images/Avoine/Rouille couronnée/Iav00252.jpg;Avoine;Rouille couronnée;Avoine_Rouille couronnée;Avoine;PUCCCA;Puccinia coronata var avenae;Rouille couronnée;;train;Rouille couronnée;2024:06:07;15:31:05;nan;7;Avoine_Rouille couronnée
Iav00257;../data/Bousset2_data/Images/Avoine/Rouille couronnée/Iav00257.jpg;Avoine;Rouille couronnée;Avoine_Rouille couronnée;Avoine;PUCCCA;Puccinia coronata var avenae;Rouille couronnée;;train;Rouille couronnée;2024:06:07;15:31:34;nan;7;Avoine_Rouille couronnée
Iav00259;../data/Bousset2_data/Images/Avoine/Rouille couronnée/Iav00259.jpg;Avoine;Rouille couronnée;Avoine_Rouille couronnée;Avoine;PUCCCA;Puccinia coronata var avenae;Rouille couronnée;;train;Rouille couronnée;2024:06:07;15:32:08;nan;7;Avoine_Rouille couronnée
Iav00264;../data/Bousset2_data/Images/Avoine/Rouille couronnée/Iav00264.jpg;Avoine;Rouille couronnée;Avoine_Rouille couronnée;Avoine;PUCCCA;Puccinia coronata var avenae;Rouille couronnée;;train;Rouille couronnée;2024:06:07;15:32:57;nan;7;Avoine_Rouille couronnée
Iav00265;../data/Bousset2_data/Images/Avoine/Rouille couronnée/Iav00265.jpg;Avoine;Rouille couronnée;Avoine_Rouille couronnée;Avoine;PUCCCA;Puccinia coronata var avenae;Rouille couronnée;;train;Rouille couronnée;2024:06:07;15:33:05;nan;7;Avoine_Rouille couronnée
Iav00266;../data/Bousset2_data/Images/Avoine/Rouille couronnée/Iav00266.jpg;Avoine;Rouille couronnée;Avoine_Rouille couronnée;Avoine;PUCCCA;Puccinia coronata var avenae;Rouille couronnée;;train;Rouille couronnée;2024:06:07;15:33:06;nan;7;Avoine_Rouille couronnée
Iav00267;../data/Bousset2_data/Images/Avoine/Rouille couronnée/Iav00267.jpg;Avoine;Rouille couronnée;Avoine_Rouille couronnée;Avoine;PUCCCA;Puccinia coronata var avenae;Rouille couronnée;;train;Rouille couronnée;2024:06:07;15:33:14;nan;7;Avoine_Rouille couronnée
Iav00270;../data/Bousset2_data/Images/Avoine/Rouille couronnée/Iav00270.jpg;Avoine;Rouille couronnée;Avoine_Rouille couronnée;Avoine;PUCCCA;Puccinia coronata var avenae;Rouille couronnée;;train;Rouille couronnée;2024:06:07;15:33:48;nan;7;Avoine_Rouille couronnée
Iav00271;../data/Bousset2_data/Images/Avoine/Rouille couronnée/Iav00271.jpg;Avoine;Rouille couronnée;Avoine_Rouille couronnée;Avoine;PUCCCA;Puccinia coronata var avenae;Rouille couronnée;;train;Rouille couronnée;2024:06:07;15:34:04;nan;7;Avoine_Rouille couronnée
Iav00275;../data/Bousset2_data/Images/Avoine/Rouille couronnée/Iav00275.jpg;Avoine;Rouille couronnée;Avoine_Rouille couronnée;Avoine;PUCCCA;Puccinia coronata var avenae;Rouille couronnée;;train;Rouille couronnée;2024:06:07;15:34:44;nan;7;Avoine_Rouille couronnée
Iav00276;../data/VAULT/Bousset2_data/Images/Avoine/Rouille couronnée/Iav00276.jpg;Avoine;Rouille couronnée;Avoine_Rouille couronnée;Avoine;PUCCCA;Puccinia coronata var avenae;Rouille couronnée;;vault;Rouille couronnée;2024:06:24;15:30:24;nan;7;Avoine_Rouille couronnée
Iav00277;../data/VAULT/Bousset2_data/Images/Avoine/Rouille couronnée/Iav00277.jpg;Avoine;Rouille couronnée;Avoine_Rouille couronnée;Avoine;PUCCCA;Puccinia coronata var avenae;Rouille couronnée;;vault;Rouille couronnée;2024:06:24;15:30:57;nan;7;Avoine_Rouille couronnée
Iav00278;../data/VAULT/Bousset2_data/Images/Avoine/Rouille couronnée/Iav00278.jpg;Avoine;Rouille couronnée;Avoine_Rouille couronnée;Avoine;PUCCCA;Puccinia coronata var avenae;Rouille couronnée;;vault;Rouille couronnée;2024:06:24;15:31:05;nan;7;Avoine_Rouille couronnée
Iav00279;../data/VAULT/Bousset2_data/Images/Avoine/Rouille couronnée/Iav00279.jpg;Avoine;Rouille couronnée;Avoine_Rouille couronnée;Avoine;PUCCCA;Puccinia coronata var avenae;Rouille couronnée;;vault;Rouille couronnée;2024:06:24;15:31:11;nan;7;Avoine_Rouille couronnée
Iav00280;../data/VAULT/Bousset2_data/Images/Avoine/Rouille couronnée/Iav00280.jpg;Avoine;Rouille couronnée;Avoine_Rouille couronnée;Avoine;PUCCCA;Puccinia coronata var avenae;Rouille couronnée;;vault;Rouille couronnée;2024:06:24;15:32:54;nan;7;Avoine_Rouille couronnée
Iav00281;../data/VAULT/Bousset2_data/Images/Avoine/Rouille couronnée/Iav00281.jpg;Avoine;Rouille couronnée;Avoine_Rouille couronnée;Avoine;PUCCCA;Puccinia coronata var avenae;Rouille couronnée;;vault;Rouille couronnée;2024:06:24;15:32:59;nan;7;Avoine_Rouille couronnée
Iav00282;../data/VAULT/Bousset2_data/Images/Avoine/Rouille couronnée/Iav00282.jpg;Avoine;Rouille couronnée;Avoine_Rouille couronnée;Avoine;PUCCCA;Puccinia coronata var avenae;Rouille couronnée;;vault;Rouille couronnée;2024:06:24;15:33:36;nan;7;Avoine_Rouille couronnée
Iav00283;../data/VAULT/Bousset2_data/Images/Avoine/Rouille couronnée/Iav00283.jpg;Avoine;Rouille couronnée;Avoine_Rouille couronnée;Avoine;PUCCCA;Puccinia coronata var avenae;Rouille couronnée;;vault;Rouille couronnée;2024:06:24;15:33:39;nan;7;Avoine_Rouille couronnée
Iav00284;../data/VAULT/Bousset2_data/Images/Avoine/Rouille couronnée/Iav00284.jpg;Avoine;Rouille couronnée;Avoine_Rouille couronnée;Avoine;PUCCCA;Puccinia coronata var avenae;Rouille couronnée;;vault;Rouille couronnée;2024:06:24;15:33:43;nan;7;Avoine_Rouille couronnée
Iav00285;../data/VAULT/Bousset2_data/Images/Avoine/Rouille couronnée/Iav00285.jpg;Avoine;Rouille couronnée;Avoine_Rouille couronnée;Avoine;PUCCCA;Puccinia coronata var avenae;Rouille couronnée;;vault;Rouille couronnée;2024:06:24;15:33:52;nan;7;Avoine_Rouille couronnée
Iav00286;../data/VAULT/Bousset2_data/Images/Avoine/Rouille couronnée/Iav00286.jpg;Avoine;Rouille couronnée;Avoine_Rouille couronnée;Avoine;PUCCCA;Puccinia coronata var avenae;Rouille couronnée;;vault;Rouille couronnée;2024:06:24;15:33:54;nan;7;Avoine_Rouille couronnée
Iav00287;../data/VAULT/Bousset2_data/Images/Avoine/Rouille couronnée/Iav00287.jpg;Avoine;Rouille couronnée;Avoine_Rouille couronnée;Avoine;PUCCCA;Puccinia coronata var avenae;Rouille couronnée;;vault;Rouille couronnée;2024:06:24;15:33:57;nan;7;Avoine_Rouille couronnée
Iav00288;../data/VAULT/Bousset2_data/Images/Avoine/Rouille couronnée/Iav00288.jpg;Avoine;Rouille couronnée;Avoine_Rouille couronnée;Avoine;PUCCCA;Puccinia coronata var avenae;Rouille couronnée;;vault;Rouille couronnée;2024:06:24;15:34:02;nan;7;Avoine_Rouille couronnée
Iav00289;../data/VAULT/Bousset2_data/Images/Avoine/Rouille couronnée/Iav00289.jpg;Avoine;Rouille couronnée;Avoine_Rouille couronnée;Avoine;PUCCCA;Puccinia coronata var avenae;Rouille couronnée;;vault;Rouille couronnée;2024:06:24;15:34:05;nan;7;Avoine_Rouille couronnée
Iav00290;../data/VAULT/Bousset2_data/Images/Avoine/Rouille couronnée/Iav00290.jpg;Avoine;Rouille couronnée;Avoine_Rouille couronnée;Avoine;PUCCCA;Puccinia coronata var avenae;Rouille couronnée;;vault;Rouille couronnée;2024:06:24;15:34:07;nan;7;Avoine_Rouille couronnée
Iav00291;../data/VAULT/Bousset2_data/Images/Avoine/Rouille couronnée/Iav00291.jpg;Avoine;Rouille couronnée;Avoine_Rouille couronnée;Avoine;PUCCCA;Puccinia coronata var avenae;Rouille couronnée;;vault;Rouille couronnée;2024:06:24;15:34:59;nan;7;Avoine_Rouille couronnée
Iav00001;../data/Bousset2_data/Images/Avoine/Virus JNO/Iav00001.jpg;Avoine;Virus JNO;Avoine_Virus JNO;Avoine;BYDV00;;Virus JNO;;train;Virus JNO;2024:04:15;13:44:11;nan;8;Avoine_Virus JNO
Iav00002;../data/Bousset2_data/Images/Avoine/Virus JNO/Iav00002.jpg;Avoine;Virus JNO;Avoine_Virus JNO;Avoine;BYDV00;;Virus JNO;;train;Virus JNO;2024:04:15;13:44:18;nan;8;Avoine_Virus JNO
Iav00004;../data/Bousset2_data/Images/Avoine/Virus JNO/Iav00004.jpg;Avoine;Virus JNO;Avoine_Virus JNO;Avoine;BYDV00;;Virus JNO;;train;Virus JNO;2024:04:15;13:44:35;nan;8;Avoine_Virus JNO
Iav00012;../data/Bousset2_data/Images/Avoine/Virus JNO/Iav00012.jpg;Avoine;Virus JNO;Avoine_Virus JNO;Avoine;BYDV00;;Virus JNO;;train;Virus JNO;2024:04:15;13:47:00;nan;8;Avoine_Virus JNO
Iav00013;../data/Bousset2_data/Images/Avoine/Virus JNO/Iav00013.jpg;Avoine;Virus JNO;Avoine_Virus JNO;Avoine;BYDV00;;Virus JNO;;train;Virus JNO;2024:04:15;13:47:12;nan;8;Avoine_Virus JNO
Iav00014;../data/Bousset2_data/Images/Avoine/Virus JNO/Iav00014.jpg;Avoine;Virus JNO;Avoine_Virus JNO;Avoine;BYDV00;;Virus JNO;;train;Virus JNO;2024:04:15;13:47:25;nan;8;Avoine_Virus JNO
Iav00015;../data/Bousset2_data/Images/Avoine/Virus JNO/Iav00015.jpg;Avoine;Virus JNO;Avoine_Virus JNO;Avoine;BYDV00;;Virus JNO;;train;Virus JNO;2024:04:15;13:47:28;nan;8;Avoine_Virus JNO
Iav00016;../data/Bousset2_data/Images/Avoine/Virus JNO/Iav00016.jpg;Avoine;Virus JNO;Avoine_Virus JNO;Avoine;BYDV00;;Virus JNO;;train;Virus JNO;2024:04:15;13:47:32;nan;8;Avoine_Virus JNO
Iav00017;../data/Bousset2_data/Images/Avoine/Virus JNO/Iav00017.jpg;Avoine;Virus JNO;Avoine_Virus JNO;Avoine;BYDV00;;Virus JNO;;train;Virus JNO;2024:04:15;13:47:45;nan;8;Avoine_Virus JNO
Iav00019;../data/Bousset2_data/Images/Avoine/Virus JNO/Iav00019.jpg;Avoine;Virus JNO;Avoine_Virus JNO;Avoine;BYDV00;;Virus JNO;;train;Virus JNO;2024:04:15;13:48:06;nan;8;Avoine_Virus JNO
Iav00020;../data/Bousset2_data/Images/Avoine/Virus JNO/Iav00020.jpg;Avoine;Virus JNO;Avoine_Virus JNO;Avoine;BYDV00;;Virus JNO;;train;Virus JNO;2024:04:15;13:48:27;nan;8;Avoine_Virus JNO
Iav00034;../data/Bousset2_data/Images/Avoine/Virus JNO/Iav00034.jpg;Avoine;Virus JNO;Avoine_Virus JNO;Avoine;BYDV00;;Virus JNO;;train;Virus JNO;2024:04:15;13:52:14;nan;8;Avoine_Virus JNO
Iav00035;../data/Bousset2_data/Images/Avoine/Virus JNO/Iav00035.jpg;Avoine;Virus JNO;Avoine_Virus JNO;Avoine;BYDV00;;Virus JNO;;train;Virus JNO;2024:04:15;13:52:20;nan;8;Avoine_Virus JNO
Iav00036;../data/Bousset2_data/Images/Avoine/Virus JNO/Iav00036.jpg;Avoine;Virus JNO;Avoine_Virus JNO;Avoine;BYDV00;;Virus JNO;;train;Virus JNO;2024:04:15;13:52:44;nan;8;Avoine_Virus JNO
Iav00037;../data/Bousset2_data/Images/Avoine/Virus JNO/Iav00037.jpg;Avoine;Virus JNO;Avoine_Virus JNO;Avoine;BYDV00;;Virus JNO;;train;Virus JNO;2024:04:15;13:52:49;nan;8;Avoine_Virus JNO
Iav00042;../data/Bousset2_data/Images/Avoine/Virus JNO/Iav00042.jpg;Avoine;Virus JNO;Avoine_Virus JNO;Avoine;BYDV00;;Virus JNO;;train;Virus JNO;2024:04:15;13:53:52;nan;8;Avoine_Virus JNO
Iav00046;../data/Bousset2_data/Images/Avoine/Virus JNO/Iav00046.jpg;Avoine;Virus JNO;Avoine_Virus JNO;Avoine;BYDV00;;Virus JNO;;train;Virus JNO;2024:04:15;13:55:48;nan;8;Avoine_Virus JNO
Iav00048;../data/Bousset2_data/Images/Avoine/Virus JNO/Iav00048.jpg;Avoine;Virus JNO;Avoine_Virus JNO;Avoine;BYDV00;;Virus JNO;;train;Virus JNO;2024:04:15;13:57:16;nan;8;Avoine_Virus JNO
Iav00053;../data/Bousset2_data/Images/Avoine/Virus JNO/Iav00053.jpg;Avoine;Virus JNO;Avoine_Virus JNO;Avoine;BYDV00;;Virus JNO;;train;Virus JNO;2024:04:15;13:59:53;nan;8;Avoine_Virus JNO
Iav00054;../data/Bousset2_data/Images/Avoine/Virus JNO/Iav00054.jpg;Avoine;Virus JNO;Avoine_Virus JNO;Avoine;BYDV00;;Virus JNO;;train;Virus JNO;2024:04:15;14:00:11;nan;8;Avoine_Virus JNO
Iav00056;../data/Bousset2_data/Images/Avoine/Virus JNO/Iav00056.jpg;Avoine;Virus JNO;Avoine_Virus JNO;Avoine;BYDV00;;Virus JNO;;train;Virus JNO;2024:04:15;14:01:01;nan;8;Avoine_Virus JNO
Iav00057;../data/VAULT/Bousset2_data/Images/Avoine/Virus JNO/Iav00057.jpg;Avoine;Virus JNO;Avoine_Virus JNO;Avoine;BYDV00;;Virus JNO;;vault;Virus JNO;2024:04:22;13:55:13;nan;8;Avoine_Virus JNO
Iav00058;../data/VAULT/Bousset2_data/Images/Avoine/Virus JNO/Iav00058.jpg;Avoine;Virus JNO;Avoine_Virus JNO;Avoine;BYDV00;;Virus JNO;;vault;Virus JNO;2024:04:22;13:55:16;nan;8;Avoine_Virus JNO
Iav00059;../data/VAULT/Bousset2_data/Images/Avoine/Virus JNO/Iav00059.jpg;Avoine;Virus JNO;Avoine_Virus JNO;Avoine;BYDV00;;Virus JNO;;vault;Virus JNO;2024:04:22;13:55:22;nan;8;Avoine_Virus JNO
Iav00060;../data/VAULT/Bousset2_data/Images/Avoine/Virus JNO/Iav00060.jpg;Avoine;Virus JNO;Avoine_Virus JNO;Avoine;BYDV00;;Virus JNO;;vault;Virus JNO;2024:04:22;13:55:34;nan;8;Avoine_Virus JNO
Iav00061;../data/VAULT/Bousset2_data/Images/Avoine/Virus JNO/Iav00061.jpg;Avoine;Virus JNO;Avoine_Virus JNO;Avoine;BYDV00;;Virus JNO;;vault;Virus JNO;2024:04:22;13:56:37;nan;8;Avoine_Virus JNO
Iav00098;../data/Bousset2_data/Images/Avoine/Virus JNO/Iav00098.jpg;Avoine;Virus JNO;Avoine_Virus JNO;Avoine;BYDV00;;Virus JNO;;train;Virus JNO;2024:05:03;13:34:26;nan;8;Avoine_Virus JNO
Iav00099;../data/Bousset2_data/Images/Avoine/Virus JNO/Iav00099.jpg;Avoine;Virus JNO;Avoine_Virus JNO;Avoine;BYDV00;;Virus JNO;;train;Virus JNO;2024:05:03;13:34:34;nan;8;Avoine_Virus JNO
Iav00100;../data/Bousset2_data/Images/Avoine/Virus JNO/Iav00100.jpg;Avoine;Virus JNO;Avoine_Virus JNO;Avoine;BYDV00;;Virus JNO;;train;Virus JNO;2024:05:03;13:34:37;nan;8;Avoine_Virus JNO
Iav00112;../data/Bousset2_data/Images/Avoine/Virus JNO/Iav00112.jpg;Avoine;Virus JNO;Avoine_Virus JNO;Avoine;BYDV00;;Virus JNO;;train;Virus JNO;2024:05:03;13:36:21;nan;8;Avoine_Virus JNO
Iav00183;../data/Bousset2_data/Images/Avoine/Virus JNO/Iav00183.jpg;Avoine;Virus JNO;Avoine_Virus JNO;Avoine;BYDV00;;Virus JNO;;train;Virus JNO;2024:05:23;12:29:12;nan;8;Avoine_Virus JNO
Iav00184;../data/Bousset2_data/Images/Avoine/Virus JNO/Iav00184.jpg;Avoine;Virus JNO;Avoine_Virus JNO;Avoine;BYDV00;;Virus JNO;;train;Virus JNO;2024:05:23;12:29:18;nan;8;Avoine_Virus JNO
Iav00189;../data/Bousset2_data/Images/Avoine/Virus JNO/Iav00189.jpg;Avoine;Virus JNO;Avoine_Virus JNO;Avoine;BYDV00;;Virus JNO;;train;Virus JNO;2024:05:23;12:56:52;nan;8;Avoine_Virus JNO
Ibl00094;../data/Bousset2_data/Images/Blé/0_Saines/Ibl00094.jpg;Blé;0_Saines;Blé_0_Saines;Blé;;;0_Saines;Asymptomatiques;train;0_Saines;2024:03:20;16:05:07;nan;23;Blé_0_Saines
Ibl00095;../data/Bousset2_data/Images/Blé/0_Saines/Ibl00095.jpg;Blé;0_Saines;Blé_0_Saines;Blé;;;0_Saines;Asymptomatiques;train;0_Saines;2024:03:20;16:05:08;nan;23;Blé_0_Saines
Ibl00096;../data/Bousset2_data/Images/Blé/0_Saines/Ibl00096.jpg;Blé;0_Saines;Blé_0_Saines;Blé;;;0_Saines;Asymptomatiques;train;0_Saines;2024:03:20;16:05:10;nan;23;Blé_0_Saines
Ibl00097;../data/Bousset2_data/Images/Blé/0_Saines/Ibl00097.jpg;Blé;0_Saines;Blé_0_Saines;Blé;;;0_Saines;Asymptomatiques;train;0_Saines;2024:03:20;16:05:12;nan;23;Blé_0_Saines
Ibl00166;../data/Bousset2_data/Images/Blé/0_Saines/Ibl00166.jpg;Blé;0_Saines;Blé_0_Saines;Blé;;;0_Saines;Asymptomatiques;train;0_Saines;2024:03:20;16:48:30;nan;23;Blé_0_Saines
Ibl00168;../data/Bousset2_data/Images/Blé/0_Saines/Ibl00168.jpg;Blé;0_Saines;Blé_0_Saines;Blé;;;0_Saines;Asymptomatiques;train;0_Saines;2024:03:20;16:48:40;nan;23;Blé_0_Saines
Ibl00169;../data/Bousset2_data/Images/Blé/0_Saines/Ibl00169.jpg;Blé;0_Saines;Blé_0_Saines;Blé;;;0_Saines;Asymptomatiques;train;0_Saines;2024:03:20;16:48:41;nan;23;Blé_0_Saines
Ibl00547;../data/Bousset2_data/Images/Blé/0_Saines/Ibl00547.jpg;Blé;0_Saines;Blé_0_Saines;Blé;;;0_Saines;Asymptomatiques;train;0_Saines;2024:05:16;15:07:07;nan;23;Blé_0_Saines
Ibl00548;../data/Bousset2_data/Images/Blé/0_Saines/Ibl00548.jpg;Blé;0_Saines;Blé_0_Saines;Blé;;;0_Saines;Asymptomatiques;train;0_Saines;2024:05:16;15:07:10;nan;23;Blé_0_Saines
Ibl00549;../data/Bousset2_data/Images/Blé/0_Saines/Ibl00549.jpg;Blé;0_Saines;Blé_0_Saines;Blé;;;0_Saines;Asymptomatiques;train;0_Saines;2024:05:16;15:07:21;nan;23;Blé_0_Saines
Ibl00640;../data/Bousset2_data/Images/Blé/0_Saines/Ibl00640.jpg;Blé;0_Saines;Blé_0_Saines;Blé;;;0_Saines;Asymptomatiques;train;0_Saines;2024:05:23;12:15:40;nan;23;Blé_0_Saines
Ibl00641;../data/Bousset2_data/Images/Blé/0_Saines/Ibl00641.jpg;Blé;0_Saines;Blé_0_Saines;Blé;;;0_Saines;Asymptomatiques;train;0_Saines;2024:05:23;12:15:43;nan;23;Blé_0_Saines
Ibl00645;../data/Bousset2_data/Images/Blé/0_Saines/Ibl00645.jpg;Blé;0_Saines;Blé_0_Saines;Blé;;;0_Saines;Asymptomatiques;train;0_Saines;2024:05:23;12:16:22;nan;23;Blé_0_Saines
Ibl00648;../data/Bousset2_data/Images/Blé/0_Saines/Ibl00648.jpg;Blé;0_Saines;Blé_0_Saines;Blé;;;0_Saines;Asymptomatiques;train;0_Saines;2024:05:23;12:18:13;nan;23;Blé_0_Saines
Ibl00649;../data/Bousset2_data/Images/Blé/0_Saines/Ibl00649.jpg;Blé;0_Saines;Blé_0_Saines;Blé;;;0_Saines;Asymptomatiques;train;0_Saines;2024:05:23;12:18:16;nan;23;Blé_0_Saines
Ibl00650;../data/Bousset2_data/Images/Blé/0_Saines/Ibl00650.jpg;Blé;0_Saines;Blé_0_Saines;Blé;;;0_Saines;Asymptomatiques;train;0_Saines;2024:05:23;12:18:19;nan;23;Blé_0_Saines
Ibl00003;../data/Bousset2_data/Images/Blé/Oïdium/Ibl00003.jpg;Blé;Oïdium;Blé_Oïdium;Blé;ERYSGT;Blumeria graminis f.sp tritici;Oïdium;;train;Oïdium;2024:02:14;14:52:46;nan;14;Blé_Oïdium
Ibl00011;../data/Bousset2_data/Images/Blé/Oïdium/Ibl00011.jpg;Blé;Oïdium;Blé_Oïdium;Blé;ERYSGT;Blumeria graminis f.sp tritici;Oïdium;;train;Oïdium;2024:02:14;14:54:54;nan;14;Blé_Oïdium
Ibl00017;../data/Bousset2_data/Images/Blé/Oïdium/Ibl00017.jpg;Blé;Oïdium;Blé_Oïdium;Blé;ERYSGT;Blumeria graminis f.sp tritici;Oïdium;;train;Oïdium;2024:02:14;14:57:29;nan;14;Blé_Oïdium
Ibl00018;../data/Bousset2_data/Images/Blé/Oïdium/Ibl00018.jpg;Blé;Oïdium;Blé_Oïdium;Blé;ERYSGT;Blumeria graminis f.sp tritici;Oïdium;;train;Oïdium;2024:03:01;11:54:30;nan;14;Blé_Oïdium
Ibl00019;../data/Bousset2_data/Images/Blé/Oïdium/Ibl00019.jpg;Blé;Oïdium;Blé_Oïdium;Blé;ERYSGT;Blumeria graminis f.sp tritici;Oïdium;;train;Oïdium;2024:03:01;11:55:01;nan;14;Blé_Oïdium
Ibl00020;../data/Bousset2_data/Images/Blé/Oïdium/Ibl00020.jpg;Blé;Oïdium;Blé_Oïdium;Blé;ERYSGT;Blumeria graminis f.sp tritici;Oïdium;;train;Oïdium;2024:03:01;11:55:29;nan;14;Blé_Oïdium
Ibl00021;../data/Bousset2_data/Images/Blé/Oïdium/Ibl00021.jpg;Blé;Oïdium;Blé_Oïdium;Blé;ERYSGT;Blumeria graminis f.sp tritici;Oïdium;;train;Oïdium;2024:03:01;11:55:44;nan;14;Blé_Oïdium
Ibl00022;../data/Bousset2_data/Images/Blé/Oïdium/Ibl00022.jpg;Blé;Oïdium;Blé_Oïdium;Blé;ERYSGT;Blumeria graminis f.sp tritici;Oïdium;;train;Oïdium;2024:03:01;11:55:47;nan;14;Blé_Oïdium
Ibl00023;../data/Bousset2_data/Images/Blé/Oïdium/Ibl00023.jpg;Blé;Oïdium;Blé_Oïdium;Blé;ERYSGT;Blumeria graminis f.sp tritici;Oïdium;;train;Oïdium;2024:03:01;11:56:36;nan;14;Blé_Oïdium
Ibl00024;../data/Bousset2_data/Images/Blé/Oïdium/Ibl00024.jpg;Blé;Oïdium;Blé_Oïdium;Blé;ERYSGT;Blumeria graminis f.sp tritici;Oïdium;;train;Oïdium;2024:03:01;11:57:14;nan;14;Blé_Oïdium
Ibl00026;../data/Bousset2_data/Images/Blé/Oïdium/Ibl00026.jpg;Blé;Oïdium;Blé_Oïdium;Blé;ERYSGT;Blumeria graminis f.sp tritici;Oïdium;;train;Oïdium;2024:03:01;11:58:18;nan;14;Blé_Oïdium
Ibl00027;../data/Bousset2_data/Images/Blé/Oïdium/Ibl00027.jpg;Blé;Oïdium;Blé_Oïdium;Blé;ERYSGT;Blumeria graminis f.sp tritici;Oïdium;;train;Oïdium;2024:03:01;11:58:30;nan;14;Blé_Oïdium
Ibl00028;../data/Bousset2_data/Images/Blé/Oïdium/Ibl00028.jpg;Blé;Oïdium;Blé_Oïdium;Blé;ERYSGT;Blumeria graminis f.sp tritici;Oïdium;;train;Oïdium;2024:03:01;11:58:41;nan;14;Blé_Oïdium
Ibl00043;../data/Bousset2_data/Images/Blé/Oïdium/Ibl00043.jpg;Blé;Oïdium;Blé_Oïdium;Blé;ERYSGT;Blumeria graminis f.sp tritici;Oïdium;;train;Oïdium;2024:03:08;14:07:32;nan;14;Blé_Oïdium
Ibl00044;../data/Bousset2_data/Images/Blé/Oïdium/Ibl00044.jpg;Blé;Oïdium;Blé_Oïdium;Blé;ERYSGT;Blumeria graminis f.sp tritici;Oïdium;;train;Oïdium;2024:03:08;14:07:40;nan;14;Blé_Oïdium
Ibl00045;../data/Bousset2_data/Images/Blé/Oïdium/Ibl00045.jpg;Blé;Oïdium;Blé_Oïdium;Blé;ERYSGT;Blumeria graminis f.sp tritici;Oïdium;;train;Oïdium;2024:03:08;14:08:04;nan;14;Blé_Oïdium
Ibl00046;../data/Bousset2_data/Images/Blé/Oïdium/Ibl00046.jpg;Blé;Oïdium;Blé_Oïdium;Blé;ERYSGT;Blumeria graminis f.sp tritici;Oïdium;;train;Oïdium;2024:03:08;14:08:20;nan;14;Blé_Oïdium
Ibl00047;../data/Bousset2_data/Images/Blé/Oïdium/Ibl00047.jpg;Blé;Oïdium;Blé_Oïdium;Blé;ERYSGT;Blumeria graminis f.sp tritici;Oïdium;;train;Oïdium;2024:03:08;14:08:44;nan;14;Blé_Oïdium
Ibl00048;../data/Bousset2_data/Images/Blé/Oïdium/Ibl00048.jpg;Blé;Oïdium;Blé_Oïdium;Blé;ERYSGT;Blumeria graminis f.sp tritici;Oïdium;;train;Oïdium;2024:03:08;14:09:04;nan;14;Blé_Oïdium
Ibl00051;../data/Bousset2_data/Images/Blé/Oïdium/Ibl00051.jpg;Blé;Oïdium;Blé_Oïdium;Blé;ERYSGT;Blumeria graminis f.sp tritici;Oïdium;;train;Oïdium;2024:03:08;14:09:48;nan;14;Blé_Oïdium
Ibl00052;../data/Bousset2_data/Images/Blé/Oïdium/Ibl00052.jpg;Blé;Oïdium;Blé_Oïdium;Blé;ERYSGT;Blumeria graminis f.sp tritici;Oïdium;;train;Oïdium;2024:03:08;14:10:28;nan;14;Blé_Oïdium
Ibl00053;../data/Bousset2_data/Images/Blé/Oïdium/Ibl00053.jpg;Blé;Oïdium;Blé_Oïdium;Blé;ERYSGT;Blumeria graminis f.sp tritici;Oïdium;;train;Oïdium;2024:03:08;14:10:34;nan;14;Blé_Oïdium
Ibl00054;../data/Bousset2_data/Images/Blé/Oïdium/Ibl00054.jpg;Blé;Oïdium;Blé_Oïdium;Blé;ERYSGT;Blumeria graminis f.sp tritici;Oïdium;;train;Oïdium;2024:03:08;14:10:39;nan;14;Blé_Oïdium
Ibl00055;../data/Bousset2_data/Images/Blé/Oïdium/Ibl00055.jpg;Blé;Oïdium;Blé_Oïdium;Blé;ERYSGT;Blumeria graminis f.sp tritici;Oïdium;;train;Oïdium;2024:03:08;14:10:53;nan;14;Blé_Oïdium
Ibl00056;../data/Bousset2_data/Images/Blé/Oïdium/Ibl00056.jpg;Blé;Oïdium;Blé_Oïdium;Blé;ERYSGT;Blumeria graminis f.sp tritici;Oïdium;;train;Oïdium;2024:03:08;14:10:58;nan;14;Blé_Oïdium
Ibl00057;../data/Bousset2_data/Images/Blé/Oïdium/Ibl00057.jpg;Blé;Oïdium;Blé_Oïdium;Blé;ERYSGT;Blumeria graminis f.sp tritici;Oïdium;;train;Oïdium;2024:03:08;14:11:02;nan;14;Blé_Oïdium
Ibl00058;../data/Bousset2_data/Images/Blé/Oïdium/Ibl00058.jpg;Blé;Oïdium;Blé_Oïdium;Blé;ERYSGT;Blumeria graminis f.sp tritici;Oïdium;;train;Oïdium;2024:03:08;14:11:19;nan;14;Blé_Oïdium
Ibl00059;../data/Bousset2_data/Images/Blé/Oïdium/Ibl00059.jpg;Blé;Oïdium;Blé_Oïdium;Blé;ERYSGT;Blumeria graminis f.sp tritici;Oïdium;;train;Oïdium;2024:03:08;14:11:41;nan;14;Blé_Oïdium
Ibl00066;../data/Bousset2_data/Images/Blé/Oïdium/Ibl00066.jpg;Blé;Oïdium;Blé_Oïdium;Blé;ERYSGT;Blumeria graminis f.sp tritici;Oïdium;;train;Oïdium;2024:03:20;16:00:01;nan;14;Blé_Oïdium
Ibl00069;../data/Bousset2_data/Images/Blé/Oïdium/Ibl00069.jpg;Blé;Oïdium;Blé_Oïdium;Blé;ERYSGT;Blumeria graminis f.sp tritici;Oïdium;;train;Oïdium;2024:03:20;16:00:32;nan;14;Blé_Oïdium
Ibl00070;../data/Bousset2_data/Images/Blé/Oïdium/Ibl00070.jpg;Blé;Oïdium;Blé_Oïdium;Blé;ERYSGT;Blumeria graminis f.sp tritici;Oïdium;;train;Oïdium;2024:03:20;16:00:43;nan;14;Blé_Oïdium
Ibl00073;../data/Bousset2_data/Images/Blé/Oïdium/Ibl00073.jpg;Blé;Oïdium;Blé_Oïdium;Blé;ERYSGT;Blumeria graminis f.sp tritici;Oïdium;;train;Oïdium;2024:03:20;16:01:32;nan;14;Blé_Oïdium
Ibl00077;../data/Bousset2_data/Images/Blé/Oïdium/Ibl00077.jpg;Blé;Oïdium;Blé_Oïdium;Blé;ERYSGT;Blumeria graminis f.sp tritici;Oïdium;;train;Oïdium;2024:03:20;16:02:22;nan;14;Blé_Oïdium
Ibl00078;../data/Bousset2_data/Images/Blé/Oïdium/Ibl00078.jpg;Blé;Oïdium;Blé_Oïdium;Blé;ERYSGT;Blumeria graminis f.sp tritici;Oïdium;;train;Oïdium;2024:03:20;16:02:29;nan;14;Blé_Oïdium
Ibl00079;../data/Bousset2_data/Images/Blé/Oïdium/Ibl00079.jpg;Blé;Oïdium;Blé_Oïdium;Blé;ERYSGT;Blumeria graminis f.sp tritici;Oïdium;;train;Oïdium;2024:03:20;16:02:33;nan;14;Blé_Oïdium
Ibl00081;../data/Bousset2_data/Images/Blé/Oïdium/Ibl00081.jpg;Blé;Oïdium;Blé_Oïdium;Blé;ERYSGT;Blumeria graminis f.sp tritici;Oïdium;;train;Oïdium;2024:03:20;16:02:54;nan;14;Blé_Oïdium
Ibl00084;../data/Bousset2_data/Images/Blé/Oïdium/Ibl00084.jpg;Blé;Oïdium;Blé_Oïdium;Blé;ERYSGT;Blumeria graminis f.sp tritici;Oïdium;;train;Oïdium;2024:03:20;16:03:34;nan;14;Blé_Oïdium
Ibl00090;../data/Bousset2_data/Images/Blé/Oïdium/Ibl00090.jpg;Blé;Oïdium;Blé_Oïdium;Blé;ERYSGT;Blumeria graminis f.sp tritici;Oïdium;;train;Oïdium;2024:03:20;16:04:29;nan;14;Blé_Oïdium
Ibl00093;../data/Bousset2_data/Images/Blé/Oïdium/Ibl00093.jpg;Blé;Oïdium;Blé_Oïdium;Blé;ERYSGT;Blumeria graminis f.sp tritici;Oïdium;;train;Oïdium;2024:03:20;16:05:04;nan;14;Blé_Oïdium
Ibl00103;../data/Bousset2_data/Images/Blé/Oïdium/Ibl00103.jpg;Blé;Oïdium;Blé_Oïdium;Blé;ERYSGT;Blumeria graminis f.sp tritici;Oïdium;;train;Oïdium;2024:03:20;14:59:14;nan;14;Blé_Oïdium
Ibl00105;../data/Bousset2_data/Images/Blé/Oïdium/Ibl00105.jpg;Blé;Oïdium;Blé_Oïdium;Blé;ERYSGT;Blumeria graminis f.sp tritici;Oïdium;;train;Oïdium;2024:03:20;14:59:22;nan;14;Blé_Oïdium
Ibl00106;../data/Bousset2_data/Images/Blé/Oïdium/Ibl00106.jpg;Blé;Oïdium;Blé_Oïdium;Blé;ERYSGT;Blumeria graminis f.sp tritici;Oïdium;;train;Oïdium;2024:03:20;14:59:45;nan;14;Blé_Oïdium
Ibl00107;../data/Bousset2_data/Images/Blé/Oïdium/Ibl00107.jpg;Blé;Oïdium;Blé_Oïdium;Blé;ERYSGT;Blumeria graminis f.sp tritici;Oïdium;;train;Oïdium;2024:03:20;14:59:48;nan;14;Blé_Oïdium
Ibl00108;../data/Bousset2_data/Images/Blé/Oïdium/Ibl00108.jpg;Blé;Oïdium;Blé_Oïdium;Blé;ERYSGT;Blumeria graminis f.sp tritici;Oïdium;;train;Oïdium;2024:03:20;14:59:51;nan;14;Blé_Oïdium
Ibl00110;../data/Bousset2_data/Images/Blé/Oïdium/Ibl00110.jpg;Blé;Oïdium;Blé_Oïdium;Blé;ERYSGT;Blumeria graminis f.sp tritici;Oïdium;;train;Oïdium;2024:03:20;15:00:05;nan;14;Blé_Oïdium
Ibl00113;../data/Bousset2_data/Images/Blé/Oïdium/Ibl00113.jpg;Blé;Oïdium;Blé_Oïdium;Blé;ERYSGT;Blumeria graminis f.sp tritici;Oïdium;;train;Oïdium;2024:03:20;15:00:28;nan;14;Blé_Oïdium
Ibl00115;../data/Bousset2_data/Images/Blé/Oïdium/Ibl00115.jpg;Blé;Oïdium;Blé_Oïdium;Blé;ERYSGT;Blumeria graminis f.sp tritici;Oïdium;;train;Oïdium;2024:03:20;15:00:39;nan;14;Blé_Oïdium
Ibl00117;../data/Bousset2_data/Images/Blé/Oïdium/Ibl00117.jpg;Blé;Oïdium;Blé_Oïdium;Blé;ERYSGT;Blumeria graminis f.sp tritici;Oïdium;;train;Oïdium;2024:03:20;15:01:07;nan;14;Blé_Oïdium
Ibl00122;../data/Bousset2_data/Images/Blé/Oïdium/Ibl00122.jpg;Blé;Oïdium;Blé_Oïdium;Blé;ERYSGT;Blumeria graminis f.sp tritici;Oïdium;;train;Oïdium;2024:03:20;15:02:10;nan;14;Blé_Oïdium
Ibl00127;../data/Bousset2_data/Images/Blé/Oïdium/Ibl00127.jpg;Blé;Oïdium;Blé_Oïdium;Blé;ERYSGT;Blumeria graminis f.sp tritici;Oïdium;;train;Oïdium;2024:03:20;15:02:48;nan;14;Blé_Oïdium
Ibl00137;../data/Bousset2_data/Images/Blé/Oïdium/Ibl00137.jpg;Blé;Oïdium;Blé_Oïdium;Blé;ERYSGT;Blumeria graminis f.sp tritici;Oïdium;;train;Oïdium;2024:03:20;15:04:01;nan;14;Blé_Oïdium
Ibl00140;../data/Bousset2_data/Images/Blé/Oïdium/Ibl00140.jpg;Blé;Oïdium;Blé_Oïdium;Blé;ERYSGT;Blumeria graminis f.sp tritici;Oïdium;;train;Oïdium;2024:03:20;15:04:53;nan;14;Blé_Oïdium
Ibl00148;../data/Bousset2_data/Images/Blé/Oïdium/Ibl00148.jpg;Blé;Oïdium;Blé_Oïdium;Blé;ERYSGT;Blumeria graminis f.sp tritici;Oïdium;;train;Oïdium;2024:03:20;15:06:40;nan;14;Blé_Oïdium
Ibl00150;../data/Bousset2_data/Images/Blé/Oïdium/Ibl00150.jpg;Blé;Oïdium;Blé_Oïdium;Blé;ERYSGT;Blumeria graminis f.sp tritici;Oïdium;;train;Oïdium;2024:03:20;15:06:55;nan;14;Blé_Oïdium
Ibl00151;../data/Bousset2_data/Images/Blé/Oïdium/Ibl00151.jpg;Blé;Oïdium;Blé_Oïdium;Blé;ERYSGT;Blumeria graminis f.sp tritici;Oïdium;;train;Oïdium;2024:03:20;15:07:02;nan;14;Blé_Oïdium
Ibl00154;../data/Bousset2_data/Images/Blé/Oïdium/Ibl00154.jpg;Blé;Oïdium;Blé_Oïdium;Blé;ERYSGT;Blumeria graminis f.sp tritici;Oïdium;;train;Oïdium;2024:03:20;15:07:48;nan;14;Blé_Oïdium
Ibl00155;../data/Bousset2_data/Images/Blé/Oïdium/Ibl00155.jpg;Blé;Oïdium;Blé_Oïdium;Blé;ERYSGT;Blumeria graminis f.sp tritici;Oïdium;;train;Oïdium;2024:03:20;15:07:50;nan;14;Blé_Oïdium
Ibl00156;../data/Bousset2_data/Images/Blé/Oïdium/Ibl00156.jpg;Blé;Oïdium;Blé_Oïdium;Blé;ERYSGT;Blumeria graminis f.sp tritici;Oïdium;;train;Oïdium;2024:03:20;15:08:05;nan;14;Blé_Oïdium
Ibl00159;../data/Bousset2_data/Images/Blé/Oïdium/Ibl00159.jpg;Blé;Oïdium;Blé_Oïdium;Blé;ERYSGT;Blumeria graminis f.sp tritici;Oïdium;;train;Oïdium;2024:03:20;15:08:28;nan;14;Blé_Oïdium
Ibl00163;../data/Bousset2_data/Images/Blé/Oïdium/Ibl00163.jpg;Blé;Oïdium;Blé_Oïdium;Blé;ERYSGT;Blumeria graminis f.sp tritici;Oïdium;;train;Oïdium;2024:03:20;15:09:39;nan;14;Blé_Oïdium
Ibl00164;../data/Bousset2_data/Images/Blé/Oïdium/Ibl00164.jpg;Blé;Oïdium;Blé_Oïdium;Blé;ERYSGT;Blumeria graminis f.sp tritici;Oïdium;;train;Oïdium;2024:03:20;15:09:56;nan;14;Blé_Oïdium
Ibl00172;../data/Bousset2_data/Images/Blé/Oïdium/Ibl00172.jpg;Blé;Oïdium;Blé_Oïdium;Blé;ERYSGT;Blumeria graminis f.sp tritici;Oïdium;;train;Oïdium;2024:03:20;16:49:42;nan;14;Blé_Oïdium
Ibl00247;../data/Bousset2_data/Images/Blé/Oïdium/Ibl00247.jpg;Blé;Oïdium;Blé_Oïdium;Blé;ERYSGT;Blumeria graminis f.sp tritici;Oïdium;;train;Oïdium;2024:04:09;11:39:13;nan;14;Blé_Oïdium
Ibl00288;../data/Bousset2_data/Images/Blé/Oïdium/Ibl00288.jpg;Blé;Oïdium;Blé_Oïdium;Blé;ERYSGT;Blumeria graminis f.sp tritici;Oïdium;;train;Oïdium;2024:04:15;12:57:43;nan;14;Blé_Oïdium
Ibl00292;../data/Bousset2_data/Images/Blé/Oïdium/Ibl00292.jpg;Blé;Oïdium;Blé_Oïdium;Blé;ERYSGT;Blumeria graminis f.sp tritici;Oïdium;;train;Oïdium;2024:04:15;13:00:10;nan;14;Blé_Oïdium
Ibl00204;../data/Bousset2_data/Images/Blé/Rouille brune/Ibl00204.jpg;Blé;Rouille brune;Blé_Rouille brune;Blé;PUCCRE;Puccinia recondita;Rouille brune;;train;Rouille brune;2024:04:05;13:31:13;nan;9;Blé_Rouille brune
Ibl00209;../data/Bousset2_data/Images/Blé/Rouille brune/Ibl00209.jpg;Blé;Rouille brune;Blé_Rouille brune;Blé;PUCCRE;Puccinia recondita;Rouille brune;;train;Rouille brune;2024:04:05;13:32:24;nan;9;Blé_Rouille brune
Ibl00404;../data/Bousset2_data/Images/Blé/Rouille brune/Ibl00404.jpg;Blé;Rouille brune;Blé_Rouille brune;Blé;PUCCRE;Puccinia recondita;Rouille brune;;train;Rouille brune;2024:04:22;14:26:48;nan;9;Blé_Rouille brune
Ibl00405;../data/Bousset2_data/Images/Blé/Rouille brune/Ibl00405.jpg;Blé;Rouille brune;Blé_Rouille brune;Blé;PUCCRE;Puccinia recondita;Rouille brune;;train;Rouille brune;2024:04:22;14:26:57;nan;9;Blé_Rouille brune
Ibl00406;../data/Bousset2_data/Images/Blé/Rouille brune/Ibl00406.jpg;Blé;Rouille brune;Blé_Rouille brune;Blé;PUCCRE;Puccinia recondita;Rouille brune;;train;Rouille brune;2024:04:22;14:26:59;nan;9;Blé_Rouille brune
Ibl00408;../data/Bousset2_data/Images/Blé/Rouille brune/Ibl00408.jpg;Blé;Rouille brune;Blé_Rouille brune;Blé;PUCCRE;Puccinia recondita;Rouille brune;;train;Rouille brune;2024:04:22;14:27:17;nan;9;Blé_Rouille brune
Ibl00409;../data/Bousset2_data/Images/Blé/Rouille brune/Ibl00409.jpg;Blé;Rouille brune;Blé_Rouille brune;Blé;PUCCRE;Puccinia recondita;Rouille brune;;train;Rouille brune;2024:04:22;14:27:23;nan;9;Blé_Rouille brune
Ibl00411;../data/Bousset2_data/Images/Blé/Rouille brune/Ibl00411.jpg;Blé;Rouille brune;Blé_Rouille brune;Blé;PUCCRE;Puccinia recondita;Rouille brune;;train;Rouille brune;2024:04:22;14:27:31;nan;9;Blé_Rouille brune
Ibl00413;../data/Bousset2_data/Images/Blé/Rouille brune/Ibl00413.jpg;Blé;Rouille brune;Blé_Rouille brune;Blé;PUCCRE;Puccinia recondita;Rouille brune;;train;Rouille brune;2024:04:22;14:27:55;nan;9;Blé_Rouille brune
Ibl00414;../data/Bousset2_data/Images/Blé/Rouille brune/Ibl00414.jpg;Blé;Rouille brune;Blé_Rouille brune;Blé;PUCCRE;Puccinia recondita;Rouille brune;;train;Rouille brune;2024:04:22;14:28:06;nan;9;Blé_Rouille brune
Ibl00415;../data/Bousset2_data/Images/Blé/Rouille brune/Ibl00415.jpg;Blé;Rouille brune;Blé_Rouille brune;Blé;PUCCRE;Puccinia recondita;Rouille brune;;train;Rouille brune;2024:04:22;14:28:20;nan;9;Blé_Rouille brune
Ibl00416;../data/Bousset2_data/Images/Blé/Rouille brune/Ibl00416.jpg;Blé;Rouille brune;Blé_Rouille brune;Blé;PUCCRE;Puccinia recondita;Rouille brune;;train;Rouille brune;2024:04:22;14:28:32;nan;9;Blé_Rouille brune
Ibl00417;../data/Bousset2_data/Images/Blé/Rouille brune/Ibl00417.jpg;Blé;Rouille brune;Blé_Rouille brune;Blé;PUCCRE;Puccinia recondita;Rouille brune;;train;Rouille brune;2024:04:22;14:28:54;nan;9;Blé_Rouille brune
Ibl00418;../data/Bousset2_data/Images/Blé/Rouille brune/Ibl00418.jpg;Blé;Rouille brune;Blé_Rouille brune;Blé;PUCCRE;Puccinia recondita;Rouille brune;;train;Rouille brune;2024:04:22;14:29:16;nan;9;Blé_Rouille brune
Ibl00419;../data/Bousset2_data/Images/Blé/Rouille brune/Ibl00419.jpg;Blé;Rouille brune;Blé_Rouille brune;Blé;PUCCRE;Puccinia recondita;Rouille brune;;train;Rouille brune;2024:04:22;14:29:26;nan;9;Blé_Rouille brune
Ibl00423;../data/Bousset2_data/Images/Blé/Rouille brune/Ibl00423.jpg;Blé;Rouille brune;Blé_Rouille brune;Blé;PUCCRE;Puccinia recondita;Rouille brune;;train;Rouille brune;2024:04:22;14:29:42;nan;9;Blé_Rouille brune
Ibl00427;../data/Bousset2_data/Images/Blé/Rouille brune/Ibl00427.jpg;Blé;Rouille brune;Blé_Rouille brune;Blé;PUCCRE;Puccinia recondita;Rouille brune;;train;Rouille brune;2024:04:22;14:30:03;nan;9;Blé_Rouille brune
Ibl00429;../data/Bousset2_data/Images/Blé/Rouille brune/Ibl00429.jpg;Blé;Rouille brune;Blé_Rouille brune;Blé;PUCCRE;Puccinia recondita;Rouille brune;;train;Rouille brune;2024:04:22;14:30:30;nan;9;Blé_Rouille brune
Ibl00430;../data/Bousset2_data/Images/Blé/Rouille brune/Ibl00430.jpg;Blé;Rouille brune;Blé_Rouille brune;Blé;PUCCRE;Puccinia recondita;Rouille brune;;train;Rouille brune;2024:04:22;14:30:35;nan;9;Blé_Rouille brune
Ibl00456;../data/Bousset2_data/Images/Blé/Rouille brune/Ibl00456.jpg;Blé;Rouille brune;Blé_Rouille brune;Blé;PUCCRE;Puccinia recondita;Rouille brune;;train;Rouille brune;2024:04:22;15:08:37;nan;9;Blé_Rouille brune
Ibl00457;../data/Bousset2_data/Images/Blé/Rouille brune/Ibl00457.jpg;Blé;Rouille brune;Blé_Rouille brune;Blé;PUCCRE;Puccinia recondita;Rouille brune;;train;Rouille brune;2024:04:22;15:08:50;nan;9;Blé_Rouille brune
Ibl00458;../data/Bousset2_data/Images/Blé/Rouille brune/Ibl00458.jpg;Blé;Rouille brune;Blé_Rouille brune;Blé;PUCCRE;Puccinia recondita;Rouille brune;;train;Rouille brune;2024:04:22;15:09:19;nan;9;Blé_Rouille brune
Ibl00459;../data/Bousset2_data/Images/Blé/Rouille brune/Ibl00459.jpg;Blé;Rouille brune;Blé_Rouille brune;Blé;PUCCRE;Puccinia recondita;Rouille brune;;train;Rouille brune;2024:04:22;15:09:50;nan;9;Blé_Rouille brune
Ibl00462;../data/Bousset2_data/Images/Blé/Rouille brune/Ibl00462.jpg;Blé;Rouille brune;Blé_Rouille brune;Blé;PUCCRE;Puccinia recondita;Rouille brune;;train;Rouille brune;2024:04:22;15:10:06;nan;9;Blé_Rouille brune
Ibl00463;../data/Bousset2_data/Images/Blé/Rouille brune/Ibl00463.jpg;Blé;Rouille brune;Blé_Rouille brune;Blé;PUCCRE;Puccinia recondita;Rouille brune;;train;Rouille brune;2024:04:22;15:10:13;nan;9;Blé_Rouille brune
Ibl00505;../data/VAULT/Bousset2_data/Images/Blé/Rouille brune/Ibl00505.jpg;Blé;Rouille brune;Blé_Rouille brune;Blé;PUCCRE;Puccinia recondita;Rouille brune;;vault;Rouille brune;2024:05:03;14:08:41;nan;9;Blé_Rouille brune
Ibl00506;../data/VAULT/Bousset2_data/Images/Blé/Rouille brune/Ibl00506.jpg;Blé;Rouille brune;Blé_Rouille brune;Blé;PUCCRE;Puccinia recondita;Rouille brune;;vault;Rouille brune;2024:05:03;14:08:48;nan;9;Blé_Rouille brune
Ibl00507;../data/VAULT/Bousset2_data/Images/Blé/Rouille brune/Ibl00507.jpg;Blé;Rouille brune;Blé_Rouille brune;Blé;PUCCRE;Puccinia recondita;Rouille brune;;vault;Rouille brune;2024:05:03;14:09:23;nan;9;Blé_Rouille brune
Ibl00508;../data/VAULT/Bousset2_data/Images/Blé/Rouille brune/Ibl00508.jpg;Blé;Rouille brune;Blé_Rouille brune;Blé;PUCCRE;Puccinia recondita;Rouille brune;;vault;Rouille brune;2024:05:03;14:09:40;nan;9;Blé_Rouille brune
Ibl00509;../data/VAULT/Bousset2_data/Images/Blé/Rouille brune/Ibl00509.jpg;Blé;Rouille brune;Blé_Rouille brune;Blé;PUCCRE;Puccinia recondita;Rouille brune;;vault;Rouille brune;2024:05:03;14:10:11;nan;9;Blé_Rouille brune
Ibl00510;../data/VAULT/Bousset2_data/Images/Blé/Rouille brune/Ibl00510.jpg;Blé;Rouille brune;Blé_Rouille brune;Blé;PUCCRE;Puccinia recondita;Rouille brune;;vault;Rouille brune;2024:05:03;14:10:42;nan;9;Blé_Rouille brune
Ibl00511;../data/VAULT/Bousset2_data/Images/Blé/Rouille brune/Ibl00511.jpg;Blé;Rouille brune;Blé_Rouille brune;Blé;PUCCRE;Puccinia recondita;Rouille brune;;vault;Rouille brune;2024:05:03;14:10:58;nan;9;Blé_Rouille brune
Ibl00598;../data/Bousset2_data/Images/Blé/Rouille brune/Ibl00598.jpg;Blé;Rouille brune;Blé_Rouille brune;Blé;PUCCRE;Puccinia recondita;Rouille brune;;train;Rouille brune;2024:05:17;16:45:32;nan;9;Blé_Rouille brune
Ibl00599;../data/Bousset2_data/Images/Blé/Rouille brune/Ibl00599.jpg;Blé;Rouille brune;Blé_Rouille brune;Blé;PUCCRE;Puccinia recondita;Rouille brune;;train;Rouille brune;2024:05:17;16:45:48;nan;9;Blé_Rouille brune
Ibl00601;../data/Bousset2_data/Images/Blé/Rouille brune/Ibl00601.jpg;Blé;Rouille brune;Blé_Rouille brune;Blé;PUCCRE;Puccinia recondita;Rouille brune;;train;Rouille brune;2024:05:17;16:46:25;nan;9;Blé_Rouille brune
Ibl00602;../data/Bousset2_data/Images/Blé/Rouille brune/Ibl00602.jpg;Blé;Rouille brune;Blé_Rouille brune;Blé;PUCCRE;Puccinia recondita;Rouille brune;;train;Rouille brune;2024:05:17;16:46:37;nan;9;Blé_Rouille brune
Ibl00603;../data/Bousset2_data/Images/Blé/Rouille brune/Ibl00603.jpg;Blé;Rouille brune;Blé_Rouille brune;Blé;PUCCRE;Puccinia recondita;Rouille brune;;train;Rouille brune;2024:05:17;16:46:48;nan;9;Blé_Rouille brune
Ibl00604;../data/Bousset2_data/Images/Blé/Rouille brune/Ibl00604.jpg;Blé;Rouille brune;Blé_Rouille brune;Blé;PUCCRE;Puccinia recondita;Rouille brune;;train;Rouille brune;2024:05:17;16:46:55;nan;9;Blé_Rouille brune
Ibl00605;../data/Bousset2_data/Images/Blé/Rouille brune/Ibl00605.jpg;Blé;Rouille brune;Blé_Rouille brune;Blé;PUCCRE;Puccinia recondita;Rouille brune;;train;Rouille brune;2024:05:17;16:47:06;nan;9;Blé_Rouille brune
Ibl00606;../data/Bousset2_data/Images/Blé/Rouille brune/Ibl00606.jpg;Blé;Rouille brune;Blé_Rouille brune;Blé;PUCCRE;Puccinia recondita;Rouille brune;;train;Rouille brune;2024:05:17;16:47:17;nan;9;Blé_Rouille brune
Ibl00607;../data/Bousset2_data/Images/Blé/Rouille brune/Ibl00607.jpg;Blé;Rouille brune;Blé_Rouille brune;Blé;PUCCRE;Puccinia recondita;Rouille brune;;train;Rouille brune;2024:05:17;16:47:27;nan;9;Blé_Rouille brune
Ibl00608;../data/Bousset2_data/Images/Blé/Rouille brune/Ibl00608.jpg;Blé;Rouille brune;Blé_Rouille brune;Blé;PUCCRE;Puccinia recondita;Rouille brune;;train;Rouille brune;2024:05:17;16:47:34;nan;9;Blé_Rouille brune
Ibl00609;../data/Bousset2_data/Images/Blé/Rouille brune/Ibl00609.jpg;Blé;Rouille brune;Blé_Rouille brune;Blé;PUCCRE;Puccinia recondita;Rouille brune;;train;Rouille brune;2024:05:17;16:47:42;nan;9;Blé_Rouille brune
Ibl00611;../data/Bousset2_data/Images/Blé/Rouille brune/Ibl00611.jpg;Blé;Rouille brune;Blé_Rouille brune;Blé;PUCCRE;Puccinia recondita;Rouille brune;;train;Rouille brune;2024:05:17;16:48:28;nan;9;Blé_Rouille brune
Ibl00612;../data/Bousset2_data/Images/Blé/Rouille brune/Ibl00612.jpg;Blé;Rouille brune;Blé_Rouille brune;Blé;PUCCRE;Puccinia recondita;Rouille brune;;train;Rouille brune;2024:05:17;16:48:50;nan;9;Blé_Rouille brune
Ibl00624;../data/Bousset2_data/Images/Blé/Rouille brune/Ibl00624.jpg;Blé;Rouille brune;Blé_Rouille brune;Blé;PUCCRE;Puccinia recondita;Rouille brune;;train;Rouille brune;2024:05:23;12:12:43;nan;9;Blé_Rouille brune
Ibl00625;../data/Bousset2_data/Images/Blé/Rouille brune/Ibl00625.jpg;Blé;Rouille brune;Blé_Rouille brune;Blé;PUCCRE;Puccinia recondita;Rouille brune;;train;Rouille brune;2024:05:23;12:12:58;nan;9;Blé_Rouille brune
Ibl00627;../data/Bousset2_data/Images/Blé/Rouille brune/Ibl00627.jpg;Blé;Rouille brune;Blé_Rouille brune;Blé;PUCCRE;Puccinia recondita;Rouille brune;;train;Rouille brune;2024:05:23;12:13:12;nan;9;Blé_Rouille brune
Ibl00628;../data/Bousset2_data/Images/Blé/Rouille brune/Ibl00628.jpg;Blé;Rouille brune;Blé_Rouille brune;Blé;PUCCRE;Puccinia recondita;Rouille brune;;train;Rouille brune;2024:05:23;12:13:22;nan;9;Blé_Rouille brune
Ibl00629;../data/Bousset2_data/Images/Blé/Rouille brune/Ibl00629.jpg;Blé;Rouille brune;Blé_Rouille brune;Blé;PUCCRE;Puccinia recondita;Rouille brune;;train;Rouille brune;2024:05:23;12:13:27;nan;9;Blé_Rouille brune
Ibl00630;../data/Bousset2_data/Images/Blé/Rouille brune/Ibl00630.jpg;Blé;Rouille brune;Blé_Rouille brune;Blé;PUCCRE;Puccinia recondita;Rouille brune;;train;Rouille brune;2024:05:23;12:13:34;nan;9;Blé_Rouille brune
Ibl00631;../data/Bousset2_data/Images/Blé/Rouille brune/Ibl00631.jpg;Blé;Rouille brune;Blé_Rouille brune;Blé;PUCCRE;Puccinia recondita;Rouille brune;;train;Rouille brune;2024:05:23;12:13:39;nan;9;Blé_Rouille brune
Ibl00632;../data/Bousset2_data/Images/Blé/Rouille brune/Ibl00632.jpg;Blé;Rouille brune;Blé_Rouille brune;Blé;PUCCRE;Puccinia recondita;Rouille brune;;train;Rouille brune;2024:05:23;12:13:44;nan;9;Blé_Rouille brune
Ibl00633;../data/Bousset2_data/Images/Blé/Rouille brune/Ibl00633.jpg;Blé;Rouille brune;Blé_Rouille brune;Blé;PUCCRE;Puccinia recondita;Rouille brune;;train;Rouille brune;2024:05:23;12:13:49;nan;9;Blé_Rouille brune
Ibl00634;../data/Bousset2_data/Images/Blé/Rouille brune/Ibl00634.jpg;Blé;Rouille brune;Blé_Rouille brune;Blé;PUCCRE;Puccinia recondita;Rouille brune;;train;Rouille brune;2024:05:23;12:13:54;nan;9;Blé_Rouille brune
Ibl00635;../data/Bousset2_data/Images/Blé/Rouille brune/Ibl00635.jpg;Blé;Rouille brune;Blé_Rouille brune;Blé;PUCCRE;Puccinia recondita;Rouille brune;;train;Rouille brune;2024:05:23;12:13:58;nan;9;Blé_Rouille brune
Ibl00680;../data/Bousset2_data/Images/Blé/Rouille brune/Ibl00680.jpg;Blé;Rouille brune;Blé_Rouille brune;Blé;PUCCRE;Puccinia recondita;Rouille brune;;train;Rouille brune;2024:05:23;12:52:05;nan;9;Blé_Rouille brune
Ibl00681;../data/Bousset2_data/Images/Blé/Rouille brune/Ibl00681.jpg;Blé;Rouille brune;Blé_Rouille brune;Blé;PUCCRE;Puccinia recondita;Rouille brune;;train;Rouille brune;2024:05:23;12:52:15;nan;9;Blé_Rouille brune
Ibl00682;../data/Bousset2_data/Images/Blé/Rouille brune/Ibl00682.jpg;Blé;Rouille brune;Blé_Rouille brune;Blé;PUCCRE;Puccinia recondita;Rouille brune;;train;Rouille brune;2024:05:23;12:52:21;nan;9;Blé_Rouille brune
Ibl00692;../data/Bousset2_data/Images/Blé/Rouille brune/Ibl00692.jpg;Blé;Rouille brune;Blé_Rouille brune;Blé;PUCCRE;Puccinia recondita;Rouille brune;;train;Rouille brune;2024:05:23;13:02:51;nan;9;Blé_Rouille brune
Ibl00693;../data/Bousset2_data/Images/Blé/Rouille brune/Ibl00693.jpg;Blé;Rouille brune;Blé_Rouille brune;Blé;PUCCRE;Puccinia recondita;Rouille brune;;train;Rouille brune;2024:05:23;13:02:55;nan;9;Blé_Rouille brune
Ibl00694;../data/Bousset2_data/Images/Blé/Rouille brune/Ibl00694.jpg;Blé;Rouille brune;Blé_Rouille brune;Blé;PUCCRE;Puccinia recondita;Rouille brune;;train;Rouille brune;2024:05:23;13:03:00;nan;9;Blé_Rouille brune
Ibl00695;../data/Bousset2_data/Images/Blé/Rouille brune/Ibl00695.jpg;Blé;Rouille brune;Blé_Rouille brune;Blé;PUCCRE;Puccinia recondita;Rouille brune;;train;Rouille brune;2024:05:23;13:03:05;nan;9;Blé_Rouille brune
Ibl00696;../data/Bousset2_data/Images/Blé/Rouille brune/Ibl00696.jpg;Blé;Rouille brune;Blé_Rouille brune;Blé;PUCCRE;Puccinia recondita;Rouille brune;;train;Rouille brune;2024:05:23;13:03:21;nan;9;Blé_Rouille brune
Ibl00717;../data/Bousset2_data/Images/Blé/Rouille brune/Ibl00717.jpg;Blé;Rouille brune;Blé_Rouille brune;Blé;PUCCRE;Puccinia recondita;Rouille brune;;train;Rouille brune;2024:06:07;15:22:50;nan;9;Blé_Rouille brune
Ibl00718;../data/Bousset2_data/Images/Blé/Rouille brune/Ibl00718.jpg;Blé;Rouille brune;Blé_Rouille brune;Blé;PUCCRE;Puccinia recondita;Rouille brune;;train;Rouille brune;2024:06:07;15:22:57;nan;9;Blé_Rouille brune
Ibl00722;../data/Bousset2_data/Images/Blé/Rouille brune/Ibl00722.jpg;Blé;Rouille brune;Blé_Rouille brune;Blé;PUCCRE;Puccinia recondita;Rouille brune;;train;Rouille brune;2024:06:07;15:23:45;nan;9;Blé_Rouille brune
Ibl00724;../data/Bousset2_data/Images/Blé/Rouille brune/Ibl00724.jpg;Blé;Rouille brune;Blé_Rouille brune;Blé;PUCCRE;Puccinia recondita;Rouille brune;;train;Rouille brune;2024:06:07;15:24:28;nan;9;Blé_Rouille brune
Ibl00725;../data/Bousset2_data/Images/Blé/Rouille brune/Ibl00725.jpg;Blé;Rouille brune;Blé_Rouille brune;Blé;PUCCRE;Puccinia recondita;Rouille brune;;train;Rouille brune;2024:06:07;15:24:32;nan;9;Blé_Rouille brune
Ibl00726;../data/Bousset2_data/Images/Blé/Rouille brune/Ibl00726.jpg;Blé;Rouille brune;Blé_Rouille brune;Blé;PUCCRE;Puccinia recondita;Rouille brune;;train;Rouille brune;2024:06:07;15:24:37;nan;9;Blé_Rouille brune
Ibl00728;../data/Bousset2_data/Images/Blé/Rouille brune/Ibl00728.jpg;Blé;Rouille brune;Blé_Rouille brune;Blé;PUCCRE;Puccinia recondita;Rouille brune;;train;Rouille brune;2024:06:07;15:24:56;nan;9;Blé_Rouille brune
Ibl00730;../data/Bousset2_data/Images/Blé/Rouille brune/Ibl00730.jpg;Blé;Rouille brune;Blé_Rouille brune;Blé;PUCCRE;Puccinia recondita;Rouille brune;;train;Rouille brune;2024:06:07;15:25:31;nan;9;Blé_Rouille brune
Ibl00732;../data/Bousset2_data/Images/Blé/Rouille brune/Ibl00732.jpg;Blé;Rouille brune;Blé_Rouille brune;Blé;PUCCRE;Puccinia recondita;Rouille brune;;train;Rouille brune;2024:06:07;15:25:56;nan;9;Blé_Rouille brune
Ibl00736;../data/Bousset2_data/Images/Blé/Rouille brune/Ibl00736.jpg;Blé;Rouille brune;Blé_Rouille brune;Blé;PUCCRE;Puccinia recondita;Rouille brune;;train;Rouille brune;2024:06:07;15:27:10;nan;9;Blé_Rouille brune
Ibl00757;../data/Bousset2_data/Images/Blé/Rouille brune/Ibl00757.jpg;Blé;Rouille brune;Blé_Rouille brune;Blé;PUCCRE;Puccinia recondita;Rouille brune;;train;Rouille brune;2024:06:07;15:40:28;nan;9;Blé_Rouille brune
Ibl00766;../data/Bousset2_data/Images/Blé/Rouille brune/Ibl00766.jpg;Blé;Rouille brune;Blé_Rouille brune;Blé;PUCCRE;Puccinia recondita;Rouille brune;;train;Rouille brune;2024:06:07;15:55:20;nan;9;Blé_Rouille brune
Ibl00768;../data/Bousset2_data/Images/Blé/Rouille brune/Ibl00768.jpg;Blé;Rouille brune;Blé_Rouille brune;Blé;PUCCRE;Puccinia recondita;Rouille brune;;train;Rouille brune;2024:06:07;15:55:33;nan;9;Blé_Rouille brune
Ibl00769;../data/Bousset2_data/Images/Blé/Rouille brune/Ibl00769.jpg;Blé;Rouille brune;Blé_Rouille brune;Blé;PUCCRE;Puccinia recondita;Rouille brune;;train;Rouille brune;2024:06:07;15:55:40;nan;9;Blé_Rouille brune
Ibl00770;../data/Bousset2_data/Images/Blé/Rouille brune/Ibl00770.jpg;Blé;Rouille brune;Blé_Rouille brune;Blé;PUCCRE;Puccinia recondita;Rouille brune;;train;Rouille brune;2024:06:07;15:55:55;nan;9;Blé_Rouille brune
Ibl00797;../data/Bousset2_data/Images/Blé/Rouille brune/Ibl00797.jpg;Blé;Rouille brune;Blé_Rouille brune;Blé;PUCCRE;Puccinia recondita;Rouille brune;;train;Rouille brune;2024:06:14;12:35:00;nan;9;Blé_Rouille brune
Ibl00817;../data/Bousset2_data/Images/Blé/Rouille brune/Ibl00817.jpg;Blé;Rouille brune;Blé_Rouille brune;Blé;PUCCRE;Puccinia recondita;Rouille brune;;train;Rouille brune;2024:06:14;12:41:00;nan;9;Blé_Rouille brune
Ibl00823;../data/Bousset2_data/Images/Blé/Rouille brune/Ibl00823.jpg;Blé;Rouille brune;Blé_Rouille brune;Blé;PUCCRE;Puccinia recondita;Rouille brune;;train;Rouille brune;2024:06:14;12:41:50;nan;9;Blé_Rouille brune
Ibl00860;../data/Bousset2_data/Images/Blé/Rouille brune/Ibl00860.jpg;Blé;Rouille brune;Blé_Rouille brune;Blé;PUCCRE;Puccinia recondita;Rouille brune;;train;Rouille brune;2024:06:14;12:50:14;nan;9;Blé_Rouille brune
Ibl00861;../data/Bousset2_data/Images/Blé/Rouille brune/Ibl00861.jpg;Blé;Rouille brune;Blé_Rouille brune;Blé;PUCCRE;Puccinia recondita;Rouille brune;;train;Rouille brune;2024:06:14;12:50:27;nan;9;Blé_Rouille brune
Ibl00862;../data/Bousset2_data/Images/Blé/Rouille brune/Ibl00862.jpg;Blé;Rouille brune;Blé_Rouille brune;Blé;PUCCRE;Puccinia recondita;Rouille brune;;train;Rouille brune;2024:06:14;12:50:33;nan;9;Blé_Rouille brune
Ibl00873;../data/Bousset2_data/Images/Blé/Rouille brune/Ibl00873.jpg;Blé;Rouille brune;Blé_Rouille brune;Blé;PUCCRE;Puccinia recondita;Rouille brune;;train;Rouille brune;2024:06:14;12:53:09;nan;9;Blé_Rouille brune
Ibl01026;../data/Bousset2_data/Images/Blé/Rouille brune/Ibl01026.jpg;Blé;Rouille brune;Blé_Rouille brune;Blé;PUCCRE;Puccinia recondita;Rouille brune;;train;Rouille brune;2024:06:24;15:58:44;nan;9;Blé_Rouille brune
Ibl01038;../data/Bousset2_data/Images/Blé/Rouille brune/Ibl01038.jpg;Blé;Rouille brune;Blé_Rouille brune;Blé;PUCCRE;Puccinia recondita;Rouille brune;;train;Rouille brune;2024:06:24;14:52:15;nan;9;Blé_Rouille brune
Ibl01039;../data/Bousset2_data/Images/Blé/Rouille brune/Ibl01039.jpg;Blé;Rouille brune;Blé_Rouille brune;Blé;PUCCRE;Puccinia recondita;Rouille brune;;train;Rouille brune;2024:06:24;14:52:24;nan;9;Blé_Rouille brune
Ibl01040;../data/Bousset2_data/Images/Blé/Rouille brune/Ibl01040.jpg;Blé;Rouille brune;Blé_Rouille brune;Blé;PUCCRE;Puccinia recondita;Rouille brune;;train;Rouille brune;2024:06:24;14:52:26;nan;9;Blé_Rouille brune
Ibl00275;../data/Bousset2_data/Images/Blé/Rouille jaune/Ibl00275.jpg;Blé;Rouille jaune;Blé_Rouille jaune;Blé;PUCCST;Puccinia striiformis;Rouille jaune;;train;Rouille jaune;2024:04:15;12:53:09;nan;6;Blé_Rouille jaune
Ibl00276;../data/Bousset2_data/Images/Blé/Rouille jaune/Ibl00276.jpg;Blé;Rouille jaune;Blé_Rouille jaune;Blé;PUCCST;Puccinia striiformis;Rouille jaune;;train;Rouille jaune;2024:04:15;12:53:25;nan;6;Blé_Rouille jaune
Ibl00277;../data/Bousset2_data/Images/Blé/Rouille jaune/Ibl00277.jpg;Blé;Rouille jaune;Blé_Rouille jaune;Blé;PUCCST;Puccinia striiformis;Rouille jaune;;train;Rouille jaune;2024:04:15;12:54:44;nan;6;Blé_Rouille jaune
Ibl00278;../data/Bousset2_data/Images/Blé/Rouille jaune/Ibl00278.jpg;Blé;Rouille jaune;Blé_Rouille jaune;Blé;PUCCST;Puccinia striiformis;Rouille jaune;;train;Rouille jaune;2024:04:15;12:54:56;nan;6;Blé_Rouille jaune
Ibl00280;../data/Bousset2_data/Images/Blé/Rouille jaune/Ibl00280.jpg;Blé;Rouille jaune;Blé_Rouille jaune;Blé;PUCCST;Puccinia striiformis;Rouille jaune;;train;Rouille jaune;2024:04:15;12:55:20;nan;6;Blé_Rouille jaune
Ibl00281;../data/Bousset2_data/Images/Blé/Rouille jaune/Ibl00281.jpg;Blé;Rouille jaune;Blé_Rouille jaune;Blé;PUCCST;Puccinia striiformis;Rouille jaune;;train;Rouille jaune;2024:04:15;12:55:27;nan;6;Blé_Rouille jaune
Ibl00310;../data/Bousset2_data/Images/Blé/Rouille jaune/Ibl00310.jpg;Blé;Rouille jaune;Blé_Rouille jaune;Blé;PUCCST;Puccinia striiformis;Rouille jaune;;train;Rouille jaune;2024:04:15;13:07:15;nan;6;Blé_Rouille jaune
Ibl00311;../data/Bousset2_data/Images/Blé/Rouille jaune/Ibl00311.jpg;Blé;Rouille jaune;Blé_Rouille jaune;Blé;PUCCST;Puccinia striiformis;Rouille jaune;;train;Rouille jaune;2024:04:15;13:07:25;nan;6;Blé_Rouille jaune
Ibl00312;../data/Bousset2_data/Images/Blé/Rouille jaune/Ibl00312.jpg;Blé;Rouille jaune;Blé_Rouille jaune;Blé;PUCCST;Puccinia striiformis;Rouille jaune;;train;Rouille jaune;2024:04:15;13:07:35;nan;6;Blé_Rouille jaune
Ibl00314;../data/Bousset2_data/Images/Blé/Rouille jaune/Ibl00314.jpg;Blé;Rouille jaune;Blé_Rouille jaune;Blé;PUCCST;Puccinia striiformis;Rouille jaune;;train;Rouille jaune;2024:04:15;13:08:04;nan;6;Blé_Rouille jaune
Ibl00315;../data/Bousset2_data/Images/Blé/Rouille jaune/Ibl00315.jpg;Blé;Rouille jaune;Blé_Rouille jaune;Blé;PUCCST;Puccinia striiformis;Rouille jaune;;train;Rouille jaune;2024:04:15;13:08:20;nan;6;Blé_Rouille jaune
Ibl00316;../data/Bousset2_data/Images/Blé/Rouille jaune/Ibl00316.jpg;Blé;Rouille jaune;Blé_Rouille jaune;Blé;PUCCST;Puccinia striiformis;Rouille jaune;;train;Rouille jaune;2024:04:15;13:08:46;nan;6;Blé_Rouille jaune
Ibl00326;../data/Bousset2_data/Images/Blé/Rouille jaune/Ibl00326.jpg;Blé;Rouille jaune;Blé_Rouille jaune;Blé;PUCCST;Puccinia striiformis;Rouille jaune;;train;Rouille jaune;2024:04:15;13:10:38;nan;6;Blé_Rouille jaune
Ibl00327;../data/Bousset2_data/Images/Blé/Rouille jaune/Ibl00327.jpg;Blé;Rouille jaune;Blé_Rouille jaune;Blé;PUCCST;Puccinia striiformis;Rouille jaune;;train;Rouille jaune;2024:04:15;13:11:08;nan;6;Blé_Rouille jaune
Ibl00328;../data/Bousset2_data/Images/Blé/Rouille jaune/Ibl00328.jpg;Blé;Rouille jaune;Blé_Rouille jaune;Blé;PUCCST;Puccinia striiformis;Rouille jaune;;train;Rouille jaune;2024:04:15;13:11:52;nan;6;Blé_Rouille jaune
Ibl00329;../data/Bousset2_data/Images/Blé/Rouille jaune/Ibl00329.jpg;Blé;Rouille jaune;Blé_Rouille jaune;Blé;PUCCST;Puccinia striiformis;Rouille jaune;;train;Rouille jaune;2024:04:15;13:12:10;nan;6;Blé_Rouille jaune
Ibl00330;../data/Bousset2_data/Images/Blé/Rouille jaune/Ibl00330.jpg;Blé;Rouille jaune;Blé_Rouille jaune;Blé;PUCCST;Puccinia striiformis;Rouille jaune;;train;Rouille jaune;2024:04:15;13:12:28;nan;6;Blé_Rouille jaune
Ibl00331;../data/Bousset2_data/Images/Blé/Rouille jaune/Ibl00331.jpg;Blé;Rouille jaune;Blé_Rouille jaune;Blé;PUCCST;Puccinia striiformis;Rouille jaune;;train;Rouille jaune;2024:04:15;13:12:37;nan;6;Blé_Rouille jaune
Ibl00334;../data/Bousset2_data/Images/Blé/Rouille jaune/Ibl00334.jpg;Blé;Rouille jaune;Blé_Rouille jaune;Blé;PUCCST;Puccinia striiformis;Rouille jaune;;train;Rouille jaune;2024:04:15;13:13:38;nan;6;Blé_Rouille jaune
Ibl00335;../data/Bousset2_data/Images/Blé/Rouille jaune/Ibl00335.jpg;Blé;Rouille jaune;Blé_Rouille jaune;Blé;PUCCST;Puccinia striiformis;Rouille jaune;;train;Rouille jaune;2024:04:15;13:13:55;nan;6;Blé_Rouille jaune
Ibl00336;../data/Bousset2_data/Images/Blé/Rouille jaune/Ibl00336.jpg;Blé;Rouille jaune;Blé_Rouille jaune;Blé;PUCCST;Puccinia striiformis;Rouille jaune;;train;Rouille jaune;2024:04:15;13:14:06;nan;6;Blé_Rouille jaune
Ibl00337;../data/Bousset2_data/Images/Blé/Rouille jaune/Ibl00337.jpg;Blé;Rouille jaune;Blé_Rouille jaune;Blé;PUCCST;Puccinia striiformis;Rouille jaune;;train;Rouille jaune;2024:04:15;13:14:19;nan;6;Blé_Rouille jaune
Ibl00338;../data/Bousset2_data/Images/Blé/Rouille jaune/Ibl00338.jpg;Blé;Rouille jaune;Blé_Rouille jaune;Blé;PUCCST;Puccinia striiformis;Rouille jaune;;train;Rouille jaune;2024:04:15;13:14:39;nan;6;Blé_Rouille jaune
Ibl00339;../data/Bousset2_data/Images/Blé/Rouille jaune/Ibl00339.jpg;Blé;Rouille jaune;Blé_Rouille jaune;Blé;PUCCST;Puccinia striiformis;Rouille jaune;;train;Rouille jaune;2024:04:15;13:15:13;nan;6;Blé_Rouille jaune
Ibl00340;../data/Bousset2_data/Images/Blé/Rouille jaune/Ibl00340.jpg;Blé;Rouille jaune;Blé_Rouille jaune;Blé;PUCCST;Puccinia striiformis;Rouille jaune;;train;Rouille jaune;2024:04:15;13:15:20;nan;6;Blé_Rouille jaune
Ibl00341;../data/Bousset2_data/Images/Blé/Rouille jaune/Ibl00341.jpg;Blé;Rouille jaune;Blé_Rouille jaune;Blé;PUCCST;Puccinia striiformis;Rouille jaune;;train;Rouille jaune;2024:04:15;13:15:24;nan;6;Blé_Rouille jaune
Ibl00342;../data/Bousset2_data/Images/Blé/Rouille jaune/Ibl00342.jpg;Blé;Rouille jaune;Blé_Rouille jaune;Blé;PUCCST;Puccinia striiformis;Rouille jaune;;train;Rouille jaune;2024:04:15;13:15:40;nan;6;Blé_Rouille jaune
Ibl00344;../data/Bousset2_data/Images/Blé/Rouille jaune/Ibl00344.jpg;Blé;Rouille jaune;Blé_Rouille jaune;Blé;PUCCST;Puccinia striiformis;Rouille jaune;;train;Rouille jaune;2024:04:15;13:16:28;nan;6;Blé_Rouille jaune
Ibl00346;../data/Bousset2_data/Images/Blé/Rouille jaune/Ibl00346.jpg;Blé;Rouille jaune;Blé_Rouille jaune;Blé;PUCCST;Puccinia striiformis;Rouille jaune;;train;Rouille jaune;2024:04:15;13:17:11;nan;6;Blé_Rouille jaune
Ibl00347;../data/Bousset2_data/Images/Blé/Rouille jaune/Ibl00347.jpg;Blé;Rouille jaune;Blé_Rouille jaune;Blé;PUCCST;Puccinia striiformis;Rouille jaune;;train;Rouille jaune;2024:04:15;13:17:33;nan;6;Blé_Rouille jaune
Ibl00348;../data/Bousset2_data/Images/Blé/Rouille jaune/Ibl00348.jpg;Blé;Rouille jaune;Blé_Rouille jaune;Blé;PUCCST;Puccinia striiformis;Rouille jaune;;train;Rouille jaune;2024:04:15;13:17:44;nan;6;Blé_Rouille jaune
Ibl00353;../data/Bousset2_data/Images/Blé/Rouille jaune/Ibl00353.jpg;Blé;Rouille jaune;Blé_Rouille jaune;Blé;PUCCST;Puccinia striiformis;Rouille jaune;;train;Rouille jaune;2024:04:15;13:19:23;nan;6;Blé_Rouille jaune
Ibl00354;../data/Bousset2_data/Images/Blé/Rouille jaune/Ibl00354.jpg;Blé;Rouille jaune;Blé_Rouille jaune;Blé;PUCCST;Puccinia striiformis;Rouille jaune;;train;Rouille jaune;2024:04:15;13:19:38;nan;6;Blé_Rouille jaune
Ibl00355;../data/Bousset2_data/Images/Blé/Rouille jaune/Ibl00355.jpg;Blé;Rouille jaune;Blé_Rouille jaune;Blé;PUCCST;Puccinia striiformis;Rouille jaune;;train;Rouille jaune;2024:04:15;13:19:50;nan;6;Blé_Rouille jaune
Ibl00356;../data/Bousset2_data/Images/Blé/Rouille jaune/Ibl00356.jpg;Blé;Rouille jaune;Blé_Rouille jaune;Blé;PUCCST;Puccinia striiformis;Rouille jaune;;train;Rouille jaune;2024:04:15;13:19:57;nan;6;Blé_Rouille jaune
Ibl00357;../data/Bousset2_data/Images/Blé/Rouille jaune/Ibl00357.jpg;Blé;Rouille jaune;Blé_Rouille jaune;Blé;PUCCST;Puccinia striiformis;Rouille jaune;;train;Rouille jaune;2024:04:15;13:20:04;nan;6;Blé_Rouille jaune
Ibl00358;../data/Bousset2_data/Images/Blé/Rouille jaune/Ibl00358.jpg;Blé;Rouille jaune;Blé_Rouille jaune;Blé;PUCCST;Puccinia striiformis;Rouille jaune;;train;Rouille jaune;2024:04:15;13:20:12;nan;6;Blé_Rouille jaune
Ibl00359;../data/Bousset2_data/Images/Blé/Rouille jaune/Ibl00359.jpg;Blé;Rouille jaune;Blé_Rouille jaune;Blé;PUCCST;Puccinia striiformis;Rouille jaune;;train;Rouille jaune;2024:04:15;13:20:19;nan;6;Blé_Rouille jaune
Ibl00360;../data/Bousset2_data/Images/Blé/Rouille jaune/Ibl00360.jpg;Blé;Rouille jaune;Blé_Rouille jaune;Blé;PUCCST;Puccinia striiformis;Rouille jaune;;train;Rouille jaune;2024:04:15;13:20:34;nan;6;Blé_Rouille jaune
Ibl00361;../data/Bousset2_data/Images/Blé/Rouille jaune/Ibl00361.jpg;Blé;Rouille jaune;Blé_Rouille jaune;Blé;PUCCST;Puccinia striiformis;Rouille jaune;;train;Rouille jaune;2024:04:15;13:20:37;nan;6;Blé_Rouille jaune
Ibl00362;../data/Bousset2_data/Images/Blé/Rouille jaune/Ibl00362.jpg;Blé;Rouille jaune;Blé_Rouille jaune;Blé;PUCCST;Puccinia striiformis;Rouille jaune;;train;Rouille jaune;2024:04:15;13:20:47;nan;6;Blé_Rouille jaune
Ibl00363;../data/Bousset2_data/Images/Blé/Rouille jaune/Ibl00363.jpg;Blé;Rouille jaune;Blé_Rouille jaune;Blé;PUCCST;Puccinia striiformis;Rouille jaune;;train;Rouille jaune;2024:04:15;13:20:59;nan;6;Blé_Rouille jaune
Ibl00364;../data/Bousset2_data/Images/Blé/Rouille jaune/Ibl00364.jpg;Blé;Rouille jaune;Blé_Rouille jaune;Blé;PUCCST;Puccinia striiformis;Rouille jaune;;train;Rouille jaune;2024:04:15;13:21:03;nan;6;Blé_Rouille jaune
Ibl00365;../data/Bousset2_data/Images/Blé/Rouille jaune/Ibl00365.jpg;Blé;Rouille jaune;Blé_Rouille jaune;Blé;PUCCST;Puccinia striiformis;Rouille jaune;;train;Rouille jaune;2024:04:15;13:21:06;nan;6;Blé_Rouille jaune
Ibl00366;../data/Bousset2_data/Images/Blé/Rouille jaune/Ibl00366.jpg;Blé;Rouille jaune;Blé_Rouille jaune;Blé;PUCCST;Puccinia striiformis;Rouille jaune;;train;Rouille jaune;2024:04:15;13:21:23;nan;6;Blé_Rouille jaune
Ibl00367;../data/Bousset2_data/Images/Blé/Rouille jaune/Ibl00367.jpg;Blé;Rouille jaune;Blé_Rouille jaune;Blé;PUCCST;Puccinia striiformis;Rouille jaune;;train;Rouille jaune;2024:04:15;13:21:28;nan;6;Blé_Rouille jaune
Ibl00368;../data/Bousset2_data/Images/Blé/Rouille jaune/Ibl00368.jpg;Blé;Rouille jaune;Blé_Rouille jaune;Blé;PUCCST;Puccinia striiformis;Rouille jaune;;train;Rouille jaune;2024:04:15;13:21:33;nan;6;Blé_Rouille jaune
Ibl00370;../data/Bousset2_data/Images/Blé/Rouille jaune/Ibl00370.jpg;Blé;Rouille jaune;Blé_Rouille jaune;Blé;PUCCST;Puccinia striiformis;Rouille jaune;;train;Rouille jaune;2024:04:15;13:21:51;nan;6;Blé_Rouille jaune
Ibl00371;../data/Bousset2_data/Images/Blé/Rouille jaune/Ibl00371.jpg;Blé;Rouille jaune;Blé_Rouille jaune;Blé;PUCCST;Puccinia striiformis;Rouille jaune;;train;Rouille jaune;2024:04:15;13:21:59;nan;6;Blé_Rouille jaune
Ibl00372;../data/Bousset2_data/Images/Blé/Rouille jaune/Ibl00372.jpg;Blé;Rouille jaune;Blé_Rouille jaune;Blé;PUCCST;Puccinia striiformis;Rouille jaune;;train;Rouille jaune;2024:04:15;13:22:08;nan;6;Blé_Rouille jaune
Ibl00373;../data/Bousset2_data/Images/Blé/Rouille jaune/Ibl00373.jpg;Blé;Rouille jaune;Blé_Rouille jaune;Blé;PUCCST;Puccinia striiformis;Rouille jaune;;train;Rouille jaune;2024:04:15;13:22:13;nan;6;Blé_Rouille jaune
Ibl00375;../data/Bousset2_data/Images/Blé/Rouille jaune/Ibl00375.jpg;Blé;Rouille jaune;Blé_Rouille jaune;Blé;PUCCST;Puccinia striiformis;Rouille jaune;;train;Rouille jaune;2024:04:15;13:22:28;nan;6;Blé_Rouille jaune
Ibl00376;../data/Bousset2_data/Images/Blé/Rouille jaune/Ibl00376.jpg;Blé;Rouille jaune;Blé_Rouille jaune;Blé;PUCCST;Puccinia striiformis;Rouille jaune;;train;Rouille jaune;2024:04:15;13:22:32;nan;6;Blé_Rouille jaune
Ibl00377;../data/Bousset2_data/Images/Blé/Rouille jaune/Ibl00377.jpg;Blé;Rouille jaune;Blé_Rouille jaune;Blé;PUCCST;Puccinia striiformis;Rouille jaune;;train;Rouille jaune;2024:04:15;13:22:38;nan;6;Blé_Rouille jaune
Ibl00378;../data/Bousset2_data/Images/Blé/Rouille jaune/Ibl00378.jpg;Blé;Rouille jaune;Blé_Rouille jaune;Blé;PUCCST;Puccinia striiformis;Rouille jaune;;train;Rouille jaune;2024:04:15;13:22:47;nan;6;Blé_Rouille jaune
Ibl00379;../data/Bousset2_data/Images/Blé/Rouille jaune/Ibl00379.jpg;Blé;Rouille jaune;Blé_Rouille jaune;Blé;PUCCST;Puccinia striiformis;Rouille jaune;;train;Rouille jaune;2024:04:15;13:22:56;nan;6;Blé_Rouille jaune
Ibl00380;../data/Bousset2_data/Images/Blé/Rouille jaune/Ibl00380.jpg;Blé;Rouille jaune;Blé_Rouille jaune;Blé;PUCCST;Puccinia striiformis;Rouille jaune;;train;Rouille jaune;2024:04:15;13:23:10;nan;6;Blé_Rouille jaune
Ibl00381;../data/Bousset2_data/Images/Blé/Rouille jaune/Ibl00381.jpg;Blé;Rouille jaune;Blé_Rouille jaune;Blé;PUCCST;Puccinia striiformis;Rouille jaune;;train;Rouille jaune;2024:04:15;13:24:06;nan;6;Blé_Rouille jaune
Ibl00382;../data/Bousset2_data/Images/Blé/Rouille jaune/Ibl00382.jpg;Blé;Rouille jaune;Blé_Rouille jaune;Blé;PUCCST;Puccinia striiformis;Rouille jaune;;train;Rouille jaune;2024:04:15;13:24:12;nan;6;Blé_Rouille jaune
Ibl00383;../data/Bousset2_data/Images/Blé/Rouille jaune/Ibl00383.jpg;Blé;Rouille jaune;Blé_Rouille jaune;Blé;PUCCST;Puccinia striiformis;Rouille jaune;;train;Rouille jaune;2024:04:15;13:24:49;nan;6;Blé_Rouille jaune
Ibl00384;../data/Bousset2_data/Images/Blé/Rouille jaune/Ibl00384.jpg;Blé;Rouille jaune;Blé_Rouille jaune;Blé;PUCCST;Puccinia striiformis;Rouille jaune;;train;Rouille jaune;2024:04:15;13:24:59;nan;6;Blé_Rouille jaune
Ibl00385;../data/Bousset2_data/Images/Blé/Rouille jaune/Ibl00385.jpg;Blé;Rouille jaune;Blé_Rouille jaune;Blé;PUCCST;Puccinia striiformis;Rouille jaune;;train;Rouille jaune;2024:04:15;13:25:13;nan;6;Blé_Rouille jaune
Ibl00386;../data/Bousset2_data/Images/Blé/Rouille jaune/Ibl00386.jpg;Blé;Rouille jaune;Blé_Rouille jaune;Blé;PUCCST;Puccinia striiformis;Rouille jaune;;train;Rouille jaune;2024:04:15;13:25:17;nan;6;Blé_Rouille jaune
Ibl00387;../data/Bousset2_data/Images/Blé/Rouille jaune/Ibl00387.jpg;Blé;Rouille jaune;Blé_Rouille jaune;Blé;PUCCST;Puccinia striiformis;Rouille jaune;;train;Rouille jaune;2024:04:15;13:25:24;nan;6;Blé_Rouille jaune
Ibl00388;../data/Bousset2_data/Images/Blé/Rouille jaune/Ibl00388.jpg;Blé;Rouille jaune;Blé_Rouille jaune;Blé;PUCCST;Puccinia striiformis;Rouille jaune;;train;Rouille jaune;2024:04:15;13:25:36;nan;6;Blé_Rouille jaune
Ibl00389;../data/Bousset2_data/Images/Blé/Rouille jaune/Ibl00389.jpg;Blé;Rouille jaune;Blé_Rouille jaune;Blé;PUCCST;Puccinia striiformis;Rouille jaune;;train;Rouille jaune;2024:04:15;13:25:41;nan;6;Blé_Rouille jaune
Ibl00390;../data/Bousset2_data/Images/Blé/Rouille jaune/Ibl00390.jpg;Blé;Rouille jaune;Blé_Rouille jaune;Blé;PUCCST;Puccinia striiformis;Rouille jaune;;train;Rouille jaune;2024:04:15;13:25:49;nan;6;Blé_Rouille jaune
Ibl00391;../data/Bousset2_data/Images/Blé/Rouille jaune/Ibl00391.jpg;Blé;Rouille jaune;Blé_Rouille jaune;Blé;PUCCST;Puccinia striiformis;Rouille jaune;;train;Rouille jaune;2024:04:15;13:25:55;nan;6;Blé_Rouille jaune
Ibl00392;../data/Bousset2_data/Images/Blé/Rouille jaune/Ibl00392.jpg;Blé;Rouille jaune;Blé_Rouille jaune;Blé;PUCCST;Puccinia striiformis;Rouille jaune;;train;Rouille jaune;2024:04:15;13:26:18;nan;6;Blé_Rouille jaune
Ibl00393;../data/Bousset2_data/Images/Blé/Rouille jaune/Ibl00393.jpg;Blé;Rouille jaune;Blé_Rouille jaune;Blé;PUCCST;Puccinia striiformis;Rouille jaune;;train;Rouille jaune;2024:04:15;13:26:27;nan;6;Blé_Rouille jaune
Ibl00400;../data/Bousset2_data/Images/Blé/Rouille jaune/Ibl00400.jpg;Blé;Rouille jaune;Blé_Rouille jaune;Blé;PUCCST;Puccinia striiformis;Rouille jaune;;train;Rouille jaune;2024:04:22;14:25:16;nan;6;Blé_Rouille jaune
Ibl00401;../data/Bousset2_data/Images/Blé/Rouille jaune/Ibl00401.jpg;Blé;Rouille jaune;Blé_Rouille jaune;Blé;PUCCST;Puccinia striiformis;Rouille jaune;;train;Rouille jaune;2024:04:22;14:25:33;nan;6;Blé_Rouille jaune
Ibl00432;../data/Bousset2_data/Images/Blé/Rouille jaune/Ibl00432.jpg;Blé;Rouille jaune;Blé_Rouille jaune;Blé;PUCCST;Puccinia striiformis;Rouille jaune;;train;Rouille jaune;2024:04:22;14:31:12;nan;6;Blé_Rouille jaune
Ibl00433;../data/Bousset2_data/Images/Blé/Rouille jaune/Ibl00433.jpg;Blé;Rouille jaune;Blé_Rouille jaune;Blé;PUCCST;Puccinia striiformis;Rouille jaune;;train;Rouille jaune;2024:04:22;14:31:16;nan;6;Blé_Rouille jaune
Ibl00435;../data/Bousset2_data/Images/Blé/Rouille jaune/Ibl00435.jpg;Blé;Rouille jaune;Blé_Rouille jaune;Blé;PUCCST;Puccinia striiformis;Rouille jaune;;train;Rouille jaune;2024:04:22;14:32:25;nan;6;Blé_Rouille jaune
Ibl00436;../data/Bousset2_data/Images/Blé/Rouille jaune/Ibl00436.jpg;Blé;Rouille jaune;Blé_Rouille jaune;Blé;PUCCST;Puccinia striiformis;Rouille jaune;;train;Rouille jaune;2024:04:22;14:32:30;nan;6;Blé_Rouille jaune
Ibl00437;../data/Bousset2_data/Images/Blé/Rouille jaune/Ibl00437.jpg;Blé;Rouille jaune;Blé_Rouille jaune;Blé;PUCCST;Puccinia striiformis;Rouille jaune;;train;Rouille jaune;2024:04:22;14:32:56;nan;6;Blé_Rouille jaune
Ibl00438;../data/Bousset2_data/Images/Blé/Rouille jaune/Ibl00438.jpg;Blé;Rouille jaune;Blé_Rouille jaune;Blé;PUCCST;Puccinia striiformis;Rouille jaune;;train;Rouille jaune;2024:04:22;14:32:59;nan;6;Blé_Rouille jaune
Ibl00439;../data/Bousset2_data/Images/Blé/Rouille jaune/Ibl00439.jpg;Blé;Rouille jaune;Blé_Rouille jaune;Blé;PUCCST;Puccinia striiformis;Rouille jaune;;train;Rouille jaune;2024:04:22;14:33:04;nan;6;Blé_Rouille jaune
Ibl00441;../data/Bousset2_data/Images/Blé/Rouille jaune/Ibl00441.jpg;Blé;Rouille jaune;Blé_Rouille jaune;Blé;PUCCST;Puccinia striiformis;Rouille jaune;;train;Rouille jaune;2024:04:22;14:33:27;nan;6;Blé_Rouille jaune
Ibl00442;../data/Bousset2_data/Images/Blé/Rouille jaune/Ibl00442.jpg;Blé;Rouille jaune;Blé_Rouille jaune;Blé;PUCCST;Puccinia striiformis;Rouille jaune;;train;Rouille jaune;2024:04:22;14:33:29;nan;6;Blé_Rouille jaune
Ibl00443;../data/Bousset2_data/Images/Blé/Rouille jaune/Ibl00443.jpg;Blé;Rouille jaune;Blé_Rouille jaune;Blé;PUCCST;Puccinia striiformis;Rouille jaune;;train;Rouille jaune;2024:04:22;14:34:23;nan;6;Blé_Rouille jaune
Ibl00444;../data/Bousset2_data/Images/Blé/Rouille jaune/Ibl00444.jpg;Blé;Rouille jaune;Blé_Rouille jaune;Blé;PUCCST;Puccinia striiformis;Rouille jaune;;train;Rouille jaune;2024:04:22;14:34:29;nan;6;Blé_Rouille jaune
Ibl00445;../data/Bousset2_data/Images/Blé/Rouille jaune/Ibl00445.jpg;Blé;Rouille jaune;Blé_Rouille jaune;Blé;PUCCST;Puccinia striiformis;Rouille jaune;;train;Rouille jaune;2024:04:22;14:34:35;nan;6;Blé_Rouille jaune
Ibl00446;../data/Bousset2_data/Images/Blé/Rouille jaune/Ibl00446.jpg;Blé;Rouille jaune;Blé_Rouille jaune;Blé;PUCCST;Puccinia striiformis;Rouille jaune;;train;Rouille jaune;2024:04:22;14:34:44;nan;6;Blé_Rouille jaune
Ibl00447;../data/Bousset2_data/Images/Blé/Rouille jaune/Ibl00447.jpg;Blé;Rouille jaune;Blé_Rouille jaune;Blé;PUCCST;Puccinia striiformis;Rouille jaune;;train;Rouille jaune;2024:04:22;14:34:53;nan;6;Blé_Rouille jaune
Ibl00448;../data/Bousset2_data/Images/Blé/Rouille jaune/Ibl00448.jpg;Blé;Rouille jaune;Blé_Rouille jaune;Blé;PUCCST;Puccinia striiformis;Rouille jaune;;train;Rouille jaune;2024:04:22;14:35:02;nan;6;Blé_Rouille jaune
Ibl00449;../data/Bousset2_data/Images/Blé/Rouille jaune/Ibl00449.jpg;Blé;Rouille jaune;Blé_Rouille jaune;Blé;PUCCST;Puccinia striiformis;Rouille jaune;;train;Rouille jaune;2024:04:22;14:35:03;nan;6;Blé_Rouille jaune
Ibl00450;../data/Bousset2_data/Images/Blé/Rouille jaune/Ibl00450.jpg;Blé;Rouille jaune;Blé_Rouille jaune;Blé;PUCCST;Puccinia striiformis;Rouille jaune;;train;Rouille jaune;2024:04:22;14:35:32;nan;6;Blé_Rouille jaune
Ibl00451;../data/Bousset2_data/Images/Blé/Rouille jaune/Ibl00451.jpg;Blé;Rouille jaune;Blé_Rouille jaune;Blé;PUCCST;Puccinia striiformis;Rouille jaune;;train;Rouille jaune;2024:04:22;14:35:37;nan;6;Blé_Rouille jaune
Ibl00452;../data/Bousset2_data/Images/Blé/Rouille jaune/Ibl00452.jpg;Blé;Rouille jaune;Blé_Rouille jaune;Blé;PUCCST;Puccinia striiformis;Rouille jaune;;train;Rouille jaune;2024:04:22;14:35:52;nan;6;Blé_Rouille jaune
Ibl00453;../data/Bousset2_data/Images/Blé/Rouille jaune/Ibl00453.jpg;Blé;Rouille jaune;Blé_Rouille jaune;Blé;PUCCST;Puccinia striiformis;Rouille jaune;;train;Rouille jaune;2024:04:22;14:35:58;nan;6;Blé_Rouille jaune
Ibl00454;../data/Bousset2_data/Images/Blé/Rouille jaune/Ibl00454.jpg;Blé;Rouille jaune;Blé_Rouille jaune;Blé;PUCCST;Puccinia striiformis;Rouille jaune;;train;Rouille jaune;2024:04:22;14:36:22;nan;6;Blé_Rouille jaune
Ibl00479;../data/Bousset2_data/Images/Blé/Rouille jaune/Ibl00479.jpg;Blé;Rouille jaune;Blé_Rouille jaune;Blé;PUCCST;Puccinia striiformis;Rouille jaune;;train;Rouille jaune;2024:05:03;14:04:03;nan;6;Blé_Rouille jaune
Ibl00480;../data/Bousset2_data/Images/Blé/Rouille jaune/Ibl00480.jpg;Blé;Rouille jaune;Blé_Rouille jaune;Blé;PUCCST;Puccinia striiformis;Rouille jaune;;train;Rouille jaune;2024:05:03;14:04:10;nan;6;Blé_Rouille jaune
Ibl00481;../data/Bousset2_data/Images/Blé/Rouille jaune/Ibl00481.jpg;Blé;Rouille jaune;Blé_Rouille jaune;Blé;PUCCST;Puccinia striiformis;Rouille jaune;;train;Rouille jaune;2024:05:03;14:04:40;nan;6;Blé_Rouille jaune
Ibl00482;../data/Bousset2_data/Images/Blé/Rouille jaune/Ibl00482.jpg;Blé;Rouille jaune;Blé_Rouille jaune;Blé;PUCCST;Puccinia striiformis;Rouille jaune;;train;Rouille jaune;2024:05:03;14:04:50;nan;6;Blé_Rouille jaune
Ibl00483;../data/Bousset2_data/Images/Blé/Rouille jaune/Ibl00483.jpg;Blé;Rouille jaune;Blé_Rouille jaune;Blé;PUCCST;Puccinia striiformis;Rouille jaune;;train;Rouille jaune;2024:05:03;14:04:54;nan;6;Blé_Rouille jaune
Ibl00484;../data/Bousset2_data/Images/Blé/Rouille jaune/Ibl00484.jpg;Blé;Rouille jaune;Blé_Rouille jaune;Blé;PUCCST;Puccinia striiformis;Rouille jaune;;train;Rouille jaune;2024:05:03;14:05:04;nan;6;Blé_Rouille jaune
Ibl00485;../data/Bousset2_data/Images/Blé/Rouille jaune/Ibl00485.jpg;Blé;Rouille jaune;Blé_Rouille jaune;Blé;PUCCST;Puccinia striiformis;Rouille jaune;;train;Rouille jaune;2024:05:03;14:05:28;nan;6;Blé_Rouille jaune
Ibl00486;../data/Bousset2_data/Images/Blé/Rouille jaune/Ibl00486.jpg;Blé;Rouille jaune;Blé_Rouille jaune;Blé;PUCCST;Puccinia striiformis;Rouille jaune;;train;Rouille jaune;2024:05:03;14:05:29;nan;6;Blé_Rouille jaune
Ibl00487;../data/Bousset2_data/Images/Blé/Rouille jaune/Ibl00487.jpg;Blé;Rouille jaune;Blé_Rouille jaune;Blé;PUCCST;Puccinia striiformis;Rouille jaune;;train;Rouille jaune;2024:05:03;14:05:37;nan;6;Blé_Rouille jaune
Ibl00488;../data/Bousset2_data/Images/Blé/Rouille jaune/Ibl00488.jpg;Blé;Rouille jaune;Blé_Rouille jaune;Blé;PUCCST;Puccinia striiformis;Rouille jaune;;train;Rouille jaune;2024:05:03;14:05:48;nan;6;Blé_Rouille jaune
Ibl00489;../data/Bousset2_data/Images/Blé/Rouille jaune/Ibl00489.jpg;Blé;Rouille jaune;Blé_Rouille jaune;Blé;PUCCST;Puccinia striiformis;Rouille jaune;;train;Rouille jaune;2024:05:03;14:06:12;nan;6;Blé_Rouille jaune
Ibl00490;../data/Bousset2_data/Images/Blé/Rouille jaune/Ibl00490.jpg;Blé;Rouille jaune;Blé_Rouille jaune;Blé;PUCCST;Puccinia striiformis;Rouille jaune;;train;Rouille jaune;2024:05:03;14:06:18;nan;6;Blé_Rouille jaune
Ibl00491;../data/Bousset2_data/Images/Blé/Rouille jaune/Ibl00491.jpg;Blé;Rouille jaune;Blé_Rouille jaune;Blé;PUCCST;Puccinia striiformis;Rouille jaune;;train;Rouille jaune;2024:05:03;14:06:19;nan;6;Blé_Rouille jaune
Ibl00492;../data/Bousset2_data/Images/Blé/Rouille jaune/Ibl00492.jpg;Blé;Rouille jaune;Blé_Rouille jaune;Blé;PUCCST;Puccinia striiformis;Rouille jaune;;train;Rouille jaune;2024:05:03;14:06:48;nan;6;Blé_Rouille jaune
Ibl00493;../data/Bousset2_data/Images/Blé/Rouille jaune/Ibl00493.jpg;Blé;Rouille jaune;Blé_Rouille jaune;Blé;PUCCST;Puccinia striiformis;Rouille jaune;;train;Rouille jaune;2024:05:03;14:06:55;nan;6;Blé_Rouille jaune
Ibl00494;../data/Bousset2_data/Images/Blé/Rouille jaune/Ibl00494.jpg;Blé;Rouille jaune;Blé_Rouille jaune;Blé;PUCCST;Puccinia striiformis;Rouille jaune;;train;Rouille jaune;2024:05:03;14:07:03;nan;6;Blé_Rouille jaune
Ibl00495;../data/Bousset2_data/Images/Blé/Rouille jaune/Ibl00495.jpg;Blé;Rouille jaune;Blé_Rouille jaune;Blé;PUCCST;Puccinia striiformis;Rouille jaune;;train;Rouille jaune;2024:05:03;14:07:15;nan;6;Blé_Rouille jaune
Ibl00496;../data/Bousset2_data/Images/Blé/Rouille jaune/Ibl00496.jpg;Blé;Rouille jaune;Blé_Rouille jaune;Blé;PUCCST;Puccinia striiformis;Rouille jaune;;train;Rouille jaune;2024:05:03;14:07:27;nan;6;Blé_Rouille jaune
Ibl00497;../data/Bousset2_data/Images/Blé/Rouille jaune/Ibl00497.jpg;Blé;Rouille jaune;Blé_Rouille jaune;Blé;PUCCST;Puccinia striiformis;Rouille jaune;;train;Rouille jaune;2024:05:03;14:07:30;nan;6;Blé_Rouille jaune
Ibl00498;../data/Bousset2_data/Images/Blé/Rouille jaune/Ibl00498.jpg;Blé;Rouille jaune;Blé_Rouille jaune;Blé;PUCCST;Puccinia striiformis;Rouille jaune;;train;Rouille jaune;2024:05:03;14:07:33;nan;6;Blé_Rouille jaune
Ibl00499;../data/Bousset2_data/Images/Blé/Rouille jaune/Ibl00499.jpg;Blé;Rouille jaune;Blé_Rouille jaune;Blé;PUCCST;Puccinia striiformis;Rouille jaune;;train;Rouille jaune;2024:05:03;14:07:40;nan;6;Blé_Rouille jaune
Ibl00500;../data/Bousset2_data/Images/Blé/Rouille jaune/Ibl00500.jpg;Blé;Rouille jaune;Blé_Rouille jaune;Blé;PUCCST;Puccinia striiformis;Rouille jaune;;train;Rouille jaune;2024:05:03;14:07:52;nan;6;Blé_Rouille jaune
Ibl00501;../data/Bousset2_data/Images/Blé/Rouille jaune/Ibl00501.jpg;Blé;Rouille jaune;Blé_Rouille jaune;Blé;PUCCST;Puccinia striiformis;Rouille jaune;;train;Rouille jaune;2024:05:03;14:07:54;nan;6;Blé_Rouille jaune
Ibl00502;../data/Bousset2_data/Images/Blé/Rouille jaune/Ibl00502.jpg;Blé;Rouille jaune;Blé_Rouille jaune;Blé;PUCCST;Puccinia striiformis;Rouille jaune;;train;Rouille jaune;2024:05:03;14:07:58;nan;6;Blé_Rouille jaune
Ibl00503;../data/Bousset2_data/Images/Blé/Rouille jaune/Ibl00503.jpg;Blé;Rouille jaune;Blé_Rouille jaune;Blé;PUCCST;Puccinia striiformis;Rouille jaune;;train;Rouille jaune;2024:05:03;14:08:22;nan;6;Blé_Rouille jaune
Ibl00504;../data/Bousset2_data/Images/Blé/Rouille jaune/Ibl00504.jpg;Blé;Rouille jaune;Blé_Rouille jaune;Blé;PUCCST;Puccinia striiformis;Rouille jaune;;train;Rouille jaune;2024:05:03;14:08:33;nan;6;Blé_Rouille jaune
Ibl00616;../data/VAULT/Bousset2_data/Images/Blé/Rouille jaune/Ibl00616.jpg;Blé;Rouille jaune;Blé_Rouille jaune;Blé;PUCCST;Puccinia striiformis;Rouille jaune;;vault;Rouille jaune;2024:05:23;12:10:36;nan;6;Blé_Rouille jaune
Ibl00617;../data/VAULT/Bousset2_data/Images/Blé/Rouille jaune/Ibl00617.jpg;Blé;Rouille jaune;Blé_Rouille jaune;Blé;PUCCST;Puccinia striiformis;Rouille jaune;;vault;Rouille jaune;2024:05:23;12:10:45;nan;6;Blé_Rouille jaune
Ibl00618;../data/VAULT/Bousset2_data/Images/Blé/Rouille jaune/Ibl00618.jpg;Blé;Rouille jaune;Blé_Rouille jaune;Blé;PUCCST;Puccinia striiformis;Rouille jaune;;vault;Rouille jaune;2024:05:23;12:10:55;nan;6;Blé_Rouille jaune
Ibl00622;../data/VAULT/Bousset2_data/Images/Blé/Rouille jaune/Ibl00622.jpg;Blé;Rouille jaune;Blé_Rouille jaune;Blé;PUCCST;Puccinia striiformis;Rouille jaune;;vault;Rouille jaune;2024:05:23;12:12:10;nan;6;Blé_Rouille jaune
Ibl00642;../data/VAULT/Bousset2_data/Images/Blé/Rouille jaune/Ibl00642.jpg;Blé;Rouille jaune;Blé_Rouille jaune;Blé;PUCCST;Puccinia striiformis;Rouille jaune;;vault;Rouille jaune;2024:05:23;12:15:58;nan;6;Blé_Rouille jaune
Ibl00643;../data/VAULT/Bousset2_data/Images/Blé/Rouille jaune/Ibl00643.jpg;Blé;Rouille jaune;Blé_Rouille jaune;Blé;PUCCST;Puccinia striiformis;Rouille jaune;;vault;Rouille jaune;2024:05:23;12:16:08;nan;6;Blé_Rouille jaune
Ibl00644;../data/VAULT/Bousset2_data/Images/Blé/Rouille jaune/Ibl00644.jpg;Blé;Rouille jaune;Blé_Rouille jaune;Blé;PUCCST;Puccinia striiformis;Rouille jaune;;vault;Rouille jaune;2024:05:23;12:16:13;nan;6;Blé_Rouille jaune
Ibl00655;../data/VAULT/Bousset2_data/Images/Blé/Rouille jaune/Ibl00655.jpg;Blé;Rouille jaune;Blé_Rouille jaune;Blé;PUCCST;Puccinia striiformis;Rouille jaune;;vault;Rouille jaune;2024:05:23;12:35:05;nan;6;Blé_Rouille jaune
Ibl00656;../data/VAULT/Bousset2_data/Images/Blé/Rouille jaune/Ibl00656.jpg;Blé;Rouille jaune;Blé_Rouille jaune;Blé;PUCCST;Puccinia striiformis;Rouille jaune;;vault;Rouille jaune;2024:05:23;12:35:12;nan;6;Blé_Rouille jaune
Ibl00657;../data/VAULT/Bousset2_data/Images/Blé/Rouille jaune/Ibl00657.jpg;Blé;Rouille jaune;Blé_Rouille jaune;Blé;PUCCST;Puccinia striiformis;Rouille jaune;;vault;Rouille jaune;2024:05:23;12:35:19;nan;6;Blé_Rouille jaune
Ibl00658;../data/VAULT/Bousset2_data/Images/Blé/Rouille jaune/Ibl00658.jpg;Blé;Rouille jaune;Blé_Rouille jaune;Blé;PUCCST;Puccinia striiformis;Rouille jaune;;vault;Rouille jaune;2024:05:23;12:35:22;nan;6;Blé_Rouille jaune
Ibl00659;../data/VAULT/Bousset2_data/Images/Blé/Rouille jaune/Ibl00659.jpg;Blé;Rouille jaune;Blé_Rouille jaune;Blé;PUCCST;Puccinia striiformis;Rouille jaune;;vault;Rouille jaune;2024:05:23;12:36:08;nan;6;Blé_Rouille jaune
Ibl00662;../data/VAULT/Bousset2_data/Images/Blé/Rouille jaune/Ibl00662.jpg;Blé;Rouille jaune;Blé_Rouille jaune;Blé;PUCCST;Puccinia striiformis;Rouille jaune;;vault;Rouille jaune;2024:05:23;12:36:23;nan;6;Blé_Rouille jaune
Ibl00663;../data/VAULT/Bousset2_data/Images/Blé/Rouille jaune/Ibl00663.jpg;Blé;Rouille jaune;Blé_Rouille jaune;Blé;PUCCST;Puccinia striiformis;Rouille jaune;;vault;Rouille jaune;2024:05:23;12:36:25;nan;6;Blé_Rouille jaune
Ibl00669;../data/VAULT/Bousset2_data/Images/Blé/Rouille jaune/Ibl00669.jpg;Blé;Rouille jaune;Blé_Rouille jaune;Blé;PUCCST;Puccinia striiformis;Rouille jaune;;vault;Rouille jaune;2024:05:23;12:37:57;nan;6;Blé_Rouille jaune
Ibl00670;../data/VAULT/Bousset2_data/Images/Blé/Rouille jaune/Ibl00670.jpg;Blé;Rouille jaune;Blé_Rouille jaune;Blé;PUCCST;Puccinia striiformis;Rouille jaune;;vault;Rouille jaune;2024:05:23;12:50:32;nan;6;Blé_Rouille jaune
Ibl00687;../data/VAULT/Bousset2_data/Images/Blé/Rouille jaune/Ibl00687.jpg;Blé;Rouille jaune;Blé_Rouille jaune;Blé;PUCCST;Puccinia striiformis;Rouille jaune;;vault;Rouille jaune;2024:05:23;13:00:57;nan;6;Blé_Rouille jaune
Ibl00699;../data/Bousset2_data/Images/Blé/Rouille jaune/Ibl00699.jpg;Blé;Rouille jaune;Blé_Rouille jaune;Blé;PUCCST;Puccinia striiformis;Rouille jaune;;train;Rouille jaune;2024:05:27;12:51:40;nan;6;Blé_Rouille jaune
Ibl00704;../data/Bousset2_data/Images/Blé/Rouille jaune/Ibl00704.jpg;Blé;Rouille jaune;Blé_Rouille jaune;Blé;PUCCST;Puccinia striiformis;Rouille jaune;;train;Rouille jaune;2024:05:27;12:52:31;nan;6;Blé_Rouille jaune
Ibl00707;../data/Bousset2_data/Images/Blé/Rouille jaune/Ibl00707.jpg;Blé;Rouille jaune;Blé_Rouille jaune;Blé;PUCCST;Puccinia striiformis;Rouille jaune;;train;Rouille jaune;2024:05:27;12:52:48;nan;6;Blé_Rouille jaune
Ibl00759;../data/Bousset2_data/Images/Blé/Rouille jaune/Ibl00759.jpg;Blé;Rouille jaune;Blé_Rouille jaune;Blé;PUCCST;Puccinia striiformis;Rouille jaune;;train;Rouille jaune;2024:06:07;15:45:28;nan;6;Blé_Rouille jaune
Ibl00760;../data/Bousset2_data/Images/Blé/Rouille jaune/Ibl00760.jpg;Blé;Rouille jaune;Blé_Rouille jaune;Blé;PUCCST;Puccinia striiformis;Rouille jaune;;train;Rouille jaune;2024:06:07;15:45:50;nan;6;Blé_Rouille jaune
Ibl00761;../data/Bousset2_data/Images/Blé/Rouille jaune/Ibl00761.jpg;Blé;Rouille jaune;Blé_Rouille jaune;Blé;PUCCST;Puccinia striiformis;Rouille jaune;;train;Rouille jaune;2024:06:07;15:45:52;nan;6;Blé_Rouille jaune
Ibl00772;../data/Bousset2_data/Images/Blé/Rouille noire/Ibl00772.jpg;Blé;Rouille noire;Blé_Rouille noire;Blé;PUCCGR;Puccinia graminis;Rouille noire;;train;Rouille noire;2024:06:14;12:17:49;nan;4;Blé_Rouille noire
Ibl00773;../data/Bousset2_data/Images/Blé/Rouille noire/Ibl00773.jpg;Blé;Rouille noire;Blé_Rouille noire;Blé;PUCCGR;Puccinia graminis;Rouille noire;;train;Rouille noire;2024:06:14;12:20:05;nan;4;Blé_Rouille noire
Ibl00774;../data/Bousset2_data/Images/Blé/Rouille noire/Ibl00774.jpg;Blé;Rouille noire;Blé_Rouille noire;Blé;PUCCGR;Puccinia graminis;Rouille noire;;train;Rouille noire;2024:06:14;12:20:08;nan;4;Blé_Rouille noire
Ibl00776;../data/Bousset2_data/Images/Blé/Rouille noire/Ibl00776.jpg;Blé;Rouille noire;Blé_Rouille noire;Blé;PUCCGR;Puccinia graminis;Rouille noire;;train;Rouille noire;2024:06:14;12:23:47;nan;4;Blé_Rouille noire
Ibl00777;../data/Bousset2_data/Images/Blé/Rouille noire/Ibl00777.jpg;Blé;Rouille noire;Blé_Rouille noire;Blé;PUCCGR;Puccinia graminis;Rouille noire;;train;Rouille noire;2024:06:14;12:23:49;nan;4;Blé_Rouille noire
Ibl00779;../data/Bousset2_data/Images/Blé/Rouille noire/Ibl00779.jpg;Blé;Rouille noire;Blé_Rouille noire;Blé;PUCCGR;Puccinia graminis;Rouille noire;;train;Rouille noire;2024:06:14;12:23:54;nan;4;Blé_Rouille noire
Ibl00780;../data/Bousset2_data/Images/Blé/Rouille noire/Ibl00780.jpg;Blé;Rouille noire;Blé_Rouille noire;Blé;PUCCGR;Puccinia graminis;Rouille noire;;train;Rouille noire;2024:06:14;12:23:56;nan;4;Blé_Rouille noire
Ibl00781;../data/Bousset2_data/Images/Blé/Rouille noire/Ibl00781.jpg;Blé;Rouille noire;Blé_Rouille noire;Blé;PUCCGR;Puccinia graminis;Rouille noire;;train;Rouille noire;2024:06:14;12:25:49;nan;4;Blé_Rouille noire
Ibl00782;../data/Bousset2_data/Images/Blé/Rouille noire/Ibl00782.jpg;Blé;Rouille noire;Blé_Rouille noire;Blé;PUCCGR;Puccinia graminis;Rouille noire;;train;Rouille noire;2024:06:14;12:25:55;nan;4;Blé_Rouille noire
Ibl00869;../data/Bousset2_data/Images/Blé/Rouille noire/Ibl00869.jpg;Blé;Rouille noire;Blé_Rouille noire;Blé;PUCCGR;Puccinia graminis;Rouille noire;;train;Rouille noire;2024:06:14;12:52:25;nan;4;Blé_Rouille noire
Ibl00870;../data/Bousset2_data/Images/Blé/Rouille noire/Ibl00870.jpg;Blé;Rouille noire;Blé_Rouille noire;Blé;PUCCGR;Puccinia graminis;Rouille noire;;train;Rouille noire;2024:06:14;12:52:36;nan;4;Blé_Rouille noire
Ibl00871;../data/Bousset2_data/Images/Blé/Rouille noire/Ibl00871.jpg;Blé;Rouille noire;Blé_Rouille noire;Blé;PUCCGR;Puccinia graminis;Rouille noire;;train;Rouille noire;2024:06:14;12:52:43;nan;4;Blé_Rouille noire
Ibl00872;../data/Bousset2_data/Images/Blé/Rouille noire/Ibl00872.jpg;Blé;Rouille noire;Blé_Rouille noire;Blé;PUCCGR;Puccinia graminis;Rouille noire;;train;Rouille noire;2024:06:14;12:53:07;nan;4;Blé_Rouille noire
Ibl00928;../data/Bousset2_data/Images/Blé/Rouille noire/Ibl00928.jpg;Blé;Rouille noire;Blé_Rouille noire;Blé;PUCCGR;Puccinia graminis;Rouille noire;;train;Rouille noire;2024:06:21;16:17:05;nan;4;Blé_Rouille noire
Ibl00940;../data/Bousset2_data/Images/Blé/Rouille noire/Ibl00940.jpg;Blé;Rouille noire;Blé_Rouille noire;Blé;PUCCGR;Puccinia graminis;Rouille noire;;train;Rouille noire;2024:06:21;16:25:05;nan;4;Blé_Rouille noire
Ibl00941;../data/Bousset2_data/Images/Blé/Rouille noire/Ibl00941.jpg;Blé;Rouille noire;Blé_Rouille noire;Blé;PUCCGR;Puccinia graminis;Rouille noire;;train;Rouille noire;2024:06:21;16:25:08;nan;4;Blé_Rouille noire
Ibl00943;../data/Bousset2_data/Images/Blé/Rouille noire/Ibl00943.jpg;Blé;Rouille noire;Blé_Rouille noire;Blé;PUCCGR;Puccinia graminis;Rouille noire;;train;Rouille noire;2024:06:21;16:25:24;nan;4;Blé_Rouille noire
Ibl00946;../data/Bousset2_data/Images/Blé/Rouille noire/Ibl00946.jpg;Blé;Rouille noire;Blé_Rouille noire;Blé;PUCCGR;Puccinia graminis;Rouille noire;;train;Rouille noire;2024:06:21;16:25:51;nan;4;Blé_Rouille noire
Ibl00948;../data/Bousset2_data/Images/Blé/Rouille noire/Ibl00948.jpg;Blé;Rouille noire;Blé_Rouille noire;Blé;PUCCGR;Puccinia graminis;Rouille noire;;train;Rouille noire;2024:06:21;16:26:30;nan;4;Blé_Rouille noire
Ibl00949;../data/Bousset2_data/Images/Blé/Rouille noire/Ibl00949.jpg;Blé;Rouille noire;Blé_Rouille noire;Blé;PUCCGR;Puccinia graminis;Rouille noire;;train;Rouille noire;2024:06:21;16:26:32;nan;4;Blé_Rouille noire
Ibl00950;../data/Bousset2_data/Images/Blé/Rouille noire/Ibl00950.jpg;Blé;Rouille noire;Blé_Rouille noire;Blé;PUCCGR;Puccinia graminis;Rouille noire;;train;Rouille noire;2024:06:21;16:29:08;nan;4;Blé_Rouille noire
Ibl00951;../data/Bousset2_data/Images/Blé/Rouille noire/Ibl00951.jpg;Blé;Rouille noire;Blé_Rouille noire;Blé;PUCCGR;Puccinia graminis;Rouille noire;;train;Rouille noire;2024:06:21;16:29:14;nan;4;Blé_Rouille noire
Ibl00957;../data/Bousset2_data/Images/Blé/Rouille noire/Ibl00957.jpg;Blé;Rouille noire;Blé_Rouille noire;Blé;PUCCGR;Puccinia graminis;Rouille noire;;train;Rouille noire;2024:06:21;16:32:01;nan;4;Blé_Rouille noire
Ibl00958;../data/Bousset2_data/Images/Blé/Rouille noire/Ibl00958.jpg;Blé;Rouille noire;Blé_Rouille noire;Blé;PUCCGR;Puccinia graminis;Rouille noire;;train;Rouille noire;2024:06:21;16:32:21;nan;4;Blé_Rouille noire
Ibl00960;../data/Bousset2_data/Images/Blé/Rouille noire/Ibl00960.jpg;Blé;Rouille noire;Blé_Rouille noire;Blé;PUCCGR;Puccinia graminis;Rouille noire;;train;Rouille noire;2024:06:21;16:32:37;nan;4;Blé_Rouille noire
Ibl00968;../data/Bousset2_data/Images/Blé/Rouille noire/Ibl00968.jpg;Blé;Rouille noire;Blé_Rouille noire;Blé;PUCCGR;Puccinia graminis;Rouille noire;;train;Rouille noire;2024:06:21;16:44:10;nan;4;Blé_Rouille noire
Ibl00972;../data/Bousset2_data/Images/Blé/Rouille noire/Ibl00972.jpg;Blé;Rouille noire;Blé_Rouille noire;Blé;PUCCGR;Puccinia graminis;Rouille noire;;train;Rouille noire;2024:06:21;16:45:14;nan;4;Blé_Rouille noire
Ibl00983;../data/Bousset2_data/Images/Blé/Rouille noire/Ibl00983.jpg;Blé;Rouille noire;Blé_Rouille noire;Blé;PUCCGR;Puccinia graminis;Rouille noire;;train;Rouille noire;2024:06:21;16:55:20;nan;4;Blé_Rouille noire
Ibl00990;../data/Bousset2_data/Images/Blé/Rouille noire/Ibl00990.jpg;Blé;Rouille noire;Blé_Rouille noire;Blé;PUCCGR;Puccinia graminis;Rouille noire;;train;Rouille noire;2024:06:21;16:56:54;nan;4;Blé_Rouille noire
Ibl00995;../data/Bousset2_data/Images/Blé/Rouille noire/Ibl00995.jpg;Blé;Rouille noire;Blé_Rouille noire;Blé;PUCCGR;Puccinia graminis;Rouille noire;;train;Rouille noire;2024:06:24;15:26:15;nan;4;Blé_Rouille noire
Ibl01001;../data/Bousset2_data/Images/Blé/Rouille noire/Ibl01001.jpg;Blé;Rouille noire;Blé_Rouille noire;Blé;PUCCGR;Puccinia graminis;Rouille noire;;train;Rouille noire;2024:06:24;15:28:02;nan;4;Blé_Rouille noire
Ibl01003;../data/Bousset2_data/Images/Blé/Rouille noire/Ibl01003.jpg;Blé;Rouille noire;Blé_Rouille noire;Blé;PUCCGR;Puccinia graminis;Rouille noire;;train;Rouille noire;2024:06:24;15:49:33;nan;4;Blé_Rouille noire
Ibl01011;../data/Bousset2_data/Images/Blé/Rouille noire/Ibl01011.jpg;Blé;Rouille noire;Blé_Rouille noire;Blé;PUCCGR;Puccinia graminis;Rouille noire;;train;Rouille noire;2024:06:24;15:54:29;nan;4;Blé_Rouille noire
Ibl01020;../data/Bousset2_data/Images/Blé/Rouille noire/Ibl01020.jpg;Blé;Rouille noire;Blé_Rouille noire;Blé;PUCCGR;Puccinia graminis;Rouille noire;;train;Rouille noire;2024:06:24;15:57:15;nan;4;Blé_Rouille noire
Ibl01021;../data/Bousset2_data/Images/Blé/Rouille noire/Ibl01021.jpg;Blé;Rouille noire;Blé_Rouille noire;Blé;PUCCGR;Puccinia graminis;Rouille noire;;train;Rouille noire;2024:06:24;15:57:25;nan;4;Blé_Rouille noire
Ibl01022;../data/Bousset2_data/Images/Blé/Rouille noire/Ibl01022.jpg;Blé;Rouille noire;Blé_Rouille noire;Blé;PUCCGR;Puccinia graminis;Rouille noire;;train;Rouille noire;2024:06:24;15:57:41;nan;4;Blé_Rouille noire
Ibl01043;../data/Bousset2_data/Images/Blé/Rouille noire/Ibl01043.jpg;Blé;Rouille noire;Blé_Rouille noire;Blé;PUCCGR;Puccinia graminis;Rouille noire;;train;Rouille noire;2024:06:24;14:52:46;nan;4;Blé_Rouille noire
Ibl01063;../data/Bousset2_data/Images/Blé/Rouille noire/Ibl01063.jpg;Blé;Rouille noire;Blé_Rouille noire;Blé;PUCCGR;Puccinia graminis;Rouille noire;;train;Rouille noire;2024:06:24;14:56:22;nan;4;Blé_Rouille noire
Ibl01078;../data/Bousset2_data/Images/Blé/Rouille noire/Ibl01078.jpg;Blé;Rouille noire;Blé_Rouille noire;Blé;PUCCGR;Puccinia graminis;Rouille noire;;train;Rouille noire;2024:06:24;14:57:40;nan;4;Blé_Rouille noire
Ibl01194;../data/VAULT/Bousset2_data/Images/Blé/Rouille noire/Ibl01194.jpg;Blé;Rouille noire;Blé_Rouille noire;Blé;PUCCGR;Puccinia graminis;Rouille noire;;vault;Rouille noire;2024:07:01;12:49:26;nan;4;Blé_Rouille noire
Ibl01206;../data/VAULT/Bousset2_data/Images/Blé/Rouille noire/Ibl01206.jpg;Blé;Rouille noire;Blé_Rouille noire;Blé;PUCCGR;Puccinia graminis;Rouille noire;;vault;Rouille noire;2024:07:01;12:51:24;nan;4;Blé_Rouille noire
Ibl01239;../data/VAULT/Bousset2_data/Images/Blé/Rouille noire/Ibl01239.jpg;Blé;Rouille noire;Blé_Rouille noire;Blé;PUCCGR;Puccinia graminis;Rouille noire;;vault;Rouille noire;2024:07:01;13:06:48;nan;4;Blé_Rouille noire
Ibl01243;../data/VAULT/Bousset2_data/Images/Blé/Rouille noire/Ibl01243.jpg;Blé;Rouille noire;Blé_Rouille noire;Blé;PUCCGR;Puccinia graminis;Rouille noire;;vault;Rouille noire;2024:07:01;13:08:20;nan;4;Blé_Rouille noire
Ibl00030;../data/Bousset2_data/Images/Blé/Septoriose/Ibl00030.jpg;Blé;Septoriose;Blé_Septoriose;Blé;SEPPTR;Zymospetoria tritici;Septoriose;;train;Septoriose;2024:03:04;11:27:49;nan;20;Blé_Septoriose
Ibl00033;../data/Bousset2_data/Images/Blé/Septoriose/Ibl00033.jpg;Blé;Septoriose;Blé_Septoriose;Blé;SEPPTR;Zymospetoria tritici;Septoriose;;train;Septoriose;2024:03:04;11:30:54;nan;20;Blé_Septoriose
Ibl00042;../data/Bousset2_data/Images/Blé/Septoriose/Ibl00042.jpg;Blé;Septoriose;Blé_Septoriose;Blé;SEPPTR;Zymospetoria tritici;Septoriose;;train;Septoriose;2024:03:08;14:07:03;nan;20;Blé_Septoriose
Ibl00063;../data/Bousset2_data/Images/Blé/Septoriose/Ibl00063.jpg;Blé;Septoriose;Blé_Septoriose;Blé;SEPPTR;Zymospetoria tritici;Septoriose;;train;Septoriose;2024:03:19;13:40:51;nan;20;Blé_Septoriose
Ibl00064;../data/Bousset2_data/Images/Blé/Septoriose/Ibl00064.jpg;Blé;Septoriose;Blé_Septoriose;Blé;SEPPTR;Zymospetoria tritici;Septoriose;;train;Septoriose;2024:03:19;13:42:44;nan;20;Blé_Septoriose
Ibl00068;../data/Bousset2_data/Images/Blé/Septoriose/Ibl00068.jpg;Blé;Septoriose;Blé_Septoriose;Blé;SEPPTR;Zymospetoria tritici;Septoriose;;train;Septoriose;2024:03:20;16:00:25;nan;20;Blé_Septoriose
Ibl00075;../data/Bousset2_data/Images/Blé/Septoriose/Ibl00075.jpg;Blé;Septoriose;Blé_Septoriose;Blé;SEPPTR;Zymospetoria tritici;Septoriose;;train;Septoriose;2024:03:20;16:01:49;nan;20;Blé_Septoriose
Ibl00082;../data/Bousset2_data/Images/Blé/Septoriose/Ibl00082.jpg;Blé;Septoriose;Blé_Septoriose;Blé;SEPPTR;Zymospetoria tritici;Septoriose;;train;Septoriose;2024:03:20;16:03:15;nan;20;Blé_Septoriose
Ibl00083;../data/Bousset2_data/Images/Blé/Septoriose/Ibl00083.jpg;Blé;Septoriose;Blé_Septoriose;Blé;SEPPTR;Zymospetoria tritici;Septoriose;;train;Septoriose;2024:03:20;16:03:25;nan;20;Blé_Septoriose
Ibl00087;../data/Bousset2_data/Images/Blé/Septoriose/Ibl00087.jpg;Blé;Septoriose;Blé_Septoriose;Blé;SEPPTR;Zymospetoria tritici;Septoriose;;train;Septoriose;2024:03:20;16:04:11;nan;20;Blé_Septoriose
Ibl00088;../data/Bousset2_data/Images/Blé/Septoriose/Ibl00088.jpg;Blé;Septoriose;Blé_Septoriose;Blé;SEPPTR;Zymospetoria tritici;Septoriose;;train;Septoriose;2024:03:20;16:04:13;nan;20;Blé_Septoriose
Ibl00091;../data/Bousset2_data/Images/Blé/Septoriose/Ibl00091.jpg;Blé;Septoriose;Blé_Septoriose;Blé;SEPPTR;Zymospetoria tritici;Septoriose;;train;Septoriose;2024:03:20;16:04:43;nan;20;Blé_Septoriose
Ibl00102;../data/Bousset2_data/Images/Blé/Septoriose/Ibl00102.jpg;Blé;Septoriose;Blé_Septoriose;Blé;SEPPTR;Zymospetoria tritici;Septoriose;;train;Septoriose;2024:03:20;16:05:33;nan;20;Blé_Septoriose
Ibl00114;../data/Bousset2_data/Images/Blé/Septoriose/Ibl00114.jpg;Blé;Septoriose;Blé_Septoriose;Blé;SEPPTR;Zymospetoria tritici;Septoriose;;train;Septoriose;2024:03:20;15:00:33;nan;20;Blé_Septoriose
Ibl00120;../data/Bousset2_data/Images/Blé/Septoriose/Ibl00120.jpg;Blé;Septoriose;Blé_Septoriose;Blé;SEPPTR;Zymospetoria tritici;Septoriose;;train;Septoriose;2024:03:20;15:01:41;nan;20;Blé_Septoriose
Ibl00121;../data/Bousset2_data/Images/Blé/Septoriose/Ibl00121.jpg;Blé;Septoriose;Blé_Septoriose;Blé;SEPPTR;Zymospetoria tritici;Septoriose;;train;Septoriose;2024:03:20;15:01:51;nan;20;Blé_Septoriose
Ibl00123;../data/Bousset2_data/Images/Blé/Septoriose/Ibl00123.jpg;Blé;Septoriose;Blé_Septoriose;Blé;SEPPTR;Zymospetoria tritici;Septoriose;;train;Septoriose;2024:03:20;15:02:14;nan;20;Blé_Septoriose
Ibl00125;../data/Bousset2_data/Images/Blé/Septoriose/Ibl00125.jpg;Blé;Septoriose;Blé_Septoriose;Blé;SEPPTR;Zymospetoria tritici;Septoriose;;train;Septoriose;2024:03:20;15:02:23;nan;20;Blé_Septoriose
Ibl00126;../data/Bousset2_data/Images/Blé/Septoriose/Ibl00126.jpg;Blé;Septoriose;Blé_Septoriose;Blé;SEPPTR;Zymospetoria tritici;Septoriose;;train;Septoriose;2024:03:20;15:02:35;nan;20;Blé_Septoriose
Ibl00129;../data/Bousset2_data/Images/Blé/Septoriose/Ibl00129.jpg;Blé;Septoriose;Blé_Septoriose;Blé;SEPPTR;Zymospetoria tritici;Septoriose;;train;Septoriose;2024:03:20;15:02:59;nan;20;Blé_Septoriose
Ibl00131;../data/Bousset2_data/Images/Blé/Septoriose/Ibl00131.jpg;Blé;Septoriose;Blé_Septoriose;Blé;SEPPTR;Zymospetoria tritici;Septoriose;;train;Septoriose;2024:03:20;15:03:24;nan;20;Blé_Septoriose
Ibl00132;../data/Bousset2_data/Images/Blé/Septoriose/Ibl00132.jpg;Blé;Septoriose;Blé_Septoriose;Blé;SEPPTR;Zymospetoria tritici;Septoriose;;train;Septoriose;2024:03:20;15:03:27;nan;20;Blé_Septoriose
Ibl00142;../data/Bousset2_data/Images/Blé/Septoriose/Ibl00142.jpg;Blé;Septoriose;Blé_Septoriose;Blé;SEPPTR;Zymospetoria tritici;Septoriose;;train;Septoriose;2024:03:20;15:05:38;nan;20;Blé_Septoriose
Ibl00146;../data/Bousset2_data/Images/Blé/Septoriose/Ibl00146.jpg;Blé;Septoriose;Blé_Septoriose;Blé;SEPPTR;Zymospetoria tritici;Septoriose;;train;Septoriose;2024:03:20;15:06:13;nan;20;Blé_Septoriose
Ibl00171;../data/Bousset2_data/Images/Blé/Septoriose/Ibl00171.jpg;Blé;Septoriose;Blé_Septoriose;Blé;SEPPTR;Zymospetoria tritici;Septoriose;;train;Septoriose;2024:03:20;16:49:01;nan;20;Blé_Septoriose
Ibl00176;../data/Bousset2_data/Images/Blé/Septoriose/Ibl00176.jpg;Blé;Septoriose;Blé_Septoriose;Blé;SEPPTR;Zymospetoria tritici;Septoriose;;train;Septoriose;2024:04:05;13:22:54;nan;20;Blé_Septoriose
Ibl00184;../data/Bousset2_data/Images/Blé/Septoriose/Ibl00184.jpg;Blé;Septoriose;Blé_Septoriose;Blé;SEPPTR;Zymospetoria tritici;Septoriose;;train;Septoriose;2024:04:05;13:24:47;nan;20;Blé_Septoriose
Ibl00188;../data/Bousset2_data/Images/Blé/Septoriose/Ibl00188.jpg;Blé;Septoriose;Blé_Septoriose;Blé;SEPPTR;Zymospetoria tritici;Septoriose;;train;Septoriose;2024:04:05;13:26:12;nan;20;Blé_Septoriose
Ibl00189;../data/Bousset2_data/Images/Blé/Septoriose/Ibl00189.jpg;Blé;Septoriose;Blé_Septoriose;Blé;SEPPTR;Zymospetoria tritici;Septoriose;;train;Septoriose;2024:04:05;13:26:19;nan;20;Blé_Septoriose
Ibl00190;../data/Bousset2_data/Images/Blé/Septoriose/Ibl00190.jpg;Blé;Septoriose;Blé_Septoriose;Blé;SEPPTR;Zymospetoria tritici;Septoriose;;train;Septoriose;2024:04:05;13:26:32;nan;20;Blé_Septoriose
Ibl00191;../data/Bousset2_data/Images/Blé/Septoriose/Ibl00191.jpg;Blé;Septoriose;Blé_Septoriose;Blé;SEPPTR;Zymospetoria tritici;Septoriose;;train;Septoriose;2024:04:05;13:26:48;nan;20;Blé_Septoriose
Ibl00192;../data/Bousset2_data/Images/Blé/Septoriose/Ibl00192.jpg;Blé;Septoriose;Blé_Septoriose;Blé;SEPPTR;Zymospetoria tritici;Septoriose;;train;Septoriose;2024:04:05;13:27:16;nan;20;Blé_Septoriose
Ibl00193;../data/Bousset2_data/Images/Blé/Septoriose/Ibl00193.jpg;Blé;Septoriose;Blé_Septoriose;Blé;SEPPTR;Zymospetoria tritici;Septoriose;;train;Septoriose;2024:04:05;13:28:06;nan;20;Blé_Septoriose
Ibl00194;../data/Bousset2_data/Images/Blé/Septoriose/Ibl00194.jpg;Blé;Septoriose;Blé_Septoriose;Blé;SEPPTR;Zymospetoria tritici;Septoriose;;train;Septoriose;2024:04:05;13:28:16;nan;20;Blé_Septoriose
Ibl00195;../data/Bousset2_data/Images/Blé/Septoriose/Ibl00195.jpg;Blé;Septoriose;Blé_Septoriose;Blé;SEPPTR;Zymospetoria tritici;Septoriose;;train;Septoriose;2024:04:05;13:28:54;nan;20;Blé_Septoriose
Ibl00196;../data/Bousset2_data/Images/Blé/Septoriose/Ibl00196.jpg;Blé;Septoriose;Blé_Septoriose;Blé;SEPPTR;Zymospetoria tritici;Septoriose;;train;Septoriose;2024:04:05;13:29:18;nan;20;Blé_Septoriose
Ibl00197;../data/Bousset2_data/Images/Blé/Septoriose/Ibl00197.jpg;Blé;Septoriose;Blé_Septoriose;Blé;SEPPTR;Zymospetoria tritici;Septoriose;;train;Septoriose;2024:04:05;13:29:20;nan;20;Blé_Septoriose
Ibl00200;../data/Bousset2_data/Images/Blé/Septoriose/Ibl00200.jpg;Blé;Septoriose;Blé_Septoriose;Blé;SEPPTR;Zymospetoria tritici;Septoriose;;train;Septoriose;2024:04:05;13:29:58;nan;20;Blé_Septoriose
Ibl00212;../data/Bousset2_data/Images/Blé/Septoriose/Ibl00212.jpg;Blé;Septoriose;Blé_Septoriose;Blé;SEPPTR;Zymospetoria tritici;Septoriose;;train;Septoriose;2024:04:05;12:14:58;nan;20;Blé_Septoriose
Ibl00213;../data/Bousset2_data/Images/Blé/Septoriose/Ibl00213.jpg;Blé;Septoriose;Blé_Septoriose;Blé;SEPPTR;Zymospetoria tritici;Septoriose;;train;Septoriose;2024:04:05;12:15:14;nan;20;Blé_Septoriose
Ibl00216;../data/Bousset2_data/Images/Blé/Septoriose/Ibl00216.jpg;Blé;Septoriose;Blé_Septoriose;Blé;SEPPTR;Zymospetoria tritici;Septoriose;;train;Septoriose;2024:04:05;12:16:06;nan;20;Blé_Septoriose
Ibl00218;../data/Bousset2_data/Images/Blé/Septoriose/Ibl00218.jpg;Blé;Septoriose;Blé_Septoriose;Blé;SEPPTR;Zymospetoria tritici;Septoriose;;train;Septoriose;2024:04:05;12:17:07;nan;20;Blé_Septoriose
Ibl00219;../data/Bousset2_data/Images/Blé/Septoriose/Ibl00219.jpg;Blé;Septoriose;Blé_Septoriose;Blé;SEPPTR;Zymospetoria tritici;Septoriose;;train;Septoriose;2024:04:05;12:17:18;nan;20;Blé_Septoriose
Ibl00220;../data/Bousset2_data/Images/Blé/Septoriose/Ibl00220.jpg;Blé;Septoriose;Blé_Septoriose;Blé;SEPPTR;Zymospetoria tritici;Septoriose;;train;Septoriose;2024:04:05;12:18:16;nan;20;Blé_Septoriose
Ibl00221;../data/Bousset2_data/Images/Blé/Septoriose/Ibl00221.jpg;Blé;Septoriose;Blé_Septoriose;Blé;SEPPTR;Zymospetoria tritici;Septoriose;;train;Septoriose;2024:04:05;12:18:20;nan;20;Blé_Septoriose
Ibl00222;../data/Bousset2_data/Images/Blé/Septoriose/Ibl00222.jpg;Blé;Septoriose;Blé_Septoriose;Blé;SEPPTR;Zymospetoria tritici;Septoriose;;train;Septoriose;2024:04:05;12:18:23;nan;20;Blé_Septoriose
Ibl00223;../data/Bousset2_data/Images/Blé/Septoriose/Ibl00223.jpg;Blé;Septoriose;Blé_Septoriose;Blé;SEPPTR;Zymospetoria tritici;Septoriose;;train;Septoriose;2024:04:05;12:19:01;nan;20;Blé_Septoriose
Ibl00225;../data/Bousset2_data/Images/Blé/Septoriose/Ibl00225.jpg;Blé;Septoriose;Blé_Septoriose;Blé;SEPPTR;Zymospetoria tritici;Septoriose;;train;Septoriose;2024:04:05;12:20:33;nan;20;Blé_Septoriose
Ibl00226;../data/Bousset2_data/Images/Blé/Septoriose/Ibl00226.jpg;Blé;Septoriose;Blé_Septoriose;Blé;SEPPTR;Zymospetoria tritici;Septoriose;;train;Septoriose;2024:04:05;12:20:38;nan;20;Blé_Septoriose
Ibl00227;../data/Bousset2_data/Images/Blé/Septoriose/Ibl00227.jpg;Blé;Septoriose;Blé_Septoriose;Blé;SEPPTR;Zymospetoria tritici;Septoriose;;train;Septoriose;2024:04:05;12:20:46;nan;20;Blé_Septoriose
Ibl00228;../data/Bousset2_data/Images/Blé/Septoriose/Ibl00228.jpg;Blé;Septoriose;Blé_Septoriose;Blé;SEPPTR;Zymospetoria tritici;Septoriose;;train;Septoriose;2024:04:05;12:21:16;nan;20;Blé_Septoriose
Ibl00236;../data/Bousset2_data/Images/Blé/Septoriose/Ibl00236.jpg;Blé;Septoriose;Blé_Septoriose;Blé;SEPPTR;Zymospetoria tritici;Septoriose;;train;Septoriose;2024:04:09;11:34:27;nan;20;Blé_Septoriose
Ibl00240;../data/Bousset2_data/Images/Blé/Septoriose/Ibl00240.jpg;Blé;Septoriose;Blé_Septoriose;Blé;SEPPTR;Zymospetoria tritici;Septoriose;;train;Septoriose;2024:04:09;11:36:54;nan;20;Blé_Septoriose
Ibl00251;../data/Bousset2_data/Images/Blé/Septoriose/Ibl00251.jpg;Blé;Septoriose;Blé_Septoriose;Blé;SEPPTR;Zymospetoria tritici;Septoriose;;train;Septoriose;2024:04:09;11:41:14;nan;20;Blé_Septoriose
Ibl00261;../data/Bousset2_data/Images/Blé/Septoriose/Ibl00261.jpg;Blé;Septoriose;Blé_Septoriose;Blé;SEPPTR;Zymospetoria tritici;Septoriose;;train;Septoriose;2024:04:09;11:46:03;nan;20;Blé_Septoriose
Ibl00262;../data/Bousset2_data/Images/Blé/Septoriose/Ibl00262.jpg;Blé;Septoriose;Blé_Septoriose;Blé;SEPPTR;Zymospetoria tritici;Septoriose;;train;Septoriose;2024:04:09;11:46:21;nan;20;Blé_Septoriose
Ibl00265;../data/Bousset2_data/Images/Blé/Septoriose/Ibl00265.jpg;Blé;Septoriose;Blé_Septoriose;Blé;SEPPTR;Zymospetoria tritici;Septoriose;;train;Septoriose;2024:04:09;11:46:51;nan;20;Blé_Septoriose
Ibl00279;../data/Bousset2_data/Images/Blé/Septoriose/Ibl00279.jpg;Blé;Septoriose;Blé_Septoriose;Blé;SEPPTR;Zymospetoria tritici;Septoriose;;train;Septoriose;2024:04:15;12:55:03;nan;20;Blé_Septoriose
Ibl00394;../data/Bousset2_data/Images/Blé/Septoriose/Ibl00394.jpg;Blé;Septoriose;Blé_Septoriose;Blé;SEPPTR;Zymospetoria tritici;Septoriose;;train;Septoriose;2024:04:22;14:13:09;nan;20;Blé_Septoriose
Ibl00397;../data/Bousset2_data/Images/Blé/Septoriose/Ibl00397.jpg;Blé;Septoriose;Blé_Septoriose;Blé;SEPPTR;Zymospetoria tritici;Septoriose;;train;Septoriose;2024:04:22;14:13:40;nan;20;Blé_Septoriose
Ibl00398;../data/Bousset2_data/Images/Blé/Septoriose/Ibl00398.jpg;Blé;Septoriose;Blé_Septoriose;Blé;SEPPTR;Zymospetoria tritici;Septoriose;;train;Septoriose;2024:04:22;14:13:50;nan;20;Blé_Septoriose
Ibl00399;../data/Bousset2_data/Images/Blé/Septoriose/Ibl00399.jpg;Blé;Septoriose;Blé_Septoriose;Blé;SEPPTR;Zymospetoria tritici;Septoriose;;train;Septoriose;2024:04:22;14:14:03;nan;20;Blé_Septoriose
Ibl00473;../data/Bousset2_data/Images/Blé/Septoriose/Ibl00473.jpg;Blé;Septoriose;Blé_Septoriose;Blé;SEPPTR;Zymospetoria tritici;Septoriose;;train;Septoriose;2024:04:28;12:03:11;nan;20;Blé_Septoriose
Ibl00474;../data/Bousset2_data/Images/Blé/Septoriose/Ibl00474.jpg;Blé;Septoriose;Blé_Septoriose;Blé;SEPPTR;Zymospetoria tritici;Septoriose;;train;Septoriose;2024:04:28;12:03:34;nan;20;Blé_Septoriose
Ibl00477;../data/Bousset2_data/Images/Blé/Septoriose/Ibl00477.jpg;Blé;Septoriose;Blé_Septoriose;Blé;SEPPTR;Zymospetoria tritici;Septoriose;;train;Septoriose;2024:04:28;12:04:57;nan;20;Blé_Septoriose
Ibl00478;../data/Bousset2_data/Images/Blé/Septoriose/Ibl00478.jpg;Blé;Septoriose;Blé_Septoriose;Blé;SEPPTR;Zymospetoria tritici;Septoriose;;train;Septoriose;2024:04:28;12:05:11;nan;20;Blé_Septoriose
Ibl00512;../data/Bousset2_data/Images/Blé/Septoriose/Ibl00512.jpg;Blé;Septoriose;Blé_Septoriose;Blé;SEPPTR;Zymospetoria tritici;Septoriose;;train;Septoriose;2024:05:16;15:03:05;nan;20;Blé_Septoriose
Ibl00513;../data/Bousset2_data/Images/Blé/Septoriose/Ibl00513.jpg;Blé;Septoriose;Blé_Septoriose;Blé;SEPPTR;Zymospetoria tritici;Septoriose;;train;Septoriose;2024:05:16;15:03:13;nan;20;Blé_Septoriose
Ibl00514;../data/Bousset2_data/Images/Blé/Septoriose/Ibl00514.jpg;Blé;Septoriose;Blé_Septoriose;Blé;SEPPTR;Zymospetoria tritici;Septoriose;;train;Septoriose;2024:05:16;15:03:15;nan;20;Blé_Septoriose
Ibl00515;../data/Bousset2_data/Images/Blé/Septoriose/Ibl00515.jpg;Blé;Septoriose;Blé_Septoriose;Blé;SEPPTR;Zymospetoria tritici;Septoriose;;train;Septoriose;2024:05:16;15:03:20;nan;20;Blé_Septoriose
Ibl00516;../data/Bousset2_data/Images/Blé/Septoriose/Ibl00516.jpg;Blé;Septoriose;Blé_Septoriose;Blé;SEPPTR;Zymospetoria tritici;Septoriose;;train;Septoriose;2024:05:16;15:03:23;nan;20;Blé_Septoriose
Ibl00517;../data/Bousset2_data/Images/Blé/Septoriose/Ibl00517.jpg;Blé;Septoriose;Blé_Septoriose;Blé;SEPPTR;Zymospetoria tritici;Septoriose;;train;Septoriose;2024:05:16;15:03:37;nan;20;Blé_Septoriose
Ibl00518;../data/Bousset2_data/Images/Blé/Septoriose/Ibl00518.jpg;Blé;Septoriose;Blé_Septoriose;Blé;SEPPTR;Zymospetoria tritici;Septoriose;;train;Septoriose;2024:05:16;15:03:43;nan;20;Blé_Septoriose
Ibl00519;../data/Bousset2_data/Images/Blé/Septoriose/Ibl00519.jpg;Blé;Septoriose;Blé_Septoriose;Blé;SEPPTR;Zymospetoria tritici;Septoriose;;train;Septoriose;2024:05:16;15:03:46;nan;20;Blé_Septoriose
Ibl00520;../data/Bousset2_data/Images/Blé/Septoriose/Ibl00520.jpg;Blé;Septoriose;Blé_Septoriose;Blé;SEPPTR;Zymospetoria tritici;Septoriose;;train;Septoriose;2024:05:16;15:03:49;nan;20;Blé_Septoriose
Ibl00521;../data/Bousset2_data/Images/Blé/Septoriose/Ibl00521.jpg;Blé;Septoriose;Blé_Septoriose;Blé;SEPPTR;Zymospetoria tritici;Septoriose;;train;Septoriose;2024:05:16;15:03:52;nan;20;Blé_Septoriose
Ibl00522;../data/Bousset2_data/Images/Blé/Septoriose/Ibl00522.jpg;Blé;Septoriose;Blé_Septoriose;Blé;SEPPTR;Zymospetoria tritici;Septoriose;;train;Septoriose;2024:05:16;15:03:55;nan;20;Blé_Septoriose
Ibl00523;../data/Bousset2_data/Images/Blé/Septoriose/Ibl00523.jpg;Blé;Septoriose;Blé_Septoriose;Blé;SEPPTR;Zymospetoria tritici;Septoriose;;train;Septoriose;2024:05:16;15:03:57;nan;20;Blé_Septoriose
Ibl00524;../data/Bousset2_data/Images/Blé/Septoriose/Ibl00524.jpg;Blé;Septoriose;Blé_Septoriose;Blé;SEPPTR;Zymospetoria tritici;Septoriose;;train;Septoriose;2024:05:16;15:04:04;nan;20;Blé_Septoriose
Ibl00526;../data/Bousset2_data/Images/Blé/Septoriose/Ibl00526.jpg;Blé;Septoriose;Blé_Septoriose;Blé;SEPPTR;Zymospetoria tritici;Septoriose;;train;Septoriose;2024:05:16;15:04:12;nan;20;Blé_Septoriose
Ibl00527;../data/Bousset2_data/Images/Blé/Septoriose/Ibl00527.jpg;Blé;Septoriose;Blé_Septoriose;Blé;SEPPTR;Zymospetoria tritici;Septoriose;;train;Septoriose;2024:05:16;15:04:17;nan;20;Blé_Septoriose
Ibl00528;../data/Bousset2_data/Images/Blé/Septoriose/Ibl00528.jpg;Blé;Septoriose;Blé_Septoriose;Blé;SEPPTR;Zymospetoria tritici;Septoriose;;train;Septoriose;2024:05:16;15:04:21;nan;20;Blé_Septoriose
Ibl00529;../data/Bousset2_data/Images/Blé/Septoriose/Ibl00529.jpg;Blé;Septoriose;Blé_Septoriose;Blé;SEPPTR;Zymospetoria tritici;Septoriose;;train;Septoriose;2024:05:16;15:04:23;nan;20;Blé_Septoriose
Ibl00530;../data/Bousset2_data/Images/Blé/Septoriose/Ibl00530.jpg;Blé;Septoriose;Blé_Septoriose;Blé;SEPPTR;Zymospetoria tritici;Septoriose;;train;Septoriose;2024:05:16;15:04:27;nan;20;Blé_Septoriose
Ibl00531;../data/Bousset2_data/Images/Blé/Septoriose/Ibl00531.jpg;Blé;Septoriose;Blé_Septoriose;Blé;SEPPTR;Zymospetoria tritici;Septoriose;;train;Septoriose;2024:05:16;15:04:30;nan;20;Blé_Septoriose
Ibl00532;../data/Bousset2_data/Images/Blé/Septoriose/Ibl00532.jpg;Blé;Septoriose;Blé_Septoriose;Blé;SEPPTR;Zymospetoria tritici;Septoriose;;train;Septoriose;2024:05:16;15:04:40;nan;20;Blé_Septoriose
Ibl00533;../data/Bousset2_data/Images/Blé/Septoriose/Ibl00533.jpg;Blé;Septoriose;Blé_Septoriose;Blé;SEPPTR;Zymospetoria tritici;Septoriose;;train;Septoriose;2024:05:16;15:05:00;nan;20;Blé_Septoriose
Ibl00534;../data/Bousset2_data/Images/Blé/Septoriose/Ibl00534.jpg;Blé;Septoriose;Blé_Septoriose;Blé;SEPPTR;Zymospetoria tritici;Septoriose;;train;Septoriose;2024:05:16;15:05:02;nan;20;Blé_Septoriose
Ibl00535;../data/Bousset2_data/Images/Blé/Septoriose/Ibl00535.jpg;Blé;Septoriose;Blé_Septoriose;Blé;SEPPTR;Zymospetoria tritici;Septoriose;;train;Septoriose;2024:05:16;15:05:04;nan;20;Blé_Septoriose
Ibl00536;../data/Bousset2_data/Images/Blé/Septoriose/Ibl00536.jpg;Blé;Septoriose;Blé_Septoriose;Blé;SEPPTR;Zymospetoria tritici;Septoriose;;train;Septoriose;2024:05:16;15:05:21;nan;20;Blé_Septoriose
Ibl00537;../data/Bousset2_data/Images/Blé/Septoriose/Ibl00537.jpg;Blé;Septoriose;Blé_Septoriose;Blé;SEPPTR;Zymospetoria tritici;Septoriose;;train;Septoriose;2024:05:16;15:05:24;nan;20;Blé_Septoriose
Ibl00538;../data/Bousset2_data/Images/Blé/Septoriose/Ibl00538.jpg;Blé;Septoriose;Blé_Septoriose;Blé;SEPPTR;Zymospetoria tritici;Septoriose;;train;Septoriose;2024:05:16;15:05:28;nan;20;Blé_Septoriose
Ibl00540;../data/Bousset2_data/Images/Blé/Septoriose/Ibl00540.jpg;Blé;Septoriose;Blé_Septoriose;Blé;SEPPTR;Zymospetoria tritici;Septoriose;;train;Septoriose;2024:05:16;15:05:39;nan;20;Blé_Septoriose
Ibl00541;../data/Bousset2_data/Images/Blé/Septoriose/Ibl00541.jpg;Blé;Septoriose;Blé_Septoriose;Blé;SEPPTR;Zymospetoria tritici;Septoriose;;train;Septoriose;2024:05:16;15:05:44;nan;20;Blé_Septoriose
Ibl00542;../data/Bousset2_data/Images/Blé/Septoriose/Ibl00542.jpg;Blé;Septoriose;Blé_Septoriose;Blé;SEPPTR;Zymospetoria tritici;Septoriose;;train;Septoriose;2024:05:16;15:06:12;nan;20;Blé_Septoriose
Ibl00543;../data/Bousset2_data/Images/Blé/Septoriose/Ibl00543.jpg;Blé;Septoriose;Blé_Septoriose;Blé;SEPPTR;Zymospetoria tritici;Septoriose;;train;Septoriose;2024:05:16;15:06:14;nan;20;Blé_Septoriose
Ibl00544;../data/Bousset2_data/Images/Blé/Septoriose/Ibl00544.jpg;Blé;Septoriose;Blé_Septoriose;Blé;SEPPTR;Zymospetoria tritici;Septoriose;;train;Septoriose;2024:05:16;15:06:35;nan;20;Blé_Septoriose
Ibl00545;../data/Bousset2_data/Images/Blé/Septoriose/Ibl00545.jpg;Blé;Septoriose;Blé_Septoriose;Blé;SEPPTR;Zymospetoria tritici;Septoriose;;train;Septoriose;2024:05:16;15:06:36;nan;20;Blé_Septoriose
Ibl00546;../data/Bousset2_data/Images/Blé/Septoriose/Ibl00546.jpg;Blé;Septoriose;Blé_Septoriose;Blé;SEPPTR;Zymospetoria tritici;Septoriose;;train;Septoriose;2024:05:16;15:06:42;nan;20;Blé_Septoriose
Ibl00550;../data/Bousset2_data/Images/Blé/Septoriose/Ibl00550.jpg;Blé;Septoriose;Blé_Septoriose;Blé;SEPPTR;Zymospetoria tritici;Septoriose;;train;Septoriose;2024:05:16;15:07:54;nan;20;Blé_Septoriose
Ibl00551;../data/Bousset2_data/Images/Blé/Septoriose/Ibl00551.jpg;Blé;Septoriose;Blé_Septoriose;Blé;SEPPTR;Zymospetoria tritici;Septoriose;;train;Septoriose;2024:05:16;15:08:18;nan;20;Blé_Septoriose
Ibl00553;../data/Bousset2_data/Images/Blé/Septoriose/Ibl00553.jpg;Blé;Septoriose;Blé_Septoriose;Blé;SEPPTR;Zymospetoria tritici;Septoriose;;train;Septoriose;2024:05:16;15:08:31;nan;20;Blé_Septoriose
Ibl00554;../data/Bousset2_data/Images/Blé/Septoriose/Ibl00554.jpg;Blé;Septoriose;Blé_Septoriose;Blé;SEPPTR;Zymospetoria tritici;Septoriose;;train;Septoriose;2024:05:16;15:08:38;nan;20;Blé_Septoriose
Ibl00555;../data/Bousset2_data/Images/Blé/Septoriose/Ibl00555.jpg;Blé;Septoriose;Blé_Septoriose;Blé;SEPPTR;Zymospetoria tritici;Septoriose;;train;Septoriose;2024:05:16;15:08:39;nan;20;Blé_Septoriose
Ibl00556;../data/Bousset2_data/Images/Blé/Septoriose/Ibl00556.jpg;Blé;Septoriose;Blé_Septoriose;Blé;SEPPTR;Zymospetoria tritici;Septoriose;;train;Septoriose;2024:05:16;15:08:51;nan;20;Blé_Septoriose
Ibl00557;../data/Bousset2_data/Images/Blé/Septoriose/Ibl00557.jpg;Blé;Septoriose;Blé_Septoriose;Blé;SEPPTR;Zymospetoria tritici;Septoriose;;train;Septoriose;2024:05:16;15:08:55;nan;20;Blé_Septoriose
Ibl00567;../data/Bousset2_data/Images/Blé/Septoriose/Ibl00567.jpg;Blé;Septoriose;Blé_Septoriose;Blé;SEPPTR;Zymospetoria tritici;Septoriose;;train;Septoriose;2024:05:16;16:33:13;nan;20;Blé_Septoriose
Ibl00569;../data/Bousset2_data/Images/Blé/Septoriose/Ibl00569.jpg;Blé;Septoriose;Blé_Septoriose;Blé;SEPPTR;Zymospetoria tritici;Septoriose;;train;Septoriose;2024:05:16;16:33:43;nan;20;Blé_Septoriose
Ibl00570;../data/Bousset2_data/Images/Blé/Septoriose/Ibl00570.jpg;Blé;Septoriose;Blé_Septoriose;Blé;SEPPTR;Zymospetoria tritici;Septoriose;;train;Septoriose;2024:05:16;16:33:51;nan;20;Blé_Septoriose
Ibl00571;../data/Bousset2_data/Images/Blé/Septoriose/Ibl00571.jpg;Blé;Septoriose;Blé_Septoriose;Blé;SEPPTR;Zymospetoria tritici;Septoriose;;train;Septoriose;2024:05:16;16:33:58;nan;20;Blé_Septoriose
Ibl00572;../data/Bousset2_data/Images/Blé/Septoriose/Ibl00572.jpg;Blé;Septoriose;Blé_Septoriose;Blé;SEPPTR;Zymospetoria tritici;Septoriose;;train;Septoriose;2024:05:16;16:34:02;nan;20;Blé_Septoriose
Ibl00581;../data/Bousset2_data/Images/Blé/Septoriose/Ibl00581.jpg;Blé;Septoriose;Blé_Septoriose;Blé;SEPPTR;Zymospetoria tritici;Septoriose;;train;Septoriose;2024:05:16;16:35:52;nan;20;Blé_Septoriose
Ibl00592;../data/Bousset2_data/Images/Blé/Septoriose/Ibl00592.jpg;Blé;Septoriose;Blé_Septoriose;Blé;SEPPTR;Zymospetoria tritici;Septoriose;;train;Septoriose;2024:05:17;16:44:01;nan;20;Blé_Septoriose
Ibl00593;../data/Bousset2_data/Images/Blé/Septoriose/Ibl00593.jpg;Blé;Septoriose;Blé_Septoriose;Blé;SEPPTR;Zymospetoria tritici;Septoriose;;train;Septoriose;2024:05:17;16:44:08;nan;20;Blé_Septoriose
Ibl00619;../data/VAULT/Bousset2_data/Images/Blé/Septoriose/Ibl00619.jpg;Blé;Septoriose;Blé_Septoriose;Blé;SEPPTR;Zymospetoria tritici;Septoriose;;vault;Septoriose;2024:05:23;12:11:21;nan;20;Blé_Septoriose
Ibl00620;../data/VAULT/Bousset2_data/Images/Blé/Septoriose/Ibl00620.jpg;Blé;Septoriose;Blé_Septoriose;Blé;SEPPTR;Zymospetoria tritici;Septoriose;;vault;Septoriose;2024:05:23;12:11:43;nan;20;Blé_Septoriose
Ibl00621;../data/VAULT/Bousset2_data/Images/Blé/Septoriose/Ibl00621.jpg;Blé;Septoriose;Blé_Septoriose;Blé;SEPPTR;Zymospetoria tritici;Septoriose;;vault;Septoriose;2024:05:23;12:11:50;nan;20;Blé_Septoriose
Ibl00637;../data/VAULT/Bousset2_data/Images/Blé/Septoriose/Ibl00637.jpg;Blé;Septoriose;Blé_Septoriose;Blé;SEPPTR;Zymospetoria tritici;Septoriose;;vault;Septoriose;2024:05:23;12:14:54;nan;20;Blé_Septoriose
Ibl00639;../data/VAULT/Bousset2_data/Images/Blé/Septoriose/Ibl00639.jpg;Blé;Septoriose;Blé_Septoriose;Blé;SEPPTR;Zymospetoria tritici;Septoriose;;vault;Septoriose;2024:05:23;12:15:19;nan;20;Blé_Septoriose
Ibl00646;../data/VAULT/Bousset2_data/Images/Blé/Septoriose/Ibl00646.jpg;Blé;Septoriose;Blé_Septoriose;Blé;SEPPTR;Zymospetoria tritici;Septoriose;;vault;Septoriose;2024:05:23;12:16:58;nan;20;Blé_Septoriose
Ibl00664;../data/VAULT/Bousset2_data/Images/Blé/Septoriose/Ibl00664.jpg;Blé;Septoriose;Blé_Septoriose;Blé;SEPPTR;Zymospetoria tritici;Septoriose;;vault;Septoriose;2024:05:23;12:36:37;nan;20;Blé_Septoriose
Ibl00667;../data/VAULT/Bousset2_data/Images/Blé/Septoriose/Ibl00667.jpg;Blé;Septoriose;Blé_Septoriose;Blé;SEPPTR;Zymospetoria tritici;Septoriose;;vault;Septoriose;2024:05:23;12:37:44;nan;20;Blé_Septoriose
Ibl00668;../data/VAULT/Bousset2_data/Images/Blé/Septoriose/Ibl00668.jpg;Blé;Septoriose;Blé_Septoriose;Blé;SEPPTR;Zymospetoria tritici;Septoriose;;vault;Septoriose;2024:05:23;12:37:46;nan;20;Blé_Septoriose
Ibl00684;../data/VAULT/Bousset2_data/Images/Blé/Septoriose/Ibl00684.jpg;Blé;Septoriose;Blé_Septoriose;Blé;SEPPTR;Zymospetoria tritici;Septoriose;;vault;Septoriose;2024:05:23;12:53:26;nan;20;Blé_Septoriose
Ibl00691;../data/VAULT/Bousset2_data/Images/Blé/Septoriose/Ibl00691.jpg;Blé;Septoriose;Blé_Septoriose;Blé;SEPPTR;Zymospetoria tritici;Septoriose;;vault;Septoriose;2024:05:23;13:02:32;nan;20;Blé_Septoriose
Ibl00709;../data/Bousset2_data/Images/Blé/Septoriose/Ibl00709.jpg;Blé;Septoriose;Blé_Septoriose;Blé;SEPPTR;Zymospetoria tritici;Septoriose;;train;Septoriose;2024:05:27;12:53:12;nan;20;Blé_Septoriose
Ibl00715;../data/Bousset2_data/Images/Blé/Septoriose/Ibl00715.jpg;Blé;Septoriose;Blé_Septoriose;Blé;SEPPTR;Zymospetoria tritici;Septoriose;;train;Septoriose;2024:05:27;12:55:25;nan;20;Blé_Septoriose
Ibl00719;../data/Bousset2_data/Images/Blé/Septoriose/Ibl00719.jpg;Blé;Septoriose;Blé_Septoriose;Blé;SEPPTR;Zymospetoria tritici;Septoriose;;train;Septoriose;2024:06:07;15:23:31;nan;20;Blé_Septoriose
Ibl00751;../data/Bousset2_data/Images/Blé/Septoriose/Ibl00751.jpg;Blé;Septoriose;Blé_Septoriose;Blé;SEPPTR;Zymospetoria tritici;Septoriose;;train;Septoriose;2024:06:07;15:39:21;nan;20;Blé_Septoriose
Ibl00805;../data/Bousset2_data/Images/Blé/Septoriose/Ibl00805.jpg;Blé;Septoriose;Blé_Septoriose;Blé;SEPPTR;Zymospetoria tritici;Septoriose;;train;Septoriose;2024:06:14;12:37:44;nan;20;Blé_Septoriose
Ibl00806;../data/Bousset2_data/Images/Blé/Septoriose/Ibl00806.jpg;Blé;Septoriose;Blé_Septoriose;Blé;SEPPTR;Zymospetoria tritici;Septoriose;;train;Septoriose;2024:06:14;12:37:53;nan;20;Blé_Septoriose
Ibl00920;../data/Bousset2_data/Images/Blé/Septoriose/Ibl00920.jpg;Blé;Septoriose;Blé_Septoriose;Blé;SEPPTR;Zymospetoria tritici;Septoriose;;train;Septoriose;2024:06:21;15:58:08;nan;20;Blé_Septoriose
Ibl01143;../data/Bousset2_data/Images/Blé/Septoriose/Ibl01143.jpg;Blé;Septoriose;Blé_Septoriose;Blé;SEPPTR;Zymospetoria tritici;Septoriose;;train;Septoriose;2024:06:27;13:18:29;nan;20;Blé_Septoriose
Ibl00349;../data/Bousset2_data/Images/Blé/Virus JNO/Ibl00349.jpg;Blé;Virus JNO;Blé_Virus JNO;Blé;BYDV00;;Virus JNO;;train;Virus JNO;2024:04:15;13:18:14;nan;8;Blé_Virus JNO
Ibl00350;../data/Bousset2_data/Images/Blé/Virus JNO/Ibl00350.jpg;Blé;Virus JNO;Blé_Virus JNO;Blé;BYDV00;;Virus JNO;;train;Virus JNO;2024:04:15;13:18:43;nan;8;Blé_Virus JNO
Ibl00351;../data/Bousset2_data/Images/Blé/Virus JNO/Ibl00351.jpg;Blé;Virus JNO;Blé_Virus JNO;Blé;BYDV00;;Virus JNO;;train;Virus JNO;2024:04:15;13:19:02;nan;8;Blé_Virus JNO
Ibl00369;../data/Bousset2_data/Images/Blé/Virus JNO/Ibl00369.jpg;Blé;Virus JNO;Blé_Virus JNO;Blé;BYDV00;;Virus JNO;;train;Virus JNO;2024:04:15;13:21:45;nan;8;Blé_Virus JNO
Ibl00558;../data/Bousset2_data/Images/Blé/Virus JNO/Ibl00558.jpg;Blé;Virus JNO;Blé_Virus JNO;Blé;BYDV00;;Virus JNO;;train;Virus JNO;2024:05:16;16:31:11;nan;8;Blé_Virus JNO
Ibl00559;../data/Bousset2_data/Images/Blé/Virus JNO/Ibl00559.jpg;Blé;Virus JNO;Blé_Virus JNO;Blé;BYDV00;;Virus JNO;;train;Virus JNO;2024:05:16;16:31:27;nan;8;Blé_Virus JNO
Ibl00565;../data/Bousset2_data/Images/Blé/Virus JNO/Ibl00565.jpg;Blé;Virus JNO;Blé_Virus JNO;Blé;BYDV00;;Virus JNO;;train;Virus JNO;2024:05:16;16:32:49;nan;8;Blé_Virus JNO
Ibl00566;../data/Bousset2_data/Images/Blé/Virus JNO/Ibl00566.jpg;Blé;Virus JNO;Blé_Virus JNO;Blé;BYDV00;;Virus JNO;;train;Virus JNO;2024:05:16;16:33:05;nan;8;Blé_Virus JNO
Ibl00580;../data/Bousset2_data/Images/Blé/Virus JNO/Ibl00580.jpg;Blé;Virus JNO;Blé_Virus JNO;Blé;BYDV00;;Virus JNO;;train;Virus JNO;2024:05:16;16:35:31;nan;8;Blé_Virus JNO
Ibl00582;../data/Bousset2_data/Images/Blé/Virus JNO/Ibl00582.jpg;Blé;Virus JNO;Blé_Virus JNO;Blé;BYDV00;;Virus JNO;;train;Virus JNO;2024:05:16;16:36:01;nan;8;Blé_Virus JNO
Ibl00583;../data/Bousset2_data/Images/Blé/Virus JNO/Ibl00583.jpg;Blé;Virus JNO;Blé_Virus JNO;Blé;BYDV00;;Virus JNO;;train;Virus JNO;2024:05:16;16:36:03;nan;8;Blé_Virus JNO
Ibl00584;../data/Bousset2_data/Images/Blé/Virus JNO/Ibl00584.jpg;Blé;Virus JNO;Blé_Virus JNO;Blé;BYDV00;;Virus JNO;;train;Virus JNO;2024:05:16;16:37:00;nan;8;Blé_Virus JNO
Ibl00586;../data/Bousset2_data/Images/Blé/Virus JNO/Ibl00586.jpg;Blé;Virus JNO;Blé_Virus JNO;Blé;BYDV00;;Virus JNO;;train;Virus JNO;2024:05:16;16:37:18;nan;8;Blé_Virus JNO
Ibl00587;../data/Bousset2_data/Images/Blé/Virus JNO/Ibl00587.jpg;Blé;Virus JNO;Blé_Virus JNO;Blé;BYDV00;;Virus JNO;;train;Virus JNO;2024:05:16;16:37:52;nan;8;Blé_Virus JNO
Ibl00589;../data/Bousset2_data/Images/Blé/Virus JNO/Ibl00589.jpg;Blé;Virus JNO;Blé_Virus JNO;Blé;BYDV00;;Virus JNO;;train;Virus JNO;2024:05:17;16:43:41;nan;8;Blé_Virus JNO
Ibl00590;../data/Bousset2_data/Images/Blé/Virus JNO/Ibl00590.jpg;Blé;Virus JNO;Blé_Virus JNO;Blé;BYDV00;;Virus JNO;;train;Virus JNO;2024:05:17;16:43:49;nan;8;Blé_Virus JNO
Ibl00591;../data/Bousset2_data/Images/Blé/Virus JNO/Ibl00591.jpg;Blé;Virus JNO;Blé_Virus JNO;Blé;BYDV00;;Virus JNO;;train;Virus JNO;2024:05:17;16:43:54;nan;8;Blé_Virus JNO
Ibl00610;../data/Bousset2_data/Images/Blé/Virus JNO/Ibl00610.jpg;Blé;Virus JNO;Blé_Virus JNO;Blé;BYDV00;;Virus JNO;;train;Virus JNO;2024:05:17;16:48:21;nan;8;Blé_Virus JNO
Ibl00614;../data/Bousset2_data/Images/Blé/Virus JNO/Ibl00614.jpg;Blé;Virus JNO;Blé_Virus JNO;Blé;BYDV00;;Virus JNO;;train;Virus JNO;2024:05:17;16:49:22;nan;8;Blé_Virus JNO
Ibl00615;../data/Bousset2_data/Images/Blé/Virus JNO/Ibl00615.jpg;Blé;Virus JNO;Blé_Virus JNO;Blé;BYDV00;;Virus JNO;;train;Virus JNO;2024:05:17;16:49:30;nan;8;Blé_Virus JNO
Ibl00636;../data/Bousset2_data/Images/Blé/Virus JNO/Ibl00636.jpg;Blé;Virus JNO;Blé_Virus JNO;Blé;BYDV00;;Virus JNO;;train;Virus JNO;2024:05:23;12:14:27;nan;8;Blé_Virus JNO
Ibl00690;../data/Bousset2_data/Images/Blé/Virus JNO/Ibl00690.jpg;Blé;Virus JNO;Blé_Virus JNO;Blé;BYDV00;;Virus JNO;;train;Virus JNO;2024:05:23;13:02:03;nan;8;Blé_Virus JNO
Ibl00746;../data/Bousset2_data/Images/Blé/Virus JNO/Ibl00746.jpg;Blé;Virus JNO;Blé_Virus JNO;Blé;BYDV00;;Virus JNO;;train;Virus JNO;2024:06:07;15:30:05;nan;8;Blé_Virus JNO
Idf04050;../data/Bousset2_data/Images/Colza/Botrytis/Idf04050.jpg;Colza;Botrytis;Colza_Botrytis;Colza;BOTRCI;Botrytis cinerea;Botrytis;;train;Botrytis;2023:04:06;12:59:40;nan;19;Colza_Botrytis
Idf04074;../data/Bousset2_data/Images/Colza/Botrytis/Idf04074.jpg;Colza;Botrytis;Colza_Botrytis;Colza;BOTRCI;Botrytis cinerea;Botrytis;;train;Botrytis;2023:04:06;13:05:41;nan;19;Colza_Botrytis
Idf08783;../data/Bousset2_data/Images/Colza/Botrytis/Idf08783.jpg;Colza;Botrytis;Colza_Botrytis;Colza;BOTRCI;Botrytis cinerea;Botrytis;;train;Botrytis;2023:10:26;09:41:49;nan;19;Colza_Botrytis
Idf08963;../data/Bousset2_data/Images/Colza/Botrytis/Idf08963.jpg;Colza;Botrytis;Colza_Botrytis;Colza;BOTRCI;Botrytis cinerea;Botrytis;;train;Botrytis;2023:11:14;15:27:44;nan;19;Colza_Botrytis
Idf11123;../data/Bousset2_data/Images/Colza/Botrytis/Idf11123.jpg;Colza;Botrytis;Colza_Botrytis;Colza;BOTRCI;Botrytis cinerea;Botrytis;;train;Botrytis;2024:02:15;13:26:22;nan;19;Colza_Botrytis
Idf11126;../data/Bousset2_data/Images/Colza/Botrytis/Idf11126.jpg;Colza;Botrytis;Colza_Botrytis;Colza;BOTRCI;Botrytis cinerea;Botrytis;;train;Botrytis;2024:02:15;13:26:29;nan;19;Colza_Botrytis
Idf12689;../data/Bousset2_data/Images/Colza/Botrytis/Idf12689.jpg;Colza;Botrytis;Colza_Botrytis;Colza;BOTRCI;Botrytis cinerea;Botrytis;;train;Botrytis;2024:03:26;08:26:20;nan;19;Colza_Botrytis
Idf12690;../data/Bousset2_data/Images/Colza/Botrytis/Idf12690.jpg;Colza;Botrytis;Colza_Botrytis;Colza;BOTRCI;Botrytis cinerea;Botrytis;;train;Botrytis;2024:03:26;08:26:23;nan;19;Colza_Botrytis
Idf12691;../data/Bousset2_data/Images/Colza/Botrytis/Idf12691.jpg;Colza;Botrytis;Colza_Botrytis;Colza;BOTRCI;Botrytis cinerea;Botrytis;;train;Botrytis;2024:03:26;08:26:28;nan;19;Colza_Botrytis
Idf12692;../data/Bousset2_data/Images/Colza/Botrytis/Idf12692.jpg;Colza;Botrytis;Colza_Botrytis;Colza;BOTRCI;Botrytis cinerea;Botrytis;;train;Botrytis;2024:03:26;08:26:35;nan;19;Colza_Botrytis
Idf12695;../data/Bousset2_data/Images/Colza/Botrytis/Idf12695.jpg;Colza;Botrytis;Colza_Botrytis;Colza;BOTRCI;Botrytis cinerea;Botrytis;;train;Botrytis;2024:03:26;08:27:09;nan;19;Colza_Botrytis
Idf12698;../data/Bousset2_data/Images/Colza/Botrytis/Idf12698.jpg;Colza;Botrytis;Colza_Botrytis;Colza;BOTRCI;Botrytis cinerea;Botrytis;;train;Botrytis;2024:03:26;09:39:21;nan;19;Colza_Botrytis
Idf12699;../data/Bousset2_data/Images/Colza/Botrytis/Idf12699.jpg;Colza;Botrytis;Colza_Botrytis;Colza;BOTRCI;Botrytis cinerea;Botrytis;;train;Botrytis;2024:03:26;09:39:37;nan;19;Colza_Botrytis
Idf12701;../data/Bousset2_data/Images/Colza/Botrytis/Idf12701.jpg;Colza;Botrytis;Colza_Botrytis;Colza;BOTRCI;Botrytis cinerea;Botrytis;;train;Botrytis;2024:03:26;09:39:48;nan;19;Colza_Botrytis
Idf12845;../data/Bousset2_data/Images/Colza/Botrytis/Idf12845.jpg;Colza;Botrytis;Colza_Botrytis;Colza;BOTRCI;Botrytis cinerea;Botrytis;;train;Botrytis;2024:03:26;09:56:21;nan;19;Colza_Botrytis
Idf12871;../data/Bousset2_data/Images/Colza/Botrytis/Idf12871.jpg;Colza;Botrytis;Colza_Botrytis;Colza;BOTRCI;Botrytis cinerea;Botrytis;;train;Botrytis;2024:03:26;10:10:17;nan;19;Colza_Botrytis
Idf12901;../data/VAULT/Bousset2_data/Images/Colza/Botrytis/Idf12901.jpg;Colza;Botrytis;Colza_Botrytis;Colza;BOTRCI;Botrytis cinerea;Botrytis;;vault;Botrytis;2024:03:28;08:34:25;nan;19;Colza_Botrytis
Idf12902;../data/VAULT/Bousset2_data/Images/Colza/Botrytis/Idf12902.jpg;Colza;Botrytis;Colza_Botrytis;Colza;BOTRCI;Botrytis cinerea;Botrytis;;vault;Botrytis;2024:03:28;08:34:35;nan;19;Colza_Botrytis
Idf12904;../data/VAULT/Bousset2_data/Images/Colza/Botrytis/Idf12904.jpg;Colza;Botrytis;Colza_Botrytis;Colza;BOTRCI;Botrytis cinerea;Botrytis;;vault;Botrytis;2024:03:28;08:34:49;nan;19;Colza_Botrytis
Idf12905;../data/VAULT/Bousset2_data/Images/Colza/Botrytis/Idf12905.jpg;Colza;Botrytis;Colza_Botrytis;Colza;BOTRCI;Botrytis cinerea;Botrytis;;vault;Botrytis;2024:03:28;08:35:31;nan;19;Colza_Botrytis
Idf12907;../data/VAULT/Bousset2_data/Images/Colza/Botrytis/Idf12907.jpg;Colza;Botrytis;Colza_Botrytis;Colza;BOTRCI;Botrytis cinerea;Botrytis;;vault;Botrytis;2024:03:28;08:35:40;nan;19;Colza_Botrytis
Idf12909;../data/VAULT/Bousset2_data/Images/Colza/Botrytis/Idf12909.jpg;Colza;Botrytis;Colza_Botrytis;Colza;BOTRCI;Botrytis cinerea;Botrytis;;vault;Botrytis;2024:03:28;08:35:49;nan;19;Colza_Botrytis
Idf12910;../data/VAULT/Bousset2_data/Images/Colza/Botrytis/Idf12910.jpg;Colza;Botrytis;Colza_Botrytis;Colza;BOTRCI;Botrytis cinerea;Botrytis;;vault;Botrytis;2024:03:28;08:36:00;nan;19;Colza_Botrytis
Idf12912;../data/VAULT/Bousset2_data/Images/Colza/Botrytis/Idf12912.jpg;Colza;Botrytis;Colza_Botrytis;Colza;BOTRCI;Botrytis cinerea;Botrytis;;vault;Botrytis;2024:03:28;08:36:43;nan;19;Colza_Botrytis
Idf12914;../data/VAULT/Bousset2_data/Images/Colza/Botrytis/Idf12914.jpg;Colza;Botrytis;Colza_Botrytis;Colza;BOTRCI;Botrytis cinerea;Botrytis;;vault;Botrytis;2024:03:28;08:38:53;nan;19;Colza_Botrytis
Idf12915;../data/VAULT/Bousset2_data/Images/Colza/Botrytis/Idf12915.jpg;Colza;Botrytis;Colza_Botrytis;Colza;BOTRCI;Botrytis cinerea;Botrytis;;vault;Botrytis;2024:03:28;08:38:56;nan;19;Colza_Botrytis
Idf12916;../data/VAULT/Bousset2_data/Images/Colza/Botrytis/Idf12916.jpg;Colza;Botrytis;Colza_Botrytis;Colza;BOTRCI;Botrytis cinerea;Botrytis;;vault;Botrytis;2024:03:28;08:39:23;nan;19;Colza_Botrytis
Idf12917;../data/VAULT/Bousset2_data/Images/Colza/Botrytis/Idf12917.jpg;Colza;Botrytis;Colza_Botrytis;Colza;BOTRCI;Botrytis cinerea;Botrytis;;vault;Botrytis;2024:03:28;08:40:14;nan;19;Colza_Botrytis
Idf12918;../data/VAULT/Bousset2_data/Images/Colza/Botrytis/Idf12918.jpg;Colza;Botrytis;Colza_Botrytis;Colza;BOTRCI;Botrytis cinerea;Botrytis;;vault;Botrytis;2024:03:28;08:40:24;nan;19;Colza_Botrytis
Idf12919;../data/VAULT/Bousset2_data/Images/Colza/Botrytis/Idf12919.jpg;Colza;Botrytis;Colza_Botrytis;Colza;BOTRCI;Botrytis cinerea;Botrytis;;vault;Botrytis;2024:03:28;08:40:27;nan;19;Colza_Botrytis
Idf12920;../data/VAULT/Bousset2_data/Images/Colza/Botrytis/Idf12920.jpg;Colza;Botrytis;Colza_Botrytis;Colza;BOTRCI;Botrytis cinerea;Botrytis;;vault;Botrytis;2024:03:28;08:41:29;nan;19;Colza_Botrytis
Idf12921;../data/VAULT/Bousset2_data/Images/Colza/Botrytis/Idf12921.jpg;Colza;Botrytis;Colza_Botrytis;Colza;BOTRCI;Botrytis cinerea;Botrytis;;vault;Botrytis;2024:03:28;08:41:32;nan;19;Colza_Botrytis
Idf12922;../data/VAULT/Bousset2_data/Images/Colza/Botrytis/Idf12922.jpg;Colza;Botrytis;Colza_Botrytis;Colza;BOTRCI;Botrytis cinerea;Botrytis;;vault;Botrytis;2024:03:28;08:41:34;nan;19;Colza_Botrytis
Idf12923;../data/VAULT/Bousset2_data/Images/Colza/Botrytis/Idf12923.jpg;Colza;Botrytis;Colza_Botrytis;Colza;BOTRCI;Botrytis cinerea;Botrytis;;vault;Botrytis;2024:03:28;08:41:40;nan;19;Colza_Botrytis
Idf12924;../data/VAULT/Bousset2_data/Images/Colza/Botrytis/Idf12924.jpg;Colza;Botrytis;Colza_Botrytis;Colza;BOTRCI;Botrytis cinerea;Botrytis;;vault;Botrytis;2024:03:28;08:41:43;nan;19;Colza_Botrytis
Idf12925;../data/VAULT/Bousset2_data/Images/Colza/Botrytis/Idf12925.jpg;Colza;Botrytis;Colza_Botrytis;Colza;BOTRCI;Botrytis cinerea;Botrytis;;vault;Botrytis;2024:03:28;08:42:01;nan;19;Colza_Botrytis
Idf12926;../data/VAULT/Bousset2_data/Images/Colza/Botrytis/Idf12926.jpg;Colza;Botrytis;Colza_Botrytis;Colza;BOTRCI;Botrytis cinerea;Botrytis;;vault;Botrytis;2024:03:28;08:42:29;nan;19;Colza_Botrytis
Idf12927;../data/VAULT/Bousset2_data/Images/Colza/Botrytis/Idf12927.jpg;Colza;Botrytis;Colza_Botrytis;Colza;BOTRCI;Botrytis cinerea;Botrytis;;vault;Botrytis;2024:03:28;08:42:56;nan;19;Colza_Botrytis
Idf12928;../data/VAULT/Bousset2_data/Images/Colza/Botrytis/Idf12928.jpg;Colza;Botrytis;Colza_Botrytis;Colza;BOTRCI;Botrytis cinerea;Botrytis;;vault;Botrytis;2024:03:28;08:43:03;nan;19;Colza_Botrytis
Idf12930;../data/VAULT/Bousset2_data/Images/Colza/Botrytis/Idf12930.jpg;Colza;Botrytis;Colza_Botrytis;Colza;BOTRCI;Botrytis cinerea;Botrytis;;vault;Botrytis;2024:03:28;08:47:03;nan;19;Colza_Botrytis
Idf12932;../data/VAULT/Bousset2_data/Images/Colza/Botrytis/Idf12932.jpg;Colza;Botrytis;Colza_Botrytis;Colza;BOTRCI;Botrytis cinerea;Botrytis;;vault;Botrytis;2024:03:28;08:47:24;nan;19;Colza_Botrytis
Idf12933;../data/VAULT/Bousset2_data/Images/Colza/Botrytis/Idf12933.jpg;Colza;Botrytis;Colza_Botrytis;Colza;BOTRCI;Botrytis cinerea;Botrytis;;vault;Botrytis;2024:03:28;08:47:47;nan;19;Colza_Botrytis
Idf12935;../data/VAULT/Bousset2_data/Images/Colza/Botrytis/Idf12935.jpg;Colza;Botrytis;Colza_Botrytis;Colza;BOTRCI;Botrytis cinerea;Botrytis;;vault;Botrytis;2024:03:28;08:49:01;nan;19;Colza_Botrytis
Idf12936;../data/VAULT/Bousset2_data/Images/Colza/Botrytis/Idf12936.jpg;Colza;Botrytis;Colza_Botrytis;Colza;BOTRCI;Botrytis cinerea;Botrytis;;vault;Botrytis;2024:03:28;08:49:04;nan;19;Colza_Botrytis
Idf12937;../data/VAULT/Bousset2_data/Images/Colza/Botrytis/Idf12937.jpg;Colza;Botrytis;Colza_Botrytis;Colza;BOTRCI;Botrytis cinerea;Botrytis;;vault;Botrytis;2024:03:28;08:49:12;nan;19;Colza_Botrytis
Idf12981;../data/VAULT/Bousset2_data/Images/Colza/Botrytis/Idf12981.jpg;Colza;Botrytis;Colza_Botrytis;Colza;BOTRCI;Botrytis cinerea;Botrytis;;vault;Botrytis;2024:03:28;14:00:53;nan;19;Colza_Botrytis
Idf12985;../data/VAULT/Bousset2_data/Images/Colza/Botrytis/Idf12985.jpg;Colza;Botrytis;Colza_Botrytis;Colza;BOTRCI;Botrytis cinerea;Botrytis;;vault;Botrytis;2024:03:28;14:02:25;nan;19;Colza_Botrytis
Idf12991;../data/VAULT/Bousset2_data/Images/Colza/Botrytis/Idf12991.jpg;Colza;Botrytis;Colza_Botrytis;Colza;BOTRCI;Botrytis cinerea;Botrytis;;vault;Botrytis;2024:03:28;14:03:31;nan;19;Colza_Botrytis
Idf12995;../data/VAULT/Bousset2_data/Images/Colza/Botrytis/Idf12995.jpg;Colza;Botrytis;Colza_Botrytis;Colza;BOTRCI;Botrytis cinerea;Botrytis;;vault;Botrytis;2024:03:28;14:03:45;nan;19;Colza_Botrytis
Idf13146;../data/VAULT/Bousset2_data/Images/Colza/Botrytis/Idf13146.jpg;Colza;Botrytis;Colza_Botrytis;Colza;BOTRCI;Botrytis cinerea;Botrytis;;vault;Botrytis;2024:03:28;14:53:19;nan;19;Colza_Botrytis
Idf13161;../data/Bousset2_data/Images/Colza/Botrytis/Idf13161.jpg;Colza;Botrytis;Colza_Botrytis;Colza;BOTRCI;Botrytis cinerea;Botrytis;;train;Botrytis;2024:04:04;10:37:04;nan;19;Colza_Botrytis
Idf13165;../data/Bousset2_data/Images/Colza/Botrytis/Idf13165.jpg;Colza;Botrytis;Colza_Botrytis;Colza;BOTRCI;Botrytis cinerea;Botrytis;;train;Botrytis;2024:04:04;10:51:17;nan;19;Colza_Botrytis
Idf13168;../data/Bousset2_data/Images/Colza/Botrytis/Idf13168.jpg;Colza;Botrytis;Colza_Botrytis;Colza;BOTRCI;Botrytis cinerea;Botrytis;;train;Botrytis;2024:04:04;10:51:51;nan;19;Colza_Botrytis
Idf13170;../data/Bousset2_data/Images/Colza/Botrytis/Idf13170.jpg;Colza;Botrytis;Colza_Botrytis;Colza;BOTRCI;Botrytis cinerea;Botrytis;;train;Botrytis;2024:04:04;10:52:06;nan;19;Colza_Botrytis
Idf13171;../data/Bousset2_data/Images/Colza/Botrytis/Idf13171.jpg;Colza;Botrytis;Colza_Botrytis;Colza;BOTRCI;Botrytis cinerea;Botrytis;;train;Botrytis;2024:04:04;10:52:17;nan;19;Colza_Botrytis
Idf13172;../data/Bousset2_data/Images/Colza/Botrytis/Idf13172.jpg;Colza;Botrytis;Colza_Botrytis;Colza;BOTRCI;Botrytis cinerea;Botrytis;;train;Botrytis;2024:04:04;10:52:28;nan;19;Colza_Botrytis
Idf13174;../data/Bousset2_data/Images/Colza/Botrytis/Idf13174.jpg;Colza;Botrytis;Colza_Botrytis;Colza;BOTRCI;Botrytis cinerea;Botrytis;;train;Botrytis;2024:04:04;10:53:06;nan;19;Colza_Botrytis
Idf13196;../data/Bousset2_data/Images/Colza/Botrytis/Idf13196.jpg;Colza;Botrytis;Colza_Botrytis;Colza;BOTRCI;Botrytis cinerea;Botrytis;;train;Botrytis;2024:04:04;10:58:08;nan;19;Colza_Botrytis
Idf13223;../data/Bousset2_data/Images/Colza/Botrytis/Idf13223.jpg;Colza;Botrytis;Colza_Botrytis;Colza;BOTRCI;Botrytis cinerea;Botrytis;;train;Botrytis;2024:04:04;14:32:17;nan;19;Colza_Botrytis
Idf13224;../data/Bousset2_data/Images/Colza/Botrytis/Idf13224.jpg;Colza;Botrytis;Colza_Botrytis;Colza;BOTRCI;Botrytis cinerea;Botrytis;;train;Botrytis;2024:04:04;14:32:38;nan;19;Colza_Botrytis
Idf13225;../data/Bousset2_data/Images/Colza/Botrytis/Idf13225.jpg;Colza;Botrytis;Colza_Botrytis;Colza;BOTRCI;Botrytis cinerea;Botrytis;;train;Botrytis;2024:04:04;14:32:43;nan;19;Colza_Botrytis
Idf13259;../data/Bousset2_data/Images/Colza/Botrytis/Idf13259.jpg;Colza;Botrytis;Colza_Botrytis;Colza;BOTRCI;Botrytis cinerea;Botrytis;;train;Botrytis;2024:04:04;15:01:12;nan;19;Colza_Botrytis
Idf13260;../data/Bousset2_data/Images/Colza/Botrytis/Idf13260.jpg;Colza;Botrytis;Colza_Botrytis;Colza;BOTRCI;Botrytis cinerea;Botrytis;;train;Botrytis;2024:04:04;15:01:41;nan;19;Colza_Botrytis
Idf13261;../data/Bousset2_data/Images/Colza/Botrytis/Idf13261.jpg;Colza;Botrytis;Colza_Botrytis;Colza;BOTRCI;Botrytis cinerea;Botrytis;;train;Botrytis;2024:04:04;15:02:08;nan;19;Colza_Botrytis
Idf13263;../data/Bousset2_data/Images/Colza/Botrytis/Idf13263.jpg;Colza;Botrytis;Colza_Botrytis;Colza;BOTRCI;Botrytis cinerea;Botrytis;;train;Botrytis;2024:04:04;15:03:05;nan;19;Colza_Botrytis
Idf13265;../data/Bousset2_data/Images/Colza/Botrytis/Idf13265.jpg;Colza;Botrytis;Colza_Botrytis;Colza;BOTRCI;Botrytis cinerea;Botrytis;;train;Botrytis;2024:04:04;15:03:35;nan;19;Colza_Botrytis
Idf13267;../data/Bousset2_data/Images/Colza/Botrytis/Idf13267.jpg;Colza;Botrytis;Colza_Botrytis;Colza;BOTRCI;Botrytis cinerea;Botrytis;;train;Botrytis;2024:04:04;15:04:22;nan;19;Colza_Botrytis
Idf13281;../data/Bousset2_data/Images/Colza/Botrytis/Idf13281.jpg;Colza;Botrytis;Colza_Botrytis;Colza;BOTRCI;Botrytis cinerea;Botrytis;;train;Botrytis;2024:04:04;15:11:55;nan;19;Colza_Botrytis
Idf13282;../data/Bousset2_data/Images/Colza/Botrytis/Idf13282.jpg;Colza;Botrytis;Colza_Botrytis;Colza;BOTRCI;Botrytis cinerea;Botrytis;;train;Botrytis;2024:04:04;15:12:13;nan;19;Colza_Botrytis
Idf13288;../data/Bousset2_data/Images/Colza/Botrytis/Idf13288.jpg;Colza;Botrytis;Colza_Botrytis;Colza;BOTRCI;Botrytis cinerea;Botrytis;;train;Botrytis;2024:04:04;15:13:51;nan;19;Colza_Botrytis
Idf13344;../data/Bousset2_data/Images/Colza/Botrytis/Idf13344.jpg;Colza;Botrytis;Colza_Botrytis;Colza;BOTRCI;Botrytis cinerea;Botrytis;;train;Botrytis;2024:04:05;11:19:27;nan;19;Colza_Botrytis
Idf13488;../data/Bousset2_data/Images/Colza/Botrytis/Idf13488.jpg;Colza;Botrytis;Colza_Botrytis;Colza;BOTRCI;Botrytis cinerea;Botrytis;;train;Botrytis;2024:04:05;12:08:32;nan;19;Colza_Botrytis
Idf13491;../data/Bousset2_data/Images/Colza/Botrytis/Idf13491.jpg;Colza;Botrytis;Colza_Botrytis;Colza;BOTRCI;Botrytis cinerea;Botrytis;;train;Botrytis;2024:04:05;12:08:50;nan;19;Colza_Botrytis
Idf13495;../data/Bousset2_data/Images/Colza/Botrytis/Idf13495.jpg;Colza;Botrytis;Colza_Botrytis;Colza;BOTRCI;Botrytis cinerea;Botrytis;;train;Botrytis;2024:04:05;17:00:54;nan;19;Colza_Botrytis
Idf13496;../data/Bousset2_data/Images/Colza/Botrytis/Idf13496.jpg;Colza;Botrytis;Colza_Botrytis;Colza;BOTRCI;Botrytis cinerea;Botrytis;;train;Botrytis;2024:04:05;17:01:28;nan;19;Colza_Botrytis
Idf13502;../data/Bousset2_data/Images/Colza/Botrytis/Idf13502.jpg;Colza;Botrytis;Colza_Botrytis;Colza;BOTRCI;Botrytis cinerea;Botrytis;;train;Botrytis;2024:04:05;17:03:06;nan;19;Colza_Botrytis
Idf13506;../data/Bousset2_data/Images/Colza/Botrytis/Idf13506.jpg;Colza;Botrytis;Colza_Botrytis;Colza;BOTRCI;Botrytis cinerea;Botrytis;;train;Botrytis;2024:04:05;17:04:34;nan;19;Colza_Botrytis
Idf13507;../data/Bousset2_data/Images/Colza/Botrytis/Idf13507.jpg;Colza;Botrytis;Colza_Botrytis;Colza;BOTRCI;Botrytis cinerea;Botrytis;;train;Botrytis;2024:04:05;17:04:47;nan;19;Colza_Botrytis
Idf13508;../data/Bousset2_data/Images/Colza/Botrytis/Idf13508.jpg;Colza;Botrytis;Colza_Botrytis;Colza;BOTRCI;Botrytis cinerea;Botrytis;;train;Botrytis;2024:04:05;17:04:59;nan;19;Colza_Botrytis
Idf13514;../data/Bousset2_data/Images/Colza/Botrytis/Idf13514.jpg;Colza;Botrytis;Colza_Botrytis;Colza;BOTRCI;Botrytis cinerea;Botrytis;;train;Botrytis;2024:04:05;17:07:42;nan;19;Colza_Botrytis
Idf13515;../data/Bousset2_data/Images/Colza/Botrytis/Idf13515.jpg;Colza;Botrytis;Colza_Botrytis;Colza;BOTRCI;Botrytis cinerea;Botrytis;;train;Botrytis;2024:04:05;17:07:54;nan;19;Colza_Botrytis
Idf13516;../data/Bousset2_data/Images/Colza/Botrytis/Idf13516.jpg;Colza;Botrytis;Colza_Botrytis;Colza;BOTRCI;Botrytis cinerea;Botrytis;;train;Botrytis;2024:04:05;17:08:08;nan;19;Colza_Botrytis
Idf13517;../data/Bousset2_data/Images/Colza/Botrytis/Idf13517.jpg;Colza;Botrytis;Colza_Botrytis;Colza;BOTRCI;Botrytis cinerea;Botrytis;;train;Botrytis;2024:04:05;17:08:31;nan;19;Colza_Botrytis
Idf13518;../data/Bousset2_data/Images/Colza/Botrytis/Idf13518.jpg;Colza;Botrytis;Colza_Botrytis;Colza;BOTRCI;Botrytis cinerea;Botrytis;;train;Botrytis;2024:04:05;17:08:33;nan;19;Colza_Botrytis
Idf13519;../data/Bousset2_data/Images/Colza/Botrytis/Idf13519.jpg;Colza;Botrytis;Colza_Botrytis;Colza;BOTRCI;Botrytis cinerea;Botrytis;;train;Botrytis;2024:04:05;17:08:44;nan;19;Colza_Botrytis
Idf13522;../data/Bousset2_data/Images/Colza/Botrytis/Idf13522.jpg;Colza;Botrytis;Colza_Botrytis;Colza;BOTRCI;Botrytis cinerea;Botrytis;;train;Botrytis;2024:04:05;17:09:26;nan;19;Colza_Botrytis
Idf13523;../data/Bousset2_data/Images/Colza/Botrytis/Idf13523.jpg;Colza;Botrytis;Colza_Botrytis;Colza;BOTRCI;Botrytis cinerea;Botrytis;;train;Botrytis;2024:04:05;17:09:44;nan;19;Colza_Botrytis
Idf13525;../data/Bousset2_data/Images/Colza/Botrytis/Idf13525.jpg;Colza;Botrytis;Colza_Botrytis;Colza;BOTRCI;Botrytis cinerea;Botrytis;;train;Botrytis;2024:04:05;17:10:32;nan;19;Colza_Botrytis
Idf13527;../data/Bousset2_data/Images/Colza/Botrytis/Idf13527.jpg;Colza;Botrytis;Colza_Botrytis;Colza;BOTRCI;Botrytis cinerea;Botrytis;;train;Botrytis;2024:04:05;17:10:58;nan;19;Colza_Botrytis
Idf13528;../data/Bousset2_data/Images/Colza/Botrytis/Idf13528.jpg;Colza;Botrytis;Colza_Botrytis;Colza;BOTRCI;Botrytis cinerea;Botrytis;;train;Botrytis;2024:04:05;17:11:04;nan;19;Colza_Botrytis
Idf13529;../data/Bousset2_data/Images/Colza/Botrytis/Idf13529.jpg;Colza;Botrytis;Colza_Botrytis;Colza;BOTRCI;Botrytis cinerea;Botrytis;;train;Botrytis;2024:04:05;17:11:11;nan;19;Colza_Botrytis
Idf13530;../data/Bousset2_data/Images/Colza/Botrytis/Idf13530.jpg;Colza;Botrytis;Colza_Botrytis;Colza;BOTRCI;Botrytis cinerea;Botrytis;;train;Botrytis;2024:04:05;17:11:15;nan;19;Colza_Botrytis
Idf13531;../data/Bousset2_data/Images/Colza/Botrytis/Idf13531.jpg;Colza;Botrytis;Colza_Botrytis;Colza;BOTRCI;Botrytis cinerea;Botrytis;;train;Botrytis;2024:04:05;17:11:24;nan;19;Colza_Botrytis
Idf13532;../data/Bousset2_data/Images/Colza/Botrytis/Idf13532.jpg;Colza;Botrytis;Colza_Botrytis;Colza;BOTRCI;Botrytis cinerea;Botrytis;;train;Botrytis;2024:04:05;17:11:28;nan;19;Colza_Botrytis
Idf13533;../data/Bousset2_data/Images/Colza/Botrytis/Idf13533.jpg;Colza;Botrytis;Colza_Botrytis;Colza;BOTRCI;Botrytis cinerea;Botrytis;;train;Botrytis;2024:04:05;17:11:32;nan;19;Colza_Botrytis
Idf13534;../data/Bousset2_data/Images/Colza/Botrytis/Idf13534.jpg;Colza;Botrytis;Colza_Botrytis;Colza;BOTRCI;Botrytis cinerea;Botrytis;;train;Botrytis;2024:04:05;17:11:45;nan;19;Colza_Botrytis
Idf13535;../data/Bousset2_data/Images/Colza/Botrytis/Idf13535.jpg;Colza;Botrytis;Colza_Botrytis;Colza;BOTRCI;Botrytis cinerea;Botrytis;;train;Botrytis;2024:04:05;17:12:13;nan;19;Colza_Botrytis
Idf13536;../data/Bousset2_data/Images/Colza/Botrytis/Idf13536.jpg;Colza;Botrytis;Colza_Botrytis;Colza;BOTRCI;Botrytis cinerea;Botrytis;;train;Botrytis;2024:04:05;17:12:15;nan;19;Colza_Botrytis
Idf13537;../data/Bousset2_data/Images/Colza/Botrytis/Idf13537.jpg;Colza;Botrytis;Colza_Botrytis;Colza;BOTRCI;Botrytis cinerea;Botrytis;;train;Botrytis;2024:04:05;17:12:22;nan;19;Colza_Botrytis
Idf13539;../data/Bousset2_data/Images/Colza/Botrytis/Idf13539.jpg;Colza;Botrytis;Colza_Botrytis;Colza;BOTRCI;Botrytis cinerea;Botrytis;;train;Botrytis;2024:04:05;17:12:55;nan;19;Colza_Botrytis
Idf13541;../data/Bousset2_data/Images/Colza/Botrytis/Idf13541.jpg;Colza;Botrytis;Colza_Botrytis;Colza;BOTRCI;Botrytis cinerea;Botrytis;;train;Botrytis;2024:04:05;17:13:31;nan;19;Colza_Botrytis
Idf13545;../data/Bousset2_data/Images/Colza/Botrytis/Idf13545.jpg;Colza;Botrytis;Colza_Botrytis;Colza;BOTRCI;Botrytis cinerea;Botrytis;;train;Botrytis;2024:04:05;17:14:06;nan;19;Colza_Botrytis
Idf13546;../data/Bousset2_data/Images/Colza/Botrytis/Idf13546.jpg;Colza;Botrytis;Colza_Botrytis;Colza;BOTRCI;Botrytis cinerea;Botrytis;;train;Botrytis;2024:04:05;17:14:20;nan;19;Colza_Botrytis
Idf13548;../data/Bousset2_data/Images/Colza/Botrytis/Idf13548.jpg;Colza;Botrytis;Colza_Botrytis;Colza;BOTRCI;Botrytis cinerea;Botrytis;;train;Botrytis;2024:04:05;17:14:37;nan;19;Colza_Botrytis
Idf13549;../data/Bousset2_data/Images/Colza/Botrytis/Idf13549.jpg;Colza;Botrytis;Colza_Botrytis;Colza;BOTRCI;Botrytis cinerea;Botrytis;;train;Botrytis;2024:04:05;17:15:05;nan;19;Colza_Botrytis
Idf13550;../data/Bousset2_data/Images/Colza/Botrytis/Idf13550.jpg;Colza;Botrytis;Colza_Botrytis;Colza;BOTRCI;Botrytis cinerea;Botrytis;;train;Botrytis;2024:04:05;17:15:14;nan;19;Colza_Botrytis
Idf13551;../data/Bousset2_data/Images/Colza/Botrytis/Idf13551.jpg;Colza;Botrytis;Colza_Botrytis;Colza;BOTRCI;Botrytis cinerea;Botrytis;;train;Botrytis;2024:04:05;17:15:45;nan;19;Colza_Botrytis
Idf13557;../data/Bousset2_data/Images/Colza/Botrytis/Idf13557.jpg;Colza;Botrytis;Colza_Botrytis;Colza;BOTRCI;Botrytis cinerea;Botrytis;;train;Botrytis;2024:04:05;17:17:10;nan;19;Colza_Botrytis
Idf13561;../data/Bousset2_data/Images/Colza/Botrytis/Idf13561.jpg;Colza;Botrytis;Colza_Botrytis;Colza;BOTRCI;Botrytis cinerea;Botrytis;;train;Botrytis;2024:04:05;17:18:32;nan;19;Colza_Botrytis
Idf13562;../data/Bousset2_data/Images/Colza/Botrytis/Idf13562.jpg;Colza;Botrytis;Colza_Botrytis;Colza;BOTRCI;Botrytis cinerea;Botrytis;;train;Botrytis;2024:04:05;17:19:22;nan;19;Colza_Botrytis
Idf13563;../data/Bousset2_data/Images/Colza/Botrytis/Idf13563.jpg;Colza;Botrytis;Colza_Botrytis;Colza;BOTRCI;Botrytis cinerea;Botrytis;;train;Botrytis;2024:04:05;17:19:30;nan;19;Colza_Botrytis
Idf13564;../data/Bousset2_data/Images/Colza/Botrytis/Idf13564.jpg;Colza;Botrytis;Colza_Botrytis;Colza;BOTRCI;Botrytis cinerea;Botrytis;;train;Botrytis;2024:04:05;17:20:10;nan;19;Colza_Botrytis
Idf13565;../data/Bousset2_data/Images/Colza/Botrytis/Idf13565.jpg;Colza;Botrytis;Colza_Botrytis;Colza;BOTRCI;Botrytis cinerea;Botrytis;;train;Botrytis;2024:04:05;17:20:35;nan;19;Colza_Botrytis
Idf13566;../data/Bousset2_data/Images/Colza/Botrytis/Idf13566.jpg;Colza;Botrytis;Colza_Botrytis;Colza;BOTRCI;Botrytis cinerea;Botrytis;;train;Botrytis;2024:04:05;17:20:37;nan;19;Colza_Botrytis
Idf13567;../data/Bousset2_data/Images/Colza/Botrytis/Idf13567.jpg;Colza;Botrytis;Colza_Botrytis;Colza;BOTRCI;Botrytis cinerea;Botrytis;;train;Botrytis;2024:04:05;17:20:55;nan;19;Colza_Botrytis
Idf13569;../data/Bousset2_data/Images/Colza/Botrytis/Idf13569.jpg;Colza;Botrytis;Colza_Botrytis;Colza;BOTRCI;Botrytis cinerea;Botrytis;;train;Botrytis;2024:04:05;17:22:06;nan;19;Colza_Botrytis
Idf13574;../data/Bousset2_data/Images/Colza/Botrytis/Idf13574.jpg;Colza;Botrytis;Colza_Botrytis;Colza;BOTRCI;Botrytis cinerea;Botrytis;;train;Botrytis;2024:04:05;17:22:47;nan;19;Colza_Botrytis
Idf13577;../data/Bousset2_data/Images/Colza/Botrytis/Idf13577.jpg;Colza;Botrytis;Colza_Botrytis;Colza;BOTRCI;Botrytis cinerea;Botrytis;;train;Botrytis;2024:04:05;17:23:43;nan;19;Colza_Botrytis
Idf13578;../data/Bousset2_data/Images/Colza/Botrytis/Idf13578.jpg;Colza;Botrytis;Colza_Botrytis;Colza;BOTRCI;Botrytis cinerea;Botrytis;;train;Botrytis;2024:04:05;17:23:56;nan;19;Colza_Botrytis
Idf13580;../data/Bousset2_data/Images/Colza/Botrytis/Idf13580.jpg;Colza;Botrytis;Colza_Botrytis;Colza;BOTRCI;Botrytis cinerea;Botrytis;;train;Botrytis;2024:04:05;17:24:54;nan;19;Colza_Botrytis
Idf13586;../data/Bousset2_data/Images/Colza/Botrytis/Idf13586.jpg;Colza;Botrytis;Colza_Botrytis;Colza;BOTRCI;Botrytis cinerea;Botrytis;;train;Botrytis;2024:04:05;17:26:21;nan;19;Colza_Botrytis
Idf13587;../data/Bousset2_data/Images/Colza/Botrytis/Idf13587.jpg;Colza;Botrytis;Colza_Botrytis;Colza;BOTRCI;Botrytis cinerea;Botrytis;;train;Botrytis;2024:04:05;17:26:28;nan;19;Colza_Botrytis
Idf13588;../data/Bousset2_data/Images/Colza/Botrytis/Idf13588.jpg;Colza;Botrytis;Colza_Botrytis;Colza;BOTRCI;Botrytis cinerea;Botrytis;;train;Botrytis;2024:04:05;17:26:56;nan;19;Colza_Botrytis
Idf13595;../data/Bousset2_data/Images/Colza/Botrytis/Idf13595.jpg;Colza;Botrytis;Colza_Botrytis;Colza;BOTRCI;Botrytis cinerea;Botrytis;;train;Botrytis;2024:04:05;17:27:53;nan;19;Colza_Botrytis
Idf13596;../data/Bousset2_data/Images/Colza/Botrytis/Idf13596.jpg;Colza;Botrytis;Colza_Botrytis;Colza;BOTRCI;Botrytis cinerea;Botrytis;;train;Botrytis;2024:04:05;17:28:19;nan;19;Colza_Botrytis
Idf13598;../data/Bousset2_data/Images/Colza/Botrytis/Idf13598.jpg;Colza;Botrytis;Colza_Botrytis;Colza;BOTRCI;Botrytis cinerea;Botrytis;;train;Botrytis;2024:04:05;17:28:53;nan;19;Colza_Botrytis
Idf13599;../data/Bousset2_data/Images/Colza/Botrytis/Idf13599.jpg;Colza;Botrytis;Colza_Botrytis;Colza;BOTRCI;Botrytis cinerea;Botrytis;;train;Botrytis;2024:04:05;17:29:07;nan;19;Colza_Botrytis
Idf13600;../data/Bousset2_data/Images/Colza/Botrytis/Idf13600.jpg;Colza;Botrytis;Colza_Botrytis;Colza;BOTRCI;Botrytis cinerea;Botrytis;;train;Botrytis;2024:04:05;17:29:43;nan;19;Colza_Botrytis
Idf13618;../data/Bousset2_data/Images/Colza/Botrytis/Idf13618.jpg;Colza;Botrytis;Colza_Botrytis;Colza;BOTRCI;Botrytis cinerea;Botrytis;;train;Botrytis;2024:04:18;18:10:31;nan;19;Colza_Botrytis
Idf13621;../data/Bousset2_data/Images/Colza/Botrytis/Idf13621.jpg;Colza;Botrytis;Colza_Botrytis;Colza;BOTRCI;Botrytis cinerea;Botrytis;;train;Botrytis;2024:04:18;18:13:03;nan;19;Colza_Botrytis
Idf13629;../data/Bousset2_data/Images/Colza/Botrytis/Idf13629.jpg;Colza;Botrytis;Colza_Botrytis;Colza;BOTRCI;Botrytis cinerea;Botrytis;;train;Botrytis;2024:04:18;18:14:30;nan;19;Colza_Botrytis
Idf13659;../data/Bousset2_data/Images/Colza/Botrytis/Idf13659.jpg;Colza;Botrytis;Colza_Botrytis;Colza;BOTRCI;Botrytis cinerea;Botrytis;;train;Botrytis;2024:04:18;18:18:21;nan;19;Colza_Botrytis
Idf13665;../data/Bousset2_data/Images/Colza/Botrytis/Idf13665.jpg;Colza;Botrytis;Colza_Botrytis;Colza;BOTRCI;Botrytis cinerea;Botrytis;;train;Botrytis;2024:04:18;18:19:10;nan;19;Colza_Botrytis
Idf13666;../data/Bousset2_data/Images/Colza/Botrytis/Idf13666.jpg;Colza;Botrytis;Colza_Botrytis;Colza;BOTRCI;Botrytis cinerea;Botrytis;;train;Botrytis;2024:04:18;18:19:13;nan;19;Colza_Botrytis
Idf13673;../data/Bousset2_data/Images/Colza/Botrytis/Idf13673.jpg;Colza;Botrytis;Colza_Botrytis;Colza;BOTRCI;Botrytis cinerea;Botrytis;;train;Botrytis;2024:04:18;18:20:33;nan;19;Colza_Botrytis
Idf13674;../data/Bousset2_data/Images/Colza/Botrytis/Idf13674.jpg;Colza;Botrytis;Colza_Botrytis;Colza;BOTRCI;Botrytis cinerea;Botrytis;;train;Botrytis;2024:04:18;18:20:37;nan;19;Colza_Botrytis
Idf13678;../data/Bousset2_data/Images/Colza/Botrytis/Idf13678.jpg;Colza;Botrytis;Colza_Botrytis;Colza;BOTRCI;Botrytis cinerea;Botrytis;;train;Botrytis;2024:04:18;18:21:25;nan;19;Colza_Botrytis
Idf13682;../data/Bousset2_data/Images/Colza/Botrytis/Idf13682.jpg;Colza;Botrytis;Colza_Botrytis;Colza;BOTRCI;Botrytis cinerea;Botrytis;;train;Botrytis;2024:04:18;18:21:57;nan;19;Colza_Botrytis
Idf13683;../data/Bousset2_data/Images/Colza/Botrytis/Idf13683.jpg;Colza;Botrytis;Colza_Botrytis;Colza;BOTRCI;Botrytis cinerea;Botrytis;;train;Botrytis;2024:04:18;18:22:06;nan;19;Colza_Botrytis
Idf13686;../data/Bousset2_data/Images/Colza/Botrytis/Idf13686.jpg;Colza;Botrytis;Colza_Botrytis;Colza;BOTRCI;Botrytis cinerea;Botrytis;;train;Botrytis;2024:04:22;11:45:59;nan;19;Colza_Botrytis
Ifv00065;../data/Bousset2_data/Images/Féverole/0_Pas_champi/Ifv00065.jpg;Féverole;0_Pas_champi;Féverole_0_Pas_champi;;;;;;train;0_Pas_champi;2024:03:01;11:32:59;nan;8;Féverole_0_Pas_champi
Ifv00068;../data/Bousset2_data/Images/Féverole/0_Pas_champi/Ifv00068.jpg;Féverole;0_Pas_champi;Féverole_0_Pas_champi;;;;;;train;0_Pas_champi;2024:03:01;11:33:12;nan;8;Féverole_0_Pas_champi
Ifv00212;../data/Bousset2_data/Images/Féverole/0_Pas_champi/Ifv00212.jpg;Féverole;0_Pas_champi;Féverole_0_Pas_champi;;;;;;train;0_Pas_champi;2024:03:01;10:46:03;nan;8;Féverole_0_Pas_champi
Ifv00213;../data/Bousset2_data/Images/Féverole/0_Pas_champi/Ifv00213.jpg;Féverole;0_Pas_champi;Féverole_0_Pas_champi;;;;;;train;0_Pas_champi;2024:03:01;10:46:06;nan;8;Féverole_0_Pas_champi
Ifv00234;../data/Bousset2_data/Images/Féverole/0_Pas_champi/Ifv00234.jpg;Féverole;0_Pas_champi;Féverole_0_Pas_champi;;;;;;train;0_Pas_champi;2024:03:01;10:49:19;nan;8;Féverole_0_Pas_champi
Ifv00261;../data/Bousset2_data/Images/Féverole/0_Pas_champi/Ifv00261.jpg;Féverole;0_Pas_champi;Féverole_0_Pas_champi;;;;;;train;0_Pas_champi;2024:03:01;10:52:45;nan;8;Féverole_0_Pas_champi
Ifv00268;../data/Bousset2_data/Images/Féverole/0_Pas_champi/Ifv00268.jpg;Féverole;0_Pas_champi;Féverole_0_Pas_champi;;;;;;train;0_Pas_champi;2024:03:01;10:53:38;nan;8;Féverole_0_Pas_champi
Ifv00270;../data/Bousset2_data/Images/Féverole/0_Pas_champi/Ifv00270.jpg;Féverole;0_Pas_champi;Féverole_0_Pas_champi;;;;;;train;0_Pas_champi;2024:03:01;10:53:46;nan;8;Féverole_0_Pas_champi
Ifv00271;../data/Bousset2_data/Images/Féverole/0_Pas_champi/Ifv00271.jpg;Féverole;0_Pas_champi;Féverole_0_Pas_champi;;;;;;train;0_Pas_champi;2024:03:01;10:53:48;nan;8;Féverole_0_Pas_champi
Ifv00272;../data/Bousset2_data/Images/Féverole/0_Pas_champi/Ifv00272.jpg;Féverole;0_Pas_champi;Féverole_0_Pas_champi;;;;;;train;0_Pas_champi;2024:03:01;10:53:55;nan;8;Féverole_0_Pas_champi
Ifv00273;../data/Bousset2_data/Images/Féverole/0_Pas_champi/Ifv00273.jpg;Féverole;0_Pas_champi;Féverole_0_Pas_champi;;;;;;train;0_Pas_champi;2024:03:01;10:53:59;nan;8;Féverole_0_Pas_champi
Ifv00275;../data/Bousset2_data/Images/Féverole/0_Pas_champi/Ifv00275.jpg;Féverole;0_Pas_champi;Féverole_0_Pas_champi;;;;;;train;0_Pas_champi;2024:03:01;10:54:07;nan;8;Féverole_0_Pas_champi
Ifv00276;../data/Bousset2_data/Images/Féverole/0_Pas_champi/Ifv00276.jpg;Féverole;0_Pas_champi;Féverole_0_Pas_champi;;;;;;train;0_Pas_champi;2024:03:01;10:54:09;nan;8;Féverole_0_Pas_champi
Ifv00278;../data/Bousset2_data/Images/Féverole/0_Pas_champi/Ifv00278.jpg;Féverole;0_Pas_champi;Féverole_0_Pas_champi;;;;;;train;0_Pas_champi;2024:03:01;10:54:19;nan;8;Féverole_0_Pas_champi
Ifv00283;../data/Bousset2_data/Images/Féverole/0_Pas_champi/Ifv00283.jpg;Féverole;0_Pas_champi;Féverole_0_Pas_champi;;;;;;train;0_Pas_champi;2024:03:01;10:55:25;nan;8;Féverole_0_Pas_champi
Ifv00284;../data/Bousset2_data/Images/Féverole/0_Pas_champi/Ifv00284.jpg;Féverole;0_Pas_champi;Féverole_0_Pas_champi;;;;;;train;0_Pas_champi;2024:03:01;10:55:28;nan;8;Féverole_0_Pas_champi
Ifv00286;../data/Bousset2_data/Images/Féverole/0_Pas_champi/Ifv00286.jpg;Féverole;0_Pas_champi;Féverole_0_Pas_champi;;;;;;train;0_Pas_champi;2024:03:01;10:55:40;nan;8;Féverole_0_Pas_champi
Ifv00287;../data/Bousset2_data/Images/Féverole/0_Pas_champi/Ifv00287.jpg;Féverole;0_Pas_champi;Féverole_0_Pas_champi;;;;;;train;0_Pas_champi;2024:03:01;10:55:43;nan;8;Féverole_0_Pas_champi
Ifv00292;../data/Bousset2_data/Images/Féverole/0_Pas_champi/Ifv00292.jpg;Féverole;0_Pas_champi;Féverole_0_Pas_champi;;;;;;train;0_Pas_champi;2024:03:01;10:56:06;nan;8;Féverole_0_Pas_champi
Ifv00346;../data/Bousset2_data/Images/Féverole/0_Pas_champi/Ifv00346.jpg;Féverole;0_Pas_champi;Féverole_0_Pas_champi;;;;;;train;0_Pas_champi;2024:03:04;10:53:01;nan;8;Féverole_0_Pas_champi
Ifv00404;../data/Bousset2_data/Images/Féverole/0_Pas_champi/Ifv00404.jpg;Féverole;0_Pas_champi;Féverole_0_Pas_champi;;;;;;train;0_Pas_champi;2024:03:04;11:06:17;nan;8;Féverole_0_Pas_champi
Ifv00707;../data/VAULT/Bousset2_data/Images/Féverole/0_Pas_champi/Ifv00707.jpg;Féverole;0_Pas_champi;Féverole_0_Pas_champi;;;;;;vault;0_Pas_champi;2024:03:19;12:08:23;nan;8;Féverole_0_Pas_champi
Ifv00728;../data/VAULT/Bousset2_data/Images/Féverole/0_Pas_champi/Ifv00728.jpg;Féverole;0_Pas_champi;Féverole_0_Pas_champi;;;;;;vault;0_Pas_champi;2024:03:19;12:09:52;nan;8;Féverole_0_Pas_champi
Ifv00729;../data/VAULT/Bousset2_data/Images/Féverole/0_Pas_champi/Ifv00729.jpg;Féverole;0_Pas_champi;Féverole_0_Pas_champi;;;;;;vault;0_Pas_champi;2024:03:19;12:09:54;nan;8;Féverole_0_Pas_champi
Ifv00730;../data/VAULT/Bousset2_data/Images/Féverole/0_Pas_champi/Ifv00730.jpg;Féverole;0_Pas_champi;Féverole_0_Pas_champi;;;;;;vault;0_Pas_champi;2024:03:19;12:09:55;nan;8;Féverole_0_Pas_champi
Ifv00731;../data/VAULT/Bousset2_data/Images/Féverole/0_Pas_champi/Ifv00731.jpg;Féverole;0_Pas_champi;Féverole_0_Pas_champi;;;;;;vault;0_Pas_champi;2024:03:19;12:09:57;nan;8;Féverole_0_Pas_champi
Ifv01075;../data/Bousset2_data/Images/Féverole/0_Pas_champi/Ifv01075.jpg;Féverole;0_Pas_champi;Féverole_0_Pas_champi;;;;;;train;0_Pas_champi;2024:04:22;12:13:57;nan;8;Féverole_0_Pas_champi
Ifv01076;../data/Bousset2_data/Images/Féverole/0_Pas_champi/Ifv01076.jpg;Féverole;0_Pas_champi;Féverole_0_Pas_champi;;;;;;train;0_Pas_champi;2024:04:22;12:14:01;nan;8;Féverole_0_Pas_champi
Ifv01077;../data/Bousset2_data/Images/Féverole/0_Pas_champi/Ifv01077.jpg;Féverole;0_Pas_champi;Féverole_0_Pas_champi;;;;;;train;0_Pas_champi;2024:04:22;12:14:05;nan;8;Féverole_0_Pas_champi
Ifv01078;../data/Bousset2_data/Images/Féverole/0_Pas_champi/Ifv01078.jpg;Féverole;0_Pas_champi;Féverole_0_Pas_champi;;;;;;train;0_Pas_champi;2024:04:22;12:14:11;nan;8;Féverole_0_Pas_champi
Ifv01079;../data/Bousset2_data/Images/Féverole/0_Pas_champi/Ifv01079.jpg;Féverole;0_Pas_champi;Féverole_0_Pas_champi;;;;;;train;0_Pas_champi;2024:04:22;12:14:15;nan;8;Féverole_0_Pas_champi
Ifv01080;../data/Bousset2_data/Images/Féverole/0_Pas_champi/Ifv01080.jpg;Féverole;0_Pas_champi;Féverole_0_Pas_champi;;;;;;train;0_Pas_champi;2024:04:22;12:14:19;nan;8;Féverole_0_Pas_champi
Ifv01081;../data/Bousset2_data/Images/Féverole/0_Pas_champi/Ifv01081.jpg;Féverole;0_Pas_champi;Féverole_0_Pas_champi;;;;;;train;0_Pas_champi;2024:04:22;12:14:22;nan;8;Féverole_0_Pas_champi
Ifv01291;../data/Bousset2_data/Images/Féverole/0_Pas_champi/Ifv01291.jpg;Féverole;0_Pas_champi;Féverole_0_Pas_champi;;;;;;train;0_Pas_champi;2024:04:22;12:40:10;nan;8;Féverole_0_Pas_champi
Ifv01292;../data/Bousset2_data/Images/Féverole/0_Pas_champi/Ifv01292.jpg;Féverole;0_Pas_champi;Féverole_0_Pas_champi;;;;;;train;0_Pas_champi;2024:04:22;12:40:13;nan;8;Féverole_0_Pas_champi
Ifv01293;../data/Bousset2_data/Images/Féverole/0_Pas_champi/Ifv01293.jpg;Féverole;0_Pas_champi;Féverole_0_Pas_champi;;;;;;train;0_Pas_champi;2024:04:22;12:40:16;nan;8;Féverole_0_Pas_champi
Ifv01294;../data/Bousset2_data/Images/Féverole/0_Pas_champi/Ifv01294.jpg;Féverole;0_Pas_champi;Féverole_0_Pas_champi;;;;;;train;0_Pas_champi;2024:04:22;12:40:18;nan;8;Féverole_0_Pas_champi
Ifv01295;../data/Bousset2_data/Images/Féverole/0_Pas_champi/Ifv01295.jpg;Féverole;0_Pas_champi;Féverole_0_Pas_champi;;;;;;train;0_Pas_champi;2024:04:22;12:40:22;nan;8;Féverole_0_Pas_champi
Ifv01385;../data/Bousset2_data/Images/Féverole/0_Pas_champi/Ifv01385.jpg;Féverole;0_Pas_champi;Féverole_0_Pas_champi;;;;;;train;0_Pas_champi;2024:05:03;12:57:23;nan;8;Féverole_0_Pas_champi
Ifv01386;../data/Bousset2_data/Images/Féverole/0_Pas_champi/Ifv01386.jpg;Féverole;0_Pas_champi;Féverole_0_Pas_champi;;;;;;train;0_Pas_champi;2024:05:03;12:57:28;nan;8;Féverole_0_Pas_champi
Ifv01387;../data/Bousset2_data/Images/Féverole/0_Pas_champi/Ifv01387.jpg;Féverole;0_Pas_champi;Féverole_0_Pas_champi;;;;;;train;0_Pas_champi;2024:05:03;12:57:30;nan;8;Féverole_0_Pas_champi
Ifv01773;../data/Bousset2_data/Images/Féverole/0_Pas_champi/Ifv01773.jpg;Féverole;0_Pas_champi;Féverole_0_Pas_champi;;;;;;train;0_Pas_champi;2024:05:16;13:03:20;nan;8;Féverole_0_Pas_champi
Ifv01780;../data/Bousset2_data/Images/Féverole/0_Pas_champi/Ifv01780.jpg;Féverole;0_Pas_champi;Féverole_0_Pas_champi;;;;;;train;0_Pas_champi;2024:05:16;13:04:52;nan;8;Féverole_0_Pas_champi
Ifv01857;../data/Bousset2_data/Images/Féverole/0_Pas_champi/Ifv01857.jpg;Féverole;0_Pas_champi;Féverole_0_Pas_champi;;;;;;train;0_Pas_champi;2024:05:16;13:12:09;nan;8;Féverole_0_Pas_champi
Ifv01985;../data/Bousset2_data/Images/Féverole/0_Pas_champi/Ifv01985.jpg;Féverole;0_Pas_champi;Féverole_0_Pas_champi;;;;;;train;0_Pas_champi;2024:06:27;12:38:44;nan;8;Féverole_0_Pas_champi
Ifv02036;../data/Bousset2_data/Images/Féverole/0_Pas_champi/Ifv02036.jpg;Féverole;0_Pas_champi;Féverole_0_Pas_champi;;;;;;train;0_Pas_champi;2024:06:27;12:46:52;nan;8;Féverole_0_Pas_champi
Ifv02043;../data/Bousset2_data/Images/Féverole/0_Pas_champi/Ifv02043.jpg;Féverole;0_Pas_champi;Féverole_0_Pas_champi;;;;;;train;0_Pas_champi;2024:06:27;12:48:01;nan;8;Féverole_0_Pas_champi
Ifv02044;../data/Bousset2_data/Images/Féverole/0_Pas_champi/Ifv02044.jpg;Féverole;0_Pas_champi;Féverole_0_Pas_champi;;;;;;train;0_Pas_champi;2024:06:27;12:48:12;nan;8;Féverole_0_Pas_champi
Ifv02093;../data/Bousset2_data/Images/Féverole/0_Pas_champi/Ifv02093.jpg;Féverole;0_Pas_champi;Féverole_0_Pas_champi;;;;;;train;0_Pas_champi;2024:07:01;12:29:52;nan;8;Féverole_0_Pas_champi
Ifv00018;../data/Bousset2_data/Images/Féverole/0_Saines/Ifv00018.jpg;Féverole;0_Saines;Féverole_0_Saines;Féverole;;;0_Saines;Asymptomatiques;train;0_Saines;2024:02:14;11:39:18;nan;23;Féverole_0_Saines
Ifv00020;../data/Bousset2_data/Images/Féverole/0_Saines/Ifv00020.jpg;Féverole;0_Saines;Féverole_0_Saines;Féverole;;;0_Saines;Asymptomatiques;train;0_Saines;2024:02:14;11:39:25;nan;23;Féverole_0_Saines
Ifv00042;../data/Bousset2_data/Images/Féverole/0_Saines/Ifv00042.jpg;Féverole;0_Saines;Féverole_0_Saines;Féverole;;;0_Saines;Asymptomatiques;train;0_Saines;2024:02:14;11:41:33;nan;23;Féverole_0_Saines
Ifv00043;../data/Bousset2_data/Images/Féverole/0_Saines/Ifv00043.jpg;Féverole;0_Saines;Féverole_0_Saines;Féverole;;;0_Saines;Asymptomatiques;train;0_Saines;2024:02:14;11:41:35;nan;23;Féverole_0_Saines
Ifv00161;../data/Bousset2_data/Images/Féverole/0_Saines/Ifv00161.jpg;Féverole;0_Saines;Féverole_0_Saines;Féverole;;;0_Saines;Asymptomatiques;train;0_Saines;2024:03:01;10:41:49;nan;23;Féverole_0_Saines
Ifv00162;../data/Bousset2_data/Images/Féverole/0_Saines/Ifv00162.jpg;Féverole;0_Saines;Féverole_0_Saines;Féverole;;;0_Saines;Asymptomatiques;train;0_Saines;2024:03:01;10:41:51;nan;23;Féverole_0_Saines
Ifv00163;../data/Bousset2_data/Images/Féverole/0_Saines/Ifv00163.jpg;Féverole;0_Saines;Féverole_0_Saines;Féverole;;;0_Saines;Asymptomatiques;train;0_Saines;2024:03:01;10:41:54;nan;23;Féverole_0_Saines
Ifv00199;../data/Bousset2_data/Images/Féverole/0_Saines/Ifv00199.jpg;Féverole;0_Saines;Féverole_0_Saines;Féverole;;;0_Saines;Asymptomatiques;train;0_Saines;2024:03:01;10:44:44;nan;23;Féverole_0_Saines
Ifv00202;../data/Bousset2_data/Images/Féverole/0_Saines/Ifv00202.jpg;Féverole;0_Saines;Féverole_0_Saines;Féverole;;;0_Saines;Asymptomatiques;train;0_Saines;2024:03:01;10:44:54;nan;23;Féverole_0_Saines
Ifv00565;../data/Bousset2_data/Images/Féverole/0_Saines/Ifv00565.jpg;Féverole;0_Saines;Féverole_0_Saines;Féverole;;;0_Saines;Asymptomatiques;train;0_Saines;2024:03:19;11:43:14;nan;23;Féverole_0_Saines
Ifv00691;../data/Bousset2_data/Images/Féverole/0_Saines/Ifv00691.jpg;Féverole;0_Saines;Féverole_0_Saines;Féverole;;;0_Saines;Asymptomatiques;train;0_Saines;2024:03:19;12:06:28;nan;23;Féverole_0_Saines
Ifv00745;../data/Bousset2_data/Images/Féverole/0_Saines/Ifv00745.jpg;Féverole;0_Saines;Féverole_0_Saines;Féverole;;;0_Saines;Asymptomatiques;train;0_Saines;2024:03:20;16:18:08;nan;23;Féverole_0_Saines
Ifv00746;../data/Bousset2_data/Images/Féverole/0_Saines/Ifv00746.jpg;Féverole;0_Saines;Féverole_0_Saines;Féverole;;;0_Saines;Asymptomatiques;train;0_Saines;2024:03:20;16:18:10;nan;23;Féverole_0_Saines
Ifv00747;../data/Bousset2_data/Images/Féverole/0_Saines/Ifv00747.jpg;Féverole;0_Saines;Féverole_0_Saines;Féverole;;;0_Saines;Asymptomatiques;train;0_Saines;2024:03:20;16:18:47;nan;23;Féverole_0_Saines
Ifv00748;../data/Bousset2_data/Images/Féverole/0_Saines/Ifv00748.jpg;Féverole;0_Saines;Féverole_0_Saines;Féverole;;;0_Saines;Asymptomatiques;train;0_Saines;2024:03:20;16:18:49;nan;23;Féverole_0_Saines
Ifv00749;../data/Bousset2_data/Images/Féverole/0_Saines/Ifv00749.jpg;Féverole;0_Saines;Féverole_0_Saines;Féverole;;;0_Saines;Asymptomatiques;train;0_Saines;2024:03:20;16:18:53;nan;23;Féverole_0_Saines
Ifv00752;../data/Bousset2_data/Images/Féverole/0_Saines/Ifv00752.jpg;Féverole;0_Saines;Féverole_0_Saines;Féverole;;;0_Saines;Asymptomatiques;train;0_Saines;2024:03:20;16:18:59;nan;23;Féverole_0_Saines
Ifv00754;../data/Bousset2_data/Images/Féverole/0_Saines/Ifv00754.jpg;Féverole;0_Saines;Féverole_0_Saines;Féverole;;;0_Saines;Asymptomatiques;train;0_Saines;2024:03:20;16:19:34;nan;23;Féverole_0_Saines
Ifv00756;../data/Bousset2_data/Images/Féverole/0_Saines/Ifv00756.jpg;Féverole;0_Saines;Féverole_0_Saines;Féverole;;;0_Saines;Asymptomatiques;train;0_Saines;2024:03:20;16:19:39;nan;23;Féverole_0_Saines
Ifv00760;../data/Bousset2_data/Images/Féverole/0_Saines/Ifv00760.jpg;Féverole;0_Saines;Féverole_0_Saines;Féverole;;;0_Saines;Asymptomatiques;train;0_Saines;2024:03:20;16:20:33;nan;23;Féverole_0_Saines
Ifv00766;../data/Bousset2_data/Images/Féverole/0_Saines/Ifv00766.jpg;Féverole;0_Saines;Féverole_0_Saines;Féverole;;;0_Saines;Asymptomatiques;train;0_Saines;2024:03:20;16:21:24;nan;23;Féverole_0_Saines
Ifv00767;../data/Bousset2_data/Images/Féverole/0_Saines/Ifv00767.jpg;Féverole;0_Saines;Féverole_0_Saines;Féverole;;;0_Saines;Asymptomatiques;train;0_Saines;2024:03:20;16:21:26;nan;23;Féverole_0_Saines
Ifv00769;../data/Bousset2_data/Images/Féverole/0_Saines/Ifv00769.jpg;Féverole;0_Saines;Féverole_0_Saines;Féverole;;;0_Saines;Asymptomatiques;train;0_Saines;2024:03:20;16:21:30;nan;23;Féverole_0_Saines
Ifv00808;../data/Bousset2_data/Images/Féverole/0_Saines/Ifv00808.jpg;Féverole;0_Saines;Féverole_0_Saines;Féverole;;;0_Saines;Asymptomatiques;train;0_Saines;2024:03:20;15:14:16;nan;23;Féverole_0_Saines
Ifv00809;../data/Bousset2_data/Images/Féverole/0_Saines/Ifv00809.jpg;Féverole;0_Saines;Féverole_0_Saines;Féverole;;;0_Saines;Asymptomatiques;train;0_Saines;2024:03:20;15:14:19;nan;23;Féverole_0_Saines
Ifv00810;../data/Bousset2_data/Images/Féverole/0_Saines/Ifv00810.jpg;Féverole;0_Saines;Féverole_0_Saines;Féverole;;;0_Saines;Asymptomatiques;train;0_Saines;2024:03:20;15:14:21;nan;23;Féverole_0_Saines
Ifv00817;../data/Bousset2_data/Images/Féverole/0_Saines/Ifv00817.jpg;Féverole;0_Saines;Féverole_0_Saines;Féverole;;;0_Saines;Asymptomatiques;train;0_Saines;2024:03:20;15:15:20;nan;23;Féverole_0_Saines
Ifv00820;../data/Bousset2_data/Images/Féverole/0_Saines/Ifv00820.jpg;Féverole;0_Saines;Féverole_0_Saines;Féverole;;;0_Saines;Asymptomatiques;train;0_Saines;2024:03:20;15:15:59;nan;23;Féverole_0_Saines
Ifv00861;../data/Bousset2_data/Images/Féverole/0_Saines/Ifv00861.jpg;Féverole;0_Saines;Féverole_0_Saines;Féverole;;;0_Saines;Asymptomatiques;train;0_Saines;2024:04:05;11:55:06;nan;23;Féverole_0_Saines
Ifv00862;../data/Bousset2_data/Images/Féverole/0_Saines/Ifv00862.jpg;Féverole;0_Saines;Féverole_0_Saines;Féverole;;;0_Saines;Asymptomatiques;train;0_Saines;2024:04:05;11:55:10;nan;23;Féverole_0_Saines
Ifv00863;../data/Bousset2_data/Images/Féverole/0_Saines/Ifv00863.jpg;Féverole;0_Saines;Féverole_0_Saines;Féverole;;;0_Saines;Asymptomatiques;train;0_Saines;2024:04:05;11:55:31;nan;23;Féverole_0_Saines
Ifv00864;../data/Bousset2_data/Images/Féverole/0_Saines/Ifv00864.jpg;Féverole;0_Saines;Féverole_0_Saines;Féverole;;;0_Saines;Asymptomatiques;train;0_Saines;2024:04:05;11:55:32;nan;23;Féverole_0_Saines
Ifv00865;../data/Bousset2_data/Images/Féverole/0_Saines/Ifv00865.jpg;Féverole;0_Saines;Féverole_0_Saines;Féverole;;;0_Saines;Asymptomatiques;train;0_Saines;2024:04:05;11:55:35;nan;23;Féverole_0_Saines
Ifv00866;../data/Bousset2_data/Images/Féverole/0_Saines/Ifv00866.jpg;Féverole;0_Saines;Féverole_0_Saines;Féverole;;;0_Saines;Asymptomatiques;train;0_Saines;2024:04:05;11:55:37;nan;23;Féverole_0_Saines
Ifv00867;../data/Bousset2_data/Images/Féverole/0_Saines/Ifv00867.jpg;Féverole;0_Saines;Féverole_0_Saines;Féverole;;;0_Saines;Asymptomatiques;train;0_Saines;2024:04:05;11:55:39;nan;23;Féverole_0_Saines
Ifv00868;../data/Bousset2_data/Images/Féverole/0_Saines/Ifv00868.jpg;Féverole;0_Saines;Féverole_0_Saines;Féverole;;;0_Saines;Asymptomatiques;train;0_Saines;2024:04:05;11:55:41;nan;23;Féverole_0_Saines
Ifv00919;../data/Bousset2_data/Images/Féverole/0_Saines/Ifv00919.jpg;Féverole;0_Saines;Féverole_0_Saines;Féverole;;;0_Saines;Asymptomatiques;train;0_Saines;2024:04:05;12:02:25;nan;23;Féverole_0_Saines
Ifv00955;../data/Bousset2_data/Images/Féverole/0_Saines/Ifv00955.jpg;Féverole;0_Saines;Féverole_0_Saines;Féverole;;;0_Saines;Asymptomatiques;train;0_Saines;2024:04:05;12:06:07;nan;23;Féverole_0_Saines
Ifv00956;../data/Bousset2_data/Images/Féverole/0_Saines/Ifv00956.jpg;Féverole;0_Saines;Féverole_0_Saines;Féverole;;;0_Saines;Asymptomatiques;train;0_Saines;2024:04:05;12:06:09;nan;23;Féverole_0_Saines
Ifv00957;../data/Bousset2_data/Images/Féverole/0_Saines/Ifv00957.jpg;Féverole;0_Saines;Féverole_0_Saines;Féverole;;;0_Saines;Asymptomatiques;train;0_Saines;2024:04:05;12:06:13;nan;23;Féverole_0_Saines
Ifv00958;../data/Bousset2_data/Images/Féverole/0_Saines/Ifv00958.jpg;Féverole;0_Saines;Féverole_0_Saines;Féverole;;;0_Saines;Asymptomatiques;train;0_Saines;2024:04:05;12:06:15;nan;23;Féverole_0_Saines
Ifv01059;../data/Bousset2_data/Images/Féverole/0_Saines/Ifv01059.jpg;Féverole;0_Saines;Féverole_0_Saines;Féverole;;;0_Saines;Asymptomatiques;train;0_Saines;2024:04:22;12:11:57;nan;23;Féverole_0_Saines
Ifv01164;../data/Bousset2_data/Images/Féverole/0_Saines/Ifv01164.jpg;Féverole;0_Saines;Féverole_0_Saines;Féverole;;;0_Saines;Asymptomatiques;train;0_Saines;2024:04:22;12:25:23;nan;23;Féverole_0_Saines
Ifv01366;../data/Bousset2_data/Images/Féverole/0_Saines/Ifv01366.jpg;Féverole;0_Saines;Féverole_0_Saines;Féverole;;;0_Saines;Asymptomatiques;train;0_Saines;2024:05:03;12:54:46;nan;23;Féverole_0_Saines
Ifv01367;../data/Bousset2_data/Images/Féverole/0_Saines/Ifv01367.jpg;Féverole;0_Saines;Féverole_0_Saines;Féverole;;;0_Saines;Asymptomatiques;train;0_Saines;2024:05:03;12:54:49;nan;23;Féverole_0_Saines
Ifv01373;../data/Bousset2_data/Images/Féverole/0_Saines/Ifv01373.jpg;Féverole;0_Saines;Féverole_0_Saines;Féverole;;;0_Saines;Asymptomatiques;train;0_Saines;2024:05:03;12:56:07;nan;23;Féverole_0_Saines
Ifv01375;../data/Bousset2_data/Images/Féverole/0_Saines/Ifv01375.jpg;Féverole;0_Saines;Féverole_0_Saines;Féverole;;;0_Saines;Asymptomatiques;train;0_Saines;2024:05:03;12:56:20;nan;23;Féverole_0_Saines
Ifv01886;../data/Bousset2_data/Images/Féverole/0_Saines/Ifv01886.jpg;Féverole;0_Saines;Féverole_0_Saines;Féverole;;;0_Saines;Asymptomatiques;train;0_Saines;2024:05:16;13:15:21;nan;23;Féverole_0_Saines
Ifv01887;../data/Bousset2_data/Images/Féverole/0_Saines/Ifv01887.jpg;Féverole;0_Saines;Féverole_0_Saines;Féverole;;;0_Saines;Asymptomatiques;train;0_Saines;2024:05:16;13:15:22;nan;23;Féverole_0_Saines
Ifv01888;../data/Bousset2_data/Images/Féverole/0_Saines/Ifv01888.jpg;Féverole;0_Saines;Féverole_0_Saines;Féverole;;;0_Saines;Asymptomatiques;train;0_Saines;2024:05:16;13:15:25;nan;23;Féverole_0_Saines
Ifv01889;../data/Bousset2_data/Images/Féverole/0_Saines/Ifv01889.jpg;Féverole;0_Saines;Féverole_0_Saines;Féverole;;;0_Saines;Asymptomatiques;train;0_Saines;2024:05:16;13:15:49;nan;23;Féverole_0_Saines
Ifv01890;../data/Bousset2_data/Images/Féverole/0_Saines/Ifv01890.jpg;Féverole;0_Saines;Féverole_0_Saines;Féverole;;;0_Saines;Asymptomatiques;train;0_Saines;2024:05:16;13:16:03;nan;23;Féverole_0_Saines
Ifv01891;../data/Bousset2_data/Images/Féverole/0_Saines/Ifv01891.jpg;Féverole;0_Saines;Féverole_0_Saines;Féverole;;;0_Saines;Asymptomatiques;train;0_Saines;2024:05:16;13:16:04;nan;23;Féverole_0_Saines
Ifv01892;../data/Bousset2_data/Images/Féverole/0_Saines/Ifv01892.jpg;Féverole;0_Saines;Féverole_0_Saines;Féverole;;;0_Saines;Asymptomatiques;train;0_Saines;2024:05:16;13:16:06;nan;23;Féverole_0_Saines
Ifv01893;../data/Bousset2_data/Images/Féverole/0_Saines/Ifv01893.jpg;Féverole;0_Saines;Féverole_0_Saines;Féverole;;;0_Saines;Asymptomatiques;train;0_Saines;2024:05:16;13:16:08;nan;23;Féverole_0_Saines
Ifv01894;../data/Bousset2_data/Images/Féverole/0_Saines/Ifv01894.jpg;Féverole;0_Saines;Féverole_0_Saines;Féverole;;;0_Saines;Asymptomatiques;train;0_Saines;2024:05:16;13:16:10;nan;23;Féverole_0_Saines
Ifv01895;../data/Bousset2_data/Images/Féverole/0_Saines/Ifv01895.jpg;Féverole;0_Saines;Féverole_0_Saines;Féverole;;;0_Saines;Asymptomatiques;train;0_Saines;2024:05:16;13:16:12;nan;23;Féverole_0_Saines
Ifv01897;../data/Bousset2_data/Images/Féverole/0_Saines/Ifv01897.jpg;Féverole;0_Saines;Féverole_0_Saines;Féverole;;;0_Saines;Asymptomatiques;train;0_Saines;2024:05:16;13:16:17;nan;23;Féverole_0_Saines
Ifv01898;../data/Bousset2_data/Images/Féverole/0_Saines/Ifv01898.jpg;Féverole;0_Saines;Féverole_0_Saines;Féverole;;;0_Saines;Asymptomatiques;train;0_Saines;2024:05:16;13:16:18;nan;23;Féverole_0_Saines
Ifv01938;../data/Bousset2_data/Images/Féverole/0_Saines/Ifv01938.jpg;Féverole;0_Saines;Féverole_0_Saines;Féverole;;;0_Saines;Asymptomatiques;train;0_Saines;2024:06:07;15:07:18;nan;23;Féverole_0_Saines
Ifv01939;../data/Bousset2_data/Images/Féverole/0_Saines/Ifv01939.jpg;Féverole;0_Saines;Féverole_0_Saines;Féverole;;;0_Saines;Asymptomatiques;train;0_Saines;2024:06:07;15:07:20;nan;23;Féverole_0_Saines
Ifv01940;../data/Bousset2_data/Images/Féverole/0_Saines/Ifv01940.jpg;Féverole;0_Saines;Féverole_0_Saines;Féverole;;;0_Saines;Asymptomatiques;train;0_Saines;2024:06:07;15:07:23;nan;23;Féverole_0_Saines
Ifv00310;../data/Bousset2_data/Images/Féverole/Ascochytose/Ifv00310.jpg;Féverole;Ascochytose;Féverole_Ascochytose;Féverole;ASCOFA;Ascochyta fabae;Ascochytose;;train;Ascochytose;2024:03:01;10:58:07;nan;3;Féverole_Ascochytose
Ifv00619;../data/Bousset2_data/Images/Féverole/Ascochytose/Ifv00619.jpg;Féverole;Ascochytose;Féverole_Ascochytose;Féverole;ASCOFA;Ascochyta fabae;Ascochytose;;train;Ascochytose;2024:03:19;11:53:17;nan;3;Féverole_Ascochytose
Ifv00620;../data/Bousset2_data/Images/Féverole/Ascochytose/Ifv00620.jpg;Féverole;Ascochytose;Féverole_Ascochytose;Féverole;ASCOFA;Ascochyta fabae;Ascochytose;;train;Ascochytose;2024:03:19;11:53:32;nan;3;Féverole_Ascochytose
Ifv00621;../data/Bousset2_data/Images/Féverole/Ascochytose/Ifv00621.jpg;Féverole;Ascochytose;Féverole_Ascochytose;Féverole;ASCOFA;Ascochyta fabae;Ascochytose;;train;Ascochytose;2024:03:19;11:53:38;nan;3;Féverole_Ascochytose
Ifv00622;../data/Bousset2_data/Images/Féverole/Ascochytose/Ifv00622.jpg;Féverole;Ascochytose;Féverole_Ascochytose;Féverole;ASCOFA;Ascochyta fabae;Ascochytose;;train;Ascochytose;2024:03:19;11:53:43;nan;3;Féverole_Ascochytose
Ifv00623;../data/Bousset2_data/Images/Féverole/Ascochytose/Ifv00623.jpg;Féverole;Ascochytose;Féverole_Ascochytose;Féverole;ASCOFA;Ascochyta fabae;Ascochytose;;train;Ascochytose;2024:03:19;11:53:45;nan;3;Féverole_Ascochytose
Ifv00624;../data/Bousset2_data/Images/Féverole/Ascochytose/Ifv00624.jpg;Féverole;Ascochytose;Féverole_Ascochytose;Féverole;ASCOFA;Ascochyta fabae;Ascochytose;;train;Ascochytose;2024:03:19;11:53:50;nan;3;Féverole_Ascochytose
Ifv00625;../data/Bousset2_data/Images/Féverole/Ascochytose/Ifv00625.jpg;Féverole;Ascochytose;Féverole_Ascochytose;Féverole;ASCOFA;Ascochyta fabae;Ascochytose;;train;Ascochytose;2024:03:19;11:53:55;nan;3;Féverole_Ascochytose
Ifv00627;../data/Bousset2_data/Images/Féverole/Ascochytose/Ifv00627.jpg;Féverole;Ascochytose;Féverole_Ascochytose;Féverole;ASCOFA;Ascochyta fabae;Ascochytose;;train;Ascochytose;2024:03:19;11:54:01;nan;3;Féverole_Ascochytose
Ifv00629;../data/Bousset2_data/Images/Féverole/Ascochytose/Ifv00629.jpg;Féverole;Ascochytose;Féverole_Ascochytose;Féverole;ASCOFA;Ascochyta fabae;Ascochytose;;train;Ascochytose;2024:03:19;11:54:08;nan;3;Féverole_Ascochytose
Ifv00630;../data/Bousset2_data/Images/Féverole/Ascochytose/Ifv00630.jpg;Féverole;Ascochytose;Féverole_Ascochytose;Féverole;ASCOFA;Ascochyta fabae;Ascochytose;;train;Ascochytose;2024:03:19;11:54:14;nan;3;Féverole_Ascochytose
Ifv00631;../data/Bousset2_data/Images/Féverole/Ascochytose/Ifv00631.jpg;Féverole;Ascochytose;Féverole_Ascochytose;Féverole;ASCOFA;Ascochyta fabae;Ascochytose;;train;Ascochytose;2024:03:19;11:54:16;nan;3;Féverole_Ascochytose
Ifv00632;../data/Bousset2_data/Images/Féverole/Ascochytose/Ifv00632.jpg;Féverole;Ascochytose;Féverole_Ascochytose;Féverole;ASCOFA;Ascochyta fabae;Ascochytose;;train;Ascochytose;2024:03:19;11:54:20;nan;3;Féverole_Ascochytose
Ifv00634;../data/Bousset2_data/Images/Féverole/Ascochytose/Ifv00634.jpg;Féverole;Ascochytose;Féverole_Ascochytose;Féverole;ASCOFA;Ascochyta fabae;Ascochytose;;train;Ascochytose;2024:03:19;11:54:37;nan;3;Féverole_Ascochytose
Ifv00636;../data/Bousset2_data/Images/Féverole/Ascochytose/Ifv00636.jpg;Féverole;Ascochytose;Féverole_Ascochytose;Féverole;ASCOFA;Ascochyta fabae;Ascochytose;;train;Ascochytose;2024:03:19;11:54:42;nan;3;Féverole_Ascochytose
Ifv00637;../data/Bousset2_data/Images/Féverole/Ascochytose/Ifv00637.jpg;Féverole;Ascochytose;Féverole_Ascochytose;Féverole;ASCOFA;Ascochyta fabae;Ascochytose;;train;Ascochytose;2024:03:19;11:54:44;nan;3;Féverole_Ascochytose
Ifv00638;../data/Bousset2_data/Images/Féverole/Ascochytose/Ifv00638.jpg;Féverole;Ascochytose;Féverole_Ascochytose;Féverole;ASCOFA;Ascochyta fabae;Ascochytose;;train;Ascochytose;2024:03:19;11:54:49;nan;3;Féverole_Ascochytose
Ifv00639;../data/Bousset2_data/Images/Féverole/Ascochytose/Ifv00639.jpg;Féverole;Ascochytose;Féverole_Ascochytose;Féverole;ASCOFA;Ascochyta fabae;Ascochytose;;train;Ascochytose;2024:03:19;11:54:54;nan;3;Féverole_Ascochytose
Ifv00640;../data/Bousset2_data/Images/Féverole/Ascochytose/Ifv00640.jpg;Féverole;Ascochytose;Féverole_Ascochytose;Féverole;ASCOFA;Ascochyta fabae;Ascochytose;;train;Ascochytose;2024:03:19;11:55:01;nan;3;Féverole_Ascochytose
Ifv00641;../data/Bousset2_data/Images/Féverole/Ascochytose/Ifv00641.jpg;Féverole;Ascochytose;Féverole_Ascochytose;Féverole;ASCOFA;Ascochyta fabae;Ascochytose;;train;Ascochytose;2024:03:19;11:55:05;nan;3;Féverole_Ascochytose
Ifv00642;../data/Bousset2_data/Images/Féverole/Ascochytose/Ifv00642.jpg;Féverole;Ascochytose;Féverole_Ascochytose;Féverole;ASCOFA;Ascochyta fabae;Ascochytose;;train;Ascochytose;2024:03:19;11:55:08;nan;3;Féverole_Ascochytose
Ifv00644;../data/Bousset2_data/Images/Féverole/Ascochytose/Ifv00644.jpg;Féverole;Ascochytose;Féverole_Ascochytose;Féverole;ASCOFA;Ascochyta fabae;Ascochytose;;train;Ascochytose;2024:03:19;11:55:17;nan;3;Féverole_Ascochytose
Ifv00645;../data/Bousset2_data/Images/Féverole/Ascochytose/Ifv00645.jpg;Féverole;Ascochytose;Féverole_Ascochytose;Féverole;ASCOFA;Ascochyta fabae;Ascochytose;;train;Ascochytose;2024:03:19;11:55:23;nan;3;Féverole_Ascochytose
Ifv00646;../data/Bousset2_data/Images/Féverole/Ascochytose/Ifv00646.jpg;Féverole;Ascochytose;Féverole_Ascochytose;Féverole;ASCOFA;Ascochyta fabae;Ascochytose;;train;Ascochytose;2024:03:19;11:55:26;nan;3;Féverole_Ascochytose
Ifv00647;../data/Bousset2_data/Images/Féverole/Ascochytose/Ifv00647.jpg;Féverole;Ascochytose;Féverole_Ascochytose;Féverole;ASCOFA;Ascochyta fabae;Ascochytose;;train;Ascochytose;2024:03:19;11:55:34;nan;3;Féverole_Ascochytose
Ifv00648;../data/Bousset2_data/Images/Féverole/Ascochytose/Ifv00648.jpg;Féverole;Ascochytose;Féverole_Ascochytose;Féverole;ASCOFA;Ascochyta fabae;Ascochytose;;train;Ascochytose;2024:03:19;11:55:39;nan;3;Féverole_Ascochytose
Ifv00649;../data/Bousset2_data/Images/Féverole/Ascochytose/Ifv00649.jpg;Féverole;Ascochytose;Féverole_Ascochytose;Féverole;ASCOFA;Ascochyta fabae;Ascochytose;;train;Ascochytose;2024:03:19;11:55:41;nan;3;Féverole_Ascochytose
Ifv00650;../data/Bousset2_data/Images/Féverole/Ascochytose/Ifv00650.jpg;Féverole;Ascochytose;Féverole_Ascochytose;Féverole;ASCOFA;Ascochyta fabae;Ascochytose;;train;Ascochytose;2024:03:19;11:55:44;nan;3;Féverole_Ascochytose
Ifv00651;../data/Bousset2_data/Images/Féverole/Ascochytose/Ifv00651.jpg;Féverole;Ascochytose;Féverole_Ascochytose;Féverole;ASCOFA;Ascochyta fabae;Ascochytose;;train;Ascochytose;2024:03:19;11:55:53;nan;3;Féverole_Ascochytose
Ifv00653;../data/Bousset2_data/Images/Féverole/Ascochytose/Ifv00653.jpg;Féverole;Ascochytose;Féverole_Ascochytose;Féverole;ASCOFA;Ascochyta fabae;Ascochytose;;train;Ascochytose;2024:03:19;11:56:20;nan;3;Féverole_Ascochytose
Ifv00657;../data/Bousset2_data/Images/Féverole/Ascochytose/Ifv00657.jpg;Féverole;Ascochytose;Féverole_Ascochytose;Féverole;ASCOFA;Ascochyta fabae;Ascochytose;;train;Ascochytose;2024:03:19;11:56:34;nan;3;Féverole_Ascochytose
Ifv00658;../data/Bousset2_data/Images/Féverole/Ascochytose/Ifv00658.jpg;Féverole;Ascochytose;Féverole_Ascochytose;Féverole;ASCOFA;Ascochyta fabae;Ascochytose;;train;Ascochytose;2024:03:19;11:56:43;nan;3;Féverole_Ascochytose
Ifv00659;../data/Bousset2_data/Images/Féverole/Ascochytose/Ifv00659.jpg;Féverole;Ascochytose;Féverole_Ascochytose;Féverole;ASCOFA;Ascochyta fabae;Ascochytose;;train;Ascochytose;2024:03:19;11:56:45;nan;3;Féverole_Ascochytose
Ifv00677;../data/Bousset2_data/Images/Féverole/Ascochytose/Ifv00677.jpg;Féverole;Ascochytose;Féverole_Ascochytose;Féverole;ASCOFA;Ascochyta fabae;Ascochytose;;train;Ascochytose;2024:03:19;11:59:36;nan;3;Féverole_Ascochytose
Ifv00839;../data/VAULT/Bousset2_data/Images/Féverole/Ascochytose/Ifv00839.jpg;Féverole;Ascochytose;Féverole_Ascochytose;Féverole;ASCOFA;Ascochyta fabae;Ascochytose;;vault;Ascochytose;2024:04:05;11:52:24;nan;3;Féverole_Ascochytose
Ifv00004;../data/Bousset2_data/Images/Féverole/Botrytis/Ifv00004.jpg;Féverole;Botrytis;Féverole_Botrytis;Féverole;BOTRFA;Botrytis fabae;Botrytis;;train;Botrytis;2024:02:14;11:37:51;nan;19;Féverole_Botrytis
Ifv00013;../data/Bousset2_data/Images/Féverole/Botrytis/Ifv00013.jpg;Féverole;Botrytis;Féverole_Botrytis;Féverole;BOTRFA;Botrytis fabae;Botrytis;;train;Botrytis;2024:02:14;11:38:49;nan;19;Féverole_Botrytis
Ifv00016;../data/Bousset2_data/Images/Féverole/Botrytis/Ifv00016.jpg;Féverole;Botrytis;Féverole_Botrytis;Féverole;BOTRFA;Botrytis fabae;Botrytis;;train;Botrytis;2024:02:14;11:39:04;nan;19;Féverole_Botrytis
Ifv00049;../data/Bousset2_data/Images/Féverole/Botrytis/Ifv00049.jpg;Féverole;Botrytis;Féverole_Botrytis;Féverole;BOTRFA;Botrytis fabae;Botrytis;;train;Botrytis;2024:02:14;11:42:42;nan;19;Féverole_Botrytis
Ifv00050;../data/Bousset2_data/Images/Féverole/Botrytis/Ifv00050.jpg;Féverole;Botrytis;Féverole_Botrytis;Féverole;BOTRFA;Botrytis fabae;Botrytis;;train;Botrytis;2024:02:14;11:42:50;nan;19;Féverole_Botrytis
Ifv00060;../data/Bousset2_data/Images/Féverole/Botrytis/Ifv00060.jpg;Féverole;Botrytis;Féverole_Botrytis;Féverole;BOTRFA;Botrytis fabae;Botrytis;;train;Botrytis;2024:03:01;11:32:30;nan;19;Féverole_Botrytis
Ifv00061;../data/Bousset2_data/Images/Féverole/Botrytis/Ifv00061.jpg;Féverole;Botrytis;Féverole_Botrytis;Féverole;BOTRFA;Botrytis fabae;Botrytis;;train;Botrytis;2024:03:01;11:32:32;nan;19;Féverole_Botrytis
Ifv00062;../data/Bousset2_data/Images/Féverole/Botrytis/Ifv00062.jpg;Féverole;Botrytis;Féverole_Botrytis;Féverole;BOTRFA;Botrytis fabae;Botrytis;;train;Botrytis;2024:03:01;11:32:36;nan;19;Féverole_Botrytis
Ifv00063;../data/Bousset2_data/Images/Féverole/Botrytis/Ifv00063.jpg;Féverole;Botrytis;Féverole_Botrytis;Féverole;BOTRFA;Botrytis fabae;Botrytis;;train;Botrytis;2024:03:01;11:32:48;nan;19;Féverole_Botrytis
Ifv00072;../data/Bousset2_data/Images/Féverole/Botrytis/Ifv00072.jpg;Féverole;Botrytis;Féverole_Botrytis;Féverole;BOTRFA;Botrytis fabae;Botrytis;;train;Botrytis;2024:03:01;11:33:41;nan;19;Féverole_Botrytis
Ifv00075;../data/Bousset2_data/Images/Féverole/Botrytis/Ifv00075.jpg;Féverole;Botrytis;Féverole_Botrytis;Féverole;BOTRFA;Botrytis fabae;Botrytis;;train;Botrytis;2024:03:01;11:33:59;nan;19;Féverole_Botrytis
Ifv00076;../data/Bousset2_data/Images/Féverole/Botrytis/Ifv00076.jpg;Féverole;Botrytis;Féverole_Botrytis;Féverole;BOTRFA;Botrytis fabae;Botrytis;;train;Botrytis;2024:03:01;11:34:01;nan;19;Féverole_Botrytis
Ifv00083;../data/Bousset2_data/Images/Féverole/Botrytis/Ifv00083.jpg;Féverole;Botrytis;Féverole_Botrytis;Féverole;BOTRFA;Botrytis fabae;Botrytis;;train;Botrytis;2024:03:01;11:34:33;nan;19;Féverole_Botrytis
Ifv00086;../data/Bousset2_data/Images/Féverole/Botrytis/Ifv00086.jpg;Féverole;Botrytis;Féverole_Botrytis;Féverole;BOTRFA;Botrytis fabae;Botrytis;;train;Botrytis;2024:03:01;11:34:46;nan;19;Féverole_Botrytis
Ifv00097;../data/Bousset2_data/Images/Féverole/Botrytis/Ifv00097.jpg;Féverole;Botrytis;Féverole_Botrytis;Féverole;BOTRFA;Botrytis fabae;Botrytis;;train;Botrytis;2024:03:01;11:35:53;nan;19;Féverole_Botrytis
Ifv00102;../data/Bousset2_data/Images/Féverole/Botrytis/Ifv00102.jpg;Féverole;Botrytis;Féverole_Botrytis;Féverole;BOTRFA;Botrytis fabae;Botrytis;;train;Botrytis;2024:03:01;11:36:17;nan;19;Féverole_Botrytis
Ifv00103;../data/Bousset2_data/Images/Féverole/Botrytis/Ifv00103.jpg;Féverole;Botrytis;Féverole_Botrytis;Féverole;BOTRFA;Botrytis fabae;Botrytis;;train;Botrytis;2024:03:01;11:36:19;nan;19;Féverole_Botrytis
Ifv00104;../data/Bousset2_data/Images/Féverole/Botrytis/Ifv00104.jpg;Féverole;Botrytis;Féverole_Botrytis;Féverole;BOTRFA;Botrytis fabae;Botrytis;;train;Botrytis;2024:03:01;11:36:21;nan;19;Féverole_Botrytis
Ifv00113;../data/Bousset2_data/Images/Féverole/Botrytis/Ifv00113.jpg;Féverole;Botrytis;Féverole_Botrytis;Féverole;BOTRFA;Botrytis fabae;Botrytis;;train;Botrytis;2024:03:01;11:37:03;nan;19;Féverole_Botrytis
Ifv00115;../data/Bousset2_data/Images/Féverole/Botrytis/Ifv00115.jpg;Féverole;Botrytis;Féverole_Botrytis;Féverole;BOTRFA;Botrytis fabae;Botrytis;;train;Botrytis;2024:03:01;11:37:14;nan;19;Féverole_Botrytis
Ifv00121;../data/Bousset2_data/Images/Féverole/Botrytis/Ifv00121.jpg;Féverole;Botrytis;Féverole_Botrytis;Féverole;BOTRFA;Botrytis fabae;Botrytis;;train;Botrytis;2024:03:01;11:37:42;nan;19;Féverole_Botrytis
Ifv00131;../data/Bousset2_data/Images/Féverole/Botrytis/Ifv00131.jpg;Féverole;Botrytis;Féverole_Botrytis;Féverole;BOTRFA;Botrytis fabae;Botrytis;;train;Botrytis;2024:03:01;11:38:43;nan;19;Féverole_Botrytis
Ifv00134;../data/Bousset2_data/Images/Féverole/Botrytis/Ifv00134.jpg;Féverole;Botrytis;Féverole_Botrytis;Féverole;BOTRFA;Botrytis fabae;Botrytis;;train;Botrytis;2024:03:01;10:37:12;nan;19;Féverole_Botrytis
Ifv00135;../data/Bousset2_data/Images/Féverole/Botrytis/Ifv00135.jpg;Féverole;Botrytis;Féverole_Botrytis;Féverole;BOTRFA;Botrytis fabae;Botrytis;;train;Botrytis;2024:03:01;10:37:27;nan;19;Féverole_Botrytis
Ifv00136;../data/Bousset2_data/Images/Féverole/Botrytis/Ifv00136.jpg;Féverole;Botrytis;Féverole_Botrytis;Féverole;BOTRFA;Botrytis fabae;Botrytis;;train;Botrytis;2024:03:01;10:37:32;nan;19;Féverole_Botrytis
Ifv00137;../data/Bousset2_data/Images/Féverole/Botrytis/Ifv00137.jpg;Féverole;Botrytis;Féverole_Botrytis;Féverole;BOTRFA;Botrytis fabae;Botrytis;;train;Botrytis;2024:03:01;10:37:34;nan;19;Féverole_Botrytis
Ifv00138;../data/Bousset2_data/Images/Féverole/Botrytis/Ifv00138.jpg;Féverole;Botrytis;Féverole_Botrytis;Féverole;BOTRFA;Botrytis fabae;Botrytis;;train;Botrytis;2024:03:01;10:39:13;nan;19;Féverole_Botrytis
Ifv00140;../data/Bousset2_data/Images/Féverole/Botrytis/Ifv00140.jpg;Féverole;Botrytis;Féverole_Botrytis;Féverole;BOTRFA;Botrytis fabae;Botrytis;;train;Botrytis;2024:03:01;10:39:33;nan;19;Féverole_Botrytis
Ifv00141;../data/Bousset2_data/Images/Féverole/Botrytis/Ifv00141.jpg;Féverole;Botrytis;Féverole_Botrytis;Féverole;BOTRFA;Botrytis fabae;Botrytis;;train;Botrytis;2024:03:01;10:39:41;nan;19;Féverole_Botrytis
Ifv00142;../data/Bousset2_data/Images/Féverole/Botrytis/Ifv00142.jpg;Féverole;Botrytis;Féverole_Botrytis;Féverole;BOTRFA;Botrytis fabae;Botrytis;;train;Botrytis;2024:03:01;10:39:46;nan;19;Féverole_Botrytis
Ifv00143;../data/Bousset2_data/Images/Féverole/Botrytis/Ifv00143.jpg;Féverole;Botrytis;Féverole_Botrytis;Féverole;BOTRFA;Botrytis fabae;Botrytis;;train;Botrytis;2024:03:01;10:39:48;nan;19;Féverole_Botrytis
Ifv00144;../data/Bousset2_data/Images/Féverole/Botrytis/Ifv00144.jpg;Féverole;Botrytis;Féverole_Botrytis;Féverole;BOTRFA;Botrytis fabae;Botrytis;;train;Botrytis;2024:03:01;10:39:52;nan;19;Féverole_Botrytis
Ifv00145;../data/Bousset2_data/Images/Féverole/Botrytis/Ifv00145.jpg;Féverole;Botrytis;Féverole_Botrytis;Féverole;BOTRFA;Botrytis fabae;Botrytis;;train;Botrytis;2024:03:01;10:39:57;nan;19;Féverole_Botrytis
Ifv00150;../data/Bousset2_data/Images/Féverole/Botrytis/Ifv00150.jpg;Féverole;Botrytis;Féverole_Botrytis;Féverole;BOTRFA;Botrytis fabae;Botrytis;;train;Botrytis;2024:03:01;10:40:19;nan;19;Féverole_Botrytis
Ifv00152;../data/Bousset2_data/Images/Féverole/Botrytis/Ifv00152.jpg;Féverole;Botrytis;Féverole_Botrytis;Féverole;BOTRFA;Botrytis fabae;Botrytis;;train;Botrytis;2024:03:01;10:40:43;nan;19;Féverole_Botrytis
Ifv00153;../data/Bousset2_data/Images/Féverole/Botrytis/Ifv00153.jpg;Féverole;Botrytis;Féverole_Botrytis;Féverole;BOTRFA;Botrytis fabae;Botrytis;;train;Botrytis;2024:03:01;10:40:51;nan;19;Féverole_Botrytis
Ifv00155;../data/Bousset2_data/Images/Féverole/Botrytis/Ifv00155.jpg;Féverole;Botrytis;Féverole_Botrytis;Féverole;BOTRFA;Botrytis fabae;Botrytis;;train;Botrytis;2024:03:01;10:41:09;nan;19;Féverole_Botrytis
Ifv00156;../data/Bousset2_data/Images/Féverole/Botrytis/Ifv00156.jpg;Féverole;Botrytis;Féverole_Botrytis;Féverole;BOTRFA;Botrytis fabae;Botrytis;;train;Botrytis;2024:03:01;10:41:12;nan;19;Féverole_Botrytis
Ifv00159;../data/Bousset2_data/Images/Féverole/Botrytis/Ifv00159.jpg;Féverole;Botrytis;Féverole_Botrytis;Féverole;BOTRFA;Botrytis fabae;Botrytis;;train;Botrytis;2024:03:01;10:41:46;nan;19;Féverole_Botrytis
Ifv00160;../data/Bousset2_data/Images/Féverole/Botrytis/Ifv00160.jpg;Féverole;Botrytis;Féverole_Botrytis;Féverole;BOTRFA;Botrytis fabae;Botrytis;;train;Botrytis;2024:03:01;10:41:47;nan;19;Féverole_Botrytis
Ifv00165;../data/Bousset2_data/Images/Féverole/Botrytis/Ifv00165.jpg;Féverole;Botrytis;Féverole_Botrytis;Féverole;BOTRFA;Botrytis fabae;Botrytis;;train;Botrytis;2024:03:01;10:42:08;nan;19;Féverole_Botrytis
Ifv00168;../data/Bousset2_data/Images/Féverole/Botrytis/Ifv00168.jpg;Féverole;Botrytis;Féverole_Botrytis;Féverole;BOTRFA;Botrytis fabae;Botrytis;;train;Botrytis;2024:03:01;10:42:20;nan;19;Féverole_Botrytis
Ifv00169;../data/Bousset2_data/Images/Féverole/Botrytis/Ifv00169.jpg;Féverole;Botrytis;Féverole_Botrytis;Féverole;BOTRFA;Botrytis fabae;Botrytis;;train;Botrytis;2024:03:01;10:42:25;nan;19;Féverole_Botrytis
Ifv00171;../data/Bousset2_data/Images/Féverole/Botrytis/Ifv00171.jpg;Féverole;Botrytis;Féverole_Botrytis;Féverole;BOTRFA;Botrytis fabae;Botrytis;;train;Botrytis;2024:03:01;10:42:30;nan;19;Féverole_Botrytis
Ifv00172;../data/Bousset2_data/Images/Féverole/Botrytis/Ifv00172.jpg;Féverole;Botrytis;Féverole_Botrytis;Féverole;BOTRFA;Botrytis fabae;Botrytis;;train;Botrytis;2024:03:01;10:42:35;nan;19;Féverole_Botrytis
Ifv00173;../data/Bousset2_data/Images/Féverole/Botrytis/Ifv00173.jpg;Féverole;Botrytis;Féverole_Botrytis;Féverole;BOTRFA;Botrytis fabae;Botrytis;;train;Botrytis;2024:03:01;10:42:39;nan;19;Féverole_Botrytis
Ifv00174;../data/Bousset2_data/Images/Féverole/Botrytis/Ifv00174.jpg;Féverole;Botrytis;Féverole_Botrytis;Féverole;BOTRFA;Botrytis fabae;Botrytis;;train;Botrytis;2024:03:01;10:42:41;nan;19;Féverole_Botrytis
Ifv00175;../data/Bousset2_data/Images/Féverole/Botrytis/Ifv00175.jpg;Féverole;Botrytis;Féverole_Botrytis;Féverole;BOTRFA;Botrytis fabae;Botrytis;;train;Botrytis;2024:03:01;10:42:43;nan;19;Féverole_Botrytis
Ifv00179;../data/Bousset2_data/Images/Féverole/Botrytis/Ifv00179.jpg;Féverole;Botrytis;Féverole_Botrytis;Féverole;BOTRFA;Botrytis fabae;Botrytis;;train;Botrytis;2024:03:01;10:42:55;nan;19;Féverole_Botrytis
Ifv00190;../data/Bousset2_data/Images/Féverole/Botrytis/Ifv00190.jpg;Féverole;Botrytis;Féverole_Botrytis;Féverole;BOTRFA;Botrytis fabae;Botrytis;;train;Botrytis;2024:03:01;10:43:22;nan;19;Féverole_Botrytis
Ifv00196;../data/Bousset2_data/Images/Féverole/Botrytis/Ifv00196.jpg;Féverole;Botrytis;Féverole_Botrytis;Féverole;BOTRFA;Botrytis fabae;Botrytis;;train;Botrytis;2024:03:01;10:44:18;nan;19;Féverole_Botrytis
Ifv00201;../data/Bousset2_data/Images/Féverole/Botrytis/Ifv00201.jpg;Féverole;Botrytis;Féverole_Botrytis;Féverole;BOTRFA;Botrytis fabae;Botrytis;;train;Botrytis;2024:03:01;10:44:52;nan;19;Féverole_Botrytis
Ifv00209;../data/Bousset2_data/Images/Féverole/Botrytis/Ifv00209.jpg;Féverole;Botrytis;Féverole_Botrytis;Féverole;BOTRFA;Botrytis fabae;Botrytis;;train;Botrytis;2024:03:01;10:45:48;nan;19;Féverole_Botrytis
Ifv00210;../data/Bousset2_data/Images/Féverole/Botrytis/Ifv00210.jpg;Féverole;Botrytis;Féverole_Botrytis;Féverole;BOTRFA;Botrytis fabae;Botrytis;;train;Botrytis;2024:03:01;10:45:49;nan;19;Féverole_Botrytis
Ifv00215;../data/Bousset2_data/Images/Féverole/Botrytis/Ifv00215.jpg;Féverole;Botrytis;Féverole_Botrytis;Féverole;BOTRFA;Botrytis fabae;Botrytis;;train;Botrytis;2024:03:01;10:46:25;nan;19;Féverole_Botrytis
Ifv00216;../data/Bousset2_data/Images/Féverole/Botrytis/Ifv00216.jpg;Féverole;Botrytis;Féverole_Botrytis;Féverole;BOTRFA;Botrytis fabae;Botrytis;;train;Botrytis;2024:03:01;10:46:45;nan;19;Féverole_Botrytis
Ifv00217;../data/Bousset2_data/Images/Féverole/Botrytis/Ifv00217.jpg;Féverole;Botrytis;Féverole_Botrytis;Féverole;BOTRFA;Botrytis fabae;Botrytis;;train;Botrytis;2024:03:01;10:47:01;nan;19;Féverole_Botrytis
Ifv00218;../data/Bousset2_data/Images/Féverole/Botrytis/Ifv00218.jpg;Féverole;Botrytis;Féverole_Botrytis;Féverole;BOTRFA;Botrytis fabae;Botrytis;;train;Botrytis;2024:03:01;10:47:06;nan;19;Féverole_Botrytis
Ifv00219;../data/Bousset2_data/Images/Féverole/Botrytis/Ifv00219.jpg;Féverole;Botrytis;Féverole_Botrytis;Féverole;BOTRFA;Botrytis fabae;Botrytis;;train;Botrytis;2024:03:01;10:47:20;nan;19;Féverole_Botrytis
Ifv00220;../data/Bousset2_data/Images/Féverole/Botrytis/Ifv00220.jpg;Féverole;Botrytis;Féverole_Botrytis;Féverole;BOTRFA;Botrytis fabae;Botrytis;;train;Botrytis;2024:03:01;10:47:34;nan;19;Féverole_Botrytis
Ifv00221;../data/Bousset2_data/Images/Féverole/Botrytis/Ifv00221.jpg;Féverole;Botrytis;Féverole_Botrytis;Féverole;BOTRFA;Botrytis fabae;Botrytis;;train;Botrytis;2024:03:01;10:47:48;nan;19;Féverole_Botrytis
Ifv00222;../data/Bousset2_data/Images/Féverole/Botrytis/Ifv00222.jpg;Féverole;Botrytis;Féverole_Botrytis;Féverole;BOTRFA;Botrytis fabae;Botrytis;;train;Botrytis;2024:03:01;10:47:51;nan;19;Féverole_Botrytis
Ifv00224;../data/Bousset2_data/Images/Féverole/Botrytis/Ifv00224.jpg;Féverole;Botrytis;Féverole_Botrytis;Féverole;BOTRFA;Botrytis fabae;Botrytis;;train;Botrytis;2024:03:01;10:48:07;nan;19;Féverole_Botrytis
Ifv00227;../data/Bousset2_data/Images/Féverole/Botrytis/Ifv00227.jpg;Féverole;Botrytis;Féverole_Botrytis;Féverole;BOTRFA;Botrytis fabae;Botrytis;;train;Botrytis;2024:03:01;10:48:15;nan;19;Féverole_Botrytis
Ifv00228;../data/Bousset2_data/Images/Féverole/Botrytis/Ifv00228.jpg;Féverole;Botrytis;Féverole_Botrytis;Féverole;BOTRFA;Botrytis fabae;Botrytis;;train;Botrytis;2024:03:01;10:48:21;nan;19;Féverole_Botrytis
Ifv00233;../data/Bousset2_data/Images/Féverole/Botrytis/Ifv00233.jpg;Féverole;Botrytis;Féverole_Botrytis;Féverole;BOTRFA;Botrytis fabae;Botrytis;;train;Botrytis;2024:03:01;10:49:06;nan;19;Féverole_Botrytis
Ifv00238;../data/Bousset2_data/Images/Féverole/Botrytis/Ifv00238.jpg;Féverole;Botrytis;Féverole_Botrytis;Féverole;BOTRFA;Botrytis fabae;Botrytis;;train;Botrytis;2024:03:01;10:49:45;nan;19;Féverole_Botrytis
Ifv00239;../data/Bousset2_data/Images/Féverole/Botrytis/Ifv00239.jpg;Féverole;Botrytis;Féverole_Botrytis;Féverole;BOTRFA;Botrytis fabae;Botrytis;;train;Botrytis;2024:03:01;10:50:08;nan;19;Féverole_Botrytis
Ifv00240;../data/Bousset2_data/Images/Féverole/Botrytis/Ifv00240.jpg;Féverole;Botrytis;Féverole_Botrytis;Féverole;BOTRFA;Botrytis fabae;Botrytis;;train;Botrytis;2024:03:01;10:50:13;nan;19;Féverole_Botrytis
Ifv00242;../data/Bousset2_data/Images/Féverole/Botrytis/Ifv00242.jpg;Féverole;Botrytis;Féverole_Botrytis;Féverole;BOTRFA;Botrytis fabae;Botrytis;;train;Botrytis;2024:03:01;10:50:33;nan;19;Féverole_Botrytis
Ifv00245;../data/Bousset2_data/Images/Féverole/Botrytis/Ifv00245.jpg;Féverole;Botrytis;Féverole_Botrytis;Féverole;BOTRFA;Botrytis fabae;Botrytis;;train;Botrytis;2024:03:01;10:50:46;nan;19;Féverole_Botrytis
Ifv00255;../data/Bousset2_data/Images/Féverole/Botrytis/Ifv00255.jpg;Féverole;Botrytis;Féverole_Botrytis;Féverole;BOTRFA;Botrytis fabae;Botrytis;;train;Botrytis;2024:03:01;10:51:58;nan;19;Féverole_Botrytis
Ifv00258;../data/Bousset2_data/Images/Féverole/Botrytis/Ifv00258.jpg;Féverole;Botrytis;Féverole_Botrytis;Féverole;BOTRFA;Botrytis fabae;Botrytis;;train;Botrytis;2024:03:01;10:52:16;nan;19;Féverole_Botrytis
Ifv00259;../data/Bousset2_data/Images/Féverole/Botrytis/Ifv00259.jpg;Féverole;Botrytis;Féverole_Botrytis;Féverole;BOTRFA;Botrytis fabae;Botrytis;;train;Botrytis;2024:03:01;10:52:27;nan;19;Féverole_Botrytis
Ifv00260;../data/Bousset2_data/Images/Féverole/Botrytis/Ifv00260.jpg;Féverole;Botrytis;Féverole_Botrytis;Féverole;BOTRFA;Botrytis fabae;Botrytis;;train;Botrytis;2024:03:01;10:52:30;nan;19;Féverole_Botrytis
Ifv00263;../data/Bousset2_data/Images/Féverole/Botrytis/Ifv00263.jpg;Féverole;Botrytis;Féverole_Botrytis;Féverole;BOTRFA;Botrytis fabae;Botrytis;;train;Botrytis;2024:03:01;10:52:52;nan;19;Féverole_Botrytis
Ifv00289;../data/Bousset2_data/Images/Féverole/Botrytis/Ifv00289.jpg;Féverole;Botrytis;Féverole_Botrytis;Féverole;BOTRFA;Botrytis fabae;Botrytis;;train;Botrytis;2024:03:01;10:55:53;nan;19;Féverole_Botrytis
Ifv00290;../data/Bousset2_data/Images/Féverole/Botrytis/Ifv00290.jpg;Féverole;Botrytis;Féverole_Botrytis;Féverole;BOTRFA;Botrytis fabae;Botrytis;;train;Botrytis;2024:03:01;10:55:59;nan;19;Féverole_Botrytis
Ifv00291;../data/Bousset2_data/Images/Féverole/Botrytis/Ifv00291.jpg;Féverole;Botrytis;Féverole_Botrytis;Féverole;BOTRFA;Botrytis fabae;Botrytis;;train;Botrytis;2024:03:01;10:56:02;nan;19;Féverole_Botrytis
Ifv00298;../data/Bousset2_data/Images/Féverole/Botrytis/Ifv00298.jpg;Féverole;Botrytis;Féverole_Botrytis;Féverole;BOTRFA;Botrytis fabae;Botrytis;;train;Botrytis;2024:03:01;10:56:51;nan;19;Féverole_Botrytis
Ifv00299;../data/Bousset2_data/Images/Féverole/Botrytis/Ifv00299.jpg;Féverole;Botrytis;Féverole_Botrytis;Féverole;BOTRFA;Botrytis fabae;Botrytis;;train;Botrytis;2024:03:01;10:56:53;nan;19;Féverole_Botrytis
Ifv00300;../data/Bousset2_data/Images/Féverole/Botrytis/Ifv00300.jpg;Féverole;Botrytis;Féverole_Botrytis;Féverole;BOTRFA;Botrytis fabae;Botrytis;;train;Botrytis;2024:03:01;10:56:56;nan;19;Féverole_Botrytis
Ifv00301;../data/Bousset2_data/Images/Féverole/Botrytis/Ifv00301.jpg;Féverole;Botrytis;Féverole_Botrytis;Féverole;BOTRFA;Botrytis fabae;Botrytis;;train;Botrytis;2024:03:01;10:56:59;nan;19;Féverole_Botrytis
Ifv00302;../data/Bousset2_data/Images/Féverole/Botrytis/Ifv00302.jpg;Féverole;Botrytis;Féverole_Botrytis;Féverole;BOTRFA;Botrytis fabae;Botrytis;;train;Botrytis;2024:03:01;10:57:01;nan;19;Féverole_Botrytis
Ifv00304;../data/Bousset2_data/Images/Féverole/Botrytis/Ifv00304.jpg;Féverole;Botrytis;Féverole_Botrytis;Féverole;BOTRFA;Botrytis fabae;Botrytis;;train;Botrytis;2024:03:01;10:57:12;nan;19;Féverole_Botrytis
Ifv00314;../data/Bousset2_data/Images/Féverole/Botrytis/Ifv00314.jpg;Féverole;Botrytis;Féverole_Botrytis;Féverole;BOTRFA;Botrytis fabae;Botrytis;;train;Botrytis;2024:03:01;10:59:04;nan;19;Féverole_Botrytis
Ifv00331;../data/Bousset2_data/Images/Féverole/Botrytis/Ifv00331.jpg;Féverole;Botrytis;Féverole_Botrytis;Féverole;BOTRFA;Botrytis fabae;Botrytis;;train;Botrytis;2024:03:04;10:49:57;nan;19;Féverole_Botrytis
Ifv00332;../data/Bousset2_data/Images/Féverole/Botrytis/Ifv00332.jpg;Féverole;Botrytis;Féverole_Botrytis;Féverole;BOTRFA;Botrytis fabae;Botrytis;;train;Botrytis;2024:03:04;10:50:18;nan;19;Féverole_Botrytis
Ifv00333;../data/Bousset2_data/Images/Féverole/Botrytis/Ifv00333.jpg;Féverole;Botrytis;Féverole_Botrytis;Féverole;BOTRFA;Botrytis fabae;Botrytis;;train;Botrytis;2024:03:04;10:50:24;nan;19;Féverole_Botrytis
Ifv00334;../data/Bousset2_data/Images/Féverole/Botrytis/Ifv00334.jpg;Féverole;Botrytis;Féverole_Botrytis;Féverole;BOTRFA;Botrytis fabae;Botrytis;;train;Botrytis;2024:03:04;10:50:45;nan;19;Féverole_Botrytis
Ifv00335;../data/Bousset2_data/Images/Féverole/Botrytis/Ifv00335.jpg;Féverole;Botrytis;Féverole_Botrytis;Féverole;BOTRFA;Botrytis fabae;Botrytis;;train;Botrytis;2024:03:04;10:51:03;nan;19;Féverole_Botrytis
Ifv00337;../data/Bousset2_data/Images/Féverole/Botrytis/Ifv00337.jpg;Féverole;Botrytis;Féverole_Botrytis;Féverole;BOTRFA;Botrytis fabae;Botrytis;;train;Botrytis;2024:03:04;10:51:09;nan;19;Féverole_Botrytis
Ifv00338;../data/Bousset2_data/Images/Féverole/Botrytis/Ifv00338.jpg;Féverole;Botrytis;Féverole_Botrytis;Féverole;BOTRFA;Botrytis fabae;Botrytis;;train;Botrytis;2024:03:04;10:51:15;nan;19;Féverole_Botrytis
Ifv00339;../data/Bousset2_data/Images/Féverole/Botrytis/Ifv00339.jpg;Féverole;Botrytis;Féverole_Botrytis;Féverole;BOTRFA;Botrytis fabae;Botrytis;;train;Botrytis;2024:03:04;10:51:55;nan;19;Féverole_Botrytis
Ifv00341;../data/Bousset2_data/Images/Féverole/Botrytis/Ifv00341.jpg;Féverole;Botrytis;Féverole_Botrytis;Féverole;BOTRFA;Botrytis fabae;Botrytis;;train;Botrytis;2024:03:04;10:52:08;nan;19;Féverole_Botrytis
Ifv00351;../data/Bousset2_data/Images/Féverole/Botrytis/Ifv00351.jpg;Féverole;Botrytis;Féverole_Botrytis;Féverole;BOTRFA;Botrytis fabae;Botrytis;;train;Botrytis;2024:03:04;10:54:14;nan;19;Féverole_Botrytis
Ifv00352;../data/Bousset2_data/Images/Féverole/Botrytis/Ifv00352.jpg;Féverole;Botrytis;Féverole_Botrytis;Féverole;BOTRFA;Botrytis fabae;Botrytis;;train;Botrytis;2024:03:04;10:54:20;nan;19;Féverole_Botrytis
Ifv00354;../data/Bousset2_data/Images/Féverole/Botrytis/Ifv00354.jpg;Féverole;Botrytis;Féverole_Botrytis;Féverole;BOTRFA;Botrytis fabae;Botrytis;;train;Botrytis;2024:03:04;10:54:39;nan;19;Féverole_Botrytis
Ifv00365;../data/Bousset2_data/Images/Féverole/Botrytis/Ifv00365.jpg;Féverole;Botrytis;Féverole_Botrytis;Féverole;BOTRFA;Botrytis fabae;Botrytis;;train;Botrytis;2024:03:04;10:56:37;nan;19;Féverole_Botrytis
Ifv00367;../data/Bousset2_data/Images/Féverole/Botrytis/Ifv00367.jpg;Féverole;Botrytis;Féverole_Botrytis;Féverole;BOTRFA;Botrytis fabae;Botrytis;;train;Botrytis;2024:03:04;10:56:52;nan;19;Féverole_Botrytis
Ifv00387;../data/Bousset2_data/Images/Féverole/Botrytis/Ifv00387.jpg;Féverole;Botrytis;Féverole_Botrytis;Féverole;BOTRFA;Botrytis fabae;Botrytis;;train;Botrytis;2024:03:04;11:00:03;nan;19;Féverole_Botrytis
Ifv00391;../data/Bousset2_data/Images/Féverole/Botrytis/Ifv00391.jpg;Féverole;Botrytis;Féverole_Botrytis;Féverole;BOTRFA;Botrytis fabae;Botrytis;;train;Botrytis;2024:03:04;11:00:52;nan;19;Féverole_Botrytis
Ifv00395;../data/Bousset2_data/Images/Féverole/Botrytis/Ifv00395.jpg;Féverole;Botrytis;Féverole_Botrytis;Féverole;BOTRFA;Botrytis fabae;Botrytis;;train;Botrytis;2024:03:04;11:02:54;nan;19;Féverole_Botrytis
Ifv00397;../data/Bousset2_data/Images/Féverole/Botrytis/Ifv00397.jpg;Féverole;Botrytis;Féverole_Botrytis;Féverole;BOTRFA;Botrytis fabae;Botrytis;;train;Botrytis;2024:03:04;11:05:12;nan;19;Féverole_Botrytis
Ifv00400;../data/Bousset2_data/Images/Féverole/Botrytis/Ifv00400.jpg;Féverole;Botrytis;Féverole_Botrytis;Féverole;BOTRFA;Botrytis fabae;Botrytis;;train;Botrytis;2024:03:04;11:06:00;nan;19;Féverole_Botrytis
Ifv00414;../data/Bousset2_data/Images/Féverole/Botrytis/Ifv00414.jpg;Féverole;Botrytis;Féverole_Botrytis;Féverole;BOTRFA;Botrytis fabae;Botrytis;;train;Botrytis;2024:03:08;13:55:45;nan;19;Féverole_Botrytis
Ifv00434;../data/Bousset2_data/Images/Féverole/Botrytis/Ifv00434.jpg;Féverole;Botrytis;Féverole_Botrytis;Féverole;BOTRFA;Botrytis fabae;Botrytis;;train;Botrytis;2024:03:08;14:03:36;nan;19;Féverole_Botrytis
Ifv00472;../data/Bousset2_data/Images/Féverole/Botrytis/Ifv00472.jpg;Féverole;Botrytis;Féverole_Botrytis;Féverole;BOTRFA;Botrytis fabae;Botrytis;;train;Botrytis;2024:03:19;11:30:05;nan;19;Féverole_Botrytis
Ifv00485;../data/Bousset2_data/Images/Féverole/Botrytis/Ifv00485.jpg;Féverole;Botrytis;Féverole_Botrytis;Féverole;BOTRFA;Botrytis fabae;Botrytis;;train;Botrytis;2024:03:19;11:31:54;nan;19;Féverole_Botrytis
Ifv00492;../data/Bousset2_data/Images/Féverole/Botrytis/Ifv00492.jpg;Féverole;Botrytis;Féverole_Botrytis;Féverole;BOTRFA;Botrytis fabae;Botrytis;;train;Botrytis;2024:03:19;11:33:05;nan;19;Féverole_Botrytis
Ifv00495;../data/Bousset2_data/Images/Féverole/Botrytis/Ifv00495.jpg;Féverole;Botrytis;Féverole_Botrytis;Féverole;BOTRFA;Botrytis fabae;Botrytis;;train;Botrytis;2024:03:19;11:33:29;nan;19;Féverole_Botrytis
Ifv00497;../data/Bousset2_data/Images/Féverole/Botrytis/Ifv00497.jpg;Féverole;Botrytis;Féverole_Botrytis;Féverole;BOTRFA;Botrytis fabae;Botrytis;;train;Botrytis;2024:03:19;11:33:35;nan;19;Féverole_Botrytis
Ifv00593;../data/Bousset2_data/Images/Féverole/Botrytis/Ifv00593.jpg;Féverole;Botrytis;Féverole_Botrytis;Féverole;BOTRFA;Botrytis fabae;Botrytis;;train;Botrytis;2024:03:19;11:50:56;nan;19;Féverole_Botrytis
Ifv00805;../data/Bousset2_data/Images/Féverole/Botrytis/Ifv00805.jpg;Féverole;Botrytis;Féverole_Botrytis;Féverole;BOTRFA;Botrytis fabae;Botrytis;;train;Botrytis;2024:03:20;15:13:59;nan;19;Féverole_Botrytis
Ifv00824;../data/Bousset2_data/Images/Féverole/Botrytis/Ifv00824.jpg;Féverole;Botrytis;Féverole_Botrytis;Féverole;BOTRFA;Botrytis fabae;Botrytis;;train;Botrytis;2024:03:20;15:16:32;nan;19;Féverole_Botrytis
Ifv00829;../data/Bousset2_data/Images/Féverole/Botrytis/Ifv00829.jpg;Féverole;Botrytis;Féverole_Botrytis;Féverole;BOTRFA;Botrytis fabae;Botrytis;;train;Botrytis;2024:04:05;11:51:30;nan;19;Féverole_Botrytis
Ifv00845;../data/Bousset2_data/Images/Féverole/Botrytis/Ifv00845.jpg;Féverole;Botrytis;Féverole_Botrytis;Féverole;BOTRFA;Botrytis fabae;Botrytis;;train;Botrytis;2024:04:05;11:52:58;nan;19;Féverole_Botrytis
Ifv00870;../data/Bousset2_data/Images/Féverole/Botrytis/Ifv00870.jpg;Féverole;Botrytis;Féverole_Botrytis;Féverole;BOTRFA;Botrytis fabae;Botrytis;;train;Botrytis;2024:04:05;11:56:02;nan;19;Féverole_Botrytis
Ifv00871;../data/Bousset2_data/Images/Féverole/Botrytis/Ifv00871.jpg;Féverole;Botrytis;Féverole_Botrytis;Féverole;BOTRFA;Botrytis fabae;Botrytis;;train;Botrytis;2024:04:05;11:56:07;nan;19;Féverole_Botrytis
Ifv00881;../data/Bousset2_data/Images/Féverole/Botrytis/Ifv00881.jpg;Féverole;Botrytis;Féverole_Botrytis;Féverole;BOTRFA;Botrytis fabae;Botrytis;;train;Botrytis;2024:04:05;11:58:18;nan;19;Féverole_Botrytis
Ifv00883;../data/Bousset2_data/Images/Féverole/Botrytis/Ifv00883.jpg;Féverole;Botrytis;Féverole_Botrytis;Féverole;BOTRFA;Botrytis fabae;Botrytis;;train;Botrytis;2024:04:05;11:58:28;nan;19;Féverole_Botrytis
Ifv00885;../data/Bousset2_data/Images/Féverole/Botrytis/Ifv00885.jpg;Féverole;Botrytis;Féverole_Botrytis;Féverole;BOTRFA;Botrytis fabae;Botrytis;;train;Botrytis;2024:04:05;11:58:42;nan;19;Féverole_Botrytis
Ifv00894;../data/Bousset2_data/Images/Féverole/Botrytis/Ifv00894.jpg;Féverole;Botrytis;Féverole_Botrytis;Féverole;BOTRFA;Botrytis fabae;Botrytis;;train;Botrytis;2024:04:05;12:00:16;nan;19;Féverole_Botrytis
Ifv00895;../data/Bousset2_data/Images/Féverole/Botrytis/Ifv00895.jpg;Féverole;Botrytis;Féverole_Botrytis;Féverole;BOTRFA;Botrytis fabae;Botrytis;;train;Botrytis;2024:04:05;12:00:20;nan;19;Féverole_Botrytis
Ifv00909;../data/Bousset2_data/Images/Féverole/Botrytis/Ifv00909.jpg;Féverole;Botrytis;Féverole_Botrytis;Féverole;BOTRFA;Botrytis fabae;Botrytis;;train;Botrytis;2024:04:05;12:01:34;nan;19;Féverole_Botrytis
Ifv00910;../data/Bousset2_data/Images/Féverole/Botrytis/Ifv00910.jpg;Féverole;Botrytis;Féverole_Botrytis;Féverole;BOTRFA;Botrytis fabae;Botrytis;;train;Botrytis;2024:04:05;12:01:36;nan;19;Féverole_Botrytis
Ifv00911;../data/Bousset2_data/Images/Féverole/Botrytis/Ifv00911.jpg;Féverole;Botrytis;Féverole_Botrytis;Féverole;BOTRFA;Botrytis fabae;Botrytis;;train;Botrytis;2024:04:05;12:01:39;nan;19;Féverole_Botrytis
Ifv00912;../data/Bousset2_data/Images/Féverole/Botrytis/Ifv00912.jpg;Féverole;Botrytis;Féverole_Botrytis;Féverole;BOTRFA;Botrytis fabae;Botrytis;;train;Botrytis;2024:04:05;12:01:41;nan;19;Féverole_Botrytis
Ifv00932;../data/Bousset2_data/Images/Féverole/Botrytis/Ifv00932.jpg;Féverole;Botrytis;Féverole_Botrytis;Féverole;BOTRFA;Botrytis fabae;Botrytis;;train;Botrytis;2024:04:05;12:03:38;nan;19;Féverole_Botrytis
Ifv00936;../data/Bousset2_data/Images/Féverole/Botrytis/Ifv00936.jpg;Féverole;Botrytis;Féverole_Botrytis;Féverole;BOTRFA;Botrytis fabae;Botrytis;;train;Botrytis;2024:04:05;12:03:52;nan;19;Féverole_Botrytis
Ifv00937;../data/Bousset2_data/Images/Féverole/Botrytis/Ifv00937.jpg;Féverole;Botrytis;Féverole_Botrytis;Féverole;BOTRFA;Botrytis fabae;Botrytis;;train;Botrytis;2024:04:05;12:03:53;nan;19;Féverole_Botrytis
Ifv00938;../data/Bousset2_data/Images/Féverole/Botrytis/Ifv00938.jpg;Féverole;Botrytis;Féverole_Botrytis;Féverole;BOTRFA;Botrytis fabae;Botrytis;;train;Botrytis;2024:04:05;12:04:05;nan;19;Féverole_Botrytis
Ifv00941;../data/Bousset2_data/Images/Féverole/Botrytis/Ifv00941.jpg;Féverole;Botrytis;Féverole_Botrytis;Féverole;BOTRFA;Botrytis fabae;Botrytis;;train;Botrytis;2024:04:05;12:04:22;nan;19;Féverole_Botrytis
Ifv00945;../data/Bousset2_data/Images/Féverole/Botrytis/Ifv00945.jpg;Féverole;Botrytis;Féverole_Botrytis;Féverole;BOTRFA;Botrytis fabae;Botrytis;;train;Botrytis;2024:04:05;12:04:34;nan;19;Féverole_Botrytis
Ifv01047;../data/Bousset2_data/Images/Féverole/Botrytis/Ifv01047.jpg;Féverole;Botrytis;Féverole_Botrytis;Féverole;BOTRFA;Botrytis fabae;Botrytis;;train;Botrytis;2024:04:22;12:10:02;nan;19;Féverole_Botrytis
Ifv01048;../data/Bousset2_data/Images/Féverole/Botrytis/Ifv01048.jpg;Féverole;Botrytis;Féverole_Botrytis;Féverole;BOTRFA;Botrytis fabae;Botrytis;;train;Botrytis;2024:04:22;12:10:08;nan;19;Féverole_Botrytis
Ifv01049;../data/Bousset2_data/Images/Féverole/Botrytis/Ifv01049.jpg;Féverole;Botrytis;Féverole_Botrytis;Féverole;BOTRFA;Botrytis fabae;Botrytis;;train;Botrytis;2024:04:22;12:10:11;nan;19;Féverole_Botrytis
Ifv01055;../data/Bousset2_data/Images/Féverole/Botrytis/Ifv01055.jpg;Féverole;Botrytis;Féverole_Botrytis;Féverole;BOTRFA;Botrytis fabae;Botrytis;;train;Botrytis;2024:04:22;12:11:13;nan;19;Féverole_Botrytis
Ifv01086;../data/Bousset2_data/Images/Féverole/Botrytis/Ifv01086.jpg;Féverole;Botrytis;Féverole_Botrytis;Féverole;BOTRFA;Botrytis fabae;Botrytis;;train;Botrytis;2024:04:22;12:14:58;nan;19;Féverole_Botrytis
Ifv01088;../data/Bousset2_data/Images/Féverole/Botrytis/Ifv01088.jpg;Féverole;Botrytis;Féverole_Botrytis;Féverole;BOTRFA;Botrytis fabae;Botrytis;;train;Botrytis;2024:04:22;12:15:12;nan;19;Féverole_Botrytis
Ifv01089;../data/Bousset2_data/Images/Féverole/Botrytis/Ifv01089.jpg;Féverole;Botrytis;Féverole_Botrytis;Féverole;BOTRFA;Botrytis fabae;Botrytis;;train;Botrytis;2024:04:22;12:15:13;nan;19;Féverole_Botrytis
Ifv01090;../data/Bousset2_data/Images/Féverole/Botrytis/Ifv01090.jpg;Féverole;Botrytis;Féverole_Botrytis;Féverole;BOTRFA;Botrytis fabae;Botrytis;;train;Botrytis;2024:04:22;12:15:17;nan;19;Féverole_Botrytis
Ifv01131;../data/Bousset2_data/Images/Féverole/Botrytis/Ifv01131.jpg;Féverole;Botrytis;Féverole_Botrytis;Féverole;BOTRFA;Botrytis fabae;Botrytis;;train;Botrytis;2024:04:22;12:21:15;nan;19;Féverole_Botrytis
Ifv01132;../data/Bousset2_data/Images/Féverole/Botrytis/Ifv01132.jpg;Féverole;Botrytis;Féverole_Botrytis;Féverole;BOTRFA;Botrytis fabae;Botrytis;;train;Botrytis;2024:04:22;12:21:22;nan;19;Féverole_Botrytis
Ifv01136;../data/Bousset2_data/Images/Féverole/Botrytis/Ifv01136.jpg;Féverole;Botrytis;Féverole_Botrytis;Féverole;BOTRFA;Botrytis fabae;Botrytis;;train;Botrytis;2024:04:22;12:22:04;nan;19;Féverole_Botrytis
Ifv01147;../data/Bousset2_data/Images/Féverole/Botrytis/Ifv01147.jpg;Féverole;Botrytis;Féverole_Botrytis;Féverole;BOTRFA;Botrytis fabae;Botrytis;;train;Botrytis;2024:04:22;12:23:39;nan;19;Féverole_Botrytis
Ifv01157;../data/Bousset2_data/Images/Féverole/Botrytis/Ifv01157.jpg;Féverole;Botrytis;Féverole_Botrytis;Féverole;BOTRFA;Botrytis fabae;Botrytis;;train;Botrytis;2024:04:22;12:24:37;nan;19;Féverole_Botrytis
Ifv01158;../data/Bousset2_data/Images/Féverole/Botrytis/Ifv01158.jpg;Féverole;Botrytis;Féverole_Botrytis;Féverole;BOTRFA;Botrytis fabae;Botrytis;;train;Botrytis;2024:04:22;12:24:43;nan;19;Féverole_Botrytis
Ifv01160;../data/Bousset2_data/Images/Féverole/Botrytis/Ifv01160.jpg;Féverole;Botrytis;Féverole_Botrytis;Féverole;BOTRFA;Botrytis fabae;Botrytis;;train;Botrytis;2024:04:22;12:24:47;nan;19;Féverole_Botrytis
Ifv01173;../data/Bousset2_data/Images/Féverole/Botrytis/Ifv01173.jpg;Féverole;Botrytis;Féverole_Botrytis;Féverole;BOTRFA;Botrytis fabae;Botrytis;;train;Botrytis;2024:04:22;12:26:44;nan;19;Féverole_Botrytis
Ifv01183;../data/Bousset2_data/Images/Féverole/Botrytis/Ifv01183.jpg;Féverole;Botrytis;Féverole_Botrytis;Féverole;BOTRFA;Botrytis fabae;Botrytis;;train;Botrytis;2024:04:22;12:27:59;nan;19;Féverole_Botrytis
Ifv01193;../data/Bousset2_data/Images/Féverole/Botrytis/Ifv01193.jpg;Féverole;Botrytis;Féverole_Botrytis;Féverole;BOTRFA;Botrytis fabae;Botrytis;;train;Botrytis;2024:04:22;12:28:59;nan;19;Féverole_Botrytis
Ifv01208;../data/Bousset2_data/Images/Féverole/Botrytis/Ifv01208.jpg;Féverole;Botrytis;Féverole_Botrytis;Féverole;BOTRFA;Botrytis fabae;Botrytis;;train;Botrytis;2024:04:22;12:30:31;nan;19;Féverole_Botrytis
Ifv01209;../data/Bousset2_data/Images/Féverole/Botrytis/Ifv01209.jpg;Féverole;Botrytis;Féverole_Botrytis;Féverole;BOTRFA;Botrytis fabae;Botrytis;;train;Botrytis;2024:04:22;12:30:35;nan;19;Féverole_Botrytis
Ifv01210;../data/Bousset2_data/Images/Féverole/Botrytis/Ifv01210.jpg;Féverole;Botrytis;Féverole_Botrytis;Féverole;BOTRFA;Botrytis fabae;Botrytis;;train;Botrytis;2024:04:22;12:30:36;nan;19;Féverole_Botrytis
Ifv01211;../data/Bousset2_data/Images/Féverole/Botrytis/Ifv01211.jpg;Féverole;Botrytis;Féverole_Botrytis;Féverole;BOTRFA;Botrytis fabae;Botrytis;;train;Botrytis;2024:04:22;12:30:45;nan;19;Féverole_Botrytis
Ifv01247;../data/Bousset2_data/Images/Féverole/Botrytis/Ifv01247.jpg;Féverole;Botrytis;Féverole_Botrytis;Féverole;BOTRFA;Botrytis fabae;Botrytis;;train;Botrytis;2024:04:22;12:34:42;nan;19;Féverole_Botrytis
Ifv01342;../data/Bousset2_data/Images/Féverole/Botrytis/Ifv01342.jpg;Féverole;Botrytis;Féverole_Botrytis;Féverole;BOTRFA;Botrytis fabae;Botrytis;;train;Botrytis;2024:05:03;12:51:31;nan;19;Féverole_Botrytis
Ifv01344;../data/Bousset2_data/Images/Féverole/Botrytis/Ifv01344.jpg;Féverole;Botrytis;Féverole_Botrytis;Féverole;BOTRFA;Botrytis fabae;Botrytis;;train;Botrytis;2024:05:03;12:52:05;nan;19;Féverole_Botrytis
Ifv01345;../data/Bousset2_data/Images/Féverole/Botrytis/Ifv01345.jpg;Féverole;Botrytis;Féverole_Botrytis;Féverole;BOTRFA;Botrytis fabae;Botrytis;;train;Botrytis;2024:05:03;12:52:08;nan;19;Féverole_Botrytis
Ifv01346;../data/Bousset2_data/Images/Féverole/Botrytis/Ifv01346.jpg;Féverole;Botrytis;Féverole_Botrytis;Féverole;BOTRFA;Botrytis fabae;Botrytis;;train;Botrytis;2024:05:03;12:52:34;nan;19;Féverole_Botrytis
Ifv01376;../data/Bousset2_data/Images/Féverole/Botrytis/Ifv01376.jpg;Féverole;Botrytis;Féverole_Botrytis;Féverole;BOTRFA;Botrytis fabae;Botrytis;;train;Botrytis;2024:05:03;12:56:30;nan;19;Féverole_Botrytis
Ifv01489;../data/Bousset2_data/Images/Féverole/Botrytis/Ifv01489.jpg;Féverole;Botrytis;Féverole_Botrytis;Féverole;BOTRFA;Botrytis fabae;Botrytis;;train;Botrytis;2024:05:03;13:06:52;nan;19;Féverole_Botrytis
Ifv01944;../data/Bousset2_data/Images/Féverole/Botrytis/Ifv01944.jpg;Féverole;Botrytis;Féverole_Botrytis;Féverole;BOTRFA;Botrytis fabae;Botrytis;;train;Botrytis;2024:06:27;12:33:52;nan;19;Féverole_Botrytis
Ifv01982;../data/Bousset2_data/Images/Féverole/Botrytis/Ifv01982.jpg;Féverole;Botrytis;Féverole_Botrytis;Féverole;BOTRFA;Botrytis fabae;Botrytis;;train;Botrytis;2024:06:27;12:38:27;nan;19;Féverole_Botrytis
Ifv01992;../data/Bousset2_data/Images/Féverole/Botrytis/Ifv01992.jpg;Féverole;Botrytis;Féverole_Botrytis;Féverole;BOTRFA;Botrytis fabae;Botrytis;;train;Botrytis;2024:06:27;12:40:20;nan;19;Féverole_Botrytis
Ifv01993;../data/Bousset2_data/Images/Féverole/Botrytis/Ifv01993.jpg;Féverole;Botrytis;Féverole_Botrytis;Féverole;BOTRFA;Botrytis fabae;Botrytis;;train;Botrytis;2024:06:27;12:40:25;nan;19;Féverole_Botrytis
Ifv01999;../data/Bousset2_data/Images/Féverole/Botrytis/Ifv01999.jpg;Féverole;Botrytis;Féverole_Botrytis;Féverole;BOTRFA;Botrytis fabae;Botrytis;;train;Botrytis;2024:06:27;12:42:05;nan;19;Féverole_Botrytis
Ifv02005;../data/Bousset2_data/Images/Féverole/Botrytis/Ifv02005.jpg;Féverole;Botrytis;Féverole_Botrytis;Féverole;BOTRFA;Botrytis fabae;Botrytis;;train;Botrytis;2024:06:27;12:43:15;nan;19;Féverole_Botrytis
Ifv02006;../data/Bousset2_data/Images/Féverole/Botrytis/Ifv02006.jpg;Féverole;Botrytis;Féverole_Botrytis;Féverole;BOTRFA;Botrytis fabae;Botrytis;;train;Botrytis;2024:06:27;12:43:18;nan;19;Féverole_Botrytis
Ifv02018;../data/Bousset2_data/Images/Féverole/Botrytis/Ifv02018.jpg;Féverole;Botrytis;Féverole_Botrytis;Féverole;BOTRFA;Botrytis fabae;Botrytis;;train;Botrytis;2024:06:27;12:44:52;nan;19;Féverole_Botrytis
Ifv02019;../data/Bousset2_data/Images/Féverole/Botrytis/Ifv02019.jpg;Féverole;Botrytis;Féverole_Botrytis;Féverole;BOTRFA;Botrytis fabae;Botrytis;;train;Botrytis;2024:06:27;12:44:54;nan;19;Féverole_Botrytis
Ifv02046;../data/Bousset2_data/Images/Féverole/Botrytis/Ifv02046.jpg;Féverole;Botrytis;Féverole_Botrytis;Féverole;BOTRFA;Botrytis fabae;Botrytis;;train;Botrytis;2024:06:27;12:48:48;nan;19;Féverole_Botrytis
Ifv02074;../data/Bousset2_data/Images/Féverole/Botrytis/Ifv02074.jpg;Féverole;Botrytis;Féverole_Botrytis;Féverole;BOTRFA;Botrytis fabae;Botrytis;;train;Botrytis;2024:07:01;12:26:27;nan;19;Féverole_Botrytis
Ifv00019;../data/Bousset2_data/Images/Féverole/Cercosporiose/Ifv00019.jpg;Féverole;Cercosporiose;Féverole_Cercosporiose;Féverole;CERCOZO;Cercospora zonata;Cercosporiose;;train;Cercosporiose;2024:02:14;11:39:23;nan;10;Féverole_Cercosporiose
Ifv00032;../data/Bousset2_data/Images/Féverole/Cercosporiose/Ifv00032.jpg;Féverole;Cercosporiose;Féverole_Cercosporiose;Féverole;CERCOZO;Cercospora zonata;Cercosporiose;;train;Cercosporiose;2024:02:14;11:40:42;nan;10;Féverole_Cercosporiose
Ifv00039;../data/Bousset2_data/Images/Féverole/Cercosporiose/Ifv00039.jpg;Féverole;Cercosporiose;Féverole_Cercosporiose;Féverole;CERCOZO;Cercospora zonata;Cercosporiose;;train;Cercosporiose;2024:02:14;11:41:19;nan;10;Féverole_Cercosporiose
Ifv00040;../data/Bousset2_data/Images/Féverole/Cercosporiose/Ifv00040.jpg;Féverole;Cercosporiose;Féverole_Cercosporiose;Féverole;CERCOZO;Cercospora zonata;Cercosporiose;;train;Cercosporiose;2024:02:14;11:41:25;nan;10;Féverole_Cercosporiose
Ifv00044;../data/Bousset2_data/Images/Féverole/Cercosporiose/Ifv00044.jpg;Féverole;Cercosporiose;Féverole_Cercosporiose;Féverole;CERCOZO;Cercospora zonata;Cercosporiose;;train;Cercosporiose;2024:02:14;11:42:03;nan;10;Féverole_Cercosporiose
Ifv00057;../data/Bousset2_data/Images/Féverole/Cercosporiose/Ifv00057.jpg;Féverole;Cercosporiose;Féverole_Cercosporiose;Féverole;CERCOZO;Cercospora zonata;Cercosporiose;;train;Cercosporiose;2024:02:14;11:43:31;nan;10;Féverole_Cercosporiose
Ifv00058;../data/Bousset2_data/Images/Féverole/Cercosporiose/Ifv00058.jpg;Féverole;Cercosporiose;Féverole_Cercosporiose;Féverole;CERCOZO;Cercospora zonata;Cercosporiose;;train;Cercosporiose;2024:02:14;11:43:39;nan;10;Féverole_Cercosporiose
Ifv00064;../data/Bousset2_data/Images/Féverole/Cercosporiose/Ifv00064.jpg;Féverole;Cercosporiose;Féverole_Cercosporiose;Féverole;CERCOZO;Cercospora zonata;Cercosporiose;;train;Cercosporiose;2024:03:01;11:32:50;nan;10;Féverole_Cercosporiose
Ifv00147;../data/Bousset2_data/Images/Féverole/Cercosporiose/Ifv00147.jpg;Féverole;Cercosporiose;Féverole_Cercosporiose;Féverole;CERCOZO;Cercospora zonata;Cercosporiose;;train;Cercosporiose;2024:03:01;10:40:06;nan;10;Féverole_Cercosporiose
Ifv00149;../data/Bousset2_data/Images/Féverole/Cercosporiose/Ifv00149.jpg;Féverole;Cercosporiose;Féverole_Cercosporiose;Féverole;CERCOZO;Cercospora zonata;Cercosporiose;;train;Cercosporiose;2024:03:01;10:40:16;nan;10;Féverole_Cercosporiose
Ifv00189;../data/Bousset2_data/Images/Féverole/Cercosporiose/Ifv00189.jpg;Féverole;Cercosporiose;Féverole_Cercosporiose;Féverole;CERCOZO;Cercospora zonata;Cercosporiose;;train;Cercosporiose;2024:03:01;10:43:20;nan;10;Féverole_Cercosporiose
Ifv00191;../data/Bousset2_data/Images/Féverole/Cercosporiose/Ifv00191.jpg;Féverole;Cercosporiose;Féverole_Cercosporiose;Féverole;CERCOZO;Cercospora zonata;Cercosporiose;;train;Cercosporiose;2024:03:01;10:43:28;nan;10;Féverole_Cercosporiose
Ifv00211;../data/Bousset2_data/Images/Féverole/Cercosporiose/Ifv00211.jpg;Féverole;Cercosporiose;Féverole_Cercosporiose;Féverole;CERCOZO;Cercospora zonata;Cercosporiose;;train;Cercosporiose;2024:03:01;10:45:57;nan;10;Féverole_Cercosporiose
Ifv00244;../data/Bousset2_data/Images/Féverole/Cercosporiose/Ifv00244.jpg;Féverole;Cercosporiose;Féverole_Cercosporiose;Féverole;CERCOZO;Cercospora zonata;Cercosporiose;;train;Cercosporiose;2024:03:01;10:50:44;nan;10;Féverole_Cercosporiose
Ifv00269;../data/Bousset2_data/Images/Féverole/Cercosporiose/Ifv00269.jpg;Féverole;Cercosporiose;Féverole_Cercosporiose;Féverole;CERCOZO;Cercospora zonata;Cercosporiose;;train;Cercosporiose;2024:03:01;10:53:41;nan;10;Féverole_Cercosporiose
Ifv00349;../data/Bousset2_data/Images/Féverole/Cercosporiose/Ifv00349.jpg;Féverole;Cercosporiose;Féverole_Cercosporiose;Féverole;CERCOZO;Cercospora zonata;Cercosporiose;;train;Cercosporiose;2024:03:04;10:53:38;nan;10;Féverole_Cercosporiose
Ifv00355;../data/Bousset2_data/Images/Féverole/Cercosporiose/Ifv00355.jpg;Féverole;Cercosporiose;Féverole_Cercosporiose;Féverole;CERCOZO;Cercospora zonata;Cercosporiose;;train;Cercosporiose;2024:03:04;10:55:15;nan;10;Féverole_Cercosporiose
Ifv00374;../data/Bousset2_data/Images/Féverole/Cercosporiose/Ifv00374.jpg;Féverole;Cercosporiose;Féverole_Cercosporiose;Féverole;CERCOZO;Cercospora zonata;Cercosporiose;;train;Cercosporiose;2024:03:04;10:57:27;nan;10;Féverole_Cercosporiose
Ifv00413;../data/Bousset2_data/Images/Féverole/Cercosporiose/Ifv00413.jpg;Féverole;Cercosporiose;Féverole_Cercosporiose;Féverole;CERCOZO;Cercospora zonata;Cercosporiose;;train;Cercosporiose;2024:03:08;13:55:33;nan;10;Féverole_Cercosporiose
Ifv00416;../data/Bousset2_data/Images/Féverole/Cercosporiose/Ifv00416.jpg;Féverole;Cercosporiose;Féverole_Cercosporiose;Féverole;CERCOZO;Cercospora zonata;Cercosporiose;;train;Cercosporiose;2024:03:08;13:55:56;nan;10;Féverole_Cercosporiose
Ifv00428;../data/Bousset2_data/Images/Féverole/Cercosporiose/Ifv00428.jpg;Féverole;Cercosporiose;Féverole_Cercosporiose;Féverole;CERCOZO;Cercospora zonata;Cercosporiose;;train;Cercosporiose;2024:03:08;13:58:27;nan;10;Féverole_Cercosporiose
Ifv00429;../data/Bousset2_data/Images/Féverole/Cercosporiose/Ifv00429.jpg;Féverole;Cercosporiose;Féverole_Cercosporiose;Féverole;CERCOZO;Cercospora zonata;Cercosporiose;;train;Cercosporiose;2024:03:08;13:58:43;nan;10;Féverole_Cercosporiose
Ifv00445;../data/Bousset2_data/Images/Féverole/Cercosporiose/Ifv00445.jpg;Féverole;Cercosporiose;Féverole_Cercosporiose;Féverole;CERCOZO;Cercospora zonata;Cercosporiose;;train;Cercosporiose;2024:03:19;13:46:29;nan;10;Féverole_Cercosporiose
Ifv00446;../data/Bousset2_data/Images/Féverole/Cercosporiose/Ifv00446.jpg;Féverole;Cercosporiose;Féverole_Cercosporiose;Féverole;CERCOZO;Cercospora zonata;Cercosporiose;;train;Cercosporiose;2024:03:19;13:46:33;nan;10;Féverole_Cercosporiose
Ifv00466;../data/Bousset2_data/Images/Féverole/Cercosporiose/Ifv00466.jpg;Féverole;Cercosporiose;Féverole_Cercosporiose;Féverole;CERCOZO;Cercospora zonata;Cercosporiose;;train;Cercosporiose;2024:03:19;13:49:33;nan;10;Féverole_Cercosporiose
Ifv00468;../data/Bousset2_data/Images/Féverole/Cercosporiose/Ifv00468.jpg;Féverole;Cercosporiose;Féverole_Cercosporiose;Féverole;CERCOZO;Cercospora zonata;Cercosporiose;;train;Cercosporiose;2024:03:19;13:49:43;nan;10;Féverole_Cercosporiose
Ifv00469;../data/Bousset2_data/Images/Féverole/Cercosporiose/Ifv00469.jpg;Féverole;Cercosporiose;Féverole_Cercosporiose;Féverole;CERCOZO;Cercospora zonata;Cercosporiose;;train;Cercosporiose;2024:03:19;11:29:44;nan;10;Féverole_Cercosporiose
Ifv00471;../data/Bousset2_data/Images/Féverole/Cercosporiose/Ifv00471.jpg;Féverole;Cercosporiose;Féverole_Cercosporiose;Féverole;CERCOZO;Cercospora zonata;Cercosporiose;;train;Cercosporiose;2024:03:19;11:30:02;nan;10;Féverole_Cercosporiose
Ifv00491;../data/Bousset2_data/Images/Féverole/Cercosporiose/Ifv00491.jpg;Féverole;Cercosporiose;Féverole_Cercosporiose;Féverole;CERCOZO;Cercospora zonata;Cercosporiose;;train;Cercosporiose;2024:03:19;11:32:56;nan;10;Féverole_Cercosporiose
Ifv00500;../data/Bousset2_data/Images/Féverole/Cercosporiose/Ifv00500.jpg;Féverole;Cercosporiose;Féverole_Cercosporiose;Féverole;CERCOZO;Cercospora zonata;Cercosporiose;;train;Cercosporiose;2024:03:19;11:34:13;nan;10;Féverole_Cercosporiose
Ifv00505;../data/Bousset2_data/Images/Féverole/Cercosporiose/Ifv00505.jpg;Féverole;Cercosporiose;Féverole_Cercosporiose;Féverole;CERCOZO;Cercospora zonata;Cercosporiose;;train;Cercosporiose;2024:03:19;11:35:19;nan;10;Féverole_Cercosporiose
Ifv00541;../data/Bousset2_data/Images/Féverole/Cercosporiose/Ifv00541.jpg;Féverole;Cercosporiose;Féverole_Cercosporiose;Féverole;CERCOZO;Cercospora zonata;Cercosporiose;;train;Cercosporiose;2024:03:19;11:38:57;nan;10;Féverole_Cercosporiose
Ifv00542;../data/Bousset2_data/Images/Féverole/Cercosporiose/Ifv00542.jpg;Féverole;Cercosporiose;Féverole_Cercosporiose;Féverole;CERCOZO;Cercospora zonata;Cercosporiose;;train;Cercosporiose;2024:03:19;11:39:00;nan;10;Féverole_Cercosporiose
Ifv00546;../data/Bousset2_data/Images/Féverole/Cercosporiose/Ifv00546.jpg;Féverole;Cercosporiose;Féverole_Cercosporiose;Féverole;CERCOZO;Cercospora zonata;Cercosporiose;;train;Cercosporiose;2024:03:19;11:39:25;nan;10;Féverole_Cercosporiose
Ifv00548;../data/Bousset2_data/Images/Féverole/Cercosporiose/Ifv00548.jpg;Féverole;Cercosporiose;Féverole_Cercosporiose;Féverole;CERCOZO;Cercospora zonata;Cercosporiose;;train;Cercosporiose;2024:03:19;11:39:31;nan;10;Féverole_Cercosporiose
Ifv00549;../data/Bousset2_data/Images/Féverole/Cercosporiose/Ifv00549.jpg;Féverole;Cercosporiose;Féverole_Cercosporiose;Féverole;CERCOZO;Cercospora zonata;Cercosporiose;;train;Cercosporiose;2024:03:19;11:39:56;nan;10;Féverole_Cercosporiose
Ifv00550;../data/Bousset2_data/Images/Féverole/Cercosporiose/Ifv00550.jpg;Féverole;Cercosporiose;Féverole_Cercosporiose;Féverole;CERCOZO;Cercospora zonata;Cercosporiose;;train;Cercosporiose;2024:03:19;11:40:26;nan;10;Féverole_Cercosporiose
Ifv00556;../data/Bousset2_data/Images/Féverole/Cercosporiose/Ifv00556.jpg;Féverole;Cercosporiose;Féverole_Cercosporiose;Féverole;CERCOZO;Cercospora zonata;Cercosporiose;;train;Cercosporiose;2024:03:19;11:40:55;nan;10;Féverole_Cercosporiose
Ifv00558;../data/Bousset2_data/Images/Féverole/Cercosporiose/Ifv00558.jpg;Féverole;Cercosporiose;Féverole_Cercosporiose;Féverole;CERCOZO;Cercospora zonata;Cercosporiose;;train;Cercosporiose;2024:03:19;11:41:30;nan;10;Féverole_Cercosporiose
Ifv00559;../data/Bousset2_data/Images/Féverole/Cercosporiose/Ifv00559.jpg;Féverole;Cercosporiose;Féverole_Cercosporiose;Féverole;CERCOZO;Cercospora zonata;Cercosporiose;;train;Cercosporiose;2024:03:19;11:41:40;nan;10;Féverole_Cercosporiose
Ifv00561;../data/Bousset2_data/Images/Féverole/Cercosporiose/Ifv00561.jpg;Féverole;Cercosporiose;Féverole_Cercosporiose;Féverole;CERCOZO;Cercospora zonata;Cercosporiose;;train;Cercosporiose;2024:03:19;11:41:52;nan;10;Féverole_Cercosporiose
Ifv00564;../data/Bousset2_data/Images/Féverole/Cercosporiose/Ifv00564.jpg;Féverole;Cercosporiose;Féverole_Cercosporiose;Féverole;CERCOZO;Cercospora zonata;Cercosporiose;;train;Cercosporiose;2024:03:19;11:42:43;nan;10;Féverole_Cercosporiose
Ifv00588;../data/Bousset2_data/Images/Féverole/Cercosporiose/Ifv00588.jpg;Féverole;Cercosporiose;Féverole_Cercosporiose;Féverole;CERCOZO;Cercospora zonata;Cercosporiose;;train;Cercosporiose;2024:03:19;11:49:39;nan;10;Féverole_Cercosporiose
Ifv00596;../data/Bousset2_data/Images/Féverole/Cercosporiose/Ifv00596.jpg;Féverole;Cercosporiose;Féverole_Cercosporiose;Féverole;CERCOZO;Cercospora zonata;Cercosporiose;;train;Cercosporiose;2024:03:19;11:51:30;nan;10;Féverole_Cercosporiose
Ifv00598;../data/Bousset2_data/Images/Féverole/Cercosporiose/Ifv00598.jpg;Féverole;Cercosporiose;Féverole_Cercosporiose;Féverole;CERCOZO;Cercospora zonata;Cercosporiose;;train;Cercosporiose;2024:03:19;11:51:44;nan;10;Féverole_Cercosporiose
Ifv00599;../data/Bousset2_data/Images/Féverole/Cercosporiose/Ifv00599.jpg;Féverole;Cercosporiose;Féverole_Cercosporiose;Féverole;CERCOZO;Cercospora zonata;Cercosporiose;;train;Cercosporiose;2024:03:19;11:51:47;nan;10;Féverole_Cercosporiose
Ifv00626;../data/Bousset2_data/Images/Féverole/Cercosporiose/Ifv00626.jpg;Féverole;Cercosporiose;Féverole_Cercosporiose;Féverole;CERCOZO;Cercospora zonata;Cercosporiose;;train;Cercosporiose;2024:03:19;11:53:58;nan;10;Féverole_Cercosporiose
Ifv00628;../data/Bousset2_data/Images/Féverole/Cercosporiose/Ifv00628.jpg;Féverole;Cercosporiose;Féverole_Cercosporiose;Féverole;CERCOZO;Cercospora zonata;Cercosporiose;;train;Cercosporiose;2024:03:19;11:54:03;nan;10;Féverole_Cercosporiose
Ifv00663;../data/Bousset2_data/Images/Féverole/Cercosporiose/Ifv00663.jpg;Féverole;Cercosporiose;Féverole_Cercosporiose;Féverole;CERCOZO;Cercospora zonata;Cercosporiose;;train;Cercosporiose;2024:03:19;11:57:11;nan;10;Féverole_Cercosporiose
Ifv00686;../data/Bousset2_data/Images/Féverole/Cercosporiose/Ifv00686.jpg;Féverole;Cercosporiose;Féverole_Cercosporiose;Féverole;CERCOZO;Cercospora zonata;Cercosporiose;;train;Cercosporiose;2024:03:19;12:04:03;nan;10;Féverole_Cercosporiose
Ifv00687;../data/Bousset2_data/Images/Féverole/Cercosporiose/Ifv00687.jpg;Féverole;Cercosporiose;Féverole_Cercosporiose;Féverole;CERCOZO;Cercospora zonata;Cercosporiose;;train;Cercosporiose;2024:03:19;12:04:37;nan;10;Féverole_Cercosporiose
Ifv00689;../data/Bousset2_data/Images/Féverole/Cercosporiose/Ifv00689.jpg;Féverole;Cercosporiose;Féverole_Cercosporiose;Féverole;CERCOZO;Cercospora zonata;Cercosporiose;;train;Cercosporiose;2024:03:19;12:05:06;nan;10;Féverole_Cercosporiose
Ifv00705;../data/Bousset2_data/Images/Féverole/Cercosporiose/Ifv00705.jpg;Féverole;Cercosporiose;Féverole_Cercosporiose;Féverole;CERCOZO;Cercospora zonata;Cercosporiose;;train;Cercosporiose;2024:03:19;12:07:49;nan;10;Féverole_Cercosporiose
Ifv00773;../data/Bousset2_data/Images/Féverole/Cercosporiose/Ifv00773.jpg;Féverole;Cercosporiose;Féverole_Cercosporiose;Féverole;CERCOZO;Cercospora zonata;Cercosporiose;;train;Cercosporiose;2024:03:20;15:10:42;nan;10;Féverole_Cercosporiose
Ifv00786;../data/Bousset2_data/Images/Féverole/Cercosporiose/Ifv00786.jpg;Féverole;Cercosporiose;Féverole_Cercosporiose;Féverole;CERCOZO;Cercospora zonata;Cercosporiose;;train;Cercosporiose;2024:03:20;15:12:12;nan;10;Féverole_Cercosporiose
Ifv00787;../data/Bousset2_data/Images/Féverole/Cercosporiose/Ifv00787.jpg;Féverole;Cercosporiose;Féverole_Cercosporiose;Féverole;CERCOZO;Cercospora zonata;Cercosporiose;;train;Cercosporiose;2024:03:20;15:12:21;nan;10;Féverole_Cercosporiose
Ifv00804;../data/Bousset2_data/Images/Féverole/Cercosporiose/Ifv00804.jpg;Féverole;Cercosporiose;Féverole_Cercosporiose;Féverole;CERCOZO;Cercospora zonata;Cercosporiose;;train;Cercosporiose;2024:03:20;15:13:58;nan;10;Féverole_Cercosporiose
Ifv00814;../data/Bousset2_data/Images/Féverole/Cercosporiose/Ifv00814.jpg;Féverole;Cercosporiose;Féverole_Cercosporiose;Féverole;CERCOZO;Cercospora zonata;Cercosporiose;;train;Cercosporiose;2024:03:20;15:15:03;nan;10;Féverole_Cercosporiose
Ifv00821;../data/Bousset2_data/Images/Féverole/Cercosporiose/Ifv00821.jpg;Féverole;Cercosporiose;Féverole_Cercosporiose;Féverole;CERCOZO;Cercospora zonata;Cercosporiose;;train;Cercosporiose;2024:03:20;15:16:17;nan;10;Féverole_Cercosporiose
Ifv00850;../data/Bousset2_data/Images/Féverole/Cercosporiose/Ifv00850.jpg;Féverole;Cercosporiose;Féverole_Cercosporiose;Féverole;CERCOZO;Cercospora zonata;Cercosporiose;;train;Cercosporiose;2024:04:05;11:53:22;nan;10;Féverole_Cercosporiose
Ifv00857;../data/Bousset2_data/Images/Féverole/Cercosporiose/Ifv00857.jpg;Féverole;Cercosporiose;Féverole_Cercosporiose;Féverole;CERCOZO;Cercospora zonata;Cercosporiose;;train;Cercosporiose;2024:04:05;11:54:16;nan;10;Féverole_Cercosporiose
Ifv00903;../data/Bousset2_data/Images/Féverole/Cercosporiose/Ifv00903.jpg;Féverole;Cercosporiose;Féverole_Cercosporiose;Féverole;CERCOZO;Cercospora zonata;Cercosporiose;;train;Cercosporiose;2024:04:05;12:01:02;nan;10;Féverole_Cercosporiose
Ifv00946;../data/Bousset2_data/Images/Féverole/Cercosporiose/Ifv00946.jpg;Féverole;Cercosporiose;Féverole_Cercosporiose;Féverole;CERCOZO;Cercospora zonata;Cercosporiose;;train;Cercosporiose;2024:04:05;12:04:51;nan;10;Féverole_Cercosporiose
Ifv01058;../data/Bousset2_data/Images/Féverole/Cercosporiose/Ifv01058.jpg;Féverole;Cercosporiose;Féverole_Cercosporiose;Féverole;CERCOZO;Cercospora zonata;Cercosporiose;;train;Cercosporiose;2024:04:22;12:11:45;nan;10;Féverole_Cercosporiose
Ifv01097;../data/Bousset2_data/Images/Féverole/Cercosporiose/Ifv01097.jpg;Féverole;Cercosporiose;Féverole_Cercosporiose;Féverole;CERCOZO;Cercospora zonata;Cercosporiose;;train;Cercosporiose;2024:04:22;12:17:42;nan;10;Féverole_Cercosporiose
Ifv01111;../data/Bousset2_data/Images/Féverole/Cercosporiose/Ifv01111.jpg;Féverole;Cercosporiose;Féverole_Cercosporiose;Féverole;CERCOZO;Cercospora zonata;Cercosporiose;;train;Cercosporiose;2024:04:22;12:19:06;nan;10;Féverole_Cercosporiose
Ifv01123;../data/Bousset2_data/Images/Féverole/Cercosporiose/Ifv01123.jpg;Féverole;Cercosporiose;Féverole_Cercosporiose;Féverole;CERCOZO;Cercospora zonata;Cercosporiose;;train;Cercosporiose;2024:04:22;12:20:13;nan;10;Féverole_Cercosporiose
Ifv01200;../data/Bousset2_data/Images/Féverole/Cercosporiose/Ifv01200.jpg;Féverole;Cercosporiose;Féverole_Cercosporiose;Féverole;CERCOZO;Cercospora zonata;Cercosporiose;;train;Cercosporiose;2024:04:22;12:29:51;nan;10;Féverole_Cercosporiose
Ifv01225;../data/Bousset2_data/Images/Féverole/Cercosporiose/Ifv01225.jpg;Féverole;Cercosporiose;Féverole_Cercosporiose;Féverole;CERCOZO;Cercospora zonata;Cercosporiose;;train;Cercosporiose;2024:04:22;12:31:45;nan;10;Féverole_Cercosporiose
Ifv01986;../data/Bousset2_data/Images/Féverole/Cercosporiose/Ifv01986.jpg;Féverole;Cercosporiose;Féverole_Cercosporiose;Féverole;CERCOZO;Cercospora zonata;Cercosporiose;;train;Cercosporiose;2024:06:27;12:38:49;nan;10;Féverole_Cercosporiose
Ifv01987;../data/Bousset2_data/Images/Féverole/Cercosporiose/Ifv01987.jpg;Féverole;Cercosporiose;Féverole_Cercosporiose;Féverole;CERCOZO;Cercospora zonata;Cercosporiose;;train;Cercosporiose;2024:06:27;12:38:54;nan;10;Féverole_Cercosporiose
Ifv01988;../data/Bousset2_data/Images/Féverole/Cercosporiose/Ifv01988.jpg;Féverole;Cercosporiose;Féverole_Cercosporiose;Féverole;CERCOZO;Cercospora zonata;Cercosporiose;;train;Cercosporiose;2024:06:27;12:39:00;nan;10;Féverole_Cercosporiose
Ifv01989;../data/Bousset2_data/Images/Féverole/Cercosporiose/Ifv01989.jpg;Féverole;Cercosporiose;Féverole_Cercosporiose;Féverole;CERCOZO;Cercospora zonata;Cercosporiose;;train;Cercosporiose;2024:06:27;12:39:02;nan;10;Féverole_Cercosporiose
Ifv01990;../data/Bousset2_data/Images/Féverole/Cercosporiose/Ifv01990.jpg;Féverole;Cercosporiose;Féverole_Cercosporiose;Féverole;CERCOZO;Cercospora zonata;Cercosporiose;;train;Cercosporiose;2024:06:27;12:39:11;nan;10;Féverole_Cercosporiose
Ifv01991;../data/Bousset2_data/Images/Féverole/Cercosporiose/Ifv01991.jpg;Féverole;Cercosporiose;Féverole_Cercosporiose;Féverole;CERCOZO;Cercospora zonata;Cercosporiose;;train;Cercosporiose;2024:06:27;12:39:18;nan;10;Féverole_Cercosporiose
Ifv01994;../data/Bousset2_data/Images/Féverole/Cercosporiose/Ifv01994.jpg;Féverole;Cercosporiose;Féverole_Cercosporiose;Féverole;CERCOZO;Cercospora zonata;Cercosporiose;;train;Cercosporiose;2024:06:27;12:40:35;nan;10;Féverole_Cercosporiose
Ifv02068;../data/VAULT/Bousset2_data/Images/Féverole/Cercosporiose/Ifv02068.jpg;Féverole;Cercosporiose;Féverole_Cercosporiose;Féverole;CERCOZO;Cercospora zonata;Cercosporiose;;vault;Cercosporiose;2024:07:01;12:25:21;nan;10;Féverole_Cercosporiose
Ifv02069;../data/VAULT/Bousset2_data/Images/Féverole/Cercosporiose/Ifv02069.jpg;Féverole;Cercosporiose;Féverole_Cercosporiose;Féverole;CERCOZO;Cercospora zonata;Cercosporiose;;vault;Cercosporiose;2024:07:01;12:25:26;nan;10;Féverole_Cercosporiose
Ifv02070;../data/VAULT/Bousset2_data/Images/Féverole/Cercosporiose/Ifv02070.jpg;Féverole;Cercosporiose;Féverole_Cercosporiose;Féverole;CERCOZO;Cercospora zonata;Cercosporiose;;vault;Cercosporiose;2024:07:01;12:25:30;nan;10;Féverole_Cercosporiose
Ifv02083;../data/VAULT/Bousset2_data/Images/Féverole/Cercosporiose/Ifv02083.jpg;Féverole;Cercosporiose;Féverole_Cercosporiose;Féverole;CERCOZO;Cercospora zonata;Cercosporiose;;vault;Cercosporiose;2024:07:01;12:28:24;nan;10;Féverole_Cercosporiose
Ifv02084;../data/VAULT/Bousset2_data/Images/Féverole/Cercosporiose/Ifv02084.jpg;Féverole;Cercosporiose;Féverole_Cercosporiose;Féverole;CERCOZO;Cercospora zonata;Cercosporiose;;vault;Cercosporiose;2024:07:01;12:28:33;nan;10;Féverole_Cercosporiose
Ifv02085;../data/VAULT/Bousset2_data/Images/Féverole/Cercosporiose/Ifv02085.jpg;Féverole;Cercosporiose;Féverole_Cercosporiose;Féverole;CERCOZO;Cercospora zonata;Cercosporiose;;vault;Cercosporiose;2024:07:01;12:28:47;nan;10;Féverole_Cercosporiose
Ifv02099;../data/VAULT/Bousset2_data/Images/Féverole/Cercosporiose/Ifv02099.jpg;Féverole;Cercosporiose;Féverole_Cercosporiose;Féverole;CERCOZO;Cercospora zonata;Cercosporiose;;vault;Cercosporiose;2024:07:01;12:30:33;nan;10;Féverole_Cercosporiose
Ifv02100;../data/VAULT/Bousset2_data/Images/Féverole/Cercosporiose/Ifv02100.jpg;Féverole;Cercosporiose;Féverole_Cercosporiose;Féverole;CERCOZO;Cercospora zonata;Cercosporiose;;vault;Cercosporiose;2024:07:01;12:30:37;nan;10;Féverole_Cercosporiose
Ifv00033;../data/Bousset2_data/Images/Féverole/Mildiou/Ifv00033.jpg;Féverole;Mildiou;Féverole_Mildiou;Féverole;PEROVI;Peronospora viciae;Mildiou;;train;Mildiou;2024:02:14;11:40:49;nan;13;Féverole_Mildiou
Ifv00506;../data/Bousset2_data/Images/Féverole/Mildiou/Ifv00506.jpg;Féverole;Mildiou;Féverole_Mildiou;Féverole;PEROVI;Peronospora viciae;Mildiou;;train;Mildiou;2024:03:19;11:35:31;nan;13;Féverole_Mildiou
Ifv00509;../data/Bousset2_data/Images/Féverole/Mildiou/Ifv00509.jpg;Féverole;Mildiou;Féverole_Mildiou;Féverole;PEROVI;Peronospora viciae;Mildiou;;train;Mildiou;2024:03:19;11:35:52;nan;13;Féverole_Mildiou
Ifv00513;../data/Bousset2_data/Images/Féverole/Mildiou/Ifv00513.jpg;Féverole;Mildiou;Féverole_Mildiou;Féverole;PEROVI;Peronospora viciae;Mildiou;;train;Mildiou;2024:03:19;11:36:18;nan;13;Féverole_Mildiou
Ifv00514;../data/Bousset2_data/Images/Féverole/Mildiou/Ifv00514.jpg;Féverole;Mildiou;Féverole_Mildiou;Féverole;PEROVI;Peronospora viciae;Mildiou;;train;Mildiou;2024:03:19;11:36:30;nan;13;Féverole_Mildiou
Ifv00517;../data/Bousset2_data/Images/Féverole/Mildiou/Ifv00517.jpg;Féverole;Mildiou;Féverole_Mildiou;Féverole;PEROVI;Peronospora viciae;Mildiou;;train;Mildiou;2024:03:19;11:36:48;nan;13;Féverole_Mildiou
Ifv00518;../data/Bousset2_data/Images/Féverole/Mildiou/Ifv00518.jpg;Féverole;Mildiou;Féverole_Mildiou;Féverole;PEROVI;Peronospora viciae;Mildiou;;train;Mildiou;2024:03:19;11:36:51;nan;13;Féverole_Mildiou
Ifv00519;../data/Bousset2_data/Images/Féverole/Mildiou/Ifv00519.jpg;Féverole;Mildiou;Féverole_Mildiou;Féverole;PEROVI;Peronospora viciae;Mildiou;;train;Mildiou;2024:03:19;11:36:57;nan;13;Féverole_Mildiou
Ifv00520;../data/Bousset2_data/Images/Féverole/Mildiou/Ifv00520.jpg;Féverole;Mildiou;Féverole_Mildiou;Féverole;PEROVI;Peronospora viciae;Mildiou;;train;Mildiou;2024:03:19;11:36:58;nan;13;Féverole_Mildiou
Ifv00521;../data/Bousset2_data/Images/Féverole/Mildiou/Ifv00521.jpg;Féverole;Mildiou;Féverole_Mildiou;Féverole;PEROVI;Peronospora viciae;Mildiou;;train;Mildiou;2024:03:19;11:37:01;nan;13;Féverole_Mildiou
Ifv00522;../data/Bousset2_data/Images/Féverole/Mildiou/Ifv00522.jpg;Féverole;Mildiou;Féverole_Mildiou;Féverole;PEROVI;Peronospora viciae;Mildiou;;train;Mildiou;2024:03:19;11:37:07;nan;13;Féverole_Mildiou
Ifv00524;../data/Bousset2_data/Images/Féverole/Mildiou/Ifv00524.jpg;Féverole;Mildiou;Féverole_Mildiou;Féverole;PEROVI;Peronospora viciae;Mildiou;;train;Mildiou;2024:03:19;11:37:13;nan;13;Féverole_Mildiou
Ifv00527;../data/Bousset2_data/Images/Féverole/Mildiou/Ifv00527.jpg;Féverole;Mildiou;Féverole_Mildiou;Féverole;PEROVI;Peronospora viciae;Mildiou;;train;Mildiou;2024:03:19;11:37:26;nan;13;Féverole_Mildiou
Ifv00528;../data/Bousset2_data/Images/Féverole/Mildiou/Ifv00528.jpg;Féverole;Mildiou;Féverole_Mildiou;Féverole;PEROVI;Peronospora viciae;Mildiou;;train;Mildiou;2024:03:19;11:37:29;nan;13;Féverole_Mildiou
Ifv00531;../data/Bousset2_data/Images/Féverole/Mildiou/Ifv00531.jpg;Féverole;Mildiou;Féverole_Mildiou;Féverole;PEROVI;Peronospora viciae;Mildiou;;train;Mildiou;2024:03:19;11:37:39;nan;13;Féverole_Mildiou
Ifv00532;../data/Bousset2_data/Images/Féverole/Mildiou/Ifv00532.jpg;Féverole;Mildiou;Féverole_Mildiou;Féverole;PEROVI;Peronospora viciae;Mildiou;;train;Mildiou;2024:03:19;11:37:41;nan;13;Féverole_Mildiou
Ifv00590;../data/Bousset2_data/Images/Féverole/Mildiou/Ifv00590.jpg;Féverole;Mildiou;Féverole_Mildiou;Féverole;PEROVI;Peronospora viciae;Mildiou;;train;Mildiou;2024:03:19;11:50:10;nan;13;Féverole_Mildiou
Ifv00601;../data/Bousset2_data/Images/Féverole/Mildiou/Ifv00601.jpg;Féverole;Mildiou;Féverole_Mildiou;Féverole;PEROVI;Peronospora viciae;Mildiou;;train;Mildiou;2024:03:19;11:52:05;nan;13;Féverole_Mildiou
Ifv00602;../data/Bousset2_data/Images/Féverole/Mildiou/Ifv00602.jpg;Féverole;Mildiou;Féverole_Mildiou;Féverole;PEROVI;Peronospora viciae;Mildiou;;train;Mildiou;2024:03:19;11:52:07;nan;13;Féverole_Mildiou
Ifv00604;../data/Bousset2_data/Images/Féverole/Mildiou/Ifv00604.jpg;Féverole;Mildiou;Féverole_Mildiou;Féverole;PEROVI;Peronospora viciae;Mildiou;;train;Mildiou;2024:03:19;11:52:11;nan;13;Féverole_Mildiou
Ifv00605;../data/Bousset2_data/Images/Féverole/Mildiou/Ifv00605.jpg;Féverole;Mildiou;Féverole_Mildiou;Féverole;PEROVI;Peronospora viciae;Mildiou;;train;Mildiou;2024:03:19;11:52:13;nan;13;Féverole_Mildiou
Ifv00608;../data/Bousset2_data/Images/Féverole/Mildiou/Ifv00608.jpg;Féverole;Mildiou;Féverole_Mildiou;Féverole;PEROVI;Peronospora viciae;Mildiou;;train;Mildiou;2024:03:19;11:52:24;nan;13;Féverole_Mildiou
Ifv00610;../data/Bousset2_data/Images/Féverole/Mildiou/Ifv00610.jpg;Féverole;Mildiou;Féverole_Mildiou;Féverole;PEROVI;Peronospora viciae;Mildiou;;train;Mildiou;2024:03:19;11:52:29;nan;13;Féverole_Mildiou
Ifv00611;../data/Bousset2_data/Images/Féverole/Mildiou/Ifv00611.jpg;Féverole;Mildiou;Féverole_Mildiou;Féverole;PEROVI;Peronospora viciae;Mildiou;;train;Mildiou;2024:03:19;11:52:32;nan;13;Féverole_Mildiou
Ifv00613;../data/Bousset2_data/Images/Féverole/Mildiou/Ifv00613.jpg;Féverole;Mildiou;Féverole_Mildiou;Féverole;PEROVI;Peronospora viciae;Mildiou;;train;Mildiou;2024:03:19;11:52:37;nan;13;Féverole_Mildiou
Ifv00616;../data/Bousset2_data/Images/Féverole/Mildiou/Ifv00616.jpg;Féverole;Mildiou;Féverole_Mildiou;Féverole;PEROVI;Peronospora viciae;Mildiou;;train;Mildiou;2024:03:19;11:52:58;nan;13;Féverole_Mildiou
Ifv00617;../data/Bousset2_data/Images/Féverole/Mildiou/Ifv00617.jpg;Féverole;Mildiou;Féverole_Mildiou;Féverole;PEROVI;Peronospora viciae;Mildiou;;train;Mildiou;2024:03:19;11:53:00;nan;13;Féverole_Mildiou
Ifv00618;../data/Bousset2_data/Images/Féverole/Mildiou/Ifv00618.jpg;Féverole;Mildiou;Féverole_Mildiou;Féverole;PEROVI;Peronospora viciae;Mildiou;;train;Mildiou;2024:03:19;11:53:03;nan;13;Féverole_Mildiou
Ifv00660;../data/Bousset2_data/Images/Féverole/Mildiou/Ifv00660.jpg;Féverole;Mildiou;Féverole_Mildiou;Féverole;PEROVI;Peronospora viciae;Mildiou;;train;Mildiou;2024:03:19;11:56:55;nan;13;Féverole_Mildiou
Ifv00661;../data/Bousset2_data/Images/Féverole/Mildiou/Ifv00661.jpg;Féverole;Mildiou;Féverole_Mildiou;Féverole;PEROVI;Peronospora viciae;Mildiou;;train;Mildiou;2024:03:19;11:56:57;nan;13;Féverole_Mildiou
Ifv00670;../data/Bousset2_data/Images/Féverole/Mildiou/Ifv00670.jpg;Féverole;Mildiou;Féverole_Mildiou;Féverole;PEROVI;Peronospora viciae;Mildiou;;train;Mildiou;2024:03:19;11:58:10;nan;13;Féverole_Mildiou
Ifv00672;../data/Bousset2_data/Images/Féverole/Mildiou/Ifv00672.jpg;Féverole;Mildiou;Féverole_Mildiou;Féverole;PEROVI;Peronospora viciae;Mildiou;;train;Mildiou;2024:03:19;11:58:18;nan;13;Féverole_Mildiou
Ifv00673;../data/Bousset2_data/Images/Féverole/Mildiou/Ifv00673.jpg;Féverole;Mildiou;Féverole_Mildiou;Féverole;PEROVI;Peronospora viciae;Mildiou;;train;Mildiou;2024:03:19;11:58:20;nan;13;Féverole_Mildiou
Ifv00674;../data/Bousset2_data/Images/Féverole/Mildiou/Ifv00674.jpg;Féverole;Mildiou;Féverole_Mildiou;Féverole;PEROVI;Peronospora viciae;Mildiou;;train;Mildiou;2024:03:19;11:58:23;nan;13;Féverole_Mildiou
Ifv00676;../data/Bousset2_data/Images/Féverole/Mildiou/Ifv00676.jpg;Féverole;Mildiou;Féverole_Mildiou;Féverole;PEROVI;Peronospora viciae;Mildiou;;train;Mildiou;2024:03:19;11:59:22;nan;13;Féverole_Mildiou
Ifv00678;../data/Bousset2_data/Images/Féverole/Mildiou/Ifv00678.jpg;Féverole;Mildiou;Féverole_Mildiou;Féverole;PEROVI;Peronospora viciae;Mildiou;;train;Mildiou;2024:03:19;11:59:48;nan;13;Féverole_Mildiou
Ifv00679;../data/Bousset2_data/Images/Féverole/Mildiou/Ifv00679.jpg;Féverole;Mildiou;Féverole_Mildiou;Féverole;PEROVI;Peronospora viciae;Mildiou;;train;Mildiou;2024:03:19;12:02:31;nan;13;Féverole_Mildiou
Ifv00680;../data/Bousset2_data/Images/Féverole/Mildiou/Ifv00680.jpg;Féverole;Mildiou;Féverole_Mildiou;Féverole;PEROVI;Peronospora viciae;Mildiou;;train;Mildiou;2024:03:19;12:02:33;nan;13;Féverole_Mildiou
Ifv00682;../data/Bousset2_data/Images/Féverole/Mildiou/Ifv00682.jpg;Féverole;Mildiou;Féverole_Mildiou;Féverole;PEROVI;Peronospora viciae;Mildiou;;train;Mildiou;2024:03:19;12:02:48;nan;13;Féverole_Mildiou
Ifv00683;../data/Bousset2_data/Images/Féverole/Mildiou/Ifv00683.jpg;Féverole;Mildiou;Féverole_Mildiou;Féverole;PEROVI;Peronospora viciae;Mildiou;;train;Mildiou;2024:03:19;12:02:49;nan;13;Féverole_Mildiou
Ifv00684;../data/Bousset2_data/Images/Féverole/Mildiou/Ifv00684.jpg;Féverole;Mildiou;Féverole_Mildiou;Féverole;PEROVI;Peronospora viciae;Mildiou;;train;Mildiou;2024:03:19;12:02:51;nan;13;Féverole_Mildiou
Ifv00685;../data/Bousset2_data/Images/Féverole/Mildiou/Ifv00685.jpg;Féverole;Mildiou;Féverole_Mildiou;Féverole;PEROVI;Peronospora viciae;Mildiou;;train;Mildiou;2024:03:19;12:02:52;nan;13;Féverole_Mildiou
Ifv00692;../data/Bousset2_data/Images/Féverole/Mildiou/Ifv00692.jpg;Féverole;Mildiou;Féverole_Mildiou;Féverole;PEROVI;Peronospora viciae;Mildiou;;train;Mildiou;2024:03:19;12:06:46;nan;13;Féverole_Mildiou
Ifv00693;../data/Bousset2_data/Images/Féverole/Mildiou/Ifv00693.jpg;Féverole;Mildiou;Féverole_Mildiou;Féverole;PEROVI;Peronospora viciae;Mildiou;;train;Mildiou;2024:03:19;12:06:47;nan;13;Féverole_Mildiou
Ifv00694;../data/Bousset2_data/Images/Féverole/Mildiou/Ifv00694.jpg;Féverole;Mildiou;Féverole_Mildiou;Féverole;PEROVI;Peronospora viciae;Mildiou;;train;Mildiou;2024:03:19;12:06:51;nan;13;Féverole_Mildiou
Ifv00695;../data/Bousset2_data/Images/Féverole/Mildiou/Ifv00695.jpg;Féverole;Mildiou;Féverole_Mildiou;Féverole;PEROVI;Peronospora viciae;Mildiou;;train;Mildiou;2024:03:19;12:06:56;nan;13;Féverole_Mildiou
Ifv00698;../data/Bousset2_data/Images/Féverole/Mildiou/Ifv00698.jpg;Féverole;Mildiou;Féverole_Mildiou;Féverole;PEROVI;Peronospora viciae;Mildiou;;train;Mildiou;2024:03:19;12:07:04;nan;13;Féverole_Mildiou
Ifv00699;../data/Bousset2_data/Images/Féverole/Mildiou/Ifv00699.jpg;Féverole;Mildiou;Féverole_Mildiou;Féverole;PEROVI;Peronospora viciae;Mildiou;;train;Mildiou;2024:03:19;12:07:09;nan;13;Féverole_Mildiou
Ifv00700;../data/Bousset2_data/Images/Féverole/Mildiou/Ifv00700.jpg;Féverole;Mildiou;Féverole_Mildiou;Féverole;PEROVI;Peronospora viciae;Mildiou;;train;Mildiou;2024:03:19;12:07:11;nan;13;Féverole_Mildiou
Ifv00704;../data/Bousset2_data/Images/Féverole/Mildiou/Ifv00704.jpg;Féverole;Mildiou;Féverole_Mildiou;Féverole;PEROVI;Peronospora viciae;Mildiou;;train;Mildiou;2024:03:19;12:07:43;nan;13;Féverole_Mildiou
Ifv00708;../data/Bousset2_data/Images/Féverole/Mildiou/Ifv00708.jpg;Féverole;Mildiou;Féverole_Mildiou;Féverole;PEROVI;Peronospora viciae;Mildiou;;train;Mildiou;2024:03:19;12:08:55;nan;13;Féverole_Mildiou
Ifv00709;../data/Bousset2_data/Images/Féverole/Mildiou/Ifv00709.jpg;Féverole;Mildiou;Féverole_Mildiou;Féverole;PEROVI;Peronospora viciae;Mildiou;;train;Mildiou;2024:03:19;12:08:56;nan;13;Féverole_Mildiou
Ifv00710;../data/Bousset2_data/Images/Féverole/Mildiou/Ifv00710.jpg;Féverole;Mildiou;Féverole_Mildiou;Féverole;PEROVI;Peronospora viciae;Mildiou;;train;Mildiou;2024:03:19;12:08:58;nan;13;Féverole_Mildiou
Ifv00711;../data/Bousset2_data/Images/Féverole/Mildiou/Ifv00711.jpg;Féverole;Mildiou;Féverole_Mildiou;Féverole;PEROVI;Peronospora viciae;Mildiou;;train;Mildiou;2024:03:19;12:09:00;nan;13;Féverole_Mildiou
Ifv00712;../data/Bousset2_data/Images/Féverole/Mildiou/Ifv00712.jpg;Féverole;Mildiou;Féverole_Mildiou;Féverole;PEROVI;Peronospora viciae;Mildiou;;train;Mildiou;2024:03:19;12:09:01;nan;13;Féverole_Mildiou
Ifv00713;../data/Bousset2_data/Images/Féverole/Mildiou/Ifv00713.jpg;Féverole;Mildiou;Féverole_Mildiou;Féverole;PEROVI;Peronospora viciae;Mildiou;;train;Mildiou;2024:03:19;12:09:02;nan;13;Féverole_Mildiou
Ifv00717;../data/Bousset2_data/Images/Féverole/Mildiou/Ifv00717.jpg;Féverole;Mildiou;Féverole_Mildiou;Féverole;PEROVI;Peronospora viciae;Mildiou;;train;Mildiou;2024:03:19;12:09:09;nan;13;Féverole_Mildiou
Ifv00719;../data/Bousset2_data/Images/Féverole/Mildiou/Ifv00719.jpg;Féverole;Mildiou;Féverole_Mildiou;Féverole;PEROVI;Peronospora viciae;Mildiou;;train;Mildiou;2024:03:19;12:09:14;nan;13;Féverole_Mildiou
Ifv00720;../data/Bousset2_data/Images/Féverole/Mildiou/Ifv00720.jpg;Féverole;Mildiou;Féverole_Mildiou;Féverole;PEROVI;Peronospora viciae;Mildiou;;train;Mildiou;2024:03:19;12:09:16;nan;13;Féverole_Mildiou
Ifv00722;../data/Bousset2_data/Images/Féverole/Mildiou/Ifv00722.jpg;Féverole;Mildiou;Féverole_Mildiou;Féverole;PEROVI;Peronospora viciae;Mildiou;;train;Mildiou;2024:03:19;12:09:20;nan;13;Féverole_Mildiou
Ifv00723;../data/Bousset2_data/Images/Féverole/Mildiou/Ifv00723.jpg;Féverole;Mildiou;Féverole_Mildiou;Féverole;PEROVI;Peronospora viciae;Mildiou;;train;Mildiou;2024:03:19;12:09:22;nan;13;Féverole_Mildiou
Ifv00724;../data/Bousset2_data/Images/Féverole/Mildiou/Ifv00724.jpg;Féverole;Mildiou;Féverole_Mildiou;Féverole;PEROVI;Peronospora viciae;Mildiou;;train;Mildiou;2024:03:19;12:09:25;nan;13;Féverole_Mildiou
Ifv00726;../data/Bousset2_data/Images/Féverole/Mildiou/Ifv00726.jpg;Féverole;Mildiou;Féverole_Mildiou;Féverole;PEROVI;Peronospora viciae;Mildiou;;train;Mildiou;2024:03:19;12:09:28;nan;13;Féverole_Mildiou
Ifv00727;../data/Bousset2_data/Images/Féverole/Mildiou/Ifv00727.jpg;Féverole;Mildiou;Féverole_Mildiou;Féverole;PEROVI;Peronospora viciae;Mildiou;;train;Mildiou;2024:03:19;12:09:31;nan;13;Féverole_Mildiou
Ifv00788;../data/Bousset2_data/Images/Féverole/Mildiou/Ifv00788.jpg;Féverole;Mildiou;Féverole_Mildiou;Féverole;PEROVI;Peronospora viciae;Mildiou;;train;Mildiou;2024:03:20;15:12:26;nan;13;Féverole_Mildiou
Ifv00792;../data/Bousset2_data/Images/Féverole/Mildiou/Ifv00792.jpg;Féverole;Mildiou;Féverole_Mildiou;Féverole;PEROVI;Peronospora viciae;Mildiou;;train;Mildiou;2024:03:20;15:12:50;nan;13;Féverole_Mildiou
Ifv00793;../data/Bousset2_data/Images/Féverole/Mildiou/Ifv00793.jpg;Féverole;Mildiou;Féverole_Mildiou;Féverole;PEROVI;Peronospora viciae;Mildiou;;train;Mildiou;2024:03:20;15:13:00;nan;13;Féverole_Mildiou
Ifv00796;../data/Bousset2_data/Images/Féverole/Mildiou/Ifv00796.jpg;Féverole;Mildiou;Féverole_Mildiou;Féverole;PEROVI;Peronospora viciae;Mildiou;;train;Mildiou;2024:03:20;15:13:13;nan;13;Féverole_Mildiou
Ifv00797;../data/Bousset2_data/Images/Féverole/Mildiou/Ifv00797.jpg;Féverole;Mildiou;Féverole_Mildiou;Féverole;PEROVI;Peronospora viciae;Mildiou;;train;Mildiou;2024:03:20;15:13:15;nan;13;Féverole_Mildiou
Ifv00798;../data/Bousset2_data/Images/Féverole/Mildiou/Ifv00798.jpg;Féverole;Mildiou;Féverole_Mildiou;Féverole;PEROVI;Peronospora viciae;Mildiou;;train;Mildiou;2024:03:20;15:13:17;nan;13;Féverole_Mildiou
Ifv00799;../data/Bousset2_data/Images/Féverole/Mildiou/Ifv00799.jpg;Féverole;Mildiou;Féverole_Mildiou;Féverole;PEROVI;Peronospora viciae;Mildiou;;train;Mildiou;2024:03:20;15:13:26;nan;13;Féverole_Mildiou
Ifv00800;../data/Bousset2_data/Images/Féverole/Mildiou/Ifv00800.jpg;Féverole;Mildiou;Féverole_Mildiou;Féverole;PEROVI;Peronospora viciae;Mildiou;;train;Mildiou;2024:03:20;15:13:28;nan;13;Féverole_Mildiou
Ifv00806;../data/Bousset2_data/Images/Féverole/Mildiou/Ifv00806.jpg;Féverole;Mildiou;Féverole_Mildiou;Féverole;PEROVI;Peronospora viciae;Mildiou;;train;Mildiou;2024:03:20;15:14:10;nan;13;Féverole_Mildiou
Ifv00811;../data/Bousset2_data/Images/Féverole/Mildiou/Ifv00811.jpg;Féverole;Mildiou;Féverole_Mildiou;Féverole;PEROVI;Peronospora viciae;Mildiou;;train;Mildiou;2024:03:20;15:14:27;nan;13;Féverole_Mildiou
Ifv00816;../data/Bousset2_data/Images/Féverole/Mildiou/Ifv00816.jpg;Féverole;Mildiou;Féverole_Mildiou;Féverole;PEROVI;Peronospora viciae;Mildiou;;train;Mildiou;2024:03:20;15:15:07;nan;13;Féverole_Mildiou
Ifv00831;../data/Bousset2_data/Images/Féverole/Mildiou/Ifv00831.jpg;Féverole;Mildiou;Féverole_Mildiou;Féverole;PEROVI;Peronospora viciae;Mildiou;;train;Mildiou;2024:04:05;11:51:53;nan;13;Féverole_Mildiou
Ifv00833;../data/Bousset2_data/Images/Féverole/Mildiou/Ifv00833.jpg;Féverole;Mildiou;Féverole_Mildiou;Féverole;PEROVI;Peronospora viciae;Mildiou;;train;Mildiou;2024:04:05;11:51:58;nan;13;Féverole_Mildiou
Ifv00834;../data/Bousset2_data/Images/Féverole/Mildiou/Ifv00834.jpg;Féverole;Mildiou;Féverole_Mildiou;Féverole;PEROVI;Peronospora viciae;Mildiou;;train;Mildiou;2024:04:05;11:51:59;nan;13;Féverole_Mildiou
Ifv00842;../data/Bousset2_data/Images/Féverole/Mildiou/Ifv00842.jpg;Féverole;Mildiou;Féverole_Mildiou;Féverole;PEROVI;Peronospora viciae;Mildiou;;train;Mildiou;2024:04:05;11:52:37;nan;13;Féverole_Mildiou
Ifv00847;../data/Bousset2_data/Images/Féverole/Mildiou/Ifv00847.jpg;Féverole;Mildiou;Féverole_Mildiou;Féverole;PEROVI;Peronospora viciae;Mildiou;;train;Mildiou;2024:04:05;11:53:06;nan;13;Féverole_Mildiou
Ifv00848;../data/Bousset2_data/Images/Féverole/Mildiou/Ifv00848.jpg;Féverole;Mildiou;Féverole_Mildiou;Féverole;PEROVI;Peronospora viciae;Mildiou;;train;Mildiou;2024:04:05;11:53:12;nan;13;Féverole_Mildiou
Ifv00854;../data/Bousset2_data/Images/Féverole/Mildiou/Ifv00854.jpg;Féverole;Mildiou;Féverole_Mildiou;Féverole;PEROVI;Peronospora viciae;Mildiou;;train;Mildiou;2024:04:05;11:53:40;nan;13;Féverole_Mildiou
Ifv00858;../data/Bousset2_data/Images/Féverole/Mildiou/Ifv00858.jpg;Féverole;Mildiou;Féverole_Mildiou;Féverole;PEROVI;Peronospora viciae;Mildiou;;train;Mildiou;2024:04:05;11:54:29;nan;13;Féverole_Mildiou
Ifv00877;../data/Bousset2_data/Images/Féverole/Mildiou/Ifv00877.jpg;Féverole;Mildiou;Féverole_Mildiou;Féverole;PEROVI;Peronospora viciae;Mildiou;;train;Mildiou;2024:04:05;11:57:28;nan;13;Féverole_Mildiou
Ifv00878;../data/Bousset2_data/Images/Féverole/Mildiou/Ifv00878.jpg;Féverole;Mildiou;Féverole_Mildiou;Féverole;PEROVI;Peronospora viciae;Mildiou;;train;Mildiou;2024:04:05;11:57:31;nan;13;Féverole_Mildiou
Ifv00948;../data/Bousset2_data/Images/Féverole/Mildiou/Ifv00948.jpg;Féverole;Mildiou;Féverole_Mildiou;Féverole;PEROVI;Peronospora viciae;Mildiou;;train;Mildiou;2024:04:05;12:05:01;nan;13;Féverole_Mildiou
Ifv00950;../data/Bousset2_data/Images/Féverole/Mildiou/Ifv00950.jpg;Féverole;Mildiou;Féverole_Mildiou;Féverole;PEROVI;Peronospora viciae;Mildiou;;train;Mildiou;2024:04:05;12:05:07;nan;13;Féverole_Mildiou
Ifv01063;../data/Bousset2_data/Images/Féverole/Mildiou/Ifv01063.jpg;Féverole;Mildiou;Féverole_Mildiou;Féverole;PEROVI;Peronospora viciae;Mildiou;;train;Mildiou;2024:04:22;12:12:44;nan;13;Féverole_Mildiou
Ifv01064;../data/Bousset2_data/Images/Féverole/Mildiou/Ifv01064.jpg;Féverole;Mildiou;Féverole_Mildiou;Féverole;PEROVI;Peronospora viciae;Mildiou;;train;Mildiou;2024:04:22;12:12:48;nan;13;Féverole_Mildiou
Ifv01071;../data/Bousset2_data/Images/Féverole/Mildiou/Ifv01071.jpg;Féverole;Mildiou;Féverole_Mildiou;Féverole;PEROVI;Peronospora viciae;Mildiou;;train;Mildiou;2024:04:22;12:13:28;nan;13;Féverole_Mildiou
Ifv01073;../data/Bousset2_data/Images/Féverole/Mildiou/Ifv01073.jpg;Féverole;Mildiou;Féverole_Mildiou;Féverole;PEROVI;Peronospora viciae;Mildiou;;train;Mildiou;2024:04:22;12:13:37;nan;13;Féverole_Mildiou
Ifv01104;../data/Bousset2_data/Images/Féverole/Mildiou/Ifv01104.jpg;Féverole;Mildiou;Féverole_Mildiou;Féverole;PEROVI;Peronospora viciae;Mildiou;;train;Mildiou;2024:04:22;12:18:13;nan;13;Féverole_Mildiou
Ifv01115;../data/Bousset2_data/Images/Féverole/Mildiou/Ifv01115.jpg;Féverole;Mildiou;Féverole_Mildiou;Féverole;PEROVI;Peronospora viciae;Mildiou;;train;Mildiou;2024:04:22;12:19:32;nan;13;Féverole_Mildiou
Ifv01127;../data/Bousset2_data/Images/Féverole/Mildiou/Ifv01127.jpg;Féverole;Mildiou;Féverole_Mildiou;Féverole;PEROVI;Peronospora viciae;Mildiou;;train;Mildiou;2024:04:22;12:20:48;nan;13;Féverole_Mildiou
Ifv01128;../data/Bousset2_data/Images/Féverole/Mildiou/Ifv01128.jpg;Féverole;Mildiou;Féverole_Mildiou;Féverole;PEROVI;Peronospora viciae;Mildiou;;train;Mildiou;2024:04:22;12:20:50;nan;13;Féverole_Mildiou
Ifv01137;../data/Bousset2_data/Images/Féverole/Mildiou/Ifv01137.jpg;Féverole;Mildiou;Féverole_Mildiou;Féverole;PEROVI;Peronospora viciae;Mildiou;;train;Mildiou;2024:04:22;12:22:22;nan;13;Féverole_Mildiou
Ifv01140;../data/Bousset2_data/Images/Féverole/Mildiou/Ifv01140.jpg;Féverole;Mildiou;Féverole_Mildiou;Féverole;PEROVI;Peronospora viciae;Mildiou;;train;Mildiou;2024:04:22;12:22:33;nan;13;Féverole_Mildiou
Ifv01141;../data/Bousset2_data/Images/Féverole/Mildiou/Ifv01141.jpg;Féverole;Mildiou;Féverole_Mildiou;Féverole;PEROVI;Peronospora viciae;Mildiou;;train;Mildiou;2024:04:22;12:22:35;nan;13;Féverole_Mildiou
Ifv01146;../data/Bousset2_data/Images/Féverole/Mildiou/Ifv01146.jpg;Féverole;Mildiou;Féverole_Mildiou;Féverole;PEROVI;Peronospora viciae;Mildiou;;train;Mildiou;2024:04:22;12:23:34;nan;13;Féverole_Mildiou
Ifv01163;../data/Bousset2_data/Images/Féverole/Mildiou/Ifv01163.jpg;Féverole;Mildiou;Féverole_Mildiou;Féverole;PEROVI;Peronospora viciae;Mildiou;;train;Mildiou;2024:04:22;12:25:19;nan;13;Féverole_Mildiou
Ifv01165;../data/Bousset2_data/Images/Féverole/Mildiou/Ifv01165.jpg;Féverole;Mildiou;Féverole_Mildiou;Féverole;PEROVI;Peronospora viciae;Mildiou;;train;Mildiou;2024:04:22;12:25:32;nan;13;Féverole_Mildiou
Ifv01187;../data/Bousset2_data/Images/Féverole/Mildiou/Ifv01187.jpg;Féverole;Mildiou;Féverole_Mildiou;Féverole;PEROVI;Peronospora viciae;Mildiou;;train;Mildiou;2024:04:22;12:28:20;nan;13;Féverole_Mildiou
Ifv01188;../data/Bousset2_data/Images/Féverole/Mildiou/Ifv01188.jpg;Féverole;Mildiou;Féverole_Mildiou;Féverole;PEROVI;Peronospora viciae;Mildiou;;train;Mildiou;2024:04:22;12:28:24;nan;13;Féverole_Mildiou
Ifv01192;../data/Bousset2_data/Images/Féverole/Mildiou/Ifv01192.jpg;Féverole;Mildiou;Féverole_Mildiou;Féverole;PEROVI;Peronospora viciae;Mildiou;;train;Mildiou;2024:04:22;12:28:51;nan;13;Féverole_Mildiou
Ifv01233;../data/Bousset2_data/Images/Féverole/Mildiou/Ifv01233.jpg;Féverole;Mildiou;Féverole_Mildiou;Féverole;PEROVI;Peronospora viciae;Mildiou;;train;Mildiou;2024:04:22;12:32:56;nan;13;Féverole_Mildiou
Ifv01246;../data/Bousset2_data/Images/Féverole/Mildiou/Ifv01246.jpg;Féverole;Mildiou;Féverole_Mildiou;Féverole;PEROVI;Peronospora viciae;Mildiou;;train;Mildiou;2024:04:22;12:34:36;nan;13;Féverole_Mildiou
Ifv01290;../data/Bousset2_data/Images/Féverole/Mildiou/Ifv01290.jpg;Féverole;Mildiou;Féverole_Mildiou;Féverole;PEROVI;Peronospora viciae;Mildiou;;train;Mildiou;2024:04:22;12:39:56;nan;13;Féverole_Mildiou
Ifv01343;../data/Bousset2_data/Images/Féverole/Mildiou/Ifv01343.jpg;Féverole;Mildiou;Féverole_Mildiou;Féverole;PEROVI;Peronospora viciae;Mildiou;;train;Mildiou;2024:05:03;12:51:45;nan;13;Féverole_Mildiou
Ifv01348;../data/Bousset2_data/Images/Féverole/Mildiou/Ifv01348.jpg;Féverole;Mildiou;Féverole_Mildiou;Féverole;PEROVI;Peronospora viciae;Mildiou;;train;Mildiou;2024:05:03;12:53:07;nan;13;Féverole_Mildiou
Ifv01349;../data/Bousset2_data/Images/Féverole/Mildiou/Ifv01349.jpg;Féverole;Mildiou;Féverole_Mildiou;Féverole;PEROVI;Peronospora viciae;Mildiou;;train;Mildiou;2024:05:03;12:53:11;nan;13;Féverole_Mildiou
Ifv01350;../data/Bousset2_data/Images/Féverole/Mildiou/Ifv01350.jpg;Féverole;Mildiou;Féverole_Mildiou;Féverole;PEROVI;Peronospora viciae;Mildiou;;train;Mildiou;2024:05:03;12:53:14;nan;13;Féverole_Mildiou
Ifv01352;../data/Bousset2_data/Images/Féverole/Mildiou/Ifv01352.jpg;Féverole;Mildiou;Féverole_Mildiou;Féverole;PEROVI;Peronospora viciae;Mildiou;;train;Mildiou;2024:05:03;12:53:26;nan;13;Féverole_Mildiou
Ifv01353;../data/Bousset2_data/Images/Féverole/Mildiou/Ifv01353.jpg;Féverole;Mildiou;Féverole_Mildiou;Féverole;PEROVI;Peronospora viciae;Mildiou;;train;Mildiou;2024:05:03;12:53:29;nan;13;Féverole_Mildiou
Ifv01354;../data/Bousset2_data/Images/Féverole/Mildiou/Ifv01354.jpg;Féverole;Mildiou;Féverole_Mildiou;Féverole;PEROVI;Peronospora viciae;Mildiou;;train;Mildiou;2024:05:03;12:53:31;nan;13;Féverole_Mildiou
Ifv01355;../data/Bousset2_data/Images/Féverole/Mildiou/Ifv01355.jpg;Féverole;Mildiou;Féverole_Mildiou;Féverole;PEROVI;Peronospora viciae;Mildiou;;train;Mildiou;2024:05:03;12:53:33;nan;13;Féverole_Mildiou
Ifv01356;../data/Bousset2_data/Images/Féverole/Mildiou/Ifv01356.jpg;Féverole;Mildiou;Féverole_Mildiou;Féverole;PEROVI;Peronospora viciae;Mildiou;;train;Mildiou;2024:05:03;12:53:35;nan;13;Féverole_Mildiou
Ifv01360;../data/Bousset2_data/Images/Féverole/Mildiou/Ifv01360.jpg;Féverole;Mildiou;Féverole_Mildiou;Féverole;PEROVI;Peronospora viciae;Mildiou;;train;Mildiou;2024:05:03;12:54:12;nan;13;Féverole_Mildiou
Ifv01361;../data/Bousset2_data/Images/Féverole/Mildiou/Ifv01361.jpg;Féverole;Mildiou;Féverole_Mildiou;Féverole;PEROVI;Peronospora viciae;Mildiou;;train;Mildiou;2024:05:03;12:54:16;nan;13;Féverole_Mildiou
Ifv01362;../data/Bousset2_data/Images/Féverole/Mildiou/Ifv01362.jpg;Féverole;Mildiou;Féverole_Mildiou;Féverole;PEROVI;Peronospora viciae;Mildiou;;train;Mildiou;2024:05:03;12:54:23;nan;13;Féverole_Mildiou
Ifv01363;../data/Bousset2_data/Images/Féverole/Mildiou/Ifv01363.jpg;Féverole;Mildiou;Féverole_Mildiou;Féverole;PEROVI;Peronospora viciae;Mildiou;;train;Mildiou;2024:05:03;12:54:26;nan;13;Féverole_Mildiou
Ifv01364;../data/Bousset2_data/Images/Féverole/Mildiou/Ifv01364.jpg;Féverole;Mildiou;Féverole_Mildiou;Féverole;PEROVI;Peronospora viciae;Mildiou;;train;Mildiou;2024:05:03;12:54:28;nan;13;Féverole_Mildiou
Ifv01365;../data/Bousset2_data/Images/Féverole/Mildiou/Ifv01365.jpg;Féverole;Mildiou;Féverole_Mildiou;Féverole;PEROVI;Peronospora viciae;Mildiou;;train;Mildiou;2024:05:03;12:54:31;nan;13;Féverole_Mildiou
Ifv01368;../data/Bousset2_data/Images/Féverole/Mildiou/Ifv01368.jpg;Féverole;Mildiou;Féverole_Mildiou;Féverole;PEROVI;Peronospora viciae;Mildiou;;train;Mildiou;2024:05:03;12:54:53;nan;13;Féverole_Mildiou
Ifv01369;../data/Bousset2_data/Images/Féverole/Mildiou/Ifv01369.jpg;Féverole;Mildiou;Féverole_Mildiou;Féverole;PEROVI;Peronospora viciae;Mildiou;;train;Mildiou;2024:05:03;12:54:54;nan;13;Féverole_Mildiou
Ifv01370;../data/Bousset2_data/Images/Féverole/Mildiou/Ifv01370.jpg;Féverole;Mildiou;Féverole_Mildiou;Féverole;PEROVI;Peronospora viciae;Mildiou;;train;Mildiou;2024:05:03;12:54:56;nan;13;Féverole_Mildiou
Ifv01371;../data/Bousset2_data/Images/Féverole/Mildiou/Ifv01371.jpg;Féverole;Mildiou;Féverole_Mildiou;Féverole;PEROVI;Peronospora viciae;Mildiou;;train;Mildiou;2024:05:03;12:55:05;nan;13;Féverole_Mildiou
Ifv01372;../data/Bousset2_data/Images/Féverole/Mildiou/Ifv01372.jpg;Féverole;Mildiou;Féverole_Mildiou;Féverole;PEROVI;Peronospora viciae;Mildiou;;train;Mildiou;2024:05:03;12:56:05;nan;13;Féverole_Mildiou
Ifv01380;../data/Bousset2_data/Images/Féverole/Mildiou/Ifv01380.jpg;Féverole;Mildiou;Féverole_Mildiou;Féverole;PEROVI;Peronospora viciae;Mildiou;;train;Mildiou;2024:05:03;12:56:50;nan;13;Féverole_Mildiou
Ifv01450;../data/Bousset2_data/Images/Féverole/Mildiou/Ifv01450.jpg;Féverole;Mildiou;Féverole_Mildiou;Féverole;PEROVI;Peronospora viciae;Mildiou;;train;Mildiou;2024:05:03;13:03:06;nan;13;Féverole_Mildiou
Ifv01521;../data/Bousset2_data/Images/Féverole/Mildiou/Ifv01521.jpg;Féverole;Mildiou;Féverole_Mildiou;Féverole;PEROVI;Peronospora viciae;Mildiou;;train;Mildiou;2024:05:03;13:09:27;nan;13;Féverole_Mildiou
Ifv01523;../data/Bousset2_data/Images/Féverole/Mildiou/Ifv01523.jpg;Féverole;Mildiou;Féverole_Mildiou;Féverole;PEROVI;Peronospora viciae;Mildiou;;train;Mildiou;2024:05:03;13:09:30;nan;13;Féverole_Mildiou
Ifv01535;../data/Bousset2_data/Images/Féverole/Mildiou/Ifv01535.jpg;Féverole;Mildiou;Féverole_Mildiou;Féverole;PEROVI;Peronospora viciae;Mildiou;;train;Mildiou;2024:05:16;12:47:55;nan;13;Féverole_Mildiou
Ifv01623;../data/Bousset2_data/Images/Féverole/Mildiou/Ifv01623.jpg;Féverole;Mildiou;Féverole_Mildiou;Féverole;PEROVI;Peronospora viciae;Mildiou;;train;Mildiou;2024:05:16;12:54:31;nan;13;Féverole_Mildiou
Ifv01624;../data/Bousset2_data/Images/Féverole/Mildiou/Ifv01624.jpg;Féverole;Mildiou;Féverole_Mildiou;Féverole;PEROVI;Peronospora viciae;Mildiou;;train;Mildiou;2024:05:16;12:54:33;nan;13;Féverole_Mildiou
Ifv01628;../data/Bousset2_data/Images/Féverole/Mildiou/Ifv01628.jpg;Féverole;Mildiou;Féverole_Mildiou;Féverole;PEROVI;Peronospora viciae;Mildiou;;train;Mildiou;2024:05:16;12:54:45;nan;13;Féverole_Mildiou
Ifv01629;../data/Bousset2_data/Images/Féverole/Mildiou/Ifv01629.jpg;Féverole;Mildiou;Féverole_Mildiou;Féverole;PEROVI;Peronospora viciae;Mildiou;;train;Mildiou;2024:05:16;12:54:49;nan;13;Féverole_Mildiou
Ifv01630;../data/Bousset2_data/Images/Féverole/Mildiou/Ifv01630.jpg;Féverole;Mildiou;Féverole_Mildiou;Féverole;PEROVI;Peronospora viciae;Mildiou;;train;Mildiou;2024:05:16;12:54:51;nan;13;Féverole_Mildiou
Ifv01631;../data/Bousset2_data/Images/Féverole/Mildiou/Ifv01631.jpg;Féverole;Mildiou;Féverole_Mildiou;Féverole;PEROVI;Peronospora viciae;Mildiou;;train;Mildiou;2024:05:16;12:54:53;nan;13;Féverole_Mildiou
Ifv01661;../data/Bousset2_data/Images/Féverole/Mildiou/Ifv01661.jpg;Féverole;Mildiou;Féverole_Mildiou;Féverole;PEROVI;Peronospora viciae;Mildiou;;train;Mildiou;2024:05:16;12:56:46;nan;13;Féverole_Mildiou
Ifv01662;../data/Bousset2_data/Images/Féverole/Mildiou/Ifv01662.jpg;Féverole;Mildiou;Féverole_Mildiou;Féverole;PEROVI;Peronospora viciae;Mildiou;;train;Mildiou;2024:05:16;12:56:50;nan;13;Féverole_Mildiou
Ifv01739;../data/Bousset2_data/Images/Féverole/Mildiou/Ifv01739.jpg;Féverole;Mildiou;Féverole_Mildiou;Féverole;PEROVI;Peronospora viciae;Mildiou;;train;Mildiou;2024:05:16;13:01:05;nan;13;Féverole_Mildiou
Ifv01871;../data/Bousset2_data/Images/Féverole/Mildiou/Ifv01871.jpg;Féverole;Mildiou;Féverole_Mildiou;Féverole;PEROVI;Peronospora viciae;Mildiou;;train;Mildiou;2024:05:16;13:13:11;nan;13;Féverole_Mildiou
Ifv01877;../data/Bousset2_data/Images/Féverole/Mildiou/Ifv01877.jpg;Féverole;Mildiou;Féverole_Mildiou;Féverole;PEROVI;Peronospora viciae;Mildiou;;train;Mildiou;2024:05:16;13:13:33;nan;13;Féverole_Mildiou
Ifv01882;../data/Bousset2_data/Images/Féverole/Mildiou/Ifv01882.jpg;Féverole;Mildiou;Féverole_Mildiou;Féverole;PEROVI;Peronospora viciae;Mildiou;;train;Mildiou;2024:05:16;13:14:10;nan;13;Féverole_Mildiou
Ifv01884;../data/Bousset2_data/Images/Féverole/Mildiou/Ifv01884.jpg;Féverole;Mildiou;Féverole_Mildiou;Féverole;PEROVI;Peronospora viciae;Mildiou;;train;Mildiou;2024:05:16;13:14:46;nan;13;Féverole_Mildiou
Ifv01929;../data/Bousset2_data/Images/Féverole/Mildiou/Ifv01929.jpg;Féverole;Mildiou;Féverole_Mildiou;Féverole;PEROVI;Peronospora viciae;Mildiou;;train;Mildiou;2024:06:07;15:03:54;nan;13;Féverole_Mildiou
Ifv00223;../data/Bousset2_data/Images/Féverole/Rouille/Ifv00223.jpg;Féverole;Rouille;Féverole_Rouille;Féverole;UROMVF;Uromyces fabae;Rouille;;train;Rouille;2024:03:01;10:47:56;nan;11;Féverole_Rouille
Ifv00225;../data/Bousset2_data/Images/Féverole/Rouille/Ifv00225.jpg;Féverole;Rouille;Féverole_Rouille;Féverole;UROMVF;Uromyces fabae;Rouille;;train;Rouille;2024:03:01;10:48:10;nan;11;Féverole_Rouille
Ifv00226;../data/Bousset2_data/Images/Féverole/Rouille/Ifv00226.jpg;Féverole;Rouille;Féverole_Rouille;Féverole;UROMVF;Uromyces fabae;Rouille;;train;Rouille;2024:03:01;10:48:11;nan;11;Féverole_Rouille
Ifv00230;../data/Bousset2_data/Images/Féverole/Rouille/Ifv00230.jpg;Féverole;Rouille;Féverole_Rouille;Féverole;UROMVF;Uromyces fabae;Rouille;;train;Rouille;2024:03:01;10:48:40;nan;11;Féverole_Rouille
Ifv00231;../data/Bousset2_data/Images/Féverole/Rouille/Ifv00231.jpg;Féverole;Rouille;Féverole_Rouille;Féverole;UROMVF;Uromyces fabae;Rouille;;train;Rouille;2024:03:01;10:48:50;nan;11;Féverole_Rouille
Ifv00232;../data/Bousset2_data/Images/Féverole/Rouille/Ifv00232.jpg;Féverole;Rouille;Féverole_Rouille;Féverole;UROMVF;Uromyces fabae;Rouille;;train;Rouille;2024:03:01;10:49:01;nan;11;Féverole_Rouille
Ifv00262;../data/Bousset2_data/Images/Féverole/Rouille/Ifv00262.jpg;Féverole;Rouille;Féverole_Rouille;Féverole;UROMVF;Uromyces fabae;Rouille;;train;Rouille;2024:03:01;10:52:49;nan;11;Féverole_Rouille
Ifv00281;../data/Bousset2_data/Images/Féverole/Rouille/Ifv00281.jpg;Féverole;Rouille;Féverole_Rouille;Féverole;UROMVF;Uromyces fabae;Rouille;;train;Rouille;2024:03:01;10:54:50;nan;11;Féverole_Rouille
Ifv00296;../data/Bousset2_data/Images/Féverole/Rouille/Ifv00296.jpg;Féverole;Rouille;Féverole_Rouille;Féverole;UROMVF;Uromyces fabae;Rouille;;train;Rouille;2024:03:01;10:56:35;nan;11;Féverole_Rouille
Ifv00313;../data/Bousset2_data/Images/Féverole/Rouille/Ifv00313.jpg;Féverole;Rouille;Féverole_Rouille;Féverole;UROMVF;Uromyces fabae;Rouille;;train;Rouille;2024:03:01;10:58:51;nan;11;Féverole_Rouille
Ifv00323;../data/Bousset2_data/Images/Féverole/Rouille/Ifv00323.jpg;Féverole;Rouille;Féverole_Rouille;Féverole;UROMVF;Uromyces fabae;Rouille;;train;Rouille;2024:03:01;10:59:56;nan;11;Féverole_Rouille
Ifv00356;../data/Bousset2_data/Images/Féverole/Rouille/Ifv00356.jpg;Féverole;Rouille;Féverole_Rouille;Féverole;UROMVF;Uromyces fabae;Rouille;;train;Rouille;2024:03:04;10:55:21;nan;11;Féverole_Rouille
Ifv00357;../data/Bousset2_data/Images/Féverole/Rouille/Ifv00357.jpg;Féverole;Rouille;Féverole_Rouille;Féverole;UROMVF;Uromyces fabae;Rouille;;train;Rouille;2024:03:04;10:55:27;nan;11;Féverole_Rouille
Ifv00358;../data/Bousset2_data/Images/Féverole/Rouille/Ifv00358.jpg;Féverole;Rouille;Féverole_Rouille;Féverole;UROMVF;Uromyces fabae;Rouille;;train;Rouille;2024:03:04;10:55:30;nan;11;Féverole_Rouille
Ifv00360;../data/Bousset2_data/Images/Féverole/Rouille/Ifv00360.jpg;Féverole;Rouille;Féverole_Rouille;Féverole;UROMVF;Uromyces fabae;Rouille;;train;Rouille;2024:03:04;10:55:39;nan;11;Féverole_Rouille
Ifv00381;../data/Bousset2_data/Images/Féverole/Rouille/Ifv00381.jpg;Féverole;Rouille;Féverole_Rouille;Féverole;UROMVF;Uromyces fabae;Rouille;;train;Rouille;2024:03:04;10:58:08;nan;11;Féverole_Rouille
Ifv00382;../data/Bousset2_data/Images/Féverole/Rouille/Ifv00382.jpg;Féverole;Rouille;Féverole_Rouille;Féverole;UROMVF;Uromyces fabae;Rouille;;train;Rouille;2024:03:04;10:58:19;nan;11;Féverole_Rouille
Ifv00383;../data/Bousset2_data/Images/Féverole/Rouille/Ifv00383.jpg;Féverole;Rouille;Féverole_Rouille;Féverole;UROMVF;Uromyces fabae;Rouille;;train;Rouille;2024:03:04;10:58:58;nan;11;Féverole_Rouille
Ifv00384;../data/Bousset2_data/Images/Féverole/Rouille/Ifv00384.jpg;Féverole;Rouille;Féverole_Rouille;Féverole;UROMVF;Uromyces fabae;Rouille;;train;Rouille;2024:03:04;10:59:21;nan;11;Féverole_Rouille
Ifv00386;../data/Bousset2_data/Images/Féverole/Rouille/Ifv00386.jpg;Féverole;Rouille;Féverole_Rouille;Féverole;UROMVF;Uromyces fabae;Rouille;;train;Rouille;2024:03:04;10:59:48;nan;11;Féverole_Rouille
Ifv00388;../data/Bousset2_data/Images/Féverole/Rouille/Ifv00388.jpg;Féverole;Rouille;Féverole_Rouille;Féverole;UROMVF;Uromyces fabae;Rouille;;train;Rouille;2024:03:04;11:00:11;nan;11;Féverole_Rouille
Ifv00390;../data/Bousset2_data/Images/Féverole/Rouille/Ifv00390.jpg;Féverole;Rouille;Féverole_Rouille;Féverole;UROMVF;Uromyces fabae;Rouille;;train;Rouille;2024:03:04;11:00:41;nan;11;Féverole_Rouille
Ifv00393;../data/Bousset2_data/Images/Féverole/Rouille/Ifv00393.jpg;Féverole;Rouille;Féverole_Rouille;Féverole;UROMVF;Uromyces fabae;Rouille;;train;Rouille;2024:03:04;11:01:25;nan;11;Féverole_Rouille
Ifv00399;../data/Bousset2_data/Images/Féverole/Rouille/Ifv00399.jpg;Féverole;Rouille;Féverole_Rouille;Féverole;UROMVF;Uromyces fabae;Rouille;;train;Rouille;2024:03:04;11:05:57;nan;11;Féverole_Rouille
Ifv00470;../data/Bousset2_data/Images/Féverole/Rouille/Ifv00470.jpg;Féverole;Rouille;Féverole_Rouille;Féverole;UROMVF;Uromyces fabae;Rouille;;train;Rouille;2024:03:19;11:29:56;nan;11;Féverole_Rouille
Ifv00474;../data/Bousset2_data/Images/Féverole/Rouille/Ifv00474.jpg;Féverole;Rouille;Féverole_Rouille;Féverole;UROMVF;Uromyces fabae;Rouille;;train;Rouille;2024:03:19;11:30:32;nan;11;Féverole_Rouille
Ifv00499;../data/Bousset2_data/Images/Féverole/Rouille/Ifv00499.jpg;Féverole;Rouille;Féverole_Rouille;Féverole;UROMVF;Uromyces fabae;Rouille;;train;Rouille;2024:03:19;11:33:46;nan;11;Féverole_Rouille
Ifv00501;../data/Bousset2_data/Images/Féverole/Rouille/Ifv00501.jpg;Féverole;Rouille;Féverole_Rouille;Féverole;UROMVF;Uromyces fabae;Rouille;;train;Rouille;2024:03:19;11:34:51;nan;11;Féverole_Rouille
Ifv00582;../data/Bousset2_data/Images/Féverole/Rouille/Ifv00582.jpg;Féverole;Rouille;Féverole_Rouille;Féverole;UROMVF;Uromyces fabae;Rouille;;train;Rouille;2024:03:19;11:47:19;nan;11;Féverole_Rouille
Ifv00585;../data/Bousset2_data/Images/Féverole/Rouille/Ifv00585.jpg;Féverole;Rouille;Féverole_Rouille;Féverole;UROMVF;Uromyces fabae;Rouille;;train;Rouille;2024:03:19;11:48:44;nan;11;Féverole_Rouille
Ifv00669;../data/Bousset2_data/Images/Féverole/Rouille/Ifv00669.jpg;Féverole;Rouille;Féverole_Rouille;Féverole;UROMVF;Uromyces fabae;Rouille;;train;Rouille;2024:03:19;11:58:04;nan;11;Féverole_Rouille
Ifv00696;../data/Bousset2_data/Images/Féverole/Rouille/Ifv00696.jpg;Féverole;Rouille;Féverole_Rouille;Féverole;UROMVF;Uromyces fabae;Rouille;;train;Rouille;2024:03:19;12:06:58;nan;11;Féverole_Rouille
Ifv00732;../data/Bousset2_data/Images/Féverole/Rouille/Ifv00732.jpg;Féverole;Rouille;Féverole_Rouille;Féverole;UROMVF;Uromyces fabae;Rouille;;train;Rouille;2024:03:19;12:10:31;nan;11;Féverole_Rouille
Ifv00733;../data/Bousset2_data/Images/Féverole/Rouille/Ifv00733.jpg;Féverole;Rouille;Féverole_Rouille;Féverole;UROMVF;Uromyces fabae;Rouille;;train;Rouille;2024:03:19;12:10:33;nan;11;Féverole_Rouille
Ifv00738;../data/Bousset2_data/Images/Féverole/Rouille/Ifv00738.jpg;Féverole;Rouille;Féverole_Rouille;Féverole;UROMVF;Uromyces fabae;Rouille;;train;Rouille;2024:03:19;12:11:16;nan;11;Féverole_Rouille
Ifv00742;../data/Bousset2_data/Images/Féverole/Rouille/Ifv00742.jpg;Féverole;Rouille;Féverole_Rouille;Féverole;UROMVF;Uromyces fabae;Rouille;;train;Rouille;2024:03:19;12:12:23;nan;11;Féverole_Rouille
Ifv00782;../data/Bousset2_data/Images/Féverole/Rouille/Ifv00782.jpg;Féverole;Rouille;Féverole_Rouille;Féverole;UROMVF;Uromyces fabae;Rouille;;train;Rouille;2024:03:20;15:11:54;nan;11;Féverole_Rouille
Ifv00968;../data/Bousset2_data/Images/Féverole/Rouille/Ifv00968.jpg;Féverole;Rouille;Féverole_Rouille;Féverole;UROMVF;Uromyces fabae;Rouille;;train;Rouille;2024:04:20;14:31:08;nan;11;Féverole_Rouille
Ifv00969;../data/Bousset2_data/Images/Féverole/Rouille/Ifv00969.jpg;Féverole;Rouille;Féverole_Rouille;Féverole;UROMVF;Uromyces fabae;Rouille;;train;Rouille;2024:04:20;14:31:14;nan;11;Féverole_Rouille
Ifv00971;../data/Bousset2_data/Images/Féverole/Rouille/Ifv00971.jpg;Féverole;Rouille;Féverole_Rouille;Féverole;UROMVF;Uromyces fabae;Rouille;;train;Rouille;2024:04:20;14:31:28;nan;11;Féverole_Rouille
Ifv00972;../data/Bousset2_data/Images/Féverole/Rouille/Ifv00972.jpg;Féverole;Rouille;Féverole_Rouille;Féverole;UROMVF;Uromyces fabae;Rouille;;train;Rouille;2024:04:20;14:31:45;nan;11;Féverole_Rouille
Ifv00973;../data/Bousset2_data/Images/Féverole/Rouille/Ifv00973.jpg;Féverole;Rouille;Féverole_Rouille;Féverole;UROMVF;Uromyces fabae;Rouille;;train;Rouille;2024:04:20;14:31:54;nan;11;Féverole_Rouille
Ifv00974;../data/Bousset2_data/Images/Féverole/Rouille/Ifv00974.jpg;Féverole;Rouille;Féverole_Rouille;Féverole;UROMVF;Uromyces fabae;Rouille;;train;Rouille;2024:04:20;14:32:18;nan;11;Féverole_Rouille
Ifv00975;../data/Bousset2_data/Images/Féverole/Rouille/Ifv00975.jpg;Féverole;Rouille;Féverole_Rouille;Féverole;UROMVF;Uromyces fabae;Rouille;;train;Rouille;2024:04:20;14:32:21;nan;11;Féverole_Rouille
Ifv00977;../data/Bousset2_data/Images/Féverole/Rouille/Ifv00977.jpg;Féverole;Rouille;Féverole_Rouille;Féverole;UROMVF;Uromyces fabae;Rouille;;train;Rouille;2024:04:20;14:32:38;nan;11;Féverole_Rouille
Ifv00978;../data/Bousset2_data/Images/Féverole/Rouille/Ifv00978.jpg;Féverole;Rouille;Féverole_Rouille;Féverole;UROMVF;Uromyces fabae;Rouille;;train;Rouille;2024:04:20;14:32:40;nan;11;Féverole_Rouille
Ifv00979;../data/Bousset2_data/Images/Féverole/Rouille/Ifv00979.jpg;Féverole;Rouille;Féverole_Rouille;Féverole;UROMVF;Uromyces fabae;Rouille;;train;Rouille;2024:04:20;14:32:46;nan;11;Féverole_Rouille
Ifv00981;../data/Bousset2_data/Images/Féverole/Rouille/Ifv00981.jpg;Féverole;Rouille;Féverole_Rouille;Féverole;UROMVF;Uromyces fabae;Rouille;;train;Rouille;2024:04:20;14:34:14;nan;11;Féverole_Rouille
Ifv00982;../data/Bousset2_data/Images/Féverole/Rouille/Ifv00982.jpg;Féverole;Rouille;Féverole_Rouille;Féverole;UROMVF;Uromyces fabae;Rouille;;train;Rouille;2024:04:20;14:34:17;nan;11;Féverole_Rouille
Ifv00983;../data/Bousset2_data/Images/Féverole/Rouille/Ifv00983.jpg;Féverole;Rouille;Féverole_Rouille;Féverole;UROMVF;Uromyces fabae;Rouille;;train;Rouille;2024:04:20;14:34:21;nan;11;Féverole_Rouille
Ifv00985;../data/Bousset2_data/Images/Féverole/Rouille/Ifv00985.jpg;Féverole;Rouille;Féverole_Rouille;Féverole;UROMVF;Uromyces fabae;Rouille;;train;Rouille;2024:04:20;14:34:30;nan;11;Féverole_Rouille
Ifv00987;../data/Bousset2_data/Images/Féverole/Rouille/Ifv00987.jpg;Féverole;Rouille;Féverole_Rouille;Féverole;UROMVF;Uromyces fabae;Rouille;;train;Rouille;2024:04:20;14:35:39;nan;11;Féverole_Rouille
Ifv00988;../data/Bousset2_data/Images/Féverole/Rouille/Ifv00988.jpg;Féverole;Rouille;Féverole_Rouille;Féverole;UROMVF;Uromyces fabae;Rouille;;train;Rouille;2024:04:20;14:35:54;nan;11;Féverole_Rouille
Ifv00989;../data/Bousset2_data/Images/Féverole/Rouille/Ifv00989.jpg;Féverole;Rouille;Féverole_Rouille;Féverole;UROMVF;Uromyces fabae;Rouille;;train;Rouille;2024:04:20;14:35:57;nan;11;Féverole_Rouille
Ifv00991;../data/Bousset2_data/Images/Féverole/Rouille/Ifv00991.jpg;Féverole;Rouille;Féverole_Rouille;Féverole;UROMVF;Uromyces fabae;Rouille;;train;Rouille;2024:04:20;14:36:13;nan;11;Féverole_Rouille
Ifv00992;../data/Bousset2_data/Images/Féverole/Rouille/Ifv00992.jpg;Féverole;Rouille;Féverole_Rouille;Féverole;UROMVF;Uromyces fabae;Rouille;;train;Rouille;2024:04:20;14:37:05;nan;11;Féverole_Rouille
Ifv00993;../data/Bousset2_data/Images/Féverole/Rouille/Ifv00993.jpg;Féverole;Rouille;Féverole_Rouille;Féverole;UROMVF;Uromyces fabae;Rouille;;train;Rouille;2024:04:20;14:37:13;nan;11;Féverole_Rouille
Ifv00994;../data/Bousset2_data/Images/Féverole/Rouille/Ifv00994.jpg;Féverole;Rouille;Féverole_Rouille;Féverole;UROMVF;Uromyces fabae;Rouille;;train;Rouille;2024:04:20;14:38:13;nan;11;Féverole_Rouille
Ifv00995;../data/Bousset2_data/Images/Féverole/Rouille/Ifv00995.jpg;Féverole;Rouille;Féverole_Rouille;Féverole;UROMVF;Uromyces fabae;Rouille;;train;Rouille;2024:04:20;14:38:17;nan;11;Féverole_Rouille
Ifv00996;../data/Bousset2_data/Images/Féverole/Rouille/Ifv00996.jpg;Féverole;Rouille;Féverole_Rouille;Féverole;UROMVF;Uromyces fabae;Rouille;;train;Rouille;2024:04:20;14:38:27;nan;11;Féverole_Rouille
Ifv00997;../data/Bousset2_data/Images/Féverole/Rouille/Ifv00997.jpg;Féverole;Rouille;Féverole_Rouille;Féverole;UROMVF;Uromyces fabae;Rouille;;train;Rouille;2024:04:20;14:38:35;nan;11;Féverole_Rouille
Ifv00998;../data/Bousset2_data/Images/Féverole/Rouille/Ifv00998.jpg;Féverole;Rouille;Féverole_Rouille;Féverole;UROMVF;Uromyces fabae;Rouille;;train;Rouille;2024:04:20;14:38:44;nan;11;Féverole_Rouille
Ifv00999;../data/Bousset2_data/Images/Féverole/Rouille/Ifv00999.jpg;Féverole;Rouille;Féverole_Rouille;Féverole;UROMVF;Uromyces fabae;Rouille;;train;Rouille;2024:04:20;14:38:48;nan;11;Féverole_Rouille
Ifv01000;../data/Bousset2_data/Images/Féverole/Rouille/Ifv01000.jpg;Féverole;Rouille;Féverole_Rouille;Féverole;UROMVF;Uromyces fabae;Rouille;;train;Rouille;2024:04:20;14:44:33;nan;11;Féverole_Rouille
Ifv01001;../data/Bousset2_data/Images/Féverole/Rouille/Ifv01001.jpg;Féverole;Rouille;Féverole_Rouille;Féverole;UROMVF;Uromyces fabae;Rouille;;train;Rouille;2024:04:20;14:44:42;nan;11;Féverole_Rouille
Ifv01106;../data/Bousset2_data/Images/Féverole/Rouille/Ifv01106.jpg;Féverole;Rouille;Féverole_Rouille;Féverole;UROMVF;Uromyces fabae;Rouille;;train;Rouille;2024:04:22;12:18:33;nan;11;Féverole_Rouille
Ifv01129;../data/Bousset2_data/Images/Féverole/Rouille/Ifv01129.jpg;Féverole;Rouille;Féverole_Rouille;Féverole;UROMVF;Uromyces fabae;Rouille;;train;Rouille;2024:04:22;12:20:56;nan;11;Féverole_Rouille
Ifv01195;../data/Bousset2_data/Images/Féverole/Rouille/Ifv01195.jpg;Féverole;Rouille;Féverole_Rouille;Féverole;UROMVF;Uromyces fabae;Rouille;;train;Rouille;2024:04:22;12:29:20;nan;11;Féverole_Rouille
Ifv01196;../data/Bousset2_data/Images/Féverole/Rouille/Ifv01196.jpg;Féverole;Rouille;Féverole_Rouille;Féverole;UROMVF;Uromyces fabae;Rouille;;train;Rouille;2024:04:22;12:29:22;nan;11;Féverole_Rouille
Ifv01234;../data/Bousset2_data/Images/Féverole/Rouille/Ifv01234.jpg;Féverole;Rouille;Féverole_Rouille;Féverole;UROMVF;Uromyces fabae;Rouille;;train;Rouille;2024:04:22;12:33:00;nan;11;Féverole_Rouille
Ifv01241;../data/Bousset2_data/Images/Féverole/Rouille/Ifv01241.jpg;Féverole;Rouille;Féverole_Rouille;Féverole;UROMVF;Uromyces fabae;Rouille;;train;Rouille;2024:04:22;12:33:39;nan;11;Féverole_Rouille
Ifv01244;../data/Bousset2_data/Images/Féverole/Rouille/Ifv01244.jpg;Féverole;Rouille;Féverole_Rouille;Féverole;UROMVF;Uromyces fabae;Rouille;;train;Rouille;2024:04:22;12:34:18;nan;11;Féverole_Rouille
Ifv01256;../data/Bousset2_data/Images/Féverole/Rouille/Ifv01256.jpg;Féverole;Rouille;Féverole_Rouille;Féverole;UROMVF;Uromyces fabae;Rouille;;train;Rouille;2024:04:22;12:36:18;nan;11;Féverole_Rouille
Ifv01257;../data/Bousset2_data/Images/Féverole/Rouille/Ifv01257.jpg;Féverole;Rouille;Féverole_Rouille;Féverole;UROMVF;Uromyces fabae;Rouille;;train;Rouille;2024:04:22;12:36:22;nan;11;Féverole_Rouille
Ifv01260;../data/Bousset2_data/Images/Féverole/Rouille/Ifv01260.jpg;Féverole;Rouille;Féverole_Rouille;Féverole;UROMVF;Uromyces fabae;Rouille;;train;Rouille;2024:04:22;12:36:32;nan;11;Féverole_Rouille
Ifv01261;../data/Bousset2_data/Images/Féverole/Rouille/Ifv01261.jpg;Féverole;Rouille;Féverole_Rouille;Féverole;UROMVF;Uromyces fabae;Rouille;;train;Rouille;2024:04:22;12:36:34;nan;11;Féverole_Rouille
Ifv01262;../data/Bousset2_data/Images/Féverole/Rouille/Ifv01262.jpg;Féverole;Rouille;Féverole_Rouille;Féverole;UROMVF;Uromyces fabae;Rouille;;train;Rouille;2024:04:22;12:36:41;nan;11;Féverole_Rouille
Ifv01268;../data/Bousset2_data/Images/Féverole/Rouille/Ifv01268.jpg;Féverole;Rouille;Féverole_Rouille;Féverole;UROMVF;Uromyces fabae;Rouille;;train;Rouille;2024:04:22;12:37:21;nan;11;Féverole_Rouille
Ifv01272;../data/Bousset2_data/Images/Féverole/Rouille/Ifv01272.jpg;Féverole;Rouille;Féverole_Rouille;Féverole;UROMVF;Uromyces fabae;Rouille;;train;Rouille;2024:04:22;12:37:36;nan;11;Féverole_Rouille
Ifv01275;../data/Bousset2_data/Images/Féverole/Rouille/Ifv01275.jpg;Féverole;Rouille;Féverole_Rouille;Féverole;UROMVF;Uromyces fabae;Rouille;;train;Rouille;2024:04:22;12:37:51;nan;11;Féverole_Rouille
Ifv01276;../data/Bousset2_data/Images/Féverole/Rouille/Ifv01276.jpg;Féverole;Rouille;Féverole_Rouille;Féverole;UROMVF;Uromyces fabae;Rouille;;train;Rouille;2024:04:22;12:37:53;nan;11;Féverole_Rouille
Ifv01280;../data/Bousset2_data/Images/Féverole/Rouille/Ifv01280.jpg;Féverole;Rouille;Féverole_Rouille;Féverole;UROMVF;Uromyces fabae;Rouille;;train;Rouille;2024:04:22;12:38:26;nan;11;Féverole_Rouille
Ifv01281;../data/Bousset2_data/Images/Féverole/Rouille/Ifv01281.jpg;Féverole;Rouille;Féverole_Rouille;Féverole;UROMVF;Uromyces fabae;Rouille;;train;Rouille;2024:04:22;12:38:28;nan;11;Féverole_Rouille
Ifv01282;../data/Bousset2_data/Images/Féverole/Rouille/Ifv01282.jpg;Féverole;Rouille;Féverole_Rouille;Féverole;UROMVF;Uromyces fabae;Rouille;;train;Rouille;2024:04:22;12:38:30;nan;11;Féverole_Rouille
Ifv01284;../data/Bousset2_data/Images/Féverole/Rouille/Ifv01284.jpg;Féverole;Rouille;Féverole_Rouille;Féverole;UROMVF;Uromyces fabae;Rouille;;train;Rouille;2024:04:22;12:38:55;nan;11;Féverole_Rouille
Ifv01285;../data/Bousset2_data/Images/Féverole/Rouille/Ifv01285.jpg;Féverole;Rouille;Féverole_Rouille;Féverole;UROMVF;Uromyces fabae;Rouille;;train;Rouille;2024:04:22;12:38:59;nan;11;Féverole_Rouille
Ifv01286;../data/Bousset2_data/Images/Féverole/Rouille/Ifv01286.jpg;Féverole;Rouille;Féverole_Rouille;Féverole;UROMVF;Uromyces fabae;Rouille;;train;Rouille;2024:04:22;12:39:03;nan;11;Féverole_Rouille
Ifv01287;../data/Bousset2_data/Images/Féverole/Rouille/Ifv01287.jpg;Féverole;Rouille;Féverole_Rouille;Féverole;UROMVF;Uromyces fabae;Rouille;;train;Rouille;2024:04:22;12:39:08;nan;11;Féverole_Rouille
Ifv01288;../data/Bousset2_data/Images/Féverole/Rouille/Ifv01288.jpg;Féverole;Rouille;Féverole_Rouille;Féverole;UROMVF;Uromyces fabae;Rouille;;train;Rouille;2024:04:22;12:39:14;nan;11;Féverole_Rouille
Ifv01308;../data/Bousset2_data/Images/Féverole/Rouille/Ifv01308.jpg;Féverole;Rouille;Féverole_Rouille;Féverole;UROMVF;Uromyces fabae;Rouille;;train;Rouille;2024:04:22;12:42:16;nan;11;Féverole_Rouille
Ifv01309;../data/Bousset2_data/Images/Féverole/Rouille/Ifv01309.jpg;Féverole;Rouille;Féverole_Rouille;Féverole;UROMVF;Uromyces fabae;Rouille;;train;Rouille;2024:04:22;12:42:22;nan;11;Féverole_Rouille
Ifv01325;../data/Bousset2_data/Images/Féverole/Rouille/Ifv01325.jpg;Féverole;Rouille;Féverole_Rouille;Féverole;UROMVF;Uromyces fabae;Rouille;;train;Rouille;2024:04:22;12:45:36;nan;11;Féverole_Rouille
Ifv01328;../data/Bousset2_data/Images/Féverole/Rouille/Ifv01328.jpg;Féverole;Rouille;Féverole_Rouille;Féverole;UROMVF;Uromyces fabae;Rouille;;train;Rouille;2024:04:22;12:46:14;nan;11;Féverole_Rouille
Ifv01330;../data/Bousset2_data/Images/Féverole/Rouille/Ifv01330.jpg;Féverole;Rouille;Féverole_Rouille;Féverole;UROMVF;Uromyces fabae;Rouille;;train;Rouille;2024:04:22;12:46:44;nan;11;Féverole_Rouille
Ifv01331;../data/Bousset2_data/Images/Féverole/Rouille/Ifv01331.jpg;Féverole;Rouille;Féverole_Rouille;Féverole;UROMVF;Uromyces fabae;Rouille;;train;Rouille;2024:04:22;12:46:46;nan;11;Féverole_Rouille
Ifv01332;../data/Bousset2_data/Images/Féverole/Rouille/Ifv01332.jpg;Féverole;Rouille;Féverole_Rouille;Féverole;UROMVF;Uromyces fabae;Rouille;;train;Rouille;2024:04:22;12:46:48;nan;11;Féverole_Rouille
Ifv01333;../data/Bousset2_data/Images/Féverole/Rouille/Ifv01333.jpg;Féverole;Rouille;Féverole_Rouille;Féverole;UROMVF;Uromyces fabae;Rouille;;train;Rouille;2024:04:22;12:46:50;nan;11;Féverole_Rouille
Ifv01334;../data/Bousset2_data/Images/Féverole/Rouille/Ifv01334.jpg;Féverole;Rouille;Féverole_Rouille;Féverole;UROMVF;Uromyces fabae;Rouille;;train;Rouille;2024:04:22;12:47:10;nan;11;Féverole_Rouille
Ifv01335;../data/Bousset2_data/Images/Féverole/Rouille/Ifv01335.jpg;Féverole;Rouille;Féverole_Rouille;Féverole;UROMVF;Uromyces fabae;Rouille;;train;Rouille;2024:04:22;12:47:12;nan;11;Féverole_Rouille
Ifv01337;../data/Bousset2_data/Images/Féverole/Rouille/Ifv01337.jpg;Féverole;Rouille;Féverole_Rouille;Féverole;UROMVF;Uromyces fabae;Rouille;;train;Rouille;2024:04:22;12:47:24;nan;11;Féverole_Rouille
Ifv01392;../data/Bousset2_data/Images/Féverole/Rouille/Ifv01392.jpg;Féverole;Rouille;Féverole_Rouille;Féverole;UROMVF;Uromyces fabae;Rouille;;train;Rouille;2024:05:03;12:58:33;nan;11;Féverole_Rouille
Ifv01393;../data/Bousset2_data/Images/Féverole/Rouille/Ifv01393.jpg;Féverole;Rouille;Féverole_Rouille;Féverole;UROMVF;Uromyces fabae;Rouille;;train;Rouille;2024:05:03;12:58:38;nan;11;Féverole_Rouille
Ifv01395;../data/Bousset2_data/Images/Féverole/Rouille/Ifv01395.jpg;Féverole;Rouille;Féverole_Rouille;Féverole;UROMVF;Uromyces fabae;Rouille;;train;Rouille;2024:05:03;12:59:04;nan;11;Féverole_Rouille
Ifv01396;../data/Bousset2_data/Images/Féverole/Rouille/Ifv01396.jpg;Féverole;Rouille;Féverole_Rouille;Féverole;UROMVF;Uromyces fabae;Rouille;;train;Rouille;2024:05:03;12:59:15;nan;11;Féverole_Rouille
Ifv01397;../data/Bousset2_data/Images/Féverole/Rouille/Ifv01397.jpg;Féverole;Rouille;Féverole_Rouille;Féverole;UROMVF;Uromyces fabae;Rouille;;train;Rouille;2024:05:03;12:59:22;nan;11;Féverole_Rouille
Ifv01398;../data/Bousset2_data/Images/Féverole/Rouille/Ifv01398.jpg;Féverole;Rouille;Féverole_Rouille;Féverole;UROMVF;Uromyces fabae;Rouille;;train;Rouille;2024:05:03;12:59:30;nan;11;Féverole_Rouille
Ifv01400;../data/Bousset2_data/Images/Féverole/Rouille/Ifv01400.jpg;Féverole;Rouille;Féverole_Rouille;Féverole;UROMVF;Uromyces fabae;Rouille;;train;Rouille;2024:05:03;12:59:34;nan;11;Féverole_Rouille
Ifv01401;../data/Bousset2_data/Images/Féverole/Rouille/Ifv01401.jpg;Féverole;Rouille;Féverole_Rouille;Féverole;UROMVF;Uromyces fabae;Rouille;;train;Rouille;2024:05:03;12:59:36;nan;11;Féverole_Rouille
Ifv01402;../data/Bousset2_data/Images/Féverole/Rouille/Ifv01402.jpg;Féverole;Rouille;Féverole_Rouille;Féverole;UROMVF;Uromyces fabae;Rouille;;train;Rouille;2024:05:03;12:59:56;nan;11;Féverole_Rouille
Ifv01403;../data/Bousset2_data/Images/Féverole/Rouille/Ifv01403.jpg;Féverole;Rouille;Féverole_Rouille;Féverole;UROMVF;Uromyces fabae;Rouille;;train;Rouille;2024:05:03;12:59:59;nan;11;Féverole_Rouille
Ifv01405;../data/Bousset2_data/Images/Féverole/Rouille/Ifv01405.jpg;Féverole;Rouille;Féverole_Rouille;Féverole;UROMVF;Uromyces fabae;Rouille;;train;Rouille;2024:05:03;13:00:03;nan;11;Féverole_Rouille
Ifv01406;../data/Bousset2_data/Images/Féverole/Rouille/Ifv01406.jpg;Féverole;Rouille;Féverole_Rouille;Féverole;UROMVF;Uromyces fabae;Rouille;;train;Rouille;2024:05:03;13:00:07;nan;11;Féverole_Rouille
Ifv01407;../data/Bousset2_data/Images/Féverole/Rouille/Ifv01407.jpg;Féverole;Rouille;Féverole_Rouille;Féverole;UROMVF;Uromyces fabae;Rouille;;train;Rouille;2024:05:03;13:00:08;nan;11;Féverole_Rouille
Ifv01408;../data/Bousset2_data/Images/Féverole/Rouille/Ifv01408.jpg;Féverole;Rouille;Féverole_Rouille;Féverole;UROMVF;Uromyces fabae;Rouille;;train;Rouille;2024:05:03;13:00:10;nan;11;Féverole_Rouille
Ifv01410;../data/Bousset2_data/Images/Féverole/Rouille/Ifv01410.jpg;Féverole;Rouille;Féverole_Rouille;Féverole;UROMVF;Uromyces fabae;Rouille;;train;Rouille;2024:05:03;13:00:17;nan;11;Féverole_Rouille
Ifv01411;../data/Bousset2_data/Images/Féverole/Rouille/Ifv01411.jpg;Féverole;Rouille;Féverole_Rouille;Féverole;UROMVF;Uromyces fabae;Rouille;;train;Rouille;2024:05:03;13:00:19;nan;11;Féverole_Rouille
Ifv01413;../data/Bousset2_data/Images/Féverole/Rouille/Ifv01413.jpg;Féverole;Rouille;Féverole_Rouille;Féverole;UROMVF;Uromyces fabae;Rouille;;train;Rouille;2024:05:03;13:00:25;nan;11;Féverole_Rouille
Ifv01414;../data/Bousset2_data/Images/Féverole/Rouille/Ifv01414.jpg;Féverole;Rouille;Féverole_Rouille;Féverole;UROMVF;Uromyces fabae;Rouille;;train;Rouille;2024:05:03;13:00:28;nan;11;Féverole_Rouille
Ifv01415;../data/Bousset2_data/Images/Féverole/Rouille/Ifv01415.jpg;Féverole;Rouille;Féverole_Rouille;Féverole;UROMVF;Uromyces fabae;Rouille;;train;Rouille;2024:05:03;13:00:32;nan;11;Féverole_Rouille
Ifv01416;../data/Bousset2_data/Images/Féverole/Rouille/Ifv01416.jpg;Féverole;Rouille;Féverole_Rouille;Féverole;UROMVF;Uromyces fabae;Rouille;;train;Rouille;2024:05:03;13:00:39;nan;11;Féverole_Rouille
Ifv01417;../data/Bousset2_data/Images/Féverole/Rouille/Ifv01417.jpg;Féverole;Rouille;Féverole_Rouille;Féverole;UROMVF;Uromyces fabae;Rouille;;train;Rouille;2024:05:03;13:00:40;nan;11;Féverole_Rouille
Ifv01418;../data/Bousset2_data/Images/Féverole/Rouille/Ifv01418.jpg;Féverole;Rouille;Féverole_Rouille;Féverole;UROMVF;Uromyces fabae;Rouille;;train;Rouille;2024:05:03;13:00:42;nan;11;Féverole_Rouille
Ifv01419;../data/Bousset2_data/Images/Féverole/Rouille/Ifv01419.jpg;Féverole;Rouille;Féverole_Rouille;Féverole;UROMVF;Uromyces fabae;Rouille;;train;Rouille;2024:05:03;13:00:44;nan;11;Féverole_Rouille
Ifv01420;../data/Bousset2_data/Images/Féverole/Rouille/Ifv01420.jpg;Féverole;Rouille;Féverole_Rouille;Féverole;UROMVF;Uromyces fabae;Rouille;;train;Rouille;2024:05:03;13:00:56;nan;11;Féverole_Rouille
Ifv01421;../data/Bousset2_data/Images/Féverole/Rouille/Ifv01421.jpg;Féverole;Rouille;Féverole_Rouille;Féverole;UROMVF;Uromyces fabae;Rouille;;train;Rouille;2024:05:03;13:00:58;nan;11;Féverole_Rouille
Ifv01422;../data/Bousset2_data/Images/Féverole/Rouille/Ifv01422.jpg;Féverole;Rouille;Féverole_Rouille;Féverole;UROMVF;Uromyces fabae;Rouille;;train;Rouille;2024:05:03;13:01:00;nan;11;Féverole_Rouille
Ifv01423;../data/Bousset2_data/Images/Féverole/Rouille/Ifv01423.jpg;Féverole;Rouille;Féverole_Rouille;Féverole;UROMVF;Uromyces fabae;Rouille;;train;Rouille;2024:05:03;13:01:01;nan;11;Féverole_Rouille
Ifv01424;../data/Bousset2_data/Images/Féverole/Rouille/Ifv01424.jpg;Féverole;Rouille;Féverole_Rouille;Féverole;UROMVF;Uromyces fabae;Rouille;;train;Rouille;2024:05:03;13:01:03;nan;11;Féverole_Rouille
Ifv01425;../data/Bousset2_data/Images/Féverole/Rouille/Ifv01425.jpg;Féverole;Rouille;Féverole_Rouille;Féverole;UROMVF;Uromyces fabae;Rouille;;train;Rouille;2024:05:03;13:01:06;nan;11;Féverole_Rouille
Ifv01426;../data/Bousset2_data/Images/Féverole/Rouille/Ifv01426.jpg;Féverole;Rouille;Féverole_Rouille;Féverole;UROMVF;Uromyces fabae;Rouille;;train;Rouille;2024:05:03;13:01:13;nan;11;Féverole_Rouille
Ifv01427;../data/Bousset2_data/Images/Féverole/Rouille/Ifv01427.jpg;Féverole;Rouille;Féverole_Rouille;Féverole;UROMVF;Uromyces fabae;Rouille;;train;Rouille;2024:05:03;13:01:15;nan;11;Féverole_Rouille
Ifv01428;../data/Bousset2_data/Images/Féverole/Rouille/Ifv01428.jpg;Féverole;Rouille;Féverole_Rouille;Féverole;UROMVF;Uromyces fabae;Rouille;;train;Rouille;2024:05:03;13:01:17;nan;11;Féverole_Rouille
Ifv01429;../data/Bousset2_data/Images/Féverole/Rouille/Ifv01429.jpg;Féverole;Rouille;Féverole_Rouille;Féverole;UROMVF;Uromyces fabae;Rouille;;train;Rouille;2024:05:03;13:01:20;nan;11;Féverole_Rouille
Ifv01430;../data/Bousset2_data/Images/Féverole/Rouille/Ifv01430.jpg;Féverole;Rouille;Féverole_Rouille;Féverole;UROMVF;Uromyces fabae;Rouille;;train;Rouille;2024:05:03;13:01:24;nan;11;Féverole_Rouille
Ifv01431;../data/Bousset2_data/Images/Féverole/Rouille/Ifv01431.jpg;Féverole;Rouille;Féverole_Rouille;Féverole;UROMVF;Uromyces fabae;Rouille;;train;Rouille;2024:05:03;13:01:32;nan;11;Féverole_Rouille
Ifv01432;../data/Bousset2_data/Images/Féverole/Rouille/Ifv01432.jpg;Féverole;Rouille;Féverole_Rouille;Féverole;UROMVF;Uromyces fabae;Rouille;;train;Rouille;2024:05:03;13:01:35;nan;11;Féverole_Rouille
Ifv01434;../data/Bousset2_data/Images/Féverole/Rouille/Ifv01434.jpg;Féverole;Rouille;Féverole_Rouille;Féverole;UROMVF;Uromyces fabae;Rouille;;train;Rouille;2024:05:03;13:01:43;nan;11;Féverole_Rouille
Ifv01435;../data/Bousset2_data/Images/Féverole/Rouille/Ifv01435.jpg;Féverole;Rouille;Féverole_Rouille;Féverole;UROMVF;Uromyces fabae;Rouille;;train;Rouille;2024:05:03;13:01:45;nan;11;Féverole_Rouille
Ifv01436;../data/Bousset2_data/Images/Féverole/Rouille/Ifv01436.jpg;Féverole;Rouille;Féverole_Rouille;Féverole;UROMVF;Uromyces fabae;Rouille;;train;Rouille;2024:05:03;13:01:49;nan;11;Féverole_Rouille
Ifv01440;../data/Bousset2_data/Images/Féverole/Rouille/Ifv01440.jpg;Féverole;Rouille;Féverole_Rouille;Féverole;UROMVF;Uromyces fabae;Rouille;;train;Rouille;2024:05:03;13:02:02;nan;11;Féverole_Rouille
Ifv01442;../data/Bousset2_data/Images/Féverole/Rouille/Ifv01442.jpg;Féverole;Rouille;Féverole_Rouille;Féverole;UROMVF;Uromyces fabae;Rouille;;train;Rouille;2024:05:03;13:02:19;nan;11;Féverole_Rouille
Ifv01445;../data/Bousset2_data/Images/Féverole/Rouille/Ifv01445.jpg;Féverole;Rouille;Féverole_Rouille;Féverole;UROMVF;Uromyces fabae;Rouille;;train;Rouille;2024:05:03;13:02:26;nan;11;Féverole_Rouille
Ifv01448;../data/Bousset2_data/Images/Féverole/Rouille/Ifv01448.jpg;Féverole;Rouille;Féverole_Rouille;Féverole;UROMVF;Uromyces fabae;Rouille;;train;Rouille;2024:05:03;13:03:03;nan;11;Féverole_Rouille
Ifv01451;../data/Bousset2_data/Images/Féverole/Rouille/Ifv01451.jpg;Féverole;Rouille;Féverole_Rouille;Féverole;UROMVF;Uromyces fabae;Rouille;;train;Rouille;2024:05:03;13:03:14;nan;11;Féverole_Rouille
Ifv01454;../data/Bousset2_data/Images/Féverole/Rouille/Ifv01454.jpg;Féverole;Rouille;Féverole_Rouille;Féverole;UROMVF;Uromyces fabae;Rouille;;train;Rouille;2024:05:03;13:03:25;nan;11;Féverole_Rouille
Ifv01467;../data/Bousset2_data/Images/Féverole/Rouille/Ifv01467.jpg;Féverole;Rouille;Féverole_Rouille;Féverole;UROMVF;Uromyces fabae;Rouille;;train;Rouille;2024:05:03;13:05:00;nan;11;Féverole_Rouille
Ifv01503;../data/Bousset2_data/Images/Féverole/Rouille/Ifv01503.jpg;Féverole;Rouille;Féverole_Rouille;Féverole;UROMVF;Uromyces fabae;Rouille;;train;Rouille;2024:05:03;13:07:53;nan;11;Féverole_Rouille
Ifv01507;../data/Bousset2_data/Images/Féverole/Rouille/Ifv01507.jpg;Féverole;Rouille;Féverole_Rouille;Féverole;UROMVF;Uromyces fabae;Rouille;;train;Rouille;2024:05:03;13:08:13;nan;11;Féverole_Rouille
Ifv01508;../data/Bousset2_data/Images/Féverole/Rouille/Ifv01508.jpg;Féverole;Rouille;Féverole_Rouille;Féverole;UROMVF;Uromyces fabae;Rouille;;train;Rouille;2024:05:03;13:08:15;nan;11;Féverole_Rouille
Ifv01510;../data/Bousset2_data/Images/Féverole/Rouille/Ifv01510.jpg;Féverole;Rouille;Féverole_Rouille;Féverole;UROMVF;Uromyces fabae;Rouille;;train;Rouille;2024:05:03;13:08:19;nan;11;Féverole_Rouille
Ifv01512;../data/Bousset2_data/Images/Féverole/Rouille/Ifv01512.jpg;Féverole;Rouille;Féverole_Rouille;Féverole;UROMVF;Uromyces fabae;Rouille;;train;Rouille;2024:05:03;13:08:25;nan;11;Féverole_Rouille
Ifv01526;../data/Bousset2_data/Images/Féverole/Rouille/Ifv01526.jpg;Féverole;Rouille;Féverole_Rouille;Féverole;UROMVF;Uromyces fabae;Rouille;;train;Rouille;2024:05:03;13:09:40;nan;11;Féverole_Rouille
Ifv01543;../data/Bousset2_data/Images/Féverole/Rouille/Ifv01543.jpg;Féverole;Rouille;Féverole_Rouille;Féverole;UROMVF;Uromyces fabae;Rouille;;train;Rouille;2024:05:16;12:48:48;nan;11;Féverole_Rouille
Ifv01544;../data/Bousset2_data/Images/Féverole/Rouille/Ifv01544.jpg;Féverole;Rouille;Féverole_Rouille;Féverole;UROMVF;Uromyces fabae;Rouille;;train;Rouille;2024:05:16;12:48:53;nan;11;Féverole_Rouille
Ifv01545;../data/Bousset2_data/Images/Féverole/Rouille/Ifv01545.jpg;Féverole;Rouille;Féverole_Rouille;Féverole;UROMVF;Uromyces fabae;Rouille;;train;Rouille;2024:05:16;12:48:56;nan;11;Féverole_Rouille
Ifv01550;../data/Bousset2_data/Images/Féverole/Rouille/Ifv01550.jpg;Féverole;Rouille;Féverole_Rouille;Féverole;UROMVF;Uromyces fabae;Rouille;;train;Rouille;2024:05:16;12:49:22;nan;11;Féverole_Rouille
Ifv01551;../data/Bousset2_data/Images/Féverole/Rouille/Ifv01551.jpg;Féverole;Rouille;Féverole_Rouille;Féverole;UROMVF;Uromyces fabae;Rouille;;train;Rouille;2024:05:16;12:49:29;nan;11;Féverole_Rouille
Ifv01552;../data/Bousset2_data/Images/Féverole/Rouille/Ifv01552.jpg;Féverole;Rouille;Féverole_Rouille;Féverole;UROMVF;Uromyces fabae;Rouille;;train;Rouille;2024:05:16;12:49:36;nan;11;Féverole_Rouille
Ifv01553;../data/Bousset2_data/Images/Féverole/Rouille/Ifv01553.jpg;Féverole;Rouille;Féverole_Rouille;Féverole;UROMVF;Uromyces fabae;Rouille;;train;Rouille;2024:05:16;12:49:40;nan;11;Féverole_Rouille
Ifv01555;../data/Bousset2_data/Images/Féverole/Rouille/Ifv01555.jpg;Féverole;Rouille;Féverole_Rouille;Féverole;UROMVF;Uromyces fabae;Rouille;;train;Rouille;2024:05:16;12:49:51;nan;11;Féverole_Rouille
Ifv01560;../data/Bousset2_data/Images/Féverole/Rouille/Ifv01560.jpg;Féverole;Rouille;Féverole_Rouille;Féverole;UROMVF;Uromyces fabae;Rouille;;train;Rouille;2024:05:16;12:50:12;nan;11;Féverole_Rouille
Ifv01567;../data/Bousset2_data/Images/Féverole/Rouille/Ifv01567.jpg;Féverole;Rouille;Féverole_Rouille;Féverole;UROMVF;Uromyces fabae;Rouille;;train;Rouille;2024:05:16;12:50:35;nan;11;Féverole_Rouille
Ifv01576;../data/Bousset2_data/Images/Féverole/Rouille/Ifv01576.jpg;Féverole;Rouille;Féverole_Rouille;Féverole;UROMVF;Uromyces fabae;Rouille;;train;Rouille;2024:05:16;12:51:32;nan;11;Féverole_Rouille
Ifv01580;../data/Bousset2_data/Images/Féverole/Rouille/Ifv01580.jpg;Féverole;Rouille;Féverole_Rouille;Féverole;UROMVF;Uromyces fabae;Rouille;;train;Rouille;2024:05:16;12:51:42;nan;11;Féverole_Rouille
Ifv01581;../data/Bousset2_data/Images/Féverole/Rouille/Ifv01581.jpg;Féverole;Rouille;Féverole_Rouille;Féverole;UROMVF;Uromyces fabae;Rouille;;train;Rouille;2024:05:16;12:51:45;nan;11;Féverole_Rouille
Ifv01588;../data/Bousset2_data/Images/Féverole/Rouille/Ifv01588.jpg;Féverole;Rouille;Féverole_Rouille;Féverole;UROMVF;Uromyces fabae;Rouille;;train;Rouille;2024:05:16;12:52:12;nan;11;Féverole_Rouille
Ifv01639;../data/Bousset2_data/Images/Féverole/Rouille/Ifv01639.jpg;Féverole;Rouille;Féverole_Rouille;Féverole;UROMVF;Uromyces fabae;Rouille;;train;Rouille;2024:05:16;12:55:31;nan;11;Féverole_Rouille
Ifv01686;../data/Bousset2_data/Images/Féverole/Rouille/Ifv01686.jpg;Féverole;Rouille;Féverole_Rouille;Féverole;UROMVF;Uromyces fabae;Rouille;;train;Rouille;2024:05:16;12:58:26;nan;11;Féverole_Rouille
Ifv01692;../data/Bousset2_data/Images/Féverole/Rouille/Ifv01692.jpg;Féverole;Rouille;Féverole_Rouille;Féverole;UROMVF;Uromyces fabae;Rouille;;train;Rouille;2024:05:16;12:58:44;nan;11;Féverole_Rouille
Ifv01693;../data/Bousset2_data/Images/Féverole/Rouille/Ifv01693.jpg;Féverole;Rouille;Féverole_Rouille;Féverole;UROMVF;Uromyces fabae;Rouille;;train;Rouille;2024:05:16;12:58:46;nan;11;Féverole_Rouille
Ifv01694;../data/Bousset2_data/Images/Féverole/Rouille/Ifv01694.jpg;Féverole;Rouille;Féverole_Rouille;Féverole;UROMVF;Uromyces fabae;Rouille;;train;Rouille;2024:05:16;12:58:47;nan;11;Féverole_Rouille
Ifv01695;../data/Bousset2_data/Images/Féverole/Rouille/Ifv01695.jpg;Féverole;Rouille;Féverole_Rouille;Féverole;UROMVF;Uromyces fabae;Rouille;;train;Rouille;2024:05:16;12:58:49;nan;11;Féverole_Rouille
Ifv01696;../data/Bousset2_data/Images/Féverole/Rouille/Ifv01696.jpg;Féverole;Rouille;Féverole_Rouille;Féverole;UROMVF;Uromyces fabae;Rouille;;train;Rouille;2024:05:16;12:58:51;nan;11;Féverole_Rouille
Ifv01698;../data/Bousset2_data/Images/Féverole/Rouille/Ifv01698.jpg;Féverole;Rouille;Féverole_Rouille;Féverole;UROMVF;Uromyces fabae;Rouille;;train;Rouille;2024:05:16;12:58:55;nan;11;Féverole_Rouille
Ifv01700;../data/Bousset2_data/Images/Féverole/Rouille/Ifv01700.jpg;Féverole;Rouille;Féverole_Rouille;Féverole;UROMVF;Uromyces fabae;Rouille;;train;Rouille;2024:05:16;12:59:03;nan;11;Féverole_Rouille
Ifv01703;../data/Bousset2_data/Images/Féverole/Rouille/Ifv01703.jpg;Féverole;Rouille;Féverole_Rouille;Féverole;UROMVF;Uromyces fabae;Rouille;;train;Rouille;2024:05:16;12:59:12;nan;11;Féverole_Rouille
Ifv01704;../data/Bousset2_data/Images/Féverole/Rouille/Ifv01704.jpg;Féverole;Rouille;Féverole_Rouille;Féverole;UROMVF;Uromyces fabae;Rouille;;train;Rouille;2024:05:16;12:59:14;nan;11;Féverole_Rouille
Ifv01717;../data/Bousset2_data/Images/Féverole/Rouille/Ifv01717.jpg;Féverole;Rouille;Féverole_Rouille;Féverole;UROMVF;Uromyces fabae;Rouille;;train;Rouille;2024:05:16;12:59:53;nan;11;Féverole_Rouille
Ifv01718;../data/Bousset2_data/Images/Féverole/Rouille/Ifv01718.jpg;Féverole;Rouille;Féverole_Rouille;Féverole;UROMVF;Uromyces fabae;Rouille;;train;Rouille;2024:05:16;13:00:02;nan;11;Féverole_Rouille
Ifv01719;../data/Bousset2_data/Images/Féverole/Rouille/Ifv01719.jpg;Féverole;Rouille;Féverole_Rouille;Féverole;UROMVF;Uromyces fabae;Rouille;;train;Rouille;2024:05:16;13:00:05;nan;11;Féverole_Rouille
Ifv01737;../data/Bousset2_data/Images/Féverole/Rouille/Ifv01737.jpg;Féverole;Rouille;Féverole_Rouille;Féverole;UROMVF;Uromyces fabae;Rouille;;train;Rouille;2024:05:16;13:01:00;nan;11;Féverole_Rouille
Ifv01864;../data/Bousset2_data/Images/Féverole/Rouille/Ifv01864.jpg;Féverole;Rouille;Féverole_Rouille;Féverole;UROMVF;Uromyces fabae;Rouille;;train;Rouille;2024:05:16;13:12:31;nan;11;Féverole_Rouille
Ifv01866;../data/Bousset2_data/Images/Féverole/Rouille/Ifv01866.jpg;Féverole;Rouille;Féverole_Rouille;Féverole;UROMVF;Uromyces fabae;Rouille;;train;Rouille;2024:05:16;13:12:35;nan;11;Féverole_Rouille
Ifv01869;../data/Bousset2_data/Images/Féverole/Rouille/Ifv01869.jpg;Féverole;Rouille;Féverole_Rouille;Féverole;UROMVF;Uromyces fabae;Rouille;;train;Rouille;2024:05:16;13:12:57;nan;11;Féverole_Rouille
Ifv01872;../data/Bousset2_data/Images/Féverole/Rouille/Ifv01872.jpg;Féverole;Rouille;Féverole_Rouille;Féverole;UROMVF;Uromyces fabae;Rouille;;train;Rouille;2024:05:16;13:13:19;nan;11;Féverole_Rouille
Ifv01874;../data/Bousset2_data/Images/Féverole/Rouille/Ifv01874.jpg;Féverole;Rouille;Féverole_Rouille;Féverole;UROMVF;Uromyces fabae;Rouille;;train;Rouille;2024:05:16;13:13:23;nan;11;Féverole_Rouille
Ifv01880;../data/Bousset2_data/Images/Féverole/Rouille/Ifv01880.jpg;Féverole;Rouille;Féverole_Rouille;Féverole;UROMVF;Uromyces fabae;Rouille;;train;Rouille;2024:05:16;13:13:50;nan;11;Féverole_Rouille
Ifv01905;../data/VAULT/Bousset2_data/Images/Féverole/Rouille/Ifv01905.jpg;Féverole;Rouille;Féverole_Rouille;Féverole;UROMVF;Uromyces fabae;Rouille;;vault;Rouille;2024:06:07;14:56:48;nan;11;Féverole_Rouille
Ifv01906;../data/VAULT/Bousset2_data/Images/Féverole/Rouille/Ifv01906.jpg;Féverole;Rouille;Féverole_Rouille;Féverole;UROMVF;Uromyces fabae;Rouille;;vault;Rouille;2024:06:07;14:57:12;nan;11;Féverole_Rouille
Ifv01907;../data/VAULT/Bousset2_data/Images/Féverole/Rouille/Ifv01907.jpg;Féverole;Rouille;Féverole_Rouille;Féverole;UROMVF;Uromyces fabae;Rouille;;vault;Rouille;2024:06:07;14:57:36;nan;11;Féverole_Rouille
Ifv01910;../data/VAULT/Bousset2_data/Images/Féverole/Rouille/Ifv01910.jpg;Féverole;Rouille;Féverole_Rouille;Féverole;UROMVF;Uromyces fabae;Rouille;;vault;Rouille;2024:06:07;14:58:34;nan;11;Féverole_Rouille
Ifv01911;../data/VAULT/Bousset2_data/Images/Féverole/Rouille/Ifv01911.jpg;Féverole;Rouille;Féverole_Rouille;Féverole;UROMVF;Uromyces fabae;Rouille;;vault;Rouille;2024:06:07;14:58:58;nan;11;Féverole_Rouille
Ifv01912;../data/VAULT/Bousset2_data/Images/Féverole/Rouille/Ifv01912.jpg;Féverole;Rouille;Féverole_Rouille;Féverole;UROMVF;Uromyces fabae;Rouille;;vault;Rouille;2024:06:07;14:59:20;nan;11;Féverole_Rouille
Ifv01915;../data/VAULT/Bousset2_data/Images/Féverole/Rouille/Ifv01915.jpg;Féverole;Rouille;Féverole_Rouille;Féverole;UROMVF;Uromyces fabae;Rouille;;vault;Rouille;2024:06:07;14:59:38;nan;11;Féverole_Rouille
Ifv01916;../data/VAULT/Bousset2_data/Images/Féverole/Rouille/Ifv01916.jpg;Féverole;Rouille;Féverole_Rouille;Féverole;UROMVF;Uromyces fabae;Rouille;;vault;Rouille;2024:06:07;14:59:43;nan;11;Féverole_Rouille
Ifv01917;../data/VAULT/Bousset2_data/Images/Féverole/Rouille/Ifv01917.jpg;Féverole;Rouille;Féverole_Rouille;Féverole;UROMVF;Uromyces fabae;Rouille;;vault;Rouille;2024:06:07;14:59:49;nan;11;Féverole_Rouille
Ifv01918;../data/VAULT/Bousset2_data/Images/Féverole/Rouille/Ifv01918.jpg;Féverole;Rouille;Féverole_Rouille;Féverole;UROMVF;Uromyces fabae;Rouille;;vault;Rouille;2024:06:07;14:59:51;nan;11;Féverole_Rouille
Ifv01919;../data/VAULT/Bousset2_data/Images/Féverole/Rouille/Ifv01919.jpg;Féverole;Rouille;Féverole_Rouille;Féverole;UROMVF;Uromyces fabae;Rouille;;vault;Rouille;2024:06:07;14:59:53;nan;11;Féverole_Rouille
Ifv01920;../data/VAULT/Bousset2_data/Images/Féverole/Rouille/Ifv01920.jpg;Féverole;Rouille;Féverole_Rouille;Féverole;UROMVF;Uromyces fabae;Rouille;;vault;Rouille;2024:06:07;15:00:10;nan;11;Féverole_Rouille
Ifv01921;../data/VAULT/Bousset2_data/Images/Féverole/Rouille/Ifv01921.jpg;Féverole;Rouille;Féverole_Rouille;Féverole;UROMVF;Uromyces fabae;Rouille;;vault;Rouille;2024:06:07;15:00:29;nan;11;Féverole_Rouille
Ifv01922;../data/VAULT/Bousset2_data/Images/Féverole/Rouille/Ifv01922.jpg;Féverole;Rouille;Féverole_Rouille;Féverole;UROMVF;Uromyces fabae;Rouille;;vault;Rouille;2024:06:07;15:01:46;nan;11;Féverole_Rouille
Ifv01924;../data/VAULT/Bousset2_data/Images/Féverole/Rouille/Ifv01924.jpg;Féverole;Rouille;Féverole_Rouille;Féverole;UROMVF;Uromyces fabae;Rouille;;vault;Rouille;2024:06:07;15:02:02;nan;11;Féverole_Rouille
Ifv01925;../data/VAULT/Bousset2_data/Images/Féverole/Rouille/Ifv01925.jpg;Féverole;Rouille;Féverole_Rouille;Féverole;UROMVF;Uromyces fabae;Rouille;;vault;Rouille;2024:06:07;15:02:46;nan;11;Féverole_Rouille
Ifv01928;../data/VAULT/Bousset2_data/Images/Féverole/Rouille/Ifv01928.jpg;Féverole;Rouille;Féverole_Rouille;Féverole;UROMVF;Uromyces fabae;Rouille;;vault;Rouille;2024:06:07;15:03:46;nan;11;Féverole_Rouille
Ifv01946;../data/Bousset2_data/Images/Féverole/Rouille/Ifv01946.jpg;Féverole;Rouille;Féverole_Rouille;Féverole;UROMVF;Uromyces fabae;Rouille;;train;Rouille;2024:06:27;12:34:06;nan;11;Féverole_Rouille
Ifv01949;../data/Bousset2_data/Images/Féverole/Rouille/Ifv01949.jpg;Féverole;Rouille;Féverole_Rouille;Féverole;UROMVF;Uromyces fabae;Rouille;;train;Rouille;2024:06:27;12:34:42;nan;11;Féverole_Rouille
Ifv02063;../data/Bousset2_data/Images/Féverole/Rouille/Ifv02063.jpg;Féverole;Rouille;Féverole_Rouille;Féverole;UROMVF;Uromyces fabae;Rouille;;train;Rouille;2024:07:01;12:23:03;nan;11;Féverole_Rouille
Ifv02071;../data/Bousset2_data/Images/Féverole/Rouille/Ifv02071.jpg;Féverole;Rouille;Féverole_Rouille;Féverole;UROMVF;Uromyces fabae;Rouille;;train;Rouille;2024:07:01;12:26:12;nan;11;Féverole_Rouille
Ifv02072;../data/Bousset2_data/Images/Féverole/Rouille/Ifv02072.jpg;Féverole;Rouille;Féverole_Rouille;Féverole;UROMVF;Uromyces fabae;Rouille;;train;Rouille;2024:07:01;12:26:18;nan;11;Féverole_Rouille
Ifv02073;../data/Bousset2_data/Images/Féverole/Rouille/Ifv02073.jpg;Féverole;Rouille;Féverole_Rouille;Féverole;UROMVF;Uromyces fabae;Rouille;;train;Rouille;2024:07:01;12:26:20;nan;11;Féverole_Rouille
Ifv02077;../data/Bousset2_data/Images/Féverole/Rouille/Ifv02077.jpg;Féverole;Rouille;Féverole_Rouille;Féverole;UROMVF;Uromyces fabae;Rouille;;train;Rouille;2024:07:01;12:27:08;nan;11;Féverole_Rouille
Ifv02078;../data/Bousset2_data/Images/Féverole/Rouille/Ifv02078.jpg;Féverole;Rouille;Féverole_Rouille;Féverole;UROMVF;Uromyces fabae;Rouille;;train;Rouille;2024:07:01;12:27:35;nan;11;Féverole_Rouille
Ifv02079;../data/Bousset2_data/Images/Féverole/Rouille/Ifv02079.jpg;Féverole;Rouille;Féverole_Rouille;Féverole;UROMVF;Uromyces fabae;Rouille;;train;Rouille;2024:07:01;12:27:39;nan;11;Féverole_Rouille
Ifv02080;../data/Bousset2_data/Images/Féverole/Rouille/Ifv02080.jpg;Féverole;Rouille;Féverole_Rouille;Féverole;UROMVF;Uromyces fabae;Rouille;;train;Rouille;2024:07:01;12:27:44;nan;11;Féverole_Rouille
Ifv02081;../data/Bousset2_data/Images/Féverole/Rouille/Ifv02081.jpg;Féverole;Rouille;Féverole_Rouille;Féverole;UROMVF;Uromyces fabae;Rouille;;train;Rouille;2024:07:01;12:27:52;nan;11;Féverole_Rouille
Ifv02082;../data/Bousset2_data/Images/Féverole/Rouille/Ifv02082.jpg;Féverole;Rouille;Féverole_Rouille;Féverole;UROMVF;Uromyces fabae;Rouille;;train;Rouille;2024:07:01;12:28:18;nan;11;Féverole_Rouille
Ifv02090;../data/Bousset2_data/Images/Féverole/Rouille/Ifv02090.jpg;Féverole;Rouille;Féverole_Rouille;Féverole;UROMVF;Uromyces fabae;Rouille;;train;Rouille;2024:07:01;12:29:09;nan;11;Féverole_Rouille
Ifv02097;../data/Bousset2_data/Images/Féverole/Rouille/Ifv02097.jpg;Féverole;Rouille;Féverole_Rouille;Féverole;UROMVF;Uromyces fabae;Rouille;;train;Rouille;2024:07:01;12:30:23;nan;11;Féverole_Rouille
Ifv02098;../data/Bousset2_data/Images/Féverole/Rouille/Ifv02098.jpg;Féverole;Rouille;Féverole_Rouille;Féverole;UROMVF;Uromyces fabae;Rouille;;train;Rouille;2024:07:01;12:30:29;nan;11;Féverole_Rouille
Ifv02110;../data/Bousset2_data/Images/Féverole/Rouille/Ifv02110.jpg;Féverole;Rouille;Féverole_Rouille;Féverole;UROMVF;Uromyces fabae;Rouille;;train;Rouille;2024:07:01;12:32:07;nan;11;Féverole_Rouille
Ifv00279;../data/Bousset2_data/Images/Féverole/Virus/Ifv00279.jpg;Féverole;Virus;Féverole_Virus;Féverole;1VIUUD ;;Virus;plusieurs, non déterminés;train;Virus;2024:03:01;10:54:22;nan;10;Féverole_Virus
Ifv00293;../data/Bousset2_data/Images/Féverole/Virus/Ifv00293.jpg;Féverole;Virus;Féverole_Virus;Féverole;1VIUUD ;;Virus;plusieurs, non déterminés;train;Virus;2024:03:01;10:56:09;nan;10;Féverole_Virus
Ifv00569;../data/Bousset2_data/Images/Féverole/Virus/Ifv00569.jpg;Féverole;Virus;Féverole_Virus;Féverole;1VIUUD ;;Virus;plusieurs, non déterminés;train;Virus;2024:03:19;11:44:53;nan;10;Féverole_Virus
Ifv00570;../data/Bousset2_data/Images/Féverole/Virus/Ifv00570.jpg;Féverole;Virus;Féverole_Virus;Féverole;1VIUUD ;;Virus;plusieurs, non déterminés;train;Virus;2024:03:19;11:44:54;nan;10;Féverole_Virus
Ifv00571;../data/Bousset2_data/Images/Féverole/Virus/Ifv00571.jpg;Féverole;Virus;Féverole_Virus;Féverole;1VIUUD ;;Virus;plusieurs, non déterminés;train;Virus;2024:03:19;11:44:56;nan;10;Féverole_Virus
Ifv00572;../data/Bousset2_data/Images/Féverole/Virus/Ifv00572.jpg;Féverole;Virus;Féverole_Virus;Féverole;1VIUUD ;;Virus;plusieurs, non déterminés;train;Virus;2024:03:19;11:44:59;nan;10;Féverole_Virus
Ifv00573;../data/Bousset2_data/Images/Féverole/Virus/Ifv00573.jpg;Féverole;Virus;Féverole_Virus;Féverole;1VIUUD ;;Virus;plusieurs, non déterminés;train;Virus;2024:03:19;11:45:00;nan;10;Féverole_Virus
Ifv00574;../data/Bousset2_data/Images/Féverole/Virus/Ifv00574.jpg;Féverole;Virus;Féverole_Virus;Féverole;1VIUUD ;;Virus;plusieurs, non déterminés;train;Virus;2024:03:19;11:45:03;nan;10;Féverole_Virus
Ifv01947;../data/Bousset2_data/Images/Féverole/Virus/Ifv01947.jpg;Féverole;Virus;Féverole_Virus;Féverole;1VIUUD ;;Virus;plusieurs, non déterminés;train;Virus;2024:06:27;12:34:21;nan;10;Féverole_Virus
Ifv01951;../data/Bousset2_data/Images/Féverole/Virus/Ifv01951.jpg;Féverole;Virus;Féverole_Virus;Féverole;1VIUUD ;;Virus;plusieurs, non déterminés;train;Virus;2024:06:27;12:35:27;nan;10;Féverole_Virus
Ifv01952;../data/Bousset2_data/Images/Féverole/Virus/Ifv01952.jpg;Féverole;Virus;Féverole_Virus;Féverole;1VIUUD ;;Virus;plusieurs, non déterminés;train;Virus;2024:06:27;12:35:29;nan;10;Féverole_Virus
Ifv01953;../data/Bousset2_data/Images/Féverole/Virus/Ifv01953.jpg;Féverole;Virus;Féverole_Virus;Féverole;1VIUUD ;;Virus;plusieurs, non déterminés;train;Virus;2024:06:27;12:35:31;nan;10;Féverole_Virus
Ifv01954;../data/Bousset2_data/Images/Féverole/Virus/Ifv01954.jpg;Féverole;Virus;Féverole_Virus;Féverole;1VIUUD ;;Virus;plusieurs, non déterminés;train;Virus;2024:06:27;12:35:35;nan;10;Féverole_Virus
Ifv01955;../data/Bousset2_data/Images/Féverole/Virus/Ifv01955.jpg;Féverole;Virus;Féverole_Virus;Féverole;1VIUUD ;;Virus;plusieurs, non déterminés;train;Virus;2024:06:27;12:35:38;nan;10;Féverole_Virus
Ifv01956;../data/Bousset2_data/Images/Féverole/Virus/Ifv01956.jpg;Féverole;Virus;Féverole_Virus;Féverole;1VIUUD ;;Virus;plusieurs, non déterminés;train;Virus;2024:06:27;12:35:48;nan;10;Féverole_Virus
Ifv01957;../data/Bousset2_data/Images/Féverole/Virus/Ifv01957.jpg;Féverole;Virus;Féverole_Virus;Féverole;1VIUUD ;;Virus;plusieurs, non déterminés;train;Virus;2024:06:27;12:35:51;nan;10;Féverole_Virus
Ifv01958;../data/Bousset2_data/Images/Féverole/Virus/Ifv01958.jpg;Féverole;Virus;Féverole_Virus;Féverole;1VIUUD ;;Virus;plusieurs, non déterminés;train;Virus;2024:06:27;12:35:52;nan;10;Féverole_Virus
Ifv01959;../data/Bousset2_data/Images/Féverole/Virus/Ifv01959.jpg;Féverole;Virus;Féverole_Virus;Féverole;1VIUUD ;;Virus;plusieurs, non déterminés;train;Virus;2024:06:27;12:35:56;nan;10;Féverole_Virus
Ifv01960;../data/Bousset2_data/Images/Féverole/Virus/Ifv01960.jpg;Féverole;Virus;Féverole_Virus;Féverole;1VIUUD ;;Virus;plusieurs, non déterminés;train;Virus;2024:06:27;12:35:58;nan;10;Féverole_Virus
Ifv01965;../data/Bousset2_data/Images/Féverole/Virus/Ifv01965.jpg;Féverole;Virus;Féverole_Virus;Féverole;1VIUUD ;;Virus;plusieurs, non déterminés;train;Virus;2024:06:27;12:36:10;nan;10;Féverole_Virus
Ifv01966;../data/Bousset2_data/Images/Féverole/Virus/Ifv01966.jpg;Féverole;Virus;Féverole_Virus;Féverole;1VIUUD ;;Virus;plusieurs, non déterminés;train;Virus;2024:06:27;12:36:12;nan;10;Féverole_Virus
Ifv01967;../data/Bousset2_data/Images/Féverole/Virus/Ifv01967.jpg;Féverole;Virus;Féverole_Virus;Féverole;1VIUUD ;;Virus;plusieurs, non déterminés;train;Virus;2024:06:27;12:36:15;nan;10;Féverole_Virus
Ifv01968;../data/Bousset2_data/Images/Féverole/Virus/Ifv01968.jpg;Féverole;Virus;Féverole_Virus;Féverole;1VIUUD ;;Virus;plusieurs, non déterminés;train;Virus;2024:06:27;12:36:23;nan;10;Féverole_Virus
Ifv01969;../data/Bousset2_data/Images/Féverole/Virus/Ifv01969.jpg;Féverole;Virus;Féverole_Virus;Féverole;1VIUUD ;;Virus;plusieurs, non déterminés;train;Virus;2024:06:27;12:36:27;nan;10;Féverole_Virus
Ifv01970;../data/Bousset2_data/Images/Féverole/Virus/Ifv01970.jpg;Féverole;Virus;Féverole_Virus;Féverole;1VIUUD ;;Virus;plusieurs, non déterminés;train;Virus;2024:06:27;12:36:30;nan;10;Féverole_Virus
Ifv01971;../data/Bousset2_data/Images/Féverole/Virus/Ifv01971.jpg;Féverole;Virus;Féverole_Virus;Féverole;1VIUUD ;;Virus;plusieurs, non déterminés;train;Virus;2024:06:27;12:36:35;nan;10;Féverole_Virus
Ifv01972;../data/Bousset2_data/Images/Féverole/Virus/Ifv01972.jpg;Féverole;Virus;Féverole_Virus;Féverole;1VIUUD ;;Virus;plusieurs, non déterminés;train;Virus;2024:06:27;12:36:40;nan;10;Féverole_Virus
Ifv01973;../data/Bousset2_data/Images/Féverole/Virus/Ifv01973.jpg;Féverole;Virus;Féverole_Virus;Féverole;1VIUUD ;;Virus;plusieurs, non déterminés;train;Virus;2024:06:27;12:36:48;nan;10;Féverole_Virus
Ifv01975;../data/Bousset2_data/Images/Féverole/Virus/Ifv01975.jpg;Féverole;Virus;Féverole_Virus;Féverole;1VIUUD ;;Virus;plusieurs, non déterminés;train;Virus;2024:06:27;12:36:56;nan;10;Féverole_Virus
Ifv01976;../data/Bousset2_data/Images/Féverole/Virus/Ifv01976.jpg;Féverole;Virus;Féverole_Virus;Féverole;1VIUUD ;;Virus;plusieurs, non déterminés;train;Virus;2024:06:27;12:37:07;nan;10;Féverole_Virus
Ifv01977;../data/Bousset2_data/Images/Féverole/Virus/Ifv01977.jpg;Féverole;Virus;Féverole_Virus;Féverole;1VIUUD ;;Virus;plusieurs, non déterminés;train;Virus;2024:06:27;12:37:24;nan;10;Féverole_Virus
Ifv01978;../data/Bousset2_data/Images/Féverole/Virus/Ifv01978.jpg;Féverole;Virus;Féverole_Virus;Féverole;1VIUUD ;;Virus;plusieurs, non déterminés;train;Virus;2024:06:27;12:37:36;nan;10;Féverole_Virus
Ifv01979;../data/Bousset2_data/Images/Féverole/Virus/Ifv01979.jpg;Féverole;Virus;Féverole_Virus;Féverole;1VIUUD ;;Virus;plusieurs, non déterminés;train;Virus;2024:06:27;12:37:44;nan;10;Féverole_Virus
Ifv02047;../data/Bousset2_data/Images/Féverole/Virus/Ifv02047.jpg;Féverole;Virus;Féverole_Virus;Féverole;1VIUUD ;;Virus;plusieurs, non déterminés;train;Virus;2024:06:27;12:49:16;nan;10;Féverole_Virus
Ifv02048;../data/Bousset2_data/Images/Féverole/Virus/Ifv02048.jpg;Féverole;Virus;Féverole_Virus;Féverole;1VIUUD ;;Virus;plusieurs, non déterminés;train;Virus;2024:06:27;12:49:27;nan;10;Féverole_Virus
Ifv02049;../data/Bousset2_data/Images/Féverole/Virus/Ifv02049.jpg;Féverole;Virus;Féverole_Virus;Féverole;1VIUUD ;;Virus;plusieurs, non déterminés;train;Virus;2024:06:27;12:49:39;nan;10;Féverole_Virus
Ifv02051;../data/Bousset2_data/Images/Féverole/Virus/Ifv02051.jpg;Féverole;Virus;Féverole_Virus;Féverole;1VIUUD ;;Virus;plusieurs, non déterminés;train;Virus;2024:06:27;12:49:53;nan;10;Féverole_Virus
Ifv02052;../data/Bousset2_data/Images/Féverole/Virus/Ifv02052.jpg;Féverole;Virus;Féverole_Virus;Féverole;1VIUUD ;;Virus;plusieurs, non déterminés;train;Virus;2024:06:27;12:50:16;nan;10;Féverole_Virus
Ifv02053;../data/Bousset2_data/Images/Féverole/Virus/Ifv02053.jpg;Féverole;Virus;Féverole_Virus;Féverole;1VIUUD ;;Virus;plusieurs, non déterminés;train;Virus;2024:06:27;12:50:18;nan;10;Féverole_Virus
Ifv02054;../data/Bousset2_data/Images/Féverole/Virus/Ifv02054.jpg;Féverole;Virus;Féverole_Virus;Féverole;1VIUUD ;;Virus;plusieurs, non déterminés;train;Virus;2024:06:27;12:50:23;nan;10;Féverole_Virus
Ifv02055;../data/Bousset2_data/Images/Féverole/Virus/Ifv02055.jpg;Féverole;Virus;Féverole_Virus;Féverole;1VIUUD ;;Virus;plusieurs, non déterminés;train;Virus;2024:06:27;12:50:29;nan;10;Féverole_Virus
Ifv02104;../data/Bousset2_data/Images/Féverole/Virus/Ifv02104.jpg;Féverole;Virus;Féverole_Virus;Féverole;1VIUUD ;;Virus;plusieurs, non déterminés;train;Virus;2024:07:01;12:31:25;nan;10;Féverole_Virus
Ior00003;../data/Bousset2_data/Images/Orge/0_Saines/Ior00003.jpg;Orge;0_Saines;Orge_0_Saines;Orge;;;0_Saines;Asymptomatiques;train;0_Saines;2024:04:12;13:46:27;nan;23;Orge_0_Saines
Ior00047;../data/Bousset2_data/Images/Orge/0_Saines/Ior00047.jpg;Orge;0_Saines;Orge_0_Saines;Orge;;;0_Saines;Asymptomatiques;train;0_Saines;2024:04:12;13:57:19;nan;23;Orge_0_Saines
Ior00048;../data/Bousset2_data/Images/Orge/0_Saines/Ior00048.jpg;Orge;0_Saines;Orge_0_Saines;Orge;;;0_Saines;Asymptomatiques;train;0_Saines;2024:04:12;13:57:22;nan;23;Orge_0_Saines
Ior00113;../data/Bousset2_data/Images/Orge/0_Saines/Ior00113.jpg;Orge;0_Saines;Orge_0_Saines;Orge;;;0_Saines;Asymptomatiques;train;0_Saines;2024:04:12;14:14:52;nan;23;Orge_0_Saines
Ior00125;../data/Bousset2_data/Images/Orge/0_Saines/Ior00125.jpg;Orge;0_Saines;Orge_0_Saines;Orge;;;0_Saines;Asymptomatiques;train;0_Saines;2024:04:12;14:19:42;nan;23;Orge_0_Saines
Ior00126;../data/Bousset2_data/Images/Orge/0_Saines/Ior00126.jpg;Orge;0_Saines;Orge_0_Saines;Orge;;;0_Saines;Asymptomatiques;train;0_Saines;2024:04:12;14:19:48;nan;23;Orge_0_Saines
Ior00156;../data/Bousset2_data/Images/Orge/0_Saines/Ior00156.jpg;Orge;0_Saines;Orge_0_Saines;Orge;;;0_Saines;Asymptomatiques;train;0_Saines;2024:04:15;11:14:43;nan;23;Orge_0_Saines
Ior00157;../data/Bousset2_data/Images/Orge/0_Saines/Ior00157.jpg;Orge;0_Saines;Orge_0_Saines;Orge;;;0_Saines;Asymptomatiques;train;0_Saines;2024:04:15;11:14:46;nan;23;Orge_0_Saines
Ior00158;../data/Bousset2_data/Images/Orge/0_Saines/Ior00158.jpg;Orge;0_Saines;Orge_0_Saines;Orge;;;0_Saines;Asymptomatiques;train;0_Saines;2024:04:15;11:14:57;nan;23;Orge_0_Saines
Ior00159;../data/Bousset2_data/Images/Orge/0_Saines/Ior00159.jpg;Orge;0_Saines;Orge_0_Saines;Orge;;;0_Saines;Asymptomatiques;train;0_Saines;2024:04:15;11:14:59;nan;23;Orge_0_Saines
Ior00160;../data/Bousset2_data/Images/Orge/0_Saines/Ior00160.jpg;Orge;0_Saines;Orge_0_Saines;Orge;;;0_Saines;Asymptomatiques;train;0_Saines;2024:04:15;11:15:04;nan;23;Orge_0_Saines
Ior00161;../data/Bousset2_data/Images/Orge/0_Saines/Ior00161.jpg;Orge;0_Saines;Orge_0_Saines;Orge;;;0_Saines;Asymptomatiques;train;0_Saines;2024:04:15;11:15:10;nan;23;Orge_0_Saines
Ior00171;../data/Bousset2_data/Images/Orge/0_Saines/Ior00171.jpg;Orge;0_Saines;Orge_0_Saines;Orge;;;0_Saines;Asymptomatiques;train;0_Saines;2024:04:15;11:16:54;nan;23;Orge_0_Saines
Ior00231;../data/Bousset2_data/Images/Orge/0_Saines/Ior00231.jpg;Orge;0_Saines;Orge_0_Saines;Orge;;;0_Saines;Asymptomatiques;train;0_Saines;2024:04:15;11:34:08;nan;23;Orge_0_Saines
Ior00232;../data/Bousset2_data/Images/Orge/0_Saines/Ior00232.jpg;Orge;0_Saines;Orge_0_Saines;Orge;;;0_Saines;Asymptomatiques;train;0_Saines;2024:04:15;11:34:10;nan;23;Orge_0_Saines
Ior00295;../data/Bousset2_data/Images/Orge/0_Saines/Ior00295.jpg;Orge;0_Saines;Orge_0_Saines;Orge;;;0_Saines;Asymptomatiques;train;0_Saines;2024:04:15;11:55:05;nan;23;Orge_0_Saines
Ior00304;../data/Bousset2_data/Images/Orge/0_Saines/Ior00304.jpg;Orge;0_Saines;Orge_0_Saines;Orge;;;0_Saines;Asymptomatiques;train;0_Saines;2024:04:15;11:58:55;nan;23;Orge_0_Saines
Ior00305;../data/Bousset2_data/Images/Orge/0_Saines/Ior00305.jpg;Orge;0_Saines;Orge_0_Saines;Orge;;;0_Saines;Asymptomatiques;train;0_Saines;2024:04:15;11:58:59;nan;23;Orge_0_Saines
Ior00306;../data/Bousset2_data/Images/Orge/0_Saines/Ior00306.jpg;Orge;0_Saines;Orge_0_Saines;Orge;;;0_Saines;Asymptomatiques;train;0_Saines;2024:04:15;11:59:06;nan;23;Orge_0_Saines
Ior00307;../data/Bousset2_data/Images/Orge/0_Saines/Ior00307.jpg;Orge;0_Saines;Orge_0_Saines;Orge;;;0_Saines;Asymptomatiques;train;0_Saines;2024:04:15;11:59:25;nan;23;Orge_0_Saines
Ior00308;../data/Bousset2_data/Images/Orge/0_Saines/Ior00308.jpg;Orge;0_Saines;Orge_0_Saines;Orge;;;0_Saines;Asymptomatiques;train;0_Saines;2024:04:15;11:59:27;nan;23;Orge_0_Saines
Ior00477;../data/Bousset2_data/Images/Orge/0_Saines/Ior00477.jpg;Orge;0_Saines;Orge_0_Saines;Orge;;;0_Saines;Asymptomatiques;train;0_Saines;2024:04:15;14:12:18;nan;23;Orge_0_Saines
Ior00478;../data/Bousset2_data/Images/Orge/0_Saines/Ior00478.jpg;Orge;0_Saines;Orge_0_Saines;Orge;;;0_Saines;Asymptomatiques;train;0_Saines;2024:04:15;14:12:29;nan;23;Orge_0_Saines
Ior00479;../data/Bousset2_data/Images/Orge/0_Saines/Ior00479.jpg;Orge;0_Saines;Orge_0_Saines;Orge;;;0_Saines;Asymptomatiques;train;0_Saines;2024:04:15;14:12:55;nan;23;Orge_0_Saines
Ior00482;../data/Bousset2_data/Images/Orge/0_Saines/Ior00482.jpg;Orge;0_Saines;Orge_0_Saines;Orge;;;0_Saines;Asymptomatiques;train;0_Saines;2024:04:15;14:13:26;nan;23;Orge_0_Saines
Ior00514;../data/Bousset2_data/Images/Orge/0_Saines/Ior00514.jpg;Orge;0_Saines;Orge_0_Saines;Orge;;;0_Saines;Asymptomatiques;train;0_Saines;2024:04:15;14:23:31;nan;23;Orge_0_Saines
Ior00526;../data/Bousset2_data/Images/Orge/0_Saines/Ior00526.jpg;Orge;0_Saines;Orge_0_Saines;Orge;;;0_Saines;Asymptomatiques;train;0_Saines;2024:04:15;14:27:31;nan;23;Orge_0_Saines
Ior00602;../data/Bousset2_data/Images/Orge/0_Saines/Ior00602.jpg;Orge;0_Saines;Orge_0_Saines;Orge;;;0_Saines;Asymptomatiques;train;0_Saines;2024:04:22;13:14:13;nan;23;Orge_0_Saines
Ior00603;../data/Bousset2_data/Images/Orge/0_Saines/Ior00603.jpg;Orge;0_Saines;Orge_0_Saines;Orge;;;0_Saines;Asymptomatiques;train;0_Saines;2024:04:22;13:14:24;nan;23;Orge_0_Saines
Ior00842;../data/Bousset2_data/Images/Orge/0_Saines/Ior00842.jpg;Orge;0_Saines;Orge_0_Saines;Orge;;;0_Saines;Asymptomatiques;train;0_Saines;2024:05:03;13:22:52;nan;23;Orge_0_Saines
Ior00844;../data/Bousset2_data/Images/Orge/0_Saines/Ior00844.jpg;Orge;0_Saines;Orge_0_Saines;Orge;;;0_Saines;Asymptomatiques;train;0_Saines;2024:05:03;13:23:12;nan;23;Orge_0_Saines
Ior00846;../data/Bousset2_data/Images/Orge/0_Saines/Ior00846.jpg;Orge;0_Saines;Orge_0_Saines;Orge;;;0_Saines;Asymptomatiques;train;0_Saines;2024:05:03;13:23:46;nan;23;Orge_0_Saines
Ior00469;../data/VAULT/Bousset2_data/Images/Orge/Helminthosporiose/Ior00469.jpg;Orge;Helminthosporiose;Orge_Helminthosporiose;Orge;PYRNTE;Pyrenophora teres;Helminthosporiose;;vault;Helminthosporiose;2024:04:15;14:10:24;nan;2;Orge_Helminthosporiose
Ior00774;../data/Bousset2_data/Images/Orge/Helminthosporiose/Ior00774.jpg;Orge;Helminthosporiose;Orge_Helminthosporiose;Orge;PYRNTE;Pyrenophora teres;Helminthosporiose;;train;Helminthosporiose;2024:04:28;11:46:15;nan;2;Orge_Helminthosporiose
Ior00776;../data/Bousset2_data/Images/Orge/Helminthosporiose/Ior00776.jpg;Orge;Helminthosporiose;Orge_Helminthosporiose;Orge;PYRNTE;Pyrenophora teres;Helminthosporiose;;train;Helminthosporiose;2024:04:28;11:46:43;nan;2;Orge_Helminthosporiose
Ior00777;../data/Bousset2_data/Images/Orge/Helminthosporiose/Ior00777.jpg;Orge;Helminthosporiose;Orge_Helminthosporiose;Orge;PYRNTE;Pyrenophora teres;Helminthosporiose;;train;Helminthosporiose;2024:04:28;11:46:51;nan;2;Orge_Helminthosporiose
Ior00778;../data/Bousset2_data/Images/Orge/Helminthosporiose/Ior00778.jpg;Orge;Helminthosporiose;Orge_Helminthosporiose;Orge;PYRNTE;Pyrenophora teres;Helminthosporiose;;train;Helminthosporiose;2024:04:28;11:47:03;nan;2;Orge_Helminthosporiose
Ior00779;../data/Bousset2_data/Images/Orge/Helminthosporiose/Ior00779.jpg;Orge;Helminthosporiose;Orge_Helminthosporiose;Orge;PYRNTE;Pyrenophora teres;Helminthosporiose;;train;Helminthosporiose;2024:04:28;11:47:20;nan;2;Orge_Helminthosporiose
Ior00780;../data/Bousset2_data/Images/Orge/Helminthosporiose/Ior00780.jpg;Orge;Helminthosporiose;Orge_Helminthosporiose;Orge;PYRNTE;Pyrenophora teres;Helminthosporiose;;train;Helminthosporiose;2024:04:28;11:47:28;nan;2;Orge_Helminthosporiose
Ior00783;../data/Bousset2_data/Images/Orge/Helminthosporiose/Ior00783.jpg;Orge;Helminthosporiose;Orge_Helminthosporiose;Orge;PYRNTE;Pyrenophora teres;Helminthosporiose;;train;Helminthosporiose;2024:04:28;11:47:50;nan;2;Orge_Helminthosporiose
Ior00784;../data/Bousset2_data/Images/Orge/Helminthosporiose/Ior00784.jpg;Orge;Helminthosporiose;Orge_Helminthosporiose;Orge;PYRNTE;Pyrenophora teres;Helminthosporiose;;train;Helminthosporiose;2024:04:28;11:48:00;nan;2;Orge_Helminthosporiose
Ior00785;../data/Bousset2_data/Images/Orge/Helminthosporiose/Ior00785.jpg;Orge;Helminthosporiose;Orge_Helminthosporiose;Orge;PYRNTE;Pyrenophora teres;Helminthosporiose;;train;Helminthosporiose;2024:04:28;11:48:09;nan;2;Orge_Helminthosporiose
Ior00786;../data/Bousset2_data/Images/Orge/Helminthosporiose/Ior00786.jpg;Orge;Helminthosporiose;Orge_Helminthosporiose;Orge;PYRNTE;Pyrenophora teres;Helminthosporiose;;train;Helminthosporiose;2024:04:28;11:48:16;nan;2;Orge_Helminthosporiose
Ior00787;../data/Bousset2_data/Images/Orge/Helminthosporiose/Ior00787.jpg;Orge;Helminthosporiose;Orge_Helminthosporiose;Orge;PYRNTE;Pyrenophora teres;Helminthosporiose;;train;Helminthosporiose;2024:04:28;11:48:25;nan;2;Orge_Helminthosporiose
Ior00788;../data/Bousset2_data/Images/Orge/Helminthosporiose/Ior00788.jpg;Orge;Helminthosporiose;Orge_Helminthosporiose;Orge;PYRNTE;Pyrenophora teres;Helminthosporiose;;train;Helminthosporiose;2024:04:28;11:48:27;nan;2;Orge_Helminthosporiose
Ior00789;../data/Bousset2_data/Images/Orge/Helminthosporiose/Ior00789.jpg;Orge;Helminthosporiose;Orge_Helminthosporiose;Orge;PYRNTE;Pyrenophora teres;Helminthosporiose;;train;Helminthosporiose;2024:04:28;11:48:31;nan;2;Orge_Helminthosporiose
Ior00790;../data/Bousset2_data/Images/Orge/Helminthosporiose/Ior00790.jpg;Orge;Helminthosporiose;Orge_Helminthosporiose;Orge;PYRNTE;Pyrenophora teres;Helminthosporiose;;train;Helminthosporiose;2024:04:28;11:48:33;nan;2;Orge_Helminthosporiose
Ior00791;../data/Bousset2_data/Images/Orge/Helminthosporiose/Ior00791.jpg;Orge;Helminthosporiose;Orge_Helminthosporiose;Orge;PYRNTE;Pyrenophora teres;Helminthosporiose;;train;Helminthosporiose;2024:04:28;11:48:41;nan;2;Orge_Helminthosporiose
Ior00792;../data/Bousset2_data/Images/Orge/Helminthosporiose/Ior00792.jpg;Orge;Helminthosporiose;Orge_Helminthosporiose;Orge;PYRNTE;Pyrenophora teres;Helminthosporiose;;train;Helminthosporiose;2024:04:28;11:48:52;nan;2;Orge_Helminthosporiose
Ior00115;../data/Bousset2_data/Images/Orge/Oïdium/Ior00115.jpg;Orge;Oïdium;Orge_Oïdium;Orge;ERYSGH;Blumeria graminis f.sp hordei;Oïdium;;train;Oïdium;2024:04:12;14:15:38;nan;14;Orge_Oïdium
Ior00116;../data/Bousset2_data/Images/Orge/Oïdium/Ior00116.jpg;Orge;Oïdium;Orge_Oïdium;Orge;ERYSGH;Blumeria graminis f.sp hordei;Oïdium;;train;Oïdium;2024:04:12;14:16:20;nan;14;Orge_Oïdium
Ior00120;../data/Bousset2_data/Images/Orge/Oïdium/Ior00120.jpg;Orge;Oïdium;Orge_Oïdium;Orge;ERYSGH;Blumeria graminis f.sp hordei;Oïdium;;train;Oïdium;2024:04:12;14:17:11;nan;14;Orge_Oïdium
Ior00121;../data/Bousset2_data/Images/Orge/Oïdium/Ior00121.jpg;Orge;Oïdium;Orge_Oïdium;Orge;ERYSGH;Blumeria graminis f.sp hordei;Oïdium;;train;Oïdium;2024:04:12;14:17:31;nan;14;Orge_Oïdium
Ior00123;../data/Bousset2_data/Images/Orge/Oïdium/Ior00123.jpg;Orge;Oïdium;Orge_Oïdium;Orge;ERYSGH;Blumeria graminis f.sp hordei;Oïdium;;train;Oïdium;2024:04:12;14:19:09;nan;14;Orge_Oïdium
Ior00166;../data/Bousset2_data/Images/Orge/Oïdium/Ior00166.jpg;Orge;Oïdium;Orge_Oïdium;Orge;ERYSGH;Blumeria graminis f.sp hordei;Oïdium;;train;Oïdium;2024:04:15;11:16:06;nan;14;Orge_Oïdium
Ior00351;../data/Bousset2_data/Images/Orge/Oïdium/Ior00351.jpg;Orge;Oïdium;Orge_Oïdium;Orge;ERYSGH;Blumeria graminis f.sp hordei;Oïdium;;train;Oïdium;2024:04:15;12:12:45;nan;14;Orge_Oïdium
Ior00363;../data/Bousset2_data/Images/Orge/Oïdium/Ior00363.jpg;Orge;Oïdium;Orge_Oïdium;Orge;ERYSGH;Blumeria graminis f.sp hordei;Oïdium;;train;Oïdium;2024:04:15;12:16:00;nan;14;Orge_Oïdium
Ior00364;../data/Bousset2_data/Images/Orge/Oïdium/Ior00364.jpg;Orge;Oïdium;Orge_Oïdium;Orge;ERYSGH;Blumeria graminis f.sp hordei;Oïdium;;train;Oïdium;2024:04:15;12:16:25;nan;14;Orge_Oïdium
Ior00429;../data/Bousset2_data/Images/Orge/Oïdium/Ior00429.jpg;Orge;Oïdium;Orge_Oïdium;Orge;ERYSGH;Blumeria graminis f.sp hordei;Oïdium;;train;Oïdium;2024:04:15;12:29:21;nan;14;Orge_Oïdium
Ior00430;../data/Bousset2_data/Images/Orge/Oïdium/Ior00430.jpg;Orge;Oïdium;Orge_Oïdium;Orge;ERYSGH;Blumeria graminis f.sp hordei;Oïdium;;train;Oïdium;2024:04:15;12:30:41;nan;14;Orge_Oïdium
Ior00431;../data/Bousset2_data/Images/Orge/Oïdium/Ior00431.jpg;Orge;Oïdium;Orge_Oïdium;Orge;ERYSGH;Blumeria graminis f.sp hordei;Oïdium;;train;Oïdium;2024:04:15;12:30:45;nan;14;Orge_Oïdium
Ior00434;../data/Bousset2_data/Images/Orge/Oïdium/Ior00434.jpg;Orge;Oïdium;Orge_Oïdium;Orge;ERYSGH;Blumeria graminis f.sp hordei;Oïdium;;train;Oïdium;2024:04:15;12:31:11;nan;14;Orge_Oïdium
Ior00435;../data/Bousset2_data/Images/Orge/Oïdium/Ior00435.jpg;Orge;Oïdium;Orge_Oïdium;Orge;ERYSGH;Blumeria graminis f.sp hordei;Oïdium;;train;Oïdium;2024:04:15;12:31:26;nan;14;Orge_Oïdium
Ior00436;../data/Bousset2_data/Images/Orge/Oïdium/Ior00436.jpg;Orge;Oïdium;Orge_Oïdium;Orge;ERYSGH;Blumeria graminis f.sp hordei;Oïdium;;train;Oïdium;2024:04:15;12:32:30;nan;14;Orge_Oïdium
Ior00437;../data/Bousset2_data/Images/Orge/Oïdium/Ior00437.jpg;Orge;Oïdium;Orge_Oïdium;Orge;ERYSGH;Blumeria graminis f.sp hordei;Oïdium;;train;Oïdium;2024:04:15;12:32:35;nan;14;Orge_Oïdium
Ior00438;../data/Bousset2_data/Images/Orge/Oïdium/Ior00438.jpg;Orge;Oïdium;Orge_Oïdium;Orge;ERYSGH;Blumeria graminis f.sp hordei;Oïdium;;train;Oïdium;2024:04:15;12:32:37;nan;14;Orge_Oïdium
Ior00441;../data/Bousset2_data/Images/Orge/Oïdium/Ior00441.jpg;Orge;Oïdium;Orge_Oïdium;Orge;ERYSGH;Blumeria graminis f.sp hordei;Oïdium;;train;Oïdium;2024:04:15;12:34:09;nan;14;Orge_Oïdium
Ior00442;../data/Bousset2_data/Images/Orge/Oïdium/Ior00442.jpg;Orge;Oïdium;Orge_Oïdium;Orge;ERYSGH;Blumeria graminis f.sp hordei;Oïdium;;train;Oïdium;2024:04:15;12:34:21;nan;14;Orge_Oïdium
Ior00443;../data/Bousset2_data/Images/Orge/Oïdium/Ior00443.jpg;Orge;Oïdium;Orge_Oïdium;Orge;ERYSGH;Blumeria graminis f.sp hordei;Oïdium;;train;Oïdium;2024:04:15;12:34:54;nan;14;Orge_Oïdium
Ior00444;../data/Bousset2_data/Images/Orge/Oïdium/Ior00444.jpg;Orge;Oïdium;Orge_Oïdium;Orge;ERYSGH;Blumeria graminis f.sp hordei;Oïdium;;train;Oïdium;2024:04:15;12:34:57;nan;14;Orge_Oïdium
Ior00446;../data/Bousset2_data/Images/Orge/Oïdium/Ior00446.jpg;Orge;Oïdium;Orge_Oïdium;Orge;ERYSGH;Blumeria graminis f.sp hordei;Oïdium;;train;Oïdium;2024:04:15;12:35:56;nan;14;Orge_Oïdium
Ior00447;../data/Bousset2_data/Images/Orge/Oïdium/Ior00447.jpg;Orge;Oïdium;Orge_Oïdium;Orge;ERYSGH;Blumeria graminis f.sp hordei;Oïdium;;train;Oïdium;2024:04:15;12:36:20;nan;14;Orge_Oïdium
Ior00448;../data/Bousset2_data/Images/Orge/Oïdium/Ior00448.jpg;Orge;Oïdium;Orge_Oïdium;Orge;ERYSGH;Blumeria graminis f.sp hordei;Oïdium;;train;Oïdium;2024:04:15;12:36:32;nan;14;Orge_Oïdium
Ior00453;../data/Bousset2_data/Images/Orge/Oïdium/Ior00453.jpg;Orge;Oïdium;Orge_Oïdium;Orge;ERYSGH;Blumeria graminis f.sp hordei;Oïdium;;train;Oïdium;2024:04:15;12:48:21;nan;14;Orge_Oïdium
Ior00456;../data/Bousset2_data/Images/Orge/Oïdium/Ior00456.jpg;Orge;Oïdium;Orge_Oïdium;Orge;ERYSGH;Blumeria graminis f.sp hordei;Oïdium;;train;Oïdium;2024:04:15;12:48:56;nan;14;Orge_Oïdium
Ior00464;../data/Bousset2_data/Images/Orge/Oïdium/Ior00464.jpg;Orge;Oïdium;Orge_Oïdium;Orge;ERYSGH;Blumeria graminis f.sp hordei;Oïdium;;train;Oïdium;2024:04:15;14:07:21;nan;14;Orge_Oïdium
Ior00466;../data/Bousset2_data/Images/Orge/Oïdium/Ior00466.jpg;Orge;Oïdium;Orge_Oïdium;Orge;ERYSGH;Blumeria graminis f.sp hordei;Oïdium;;train;Oïdium;2024:04:15;14:08:52;nan;14;Orge_Oïdium
Ior00483;../data/Bousset2_data/Images/Orge/Oïdium/Ior00483.jpg;Orge;Oïdium;Orge_Oïdium;Orge;ERYSGH;Blumeria graminis f.sp hordei;Oïdium;;train;Oïdium;2024:04:15;14:14:45;nan;14;Orge_Oïdium
Ior00700;../data/VAULT/Bousset2_data/Images/Orge/Oïdium/Ior00700.jpg;Orge;Oïdium;Orge_Oïdium;Orge;ERYSGH;Blumeria graminis f.sp hordei;Oïdium;;vault;Oïdium;2024:04:22;14:07:48;nan;14;Orge_Oïdium
Ior00705;../data/VAULT/Bousset2_data/Images/Orge/Oïdium/Ior00705.jpg;Orge;Oïdium;Orge_Oïdium;Orge;ERYSGH;Blumeria graminis f.sp hordei;Oïdium;;vault;Oïdium;2024:04:22;14:09:25;nan;14;Orge_Oïdium
Ior00706;../data/VAULT/Bousset2_data/Images/Orge/Oïdium/Ior00706.jpg;Orge;Oïdium;Orge_Oïdium;Orge;ERYSGH;Blumeria graminis f.sp hordei;Oïdium;;vault;Oïdium;2024:04:22;14:09:36;nan;14;Orge_Oïdium
Ior00708;../data/VAULT/Bousset2_data/Images/Orge/Oïdium/Ior00708.jpg;Orge;Oïdium;Orge_Oïdium;Orge;ERYSGH;Blumeria graminis f.sp hordei;Oïdium;;vault;Oïdium;2024:04:22;14:10:19;nan;14;Orge_Oïdium
Ior00709;../data/VAULT/Bousset2_data/Images/Orge/Oïdium/Ior00709.jpg;Orge;Oïdium;Orge_Oïdium;Orge;ERYSGH;Blumeria graminis f.sp hordei;Oïdium;;vault;Oïdium;2024:04:22;14:10:28;nan;14;Orge_Oïdium
Ior00876;../data/Bousset2_data/Images/Orge/Oïdium/Ior00876.jpg;Orge;Oïdium;Orge_Oïdium;Orge;ERYSGH;Blumeria graminis f.sp hordei;Oïdium;;train;Oïdium;2024:05:03;13:48:31;nan;14;Orge_Oïdium
Ior00881;../data/Bousset2_data/Images/Orge/Oïdium/Ior00881.jpg;Orge;Oïdium;Orge_Oïdium;Orge;ERYSGH;Blumeria graminis f.sp hordei;Oïdium;;train;Oïdium;2024:05:03;13:49:16;nan;14;Orge_Oïdium
Ior00883;../data/Bousset2_data/Images/Orge/Oïdium/Ior00883.jpg;Orge;Oïdium;Orge_Oïdium;Orge;ERYSGH;Blumeria graminis f.sp hordei;Oïdium;;train;Oïdium;2024:05:03;13:49:26;nan;14;Orge_Oïdium
Ior00884;../data/Bousset2_data/Images/Orge/Oïdium/Ior00884.jpg;Orge;Oïdium;Orge_Oïdium;Orge;ERYSGH;Blumeria graminis f.sp hordei;Oïdium;;train;Oïdium;2024:05:03;13:49:29;nan;14;Orge_Oïdium
Ior00060;../data/Bousset2_data/Images/Orge/Rhynchosporiose/Ior00060.jpg;Orge;Rhynchosporiose;Orge_Rhynchosporiose;Orge;RHYNGR;Rhynchosporium graminicola;Rhynchosporiose;;train;Rhynchosporiose;2024:04:12;14:01:45;nan;8;Orge_Rhynchosporiose
Ior00061;../data/Bousset2_data/Images/Orge/Rhynchosporiose/Ior00061.jpg;Orge;Rhynchosporiose;Orge_Rhynchosporiose;Orge;RHYNGR;Rhynchosporium graminicola;Rhynchosporiose;;train;Rhynchosporiose;2024:04:12;14:01:56;nan;8;Orge_Rhynchosporiose
Ior00062;../data/Bousset2_data/Images/Orge/Rhynchosporiose/Ior00062.jpg;Orge;Rhynchosporiose;Orge_Rhynchosporiose;Orge;RHYNGR;Rhynchosporium graminicola;Rhynchosporiose;;train;Rhynchosporiose;2024:04:12;14:02:07;nan;8;Orge_Rhynchosporiose
Ior00063;../data/Bousset2_data/Images/Orge/Rhynchosporiose/Ior00063.jpg;Orge;Rhynchosporiose;Orge_Rhynchosporiose;Orge;RHYNGR;Rhynchosporium graminicola;Rhynchosporiose;;train;Rhynchosporiose;2024:04:12;14:02:13;nan;8;Orge_Rhynchosporiose
Ior00065;../data/Bousset2_data/Images/Orge/Rhynchosporiose/Ior00065.jpg;Orge;Rhynchosporiose;Orge_Rhynchosporiose;Orge;RHYNGR;Rhynchosporium graminicola;Rhynchosporiose;;train;Rhynchosporiose;2024:04:12;14:02:29;nan;8;Orge_Rhynchosporiose
Ior00066;../data/Bousset2_data/Images/Orge/Rhynchosporiose/Ior00066.jpg;Orge;Rhynchosporiose;Orge_Rhynchosporiose;Orge;RHYNGR;Rhynchosporium graminicola;Rhynchosporiose;;train;Rhynchosporiose;2024:04:12;14:02:34;nan;8;Orge_Rhynchosporiose
Ior00067;../data/Bousset2_data/Images/Orge/Rhynchosporiose/Ior00067.jpg;Orge;Rhynchosporiose;Orge_Rhynchosporiose;Orge;RHYNGR;Rhynchosporium graminicola;Rhynchosporiose;;train;Rhynchosporiose;2024:04:12;14:02:41;nan;8;Orge_Rhynchosporiose
Ior00068;../data/Bousset2_data/Images/Orge/Rhynchosporiose/Ior00068.jpg;Orge;Rhynchosporiose;Orge_Rhynchosporiose;Orge;RHYNGR;Rhynchosporium graminicola;Rhynchosporiose;;train;Rhynchosporiose;2024:04:12;14:03:06;nan;8;Orge_Rhynchosporiose
Ior00069;../data/Bousset2_data/Images/Orge/Rhynchosporiose/Ior00069.jpg;Orge;Rhynchosporiose;Orge_Rhynchosporiose;Orge;RHYNGR;Rhynchosporium graminicola;Rhynchosporiose;;train;Rhynchosporiose;2024:04:12;14:03:12;nan;8;Orge_Rhynchosporiose
Ior00070;../data/Bousset2_data/Images/Orge/Rhynchosporiose/Ior00070.jpg;Orge;Rhynchosporiose;Orge_Rhynchosporiose;Orge;RHYNGR;Rhynchosporium graminicola;Rhynchosporiose;;train;Rhynchosporiose;2024:04:12;14:03:17;nan;8;Orge_Rhynchosporiose
Ior00072;../data/Bousset2_data/Images/Orge/Rhynchosporiose/Ior00072.jpg;Orge;Rhynchosporiose;Orge_Rhynchosporiose;Orge;RHYNGR;Rhynchosporium graminicola;Rhynchosporiose;;train;Rhynchosporiose;2024:04:12;14:03:31;nan;8;Orge_Rhynchosporiose
Ior00073;../data/Bousset2_data/Images/Orge/Rhynchosporiose/Ior00073.jpg;Orge;Rhynchosporiose;Orge_Rhynchosporiose;Orge;RHYNGR;Rhynchosporium graminicola;Rhynchosporiose;;train;Rhynchosporiose;2024:04:12;14:03:35;nan;8;Orge_Rhynchosporiose
Ior00074;../data/Bousset2_data/Images/Orge/Rhynchosporiose/Ior00074.jpg;Orge;Rhynchosporiose;Orge_Rhynchosporiose;Orge;RHYNGR;Rhynchosporium graminicola;Rhynchosporiose;;train;Rhynchosporiose;2024:04:12;14:03:39;nan;8;Orge_Rhynchosporiose
Ior00075;../data/Bousset2_data/Images/Orge/Rhynchosporiose/Ior00075.jpg;Orge;Rhynchosporiose;Orge_Rhynchosporiose;Orge;RHYNGR;Rhynchosporium graminicola;Rhynchosporiose;;train;Rhynchosporiose;2024:04:12;14:03:46;nan;8;Orge_Rhynchosporiose
Ior00076;../data/Bousset2_data/Images/Orge/Rhynchosporiose/Ior00076.jpg;Orge;Rhynchosporiose;Orge_Rhynchosporiose;Orge;RHYNGR;Rhynchosporium graminicola;Rhynchosporiose;;train;Rhynchosporiose;2024:04:12;14:04:02;nan;8;Orge_Rhynchosporiose
Ior00335;../data/Bousset2_data/Images/Orge/Rhynchosporiose/Ior00335.jpg;Orge;Rhynchosporiose;Orge_Rhynchosporiose;Orge;RHYNGR;Rhynchosporium graminicola;Rhynchosporiose;;train;Rhynchosporiose;2024:04:15;12:05:30;nan;8;Orge_Rhynchosporiose
Ior00336;../data/Bousset2_data/Images/Orge/Rhynchosporiose/Ior00336.jpg;Orge;Rhynchosporiose;Orge_Rhynchosporiose;Orge;RHYNGR;Rhynchosporium graminicola;Rhynchosporiose;;train;Rhynchosporiose;2024:04:15;12:05:35;nan;8;Orge_Rhynchosporiose
Ior00337;../data/Bousset2_data/Images/Orge/Rhynchosporiose/Ior00337.jpg;Orge;Rhynchosporiose;Orge_Rhynchosporiose;Orge;RHYNGR;Rhynchosporium graminicola;Rhynchosporiose;;train;Rhynchosporiose;2024:04:15;12:05:56;nan;8;Orge_Rhynchosporiose
Ior00338;../data/Bousset2_data/Images/Orge/Rhynchosporiose/Ior00338.jpg;Orge;Rhynchosporiose;Orge_Rhynchosporiose;Orge;RHYNGR;Rhynchosporium graminicola;Rhynchosporiose;;train;Rhynchosporiose;2024:04:15;12:06:04;nan;8;Orge_Rhynchosporiose
Ior00339;../data/Bousset2_data/Images/Orge/Rhynchosporiose/Ior00339.jpg;Orge;Rhynchosporiose;Orge_Rhynchosporiose;Orge;RHYNGR;Rhynchosporium graminicola;Rhynchosporiose;;train;Rhynchosporiose;2024:04:15;12:06:14;nan;8;Orge_Rhynchosporiose
Ior00340;../data/Bousset2_data/Images/Orge/Rhynchosporiose/Ior00340.jpg;Orge;Rhynchosporiose;Orge_Rhynchosporiose;Orge;RHYNGR;Rhynchosporium graminicola;Rhynchosporiose;;train;Rhynchosporiose;2024:04:15;12:06:50;nan;8;Orge_Rhynchosporiose
Ior00341;../data/Bousset2_data/Images/Orge/Rhynchosporiose/Ior00341.jpg;Orge;Rhynchosporiose;Orge_Rhynchosporiose;Orge;RHYNGR;Rhynchosporium graminicola;Rhynchosporiose;;train;Rhynchosporiose;2024:04:15;12:07:39;nan;8;Orge_Rhynchosporiose
Ior00343;../data/Bousset2_data/Images/Orge/Rhynchosporiose/Ior00343.jpg;Orge;Rhynchosporiose;Orge_Rhynchosporiose;Orge;RHYNGR;Rhynchosporium graminicola;Rhynchosporiose;;train;Rhynchosporiose;2024:04:15;12:07:56;nan;8;Orge_Rhynchosporiose
Ior00344;../data/Bousset2_data/Images/Orge/Rhynchosporiose/Ior00344.jpg;Orge;Rhynchosporiose;Orge_Rhynchosporiose;Orge;RHYNGR;Rhynchosporium graminicola;Rhynchosporiose;;train;Rhynchosporiose;2024:04:15;12:08:21;nan;8;Orge_Rhynchosporiose
Ior00346;../data/Bousset2_data/Images/Orge/Rhynchosporiose/Ior00346.jpg;Orge;Rhynchosporiose;Orge_Rhynchosporiose;Orge;RHYNGR;Rhynchosporium graminicola;Rhynchosporiose;;train;Rhynchosporiose;2024:04:15;12:10:48;nan;8;Orge_Rhynchosporiose
Ior00376;../data/Bousset2_data/Images/Orge/Rhynchosporiose/Ior00376.jpg;Orge;Rhynchosporiose;Orge_Rhynchosporiose;Orge;RHYNGR;Rhynchosporium graminicola;Rhynchosporiose;;train;Rhynchosporiose;2024:04:15;12:20:08;nan;8;Orge_Rhynchosporiose
Ior00377;../data/Bousset2_data/Images/Orge/Rhynchosporiose/Ior00377.jpg;Orge;Rhynchosporiose;Orge_Rhynchosporiose;Orge;RHYNGR;Rhynchosporium graminicola;Rhynchosporiose;;train;Rhynchosporiose;2024:04:15;12:20:16;nan;8;Orge_Rhynchosporiose
Ior00378;../data/Bousset2_data/Images/Orge/Rhynchosporiose/Ior00378.jpg;Orge;Rhynchosporiose;Orge_Rhynchosporiose;Orge;RHYNGR;Rhynchosporium graminicola;Rhynchosporiose;;train;Rhynchosporiose;2024:04:15;12:20:21;nan;8;Orge_Rhynchosporiose
Ior00379;../data/Bousset2_data/Images/Orge/Rhynchosporiose/Ior00379.jpg;Orge;Rhynchosporiose;Orge_Rhynchosporiose;Orge;RHYNGR;Rhynchosporium graminicola;Rhynchosporiose;;train;Rhynchosporiose;2024:04:15;12:20:27;nan;8;Orge_Rhynchosporiose
Ior00380;../data/Bousset2_data/Images/Orge/Rhynchosporiose/Ior00380.jpg;Orge;Rhynchosporiose;Orge_Rhynchosporiose;Orge;RHYNGR;Rhynchosporium graminicola;Rhynchosporiose;;train;Rhynchosporiose;2024:04:15;12:20:29;nan;8;Orge_Rhynchosporiose
Ior00381;../data/Bousset2_data/Images/Orge/Rhynchosporiose/Ior00381.jpg;Orge;Rhynchosporiose;Orge_Rhynchosporiose;Orge;RHYNGR;Rhynchosporium graminicola;Rhynchosporiose;;train;Rhynchosporiose;2024:04:15;12:20:41;nan;8;Orge_Rhynchosporiose
Ior00382;../data/Bousset2_data/Images/Orge/Rhynchosporiose/Ior00382.jpg;Orge;Rhynchosporiose;Orge_Rhynchosporiose;Orge;RHYNGR;Rhynchosporium graminicola;Rhynchosporiose;;train;Rhynchosporiose;2024:04:15;12:20:50;nan;8;Orge_Rhynchosporiose
Ior00383;../data/Bousset2_data/Images/Orge/Rhynchosporiose/Ior00383.jpg;Orge;Rhynchosporiose;Orge_Rhynchosporiose;Orge;RHYNGR;Rhynchosporium graminicola;Rhynchosporiose;;train;Rhynchosporiose;2024:04:15;12:20:52;nan;8;Orge_Rhynchosporiose
Ior00385;../data/Bousset2_data/Images/Orge/Rhynchosporiose/Ior00385.jpg;Orge;Rhynchosporiose;Orge_Rhynchosporiose;Orge;RHYNGR;Rhynchosporium graminicola;Rhynchosporiose;;train;Rhynchosporiose;2024:04:15;12:21:00;nan;8;Orge_Rhynchosporiose
Ior00386;../data/Bousset2_data/Images/Orge/Rhynchosporiose/Ior00386.jpg;Orge;Rhynchosporiose;Orge_Rhynchosporiose;Orge;RHYNGR;Rhynchosporium graminicola;Rhynchosporiose;;train;Rhynchosporiose;2024:04:15;12:21:04;nan;8;Orge_Rhynchosporiose
Ior00388;../data/Bousset2_data/Images/Orge/Rhynchosporiose/Ior00388.jpg;Orge;Rhynchosporiose;Orge_Rhynchosporiose;Orge;RHYNGR;Rhynchosporium graminicola;Rhynchosporiose;;train;Rhynchosporiose;2024:04:15;12:21:15;nan;8;Orge_Rhynchosporiose
Ior00389;../data/Bousset2_data/Images/Orge/Rhynchosporiose/Ior00389.jpg;Orge;Rhynchosporiose;Orge_Rhynchosporiose;Orge;RHYNGR;Rhynchosporium graminicola;Rhynchosporiose;;train;Rhynchosporiose;2024:04:15;12:21:18;nan;8;Orge_Rhynchosporiose
Ior00390;../data/Bousset2_data/Images/Orge/Rhynchosporiose/Ior00390.jpg;Orge;Rhynchosporiose;Orge_Rhynchosporiose;Orge;RHYNGR;Rhynchosporium graminicola;Rhynchosporiose;;train;Rhynchosporiose;2024:04:15;12:21:22;nan;8;Orge_Rhynchosporiose
Ior00391;../data/Bousset2_data/Images/Orge/Rhynchosporiose/Ior00391.jpg;Orge;Rhynchosporiose;Orge_Rhynchosporiose;Orge;RHYNGR;Rhynchosporium graminicola;Rhynchosporiose;;train;Rhynchosporiose;2024:04:15;12:21:29;nan;8;Orge_Rhynchosporiose
Ior00392;../data/Bousset2_data/Images/Orge/Rhynchosporiose/Ior00392.jpg;Orge;Rhynchosporiose;Orge_Rhynchosporiose;Orge;RHYNGR;Rhynchosporium graminicola;Rhynchosporiose;;train;Rhynchosporiose;2024:04:15;12:21:33;nan;8;Orge_Rhynchosporiose
Ior00393;../data/Bousset2_data/Images/Orge/Rhynchosporiose/Ior00393.jpg;Orge;Rhynchosporiose;Orge_Rhynchosporiose;Orge;RHYNGR;Rhynchosporium graminicola;Rhynchosporiose;;train;Rhynchosporiose;2024:04:15;12:21:54;nan;8;Orge_Rhynchosporiose
Ior00394;../data/Bousset2_data/Images/Orge/Rhynchosporiose/Ior00394.jpg;Orge;Rhynchosporiose;Orge_Rhynchosporiose;Orge;RHYNGR;Rhynchosporium graminicola;Rhynchosporiose;;train;Rhynchosporiose;2024:04:15;12:21:59;nan;8;Orge_Rhynchosporiose
Ior00395;../data/Bousset2_data/Images/Orge/Rhynchosporiose/Ior00395.jpg;Orge;Rhynchosporiose;Orge_Rhynchosporiose;Orge;RHYNGR;Rhynchosporium graminicola;Rhynchosporiose;;train;Rhynchosporiose;2024:04:15;12:22:10;nan;8;Orge_Rhynchosporiose
Ior00396;../data/Bousset2_data/Images/Orge/Rhynchosporiose/Ior00396.jpg;Orge;Rhynchosporiose;Orge_Rhynchosporiose;Orge;RHYNGR;Rhynchosporium graminicola;Rhynchosporiose;;train;Rhynchosporiose;2024:04:15;12:22:15;nan;8;Orge_Rhynchosporiose
Ior00397;../data/Bousset2_data/Images/Orge/Rhynchosporiose/Ior00397.jpg;Orge;Rhynchosporiose;Orge_Rhynchosporiose;Orge;RHYNGR;Rhynchosporium graminicola;Rhynchosporiose;;train;Rhynchosporiose;2024:04:15;12:22:22;nan;8;Orge_Rhynchosporiose
Ior00398;../data/Bousset2_data/Images/Orge/Rhynchosporiose/Ior00398.jpg;Orge;Rhynchosporiose;Orge_Rhynchosporiose;Orge;RHYNGR;Rhynchosporium graminicola;Rhynchosporiose;;train;Rhynchosporiose;2024:04:15;12:22:34;nan;8;Orge_Rhynchosporiose
Ior00399;../data/Bousset2_data/Images/Orge/Rhynchosporiose/Ior00399.jpg;Orge;Rhynchosporiose;Orge_Rhynchosporiose;Orge;RHYNGR;Rhynchosporium graminicola;Rhynchosporiose;;train;Rhynchosporiose;2024:04:15;12:22:37;nan;8;Orge_Rhynchosporiose
Ior00400;../data/Bousset2_data/Images/Orge/Rhynchosporiose/Ior00400.jpg;Orge;Rhynchosporiose;Orge_Rhynchosporiose;Orge;RHYNGR;Rhynchosporium graminicola;Rhynchosporiose;;train;Rhynchosporiose;2024:04:15;12:22:41;nan;8;Orge_Rhynchosporiose
Ior00401;../data/Bousset2_data/Images/Orge/Rhynchosporiose/Ior00401.jpg;Orge;Rhynchosporiose;Orge_Rhynchosporiose;Orge;RHYNGR;Rhynchosporium graminicola;Rhynchosporiose;;train;Rhynchosporiose;2024:04:15;12:22:44;nan;8;Orge_Rhynchosporiose
Ior00402;../data/Bousset2_data/Images/Orge/Rhynchosporiose/Ior00402.jpg;Orge;Rhynchosporiose;Orge_Rhynchosporiose;Orge;RHYNGR;Rhynchosporium graminicola;Rhynchosporiose;;train;Rhynchosporiose;2024:04:15;12:22:50;nan;8;Orge_Rhynchosporiose
Ior00403;../data/Bousset2_data/Images/Orge/Rhynchosporiose/Ior00403.jpg;Orge;Rhynchosporiose;Orge_Rhynchosporiose;Orge;RHYNGR;Rhynchosporium graminicola;Rhynchosporiose;;train;Rhynchosporiose;2024:04:15;12:22:58;nan;8;Orge_Rhynchosporiose
Ior00404;../data/Bousset2_data/Images/Orge/Rhynchosporiose/Ior00404.jpg;Orge;Rhynchosporiose;Orge_Rhynchosporiose;Orge;RHYNGR;Rhynchosporium graminicola;Rhynchosporiose;;train;Rhynchosporiose;2024:04:15;12:23:03;nan;8;Orge_Rhynchosporiose
Ior00405;../data/Bousset2_data/Images/Orge/Rhynchosporiose/Ior00405.jpg;Orge;Rhynchosporiose;Orge_Rhynchosporiose;Orge;RHYNGR;Rhynchosporium graminicola;Rhynchosporiose;;train;Rhynchosporiose;2024:04:15;12:23:05;nan;8;Orge_Rhynchosporiose
Ior00406;../data/Bousset2_data/Images/Orge/Rhynchosporiose/Ior00406.jpg;Orge;Rhynchosporiose;Orge_Rhynchosporiose;Orge;RHYNGR;Rhynchosporium graminicola;Rhynchosporiose;;train;Rhynchosporiose;2024:04:15;12:23:08;nan;8;Orge_Rhynchosporiose
Ior00408;../data/Bousset2_data/Images/Orge/Rhynchosporiose/Ior00408.jpg;Orge;Rhynchosporiose;Orge_Rhynchosporiose;Orge;RHYNGR;Rhynchosporium graminicola;Rhynchosporiose;;train;Rhynchosporiose;2024:04:15;12:23:30;nan;8;Orge_Rhynchosporiose
Ior00409;../data/Bousset2_data/Images/Orge/Rhynchosporiose/Ior00409.jpg;Orge;Rhynchosporiose;Orge_Rhynchosporiose;Orge;RHYNGR;Rhynchosporium graminicola;Rhynchosporiose;;train;Rhynchosporiose;2024:04:15;12:23:32;nan;8;Orge_Rhynchosporiose
Ior00410;../data/Bousset2_data/Images/Orge/Rhynchosporiose/Ior00410.jpg;Orge;Rhynchosporiose;Orge_Rhynchosporiose;Orge;RHYNGR;Rhynchosporium graminicola;Rhynchosporiose;;train;Rhynchosporiose;2024:04:15;12:23:37;nan;8;Orge_Rhynchosporiose
Ior00411;../data/Bousset2_data/Images/Orge/Rhynchosporiose/Ior00411.jpg;Orge;Rhynchosporiose;Orge_Rhynchosporiose;Orge;RHYNGR;Rhynchosporium graminicola;Rhynchosporiose;;train;Rhynchosporiose;2024:04:15;12:23:40;nan;8;Orge_Rhynchosporiose
Ior00412;../data/Bousset2_data/Images/Orge/Rhynchosporiose/Ior00412.jpg;Orge;Rhynchosporiose;Orge_Rhynchosporiose;Orge;RHYNGR;Rhynchosporium graminicola;Rhynchosporiose;;train;Rhynchosporiose;2024:04:15;12:23:44;nan;8;Orge_Rhynchosporiose
Ior00413;../data/Bousset2_data/Images/Orge/Rhynchosporiose/Ior00413.jpg;Orge;Rhynchosporiose;Orge_Rhynchosporiose;Orge;RHYNGR;Rhynchosporium graminicola;Rhynchosporiose;;train;Rhynchosporiose;2024:04:15;12:24:02;nan;8;Orge_Rhynchosporiose
Ior00414;../data/Bousset2_data/Images/Orge/Rhynchosporiose/Ior00414.jpg;Orge;Rhynchosporiose;Orge_Rhynchosporiose;Orge;RHYNGR;Rhynchosporium graminicola;Rhynchosporiose;;train;Rhynchosporiose;2024:04:15;12:24:07;nan;8;Orge_Rhynchosporiose
Ior00416;../data/Bousset2_data/Images/Orge/Rhynchosporiose/Ior00416.jpg;Orge;Rhynchosporiose;Orge_Rhynchosporiose;Orge;RHYNGR;Rhynchosporium graminicola;Rhynchosporiose;;train;Rhynchosporiose;2024:04:15;12:24:39;nan;8;Orge_Rhynchosporiose
Ior00467;../data/Bousset2_data/Images/Orge/Rhynchosporiose/Ior00467.jpg;Orge;Rhynchosporiose;Orge_Rhynchosporiose;Orge;RHYNGR;Rhynchosporium graminicola;Rhynchosporiose;;train;Rhynchosporiose;2024:04:15;14:09:51;nan;8;Orge_Rhynchosporiose
Ior00652;../data/Bousset2_data/Images/Orge/Rhynchosporiose/Ior00652.jpg;Orge;Rhynchosporiose;Orge_Rhynchosporiose;Orge;RHYNGR;Rhynchosporium graminicola;Rhynchosporiose;;train;Rhynchosporiose;2024:04:22;13:25:52;nan;8;Orge_Rhynchosporiose
Ior00653;../data/Bousset2_data/Images/Orge/Rhynchosporiose/Ior00653.jpg;Orge;Rhynchosporiose;Orge_Rhynchosporiose;Orge;RHYNGR;Rhynchosporium graminicola;Rhynchosporiose;;train;Rhynchosporiose;2024:04:22;13:26:03;nan;8;Orge_Rhynchosporiose
Ior00654;../data/Bousset2_data/Images/Orge/Rhynchosporiose/Ior00654.jpg;Orge;Rhynchosporiose;Orge_Rhynchosporiose;Orge;RHYNGR;Rhynchosporium graminicola;Rhynchosporiose;;train;Rhynchosporiose;2024:04:22;13:26:23;nan;8;Orge_Rhynchosporiose
Ior00656;../data/Bousset2_data/Images/Orge/Rhynchosporiose/Ior00656.jpg;Orge;Rhynchosporiose;Orge_Rhynchosporiose;Orge;RHYNGR;Rhynchosporium graminicola;Rhynchosporiose;;train;Rhynchosporiose;2024:04:22;13:26:31;nan;8;Orge_Rhynchosporiose
Ior00657;../data/Bousset2_data/Images/Orge/Rhynchosporiose/Ior00657.jpg;Orge;Rhynchosporiose;Orge_Rhynchosporiose;Orge;RHYNGR;Rhynchosporium graminicola;Rhynchosporiose;;train;Rhynchosporiose;2024:04:22;13:26:35;nan;8;Orge_Rhynchosporiose
Ior00658;../data/Bousset2_data/Images/Orge/Rhynchosporiose/Ior00658.jpg;Orge;Rhynchosporiose;Orge_Rhynchosporiose;Orge;RHYNGR;Rhynchosporium graminicola;Rhynchosporiose;;train;Rhynchosporiose;2024:04:22;13:26:41;nan;8;Orge_Rhynchosporiose
Ior00659;../data/Bousset2_data/Images/Orge/Rhynchosporiose/Ior00659.jpg;Orge;Rhynchosporiose;Orge_Rhynchosporiose;Orge;RHYNGR;Rhynchosporium graminicola;Rhynchosporiose;;train;Rhynchosporiose;2024:04:22;13:26:47;nan;8;Orge_Rhynchosporiose
Ior00660;../data/Bousset2_data/Images/Orge/Rhynchosporiose/Ior00660.jpg;Orge;Rhynchosporiose;Orge_Rhynchosporiose;Orge;RHYNGR;Rhynchosporium graminicola;Rhynchosporiose;;train;Rhynchosporiose;2024:04:22;13:26:49;nan;8;Orge_Rhynchosporiose
Ior00661;../data/Bousset2_data/Images/Orge/Rhynchosporiose/Ior00661.jpg;Orge;Rhynchosporiose;Orge_Rhynchosporiose;Orge;RHYNGR;Rhynchosporium graminicola;Rhynchosporiose;;train;Rhynchosporiose;2024:04:22;13:26:54;nan;8;Orge_Rhynchosporiose
Ior00662;../data/Bousset2_data/Images/Orge/Rhynchosporiose/Ior00662.jpg;Orge;Rhynchosporiose;Orge_Rhynchosporiose;Orge;RHYNGR;Rhynchosporium graminicola;Rhynchosporiose;;train;Rhynchosporiose;2024:04:22;13:26:58;nan;8;Orge_Rhynchosporiose
Ior00663;../data/Bousset2_data/Images/Orge/Rhynchosporiose/Ior00663.jpg;Orge;Rhynchosporiose;Orge_Rhynchosporiose;Orge;RHYNGR;Rhynchosporium graminicola;Rhynchosporiose;;train;Rhynchosporiose;2024:04:22;13:27:02;nan;8;Orge_Rhynchosporiose
Ior00664;../data/Bousset2_data/Images/Orge/Rhynchosporiose/Ior00664.jpg;Orge;Rhynchosporiose;Orge_Rhynchosporiose;Orge;RHYNGR;Rhynchosporium graminicola;Rhynchosporiose;;train;Rhynchosporiose;2024:04:22;13:27:05;nan;8;Orge_Rhynchosporiose
Ior00665;../data/Bousset2_data/Images/Orge/Rhynchosporiose/Ior00665.jpg;Orge;Rhynchosporiose;Orge_Rhynchosporiose;Orge;RHYNGR;Rhynchosporium graminicola;Rhynchosporiose;;train;Rhynchosporiose;2024:04:22;13:27:24;nan;8;Orge_Rhynchosporiose
Ior00666;../data/Bousset2_data/Images/Orge/Rhynchosporiose/Ior00666.jpg;Orge;Rhynchosporiose;Orge_Rhynchosporiose;Orge;RHYNGR;Rhynchosporium graminicola;Rhynchosporiose;;train;Rhynchosporiose;2024:04:22;13:27:28;nan;8;Orge_Rhynchosporiose
Ior00867;../data/VAULT/Bousset2_data/Images/Orge/Rhynchosporiose/Ior00867.jpg;Orge;Rhynchosporiose;Orge_Rhynchosporiose;Orge;RHYNGR;Rhynchosporium graminicola;Rhynchosporiose;;vault;Rhynchosporiose;2024:05:03;13:28:59;nan;8;Orge_Rhynchosporiose
Ior00868;../data/VAULT/Bousset2_data/Images/Orge/Rhynchosporiose/Ior00868.jpg;Orge;Rhynchosporiose;Orge_Rhynchosporiose;Orge;RHYNGR;Rhynchosporium graminicola;Rhynchosporiose;;vault;Rhynchosporiose;2024:05:03;13:29:10;nan;8;Orge_Rhynchosporiose
Ior00869;../data/VAULT/Bousset2_data/Images/Orge/Rhynchosporiose/Ior00869.jpg;Orge;Rhynchosporiose;Orge_Rhynchosporiose;Orge;RHYNGR;Rhynchosporium graminicola;Rhynchosporiose;;vault;Rhynchosporiose;2024:05:03;13:29:12;nan;8;Orge_Rhynchosporiose
Ior00870;../data/VAULT/Bousset2_data/Images/Orge/Rhynchosporiose/Ior00870.jpg;Orge;Rhynchosporiose;Orge_Rhynchosporiose;Orge;RHYNGR;Rhynchosporium graminicola;Rhynchosporiose;;vault;Rhynchosporiose;2024:05:03;13:29:17;nan;8;Orge_Rhynchosporiose
Ior00871;../data/VAULT/Bousset2_data/Images/Orge/Rhynchosporiose/Ior00871.jpg;Orge;Rhynchosporiose;Orge_Rhynchosporiose;Orge;RHYNGR;Rhynchosporium graminicola;Rhynchosporiose;;vault;Rhynchosporiose;2024:05:03;13:29:22;nan;8;Orge_Rhynchosporiose
Ior00905;../data/VAULT/Bousset2_data/Images/Orge/Rhynchosporiose/Ior00905.jpg;Orge;Rhynchosporiose;Orge_Rhynchosporiose;Orge;RHYNGR;Rhynchosporium graminicola;Rhynchosporiose;;vault;Rhynchosporiose;2024:05:03;14:23:15;nan;8;Orge_Rhynchosporiose
Ior00906;../data/VAULT/Bousset2_data/Images/Orge/Rhynchosporiose/Ior00906.jpg;Orge;Rhynchosporiose;Orge_Rhynchosporiose;Orge;RHYNGR;Rhynchosporium graminicola;Rhynchosporiose;;vault;Rhynchosporiose;2024:05:03;14:23:21;nan;8;Orge_Rhynchosporiose
Ior00907;../data/VAULT/Bousset2_data/Images/Orge/Rhynchosporiose/Ior00907.jpg;Orge;Rhynchosporiose;Orge_Rhynchosporiose;Orge;RHYNGR;Rhynchosporium graminicola;Rhynchosporiose;;vault;Rhynchosporiose;2024:05:03;14:23:23;nan;8;Orge_Rhynchosporiose
Ior00910;../data/VAULT/Bousset2_data/Images/Orge/Rhynchosporiose/Ior00910.jpg;Orge;Rhynchosporiose;Orge_Rhynchosporiose;Orge;RHYNGR;Rhynchosporium graminicola;Rhynchosporiose;;vault;Rhynchosporiose;2024:05:03;14:23:43;nan;8;Orge_Rhynchosporiose
Ior00911;../data/VAULT/Bousset2_data/Images/Orge/Rhynchosporiose/Ior00911.jpg;Orge;Rhynchosporiose;Orge_Rhynchosporiose;Orge;RHYNGR;Rhynchosporium graminicola;Rhynchosporiose;;vault;Rhynchosporiose;2024:05:03;14:23:57;nan;8;Orge_Rhynchosporiose
Ior00912;../data/VAULT/Bousset2_data/Images/Orge/Rhynchosporiose/Ior00912.jpg;Orge;Rhynchosporiose;Orge_Rhynchosporiose;Orge;RHYNGR;Rhynchosporium graminicola;Rhynchosporiose;;vault;Rhynchosporiose;2024:05:03;14:23:59;nan;8;Orge_Rhynchosporiose
Ior00913;../data/VAULT/Bousset2_data/Images/Orge/Rhynchosporiose/Ior00913.jpg;Orge;Rhynchosporiose;Orge_Rhynchosporiose;Orge;RHYNGR;Rhynchosporium graminicola;Rhynchosporiose;;vault;Rhynchosporiose;2024:05:03;14:24:04;nan;8;Orge_Rhynchosporiose
Ior00914;../data/VAULT/Bousset2_data/Images/Orge/Rhynchosporiose/Ior00914.jpg;Orge;Rhynchosporiose;Orge_Rhynchosporiose;Orge;RHYNGR;Rhynchosporium graminicola;Rhynchosporiose;;vault;Rhynchosporiose;2024:05:03;14:24:11;nan;8;Orge_Rhynchosporiose
Ior00087;../data/Bousset2_data/Images/Orge/Rouille naine/Ior00087.jpg;Orge;Rouille naine;Orge_Rouille naine;Orge;PUCCHD;Puccinia hordei;Rouille naine;;train;Rouille naine;2024:04:12;14:08:41;nan;7;Orge_Rouille naine
Ior00112;../data/Bousset2_data/Images/Orge/Rouille naine/Ior00112.jpg;Orge;Rouille naine;Orge_Rouille naine;Orge;PUCCHD;Puccinia hordei;Rouille naine;;train;Rouille naine;2024:04:12;14:14:30;nan;7;Orge_Rouille naine
Ior00124;../data/Bousset2_data/Images/Orge/Rouille naine/Ior00124.jpg;Orge;Rouille naine;Orge_Rouille naine;Orge;PUCCHD;Puccinia hordei;Rouille naine;;train;Rouille naine;2024:04:12;14:19:28;nan;7;Orge_Rouille naine
Ior00258;../data/Bousset2_data/Images/Orge/Rouille naine/Ior00258.jpg;Orge;Rouille naine;Orge_Rouille naine;Orge;PUCCHD;Puccinia hordei;Rouille naine;;train;Rouille naine;2024:04:15;11:39:51;nan;7;Orge_Rouille naine
Ior00259;../data/Bousset2_data/Images/Orge/Rouille naine/Ior00259.jpg;Orge;Rouille naine;Orge_Rouille naine;Orge;PUCCHD;Puccinia hordei;Rouille naine;;train;Rouille naine;2024:04:15;11:39:56;nan;7;Orge_Rouille naine
Ior00261;../data/Bousset2_data/Images/Orge/Rouille naine/Ior00261.jpg;Orge;Rouille naine;Orge_Rouille naine;Orge;PUCCHD;Puccinia hordei;Rouille naine;;train;Rouille naine;2024:04:15;11:40:20;nan;7;Orge_Rouille naine
Ior00263;../data/Bousset2_data/Images/Orge/Rouille naine/Ior00263.jpg;Orge;Rouille naine;Orge_Rouille naine;Orge;PUCCHD;Puccinia hordei;Rouille naine;;train;Rouille naine;2024:04:15;11:40:41;nan;7;Orge_Rouille naine
Ior00264;../data/Bousset2_data/Images/Orge/Rouille naine/Ior00264.jpg;Orge;Rouille naine;Orge_Rouille naine;Orge;PUCCHD;Puccinia hordei;Rouille naine;;train;Rouille naine;2024:04:15;11:40:59;nan;7;Orge_Rouille naine
Ior00267;../data/Bousset2_data/Images/Orge/Rouille naine/Ior00267.jpg;Orge;Rouille naine;Orge_Rouille naine;Orge;PUCCHD;Puccinia hordei;Rouille naine;;train;Rouille naine;2024:04:15;11:41:46;nan;7;Orge_Rouille naine
Ior00270;../data/Bousset2_data/Images/Orge/Rouille naine/Ior00270.jpg;Orge;Rouille naine;Orge_Rouille naine;Orge;PUCCHD;Puccinia hordei;Rouille naine;;train;Rouille naine;2024:04:15;11:42:29;nan;7;Orge_Rouille naine
Ior00491;../data/Bousset2_data/Images/Orge/Rouille naine/Ior00491.jpg;Orge;Rouille naine;Orge_Rouille naine;Orge;PUCCHD;Puccinia hordei;Rouille naine;;train;Rouille naine;2024:04:15;14:16:29;nan;7;Orge_Rouille naine
Ior00492;../data/Bousset2_data/Images/Orge/Rouille naine/Ior00492.jpg;Orge;Rouille naine;Orge_Rouille naine;Orge;PUCCHD;Puccinia hordei;Rouille naine;;train;Rouille naine;2024:04:15;14:17:00;nan;7;Orge_Rouille naine
Ior00493;../data/Bousset2_data/Images/Orge/Rouille naine/Ior00493.jpg;Orge;Rouille naine;Orge_Rouille naine;Orge;PUCCHD;Puccinia hordei;Rouille naine;;train;Rouille naine;2024:04:15;14:17:07;nan;7;Orge_Rouille naine
Ior00495;../data/Bousset2_data/Images/Orge/Rouille naine/Ior00495.jpg;Orge;Rouille naine;Orge_Rouille naine;Orge;PUCCHD;Puccinia hordei;Rouille naine;;train;Rouille naine;2024:04:15;14:18:24;nan;7;Orge_Rouille naine
Ior00503;../data/Bousset2_data/Images/Orge/Rouille naine/Ior00503.jpg;Orge;Rouille naine;Orge_Rouille naine;Orge;PUCCHD;Puccinia hordei;Rouille naine;;train;Rouille naine;2024:04:15;14:19:42;nan;7;Orge_Rouille naine
Ior00507;../data/Bousset2_data/Images/Orge/Rouille naine/Ior00507.jpg;Orge;Rouille naine;Orge_Rouille naine;Orge;PUCCHD;Puccinia hordei;Rouille naine;;train;Rouille naine;2024:04:15;14:21:09;nan;7;Orge_Rouille naine
Ior00509;../data/Bousset2_data/Images/Orge/Rouille naine/Ior00509.jpg;Orge;Rouille naine;Orge_Rouille naine;Orge;PUCCHD;Puccinia hordei;Rouille naine;;train;Rouille naine;2024:04:15;14:22:17;nan;7;Orge_Rouille naine
Ior00510;../data/Bousset2_data/Images/Orge/Rouille naine/Ior00510.jpg;Orge;Rouille naine;Orge_Rouille naine;Orge;PUCCHD;Puccinia hordei;Rouille naine;;train;Rouille naine;2024:04:15;14:22:20;nan;7;Orge_Rouille naine
Ior00511;../data/Bousset2_data/Images/Orge/Rouille naine/Ior00511.jpg;Orge;Rouille naine;Orge_Rouille naine;Orge;PUCCHD;Puccinia hordei;Rouille naine;;train;Rouille naine;2024:04:15;14:22:30;nan;7;Orge_Rouille naine
Ior00512;../data/Bousset2_data/Images/Orge/Rouille naine/Ior00512.jpg;Orge;Rouille naine;Orge_Rouille naine;Orge;PUCCHD;Puccinia hordei;Rouille naine;;train;Rouille naine;2024:04:15;14:22:32;nan;7;Orge_Rouille naine
Ior00516;../data/Bousset2_data/Images/Orge/Rouille naine/Ior00516.jpg;Orge;Rouille naine;Orge_Rouille naine;Orge;PUCCHD;Puccinia hordei;Rouille naine;;train;Rouille naine;2024:04:15;14:24:06;nan;7;Orge_Rouille naine
Ior00518;../data/Bousset2_data/Images/Orge/Rouille naine/Ior00518.jpg;Orge;Rouille naine;Orge_Rouille naine;Orge;PUCCHD;Puccinia hordei;Rouille naine;;train;Rouille naine;2024:04:15;14:24:27;nan;7;Orge_Rouille naine
Ior00519;../data/Bousset2_data/Images/Orge/Rouille naine/Ior00519.jpg;Orge;Rouille naine;Orge_Rouille naine;Orge;PUCCHD;Puccinia hordei;Rouille naine;;train;Rouille naine;2024:04:15;14:24:35;nan;7;Orge_Rouille naine
Ior00633;../data/Bousset2_data/Images/Orge/Rouille naine/Ior00633.jpg;Orge;Rouille naine;Orge_Rouille naine;Orge;PUCCHD;Puccinia hordei;Rouille naine;;train;Rouille naine;2024:04:22;13:20:11;nan;7;Orge_Rouille naine
Ior00635;../data/Bousset2_data/Images/Orge/Rouille naine/Ior00635.jpg;Orge;Rouille naine;Orge_Rouille naine;Orge;PUCCHD;Puccinia hordei;Rouille naine;;train;Rouille naine;2024:04:22;13:20:33;nan;7;Orge_Rouille naine
Ior00636;../data/Bousset2_data/Images/Orge/Rouille naine/Ior00636.jpg;Orge;Rouille naine;Orge_Rouille naine;Orge;PUCCHD;Puccinia hordei;Rouille naine;;train;Rouille naine;2024:04:22;13:20:43;nan;7;Orge_Rouille naine
Ior00686;../data/Bousset2_data/Images/Orge/Rouille naine/Ior00686.jpg;Orge;Rouille naine;Orge_Rouille naine;Orge;PUCCHD;Puccinia hordei;Rouille naine;;train;Rouille naine;2024:04:22;13:36:31;nan;7;Orge_Rouille naine
Ior00687;../data/Bousset2_data/Images/Orge/Rouille naine/Ior00687.jpg;Orge;Rouille naine;Orge_Rouille naine;Orge;PUCCHD;Puccinia hordei;Rouille naine;;train;Rouille naine;2024:04:22;13:36:45;nan;7;Orge_Rouille naine
Ior00689;../data/Bousset2_data/Images/Orge/Rouille naine/Ior00689.jpg;Orge;Rouille naine;Orge_Rouille naine;Orge;PUCCHD;Puccinia hordei;Rouille naine;;train;Rouille naine;2024:04:22;13:37:37;nan;7;Orge_Rouille naine
Ior00690;../data/Bousset2_data/Images/Orge/Rouille naine/Ior00690.jpg;Orge;Rouille naine;Orge_Rouille naine;Orge;PUCCHD;Puccinia hordei;Rouille naine;;train;Rouille naine;2024:04:22;13:38:05;nan;7;Orge_Rouille naine
Ior00691;../data/Bousset2_data/Images/Orge/Rouille naine/Ior00691.jpg;Orge;Rouille naine;Orge_Rouille naine;Orge;PUCCHD;Puccinia hordei;Rouille naine;;train;Rouille naine;2024:04:22;13:38:26;nan;7;Orge_Rouille naine
Ior00726;../data/Bousset2_data/Images/Orge/Rouille naine/Ior00726.jpg;Orge;Rouille naine;Orge_Rouille naine;Orge;PUCCHD;Puccinia hordei;Rouille naine;;train;Rouille naine;2024:04:22;14:48:04;nan;7;Orge_Rouille naine
Ior00727;../data/Bousset2_data/Images/Orge/Rouille naine/Ior00727.jpg;Orge;Rouille naine;Orge_Rouille naine;Orge;PUCCHD;Puccinia hordei;Rouille naine;;train;Rouille naine;2024:04:22;14:48:14;nan;7;Orge_Rouille naine
Ior00729;../data/Bousset2_data/Images/Orge/Rouille naine/Ior00729.jpg;Orge;Rouille naine;Orge_Rouille naine;Orge;PUCCHD;Puccinia hordei;Rouille naine;;train;Rouille naine;2024:04:22;14:48:34;nan;7;Orge_Rouille naine
Ior00730;../data/Bousset2_data/Images/Orge/Rouille naine/Ior00730.jpg;Orge;Rouille naine;Orge_Rouille naine;Orge;PUCCHD;Puccinia hordei;Rouille naine;;train;Rouille naine;2024:04:22;14:48:53;nan;7;Orge_Rouille naine
Ior00802;../data/Bousset2_data/Images/Orge/Rouille naine/Ior00802.jpg;Orge;Rouille naine;Orge_Rouille naine;Orge;PUCCHD;Puccinia hordei;Rouille naine;;train;Rouille naine;2024:05:03;13:16:55;nan;7;Orge_Rouille naine
Ior00803;../data/Bousset2_data/Images/Orge/Rouille naine/Ior00803.jpg;Orge;Rouille naine;Orge_Rouille naine;Orge;PUCCHD;Puccinia hordei;Rouille naine;;train;Rouille naine;2024:05:03;13:17:03;nan;7;Orge_Rouille naine
Ior00804;../data/Bousset2_data/Images/Orge/Rouille naine/Ior00804.jpg;Orge;Rouille naine;Orge_Rouille naine;Orge;PUCCHD;Puccinia hordei;Rouille naine;;train;Rouille naine;2024:05:03;13:17:12;nan;7;Orge_Rouille naine
Ior00805;../data/Bousset2_data/Images/Orge/Rouille naine/Ior00805.jpg;Orge;Rouille naine;Orge_Rouille naine;Orge;PUCCHD;Puccinia hordei;Rouille naine;;train;Rouille naine;2024:05:03;13:17:17;nan;7;Orge_Rouille naine
Ior00806;../data/Bousset2_data/Images/Orge/Rouille naine/Ior00806.jpg;Orge;Rouille naine;Orge_Rouille naine;Orge;PUCCHD;Puccinia hordei;Rouille naine;;train;Rouille naine;2024:05:03;13:17:32;nan;7;Orge_Rouille naine
Ior00807;../data/Bousset2_data/Images/Orge/Rouille naine/Ior00807.jpg;Orge;Rouille naine;Orge_Rouille naine;Orge;PUCCHD;Puccinia hordei;Rouille naine;;train;Rouille naine;2024:05:03;13:17:34;nan;7;Orge_Rouille naine
Ior00808;../data/Bousset2_data/Images/Orge/Rouille naine/Ior00808.jpg;Orge;Rouille naine;Orge_Rouille naine;Orge;PUCCHD;Puccinia hordei;Rouille naine;;train;Rouille naine;2024:05:03;13:17:47;nan;7;Orge_Rouille naine
Ior00809;../data/Bousset2_data/Images/Orge/Rouille naine/Ior00809.jpg;Orge;Rouille naine;Orge_Rouille naine;Orge;PUCCHD;Puccinia hordei;Rouille naine;;train;Rouille naine;2024:05:03;13:17:49;nan;7;Orge_Rouille naine
Ior00810;../data/Bousset2_data/Images/Orge/Rouille naine/Ior00810.jpg;Orge;Rouille naine;Orge_Rouille naine;Orge;PUCCHD;Puccinia hordei;Rouille naine;;train;Rouille naine;2024:05:03;13:17:53;nan;7;Orge_Rouille naine
Ior00813;../data/Bousset2_data/Images/Orge/Rouille naine/Ior00813.jpg;Orge;Rouille naine;Orge_Rouille naine;Orge;PUCCHD;Puccinia hordei;Rouille naine;;train;Rouille naine;2024:05:03;13:18:17;nan;7;Orge_Rouille naine
Ior00819;../data/Bousset2_data/Images/Orge/Rouille naine/Ior00819.jpg;Orge;Rouille naine;Orge_Rouille naine;Orge;PUCCHD;Puccinia hordei;Rouille naine;;train;Rouille naine;2024:05:03;13:19:17;nan;7;Orge_Rouille naine
Ior00820;../data/Bousset2_data/Images/Orge/Rouille naine/Ior00820.jpg;Orge;Rouille naine;Orge_Rouille naine;Orge;PUCCHD;Puccinia hordei;Rouille naine;;train;Rouille naine;2024:05:03;13:19:23;nan;7;Orge_Rouille naine
Ior00822;../data/Bousset2_data/Images/Orge/Rouille naine/Ior00822.jpg;Orge;Rouille naine;Orge_Rouille naine;Orge;PUCCHD;Puccinia hordei;Rouille naine;;train;Rouille naine;2024:05:03;13:19:34;nan;7;Orge_Rouille naine
Ior00823;../data/Bousset2_data/Images/Orge/Rouille naine/Ior00823.jpg;Orge;Rouille naine;Orge_Rouille naine;Orge;PUCCHD;Puccinia hordei;Rouille naine;;train;Rouille naine;2024:05:03;13:19:44;nan;7;Orge_Rouille naine
Ior00824;../data/Bousset2_data/Images/Orge/Rouille naine/Ior00824.jpg;Orge;Rouille naine;Orge_Rouille naine;Orge;PUCCHD;Puccinia hordei;Rouille naine;;train;Rouille naine;2024:05:03;13:19:59;nan;7;Orge_Rouille naine
Ior00825;../data/Bousset2_data/Images/Orge/Rouille naine/Ior00825.jpg;Orge;Rouille naine;Orge_Rouille naine;Orge;PUCCHD;Puccinia hordei;Rouille naine;;train;Rouille naine;2024:05:03;13:20:24;nan;7;Orge_Rouille naine
Ior00826;../data/Bousset2_data/Images/Orge/Rouille naine/Ior00826.jpg;Orge;Rouille naine;Orge_Rouille naine;Orge;PUCCHD;Puccinia hordei;Rouille naine;;train;Rouille naine;2024:05:03;13:20:26;nan;7;Orge_Rouille naine
Ior00827;../data/Bousset2_data/Images/Orge/Rouille naine/Ior00827.jpg;Orge;Rouille naine;Orge_Rouille naine;Orge;PUCCHD;Puccinia hordei;Rouille naine;;train;Rouille naine;2024:05:03;13:20:27;nan;7;Orge_Rouille naine
Ior00828;../data/Bousset2_data/Images/Orge/Rouille naine/Ior00828.jpg;Orge;Rouille naine;Orge_Rouille naine;Orge;PUCCHD;Puccinia hordei;Rouille naine;;train;Rouille naine;2024:05:03;13:20:31;nan;7;Orge_Rouille naine
Ior00830;../data/Bousset2_data/Images/Orge/Rouille naine/Ior00830.jpg;Orge;Rouille naine;Orge_Rouille naine;Orge;PUCCHD;Puccinia hordei;Rouille naine;;train;Rouille naine;2024:05:03;13:20:44;nan;7;Orge_Rouille naine
Ior00832;../data/Bousset2_data/Images/Orge/Rouille naine/Ior00832.jpg;Orge;Rouille naine;Orge_Rouille naine;Orge;PUCCHD;Puccinia hordei;Rouille naine;;train;Rouille naine;2024:05:03;13:20:52;nan;7;Orge_Rouille naine
Ior00943;../data/Bousset2_data/Images/Orge/Rouille naine/Ior00943.jpg;Orge;Rouille naine;Orge_Rouille naine;Orge;PUCCHD;Puccinia hordei;Rouille naine;;train;Rouille naine;2024:05:23;13:15:57;nan;7;Orge_Rouille naine
Ior00980;../data/Bousset2_data/Images/Orge/Rouille naine/Ior00980.jpg;Orge;Rouille naine;Orge_Rouille naine;Orge;PUCCHD;Puccinia hordei;Rouille naine;;train;Rouille naine;2024:06:11;16:30:17;nan;7;Orge_Rouille naine
Ior00985;../data/VAULT/Bousset2_data/Images/Orge/Rouille naine/Ior00985.jpg;Orge;Rouille naine;Orge_Rouille naine;Orge;PUCCHD;Puccinia hordei;Rouille naine;;vault;Rouille naine;2024:06:24;15:39:15;nan;7;Orge_Rouille naine
Ior00986;../data/VAULT/Bousset2_data/Images/Orge/Rouille naine/Ior00986.jpg;Orge;Rouille naine;Orge_Rouille naine;Orge;PUCCHD;Puccinia hordei;Rouille naine;;vault;Rouille naine;2024:06:24;15:39:18;nan;7;Orge_Rouille naine
Ior00988;../data/VAULT/Bousset2_data/Images/Orge/Rouille naine/Ior00988.jpg;Orge;Rouille naine;Orge_Rouille naine;Orge;PUCCHD;Puccinia hordei;Rouille naine;;vault;Rouille naine;2024:06:24;15:39:33;nan;7;Orge_Rouille naine
Ior00989;../data/VAULT/Bousset2_data/Images/Orge/Rouille naine/Ior00989.jpg;Orge;Rouille naine;Orge_Rouille naine;Orge;PUCCHD;Puccinia hordei;Rouille naine;;vault;Rouille naine;2024:06:24;15:39:38;nan;7;Orge_Rouille naine
Ior00990;../data/VAULT/Bousset2_data/Images/Orge/Rouille naine/Ior00990.jpg;Orge;Rouille naine;Orge_Rouille naine;Orge;PUCCHD;Puccinia hordei;Rouille naine;;vault;Rouille naine;2024:06:24;15:39:43;nan;7;Orge_Rouille naine
Ior00992;../data/VAULT/Bousset2_data/Images/Orge/Rouille naine/Ior00992.jpg;Orge;Rouille naine;Orge_Rouille naine;Orge;PUCCHD;Puccinia hordei;Rouille naine;;vault;Rouille naine;2024:06:24;15:39:59;nan;7;Orge_Rouille naine
Ior00038;../data/Bousset2_data/Images/Orge/Septoriose/Ior00038.jpg;Orge;Septoriose;Orge_Septoriose;Orge;SEPPTR;Zymospetoria tritici;Septoriose;;train;Septoriose;2024:04:12;13:54:53;nan;20;Orge_Septoriose
Ior00039;../data/Bousset2_data/Images/Orge/Septoriose/Ior00039.jpg;Orge;Septoriose;Orge_Septoriose;Orge;SEPPTR;Zymospetoria tritici;Septoriose;;train;Septoriose;2024:04:12;13:55:11;nan;20;Orge_Septoriose
Ior00049;../data/Bousset2_data/Images/Orge/Septoriose/Ior00049.jpg;Orge;Septoriose;Orge_Septoriose;Orge;SEPPTR;Zymospetoria tritici;Septoriose;;train;Septoriose;2024:04:12;13:57:45;nan;20;Orge_Septoriose
Ior00050;../data/Bousset2_data/Images/Orge/Septoriose/Ior00050.jpg;Orge;Septoriose;Orge_Septoriose;Orge;SEPPTR;Zymospetoria tritici;Septoriose;;train;Septoriose;2024:04:12;13:58:19;nan;20;Orge_Septoriose
Ior00051;../data/Bousset2_data/Images/Orge/Septoriose/Ior00051.jpg;Orge;Septoriose;Orge_Septoriose;Orge;SEPPTR;Zymospetoria tritici;Septoriose;;train;Septoriose;2024:04:12;13:58:56;nan;20;Orge_Septoriose
Ior00052;../data/Bousset2_data/Images/Orge/Septoriose/Ior00052.jpg;Orge;Septoriose;Orge_Septoriose;Orge;SEPPTR;Zymospetoria tritici;Septoriose;;train;Septoriose;2024:04:12;13:59:06;nan;20;Orge_Septoriose
Ior00103;../data/Bousset2_data/Images/Orge/Septoriose/Ior00103.jpg;Orge;Septoriose;Orge_Septoriose;Orge;SEPPTR;Zymospetoria tritici;Septoriose;;train;Septoriose;2024:04:12;14:12:07;nan;20;Orge_Septoriose
Ior00104;../data/Bousset2_data/Images/Orge/Septoriose/Ior00104.jpg;Orge;Septoriose;Orge_Septoriose;Orge;SEPPTR;Zymospetoria tritici;Septoriose;;train;Septoriose;2024:04:12;14:12:11;nan;20;Orge_Septoriose
Ior00170;../data/Bousset2_data/Images/Orge/Septoriose/Ior00170.jpg;Orge;Septoriose;Orge_Septoriose;Orge;SEPPTR;Zymospetoria tritici;Septoriose;;train;Septoriose;2024:04:15;11:16:38;nan;20;Orge_Septoriose
Ior00172;../data/Bousset2_data/Images/Orge/Septoriose/Ior00172.jpg;Orge;Septoriose;Orge_Septoriose;Orge;SEPPTR;Zymospetoria tritici;Septoriose;;train;Septoriose;2024:04:15;11:17:03;nan;20;Orge_Septoriose
Ior00173;../data/Bousset2_data/Images/Orge/Septoriose/Ior00173.jpg;Orge;Septoriose;Orge_Septoriose;Orge;SEPPTR;Zymospetoria tritici;Septoriose;;train;Septoriose;2024:04:15;11:17:16;nan;20;Orge_Septoriose
Ior00175;../data/Bousset2_data/Images/Orge/Septoriose/Ior00175.jpg;Orge;Septoriose;Orge_Septoriose;Orge;SEPPTR;Zymospetoria tritici;Septoriose;;train;Septoriose;2024:04:15;11:17:30;nan;20;Orge_Septoriose
Ior00182;../data/Bousset2_data/Images/Orge/Septoriose/Ior00182.jpg;Orge;Septoriose;Orge_Septoriose;Orge;SEPPTR;Zymospetoria tritici;Septoriose;;train;Septoriose;2024:04:15;11:18:43;nan;20;Orge_Septoriose
Ior00183;../data/Bousset2_data/Images/Orge/Septoriose/Ior00183.jpg;Orge;Septoriose;Orge_Septoriose;Orge;SEPPTR;Zymospetoria tritici;Septoriose;;train;Septoriose;2024:04:15;11:18:55;nan;20;Orge_Septoriose
Ior00184;../data/Bousset2_data/Images/Orge/Septoriose/Ior00184.jpg;Orge;Septoriose;Orge_Septoriose;Orge;SEPPTR;Zymospetoria tritici;Septoriose;;train;Septoriose;2024:04:15;11:19:03;nan;20;Orge_Septoriose
Ior00185;../data/Bousset2_data/Images/Orge/Septoriose/Ior00185.jpg;Orge;Septoriose;Orge_Septoriose;Orge;SEPPTR;Zymospetoria tritici;Septoriose;;train;Septoriose;2024:04:15;11:19:15;nan;20;Orge_Septoriose
Ior00186;../data/Bousset2_data/Images/Orge/Septoriose/Ior00186.jpg;Orge;Septoriose;Orge_Septoriose;Orge;SEPPTR;Zymospetoria tritici;Septoriose;;train;Septoriose;2024:04:15;11:19:20;nan;20;Orge_Septoriose
Ior00190;../data/Bousset2_data/Images/Orge/Septoriose/Ior00190.jpg;Orge;Septoriose;Orge_Septoriose;Orge;SEPPTR;Zymospetoria tritici;Septoriose;;train;Septoriose;2024:04:15;11:19:53;nan;20;Orge_Septoriose
Ior00193;../data/Bousset2_data/Images/Orge/Septoriose/Ior00193.jpg;Orge;Septoriose;Orge_Septoriose;Orge;SEPPTR;Zymospetoria tritici;Septoriose;;train;Septoriose;2024:04:15;11:20:35;nan;20;Orge_Septoriose
Ior00195;../data/Bousset2_data/Images/Orge/Septoriose/Ior00195.jpg;Orge;Septoriose;Orge_Septoriose;Orge;SEPPTR;Zymospetoria tritici;Septoriose;;train;Septoriose;2024:04:15;11:20:46;nan;20;Orge_Septoriose
Ior00199;../data/Bousset2_data/Images/Orge/Septoriose/Ior00199.jpg;Orge;Septoriose;Orge_Septoriose;Orge;SEPPTR;Zymospetoria tritici;Septoriose;;train;Septoriose;2024:04:15;11:21:32;nan;20;Orge_Septoriose
Ior00201;../data/Bousset2_data/Images/Orge/Septoriose/Ior00201.jpg;Orge;Septoriose;Orge_Septoriose;Orge;SEPPTR;Zymospetoria tritici;Septoriose;;train;Septoriose;2024:04:15;11:22:16;nan;20;Orge_Septoriose
Ior00202;../data/Bousset2_data/Images/Orge/Septoriose/Ior00202.jpg;Orge;Septoriose;Orge_Septoriose;Orge;SEPPTR;Zymospetoria tritici;Septoriose;;train;Septoriose;2024:04:15;11:22:56;nan;20;Orge_Septoriose
Ior00348;../data/Bousset2_data/Images/Orge/Septoriose/Ior00348.jpg;Orge;Septoriose;Orge_Septoriose;Orge;SEPPTR;Zymospetoria tritici;Septoriose;;train;Septoriose;2024:04:15;12:12:19;nan;20;Orge_Septoriose
Ior00349;../data/Bousset2_data/Images/Orge/Septoriose/Ior00349.jpg;Orge;Septoriose;Orge_Septoriose;Orge;SEPPTR;Zymospetoria tritici;Septoriose;;train;Septoriose;2024:04:15;12:12:29;nan;20;Orge_Septoriose
Ior00350;../data/Bousset2_data/Images/Orge/Septoriose/Ior00350.jpg;Orge;Septoriose;Orge_Septoriose;Orge;SEPPTR;Zymospetoria tritici;Septoriose;;train;Septoriose;2024:04:15;12:12:34;nan;20;Orge_Septoriose
Ior00354;../data/Bousset2_data/Images/Orge/Septoriose/Ior00354.jpg;Orge;Septoriose;Orge_Septoriose;Orge;SEPPTR;Zymospetoria tritici;Septoriose;;train;Septoriose;2024:04:15;12:13:23;nan;20;Orge_Septoriose
Ior00355;../data/Bousset2_data/Images/Orge/Septoriose/Ior00355.jpg;Orge;Septoriose;Orge_Septoriose;Orge;SEPPTR;Zymospetoria tritici;Septoriose;;train;Septoriose;2024:04:15;12:13:26;nan;20;Orge_Septoriose
Ior00356;../data/Bousset2_data/Images/Orge/Septoriose/Ior00356.jpg;Orge;Septoriose;Orge_Septoriose;Orge;SEPPTR;Zymospetoria tritici;Septoriose;;train;Septoriose;2024:04:15;12:13:43;nan;20;Orge_Septoriose
Ior00358;../data/Bousset2_data/Images/Orge/Septoriose/Ior00358.jpg;Orge;Septoriose;Orge_Septoriose;Orge;SEPPTR;Zymospetoria tritici;Septoriose;;train;Septoriose;2024:04:15;12:14:03;nan;20;Orge_Septoriose
Ior00360;../data/Bousset2_data/Images/Orge/Septoriose/Ior00360.jpg;Orge;Septoriose;Orge_Septoriose;Orge;SEPPTR;Zymospetoria tritici;Septoriose;;train;Septoriose;2024:04:15;12:14:29;nan;20;Orge_Septoriose
Ior00470;../data/Bousset2_data/Images/Orge/Septoriose/Ior00470.jpg;Orge;Septoriose;Orge_Septoriose;Orge;SEPPTR;Zymospetoria tritici;Septoriose;;train;Septoriose;2024:04:15;14:10:45;nan;20;Orge_Septoriose
Ior00471;../data/Bousset2_data/Images/Orge/Septoriose/Ior00471.jpg;Orge;Septoriose;Orge_Septoriose;Orge;SEPPTR;Zymospetoria tritici;Septoriose;;train;Septoriose;2024:04:15;14:10:52;nan;20;Orge_Septoriose
Ior00472;../data/Bousset2_data/Images/Orge/Septoriose/Ior00472.jpg;Orge;Septoriose;Orge_Septoriose;Orge;SEPPTR;Zymospetoria tritici;Septoriose;;train;Septoriose;2024:04:15;14:10:55;nan;20;Orge_Septoriose
Ior00474;../data/Bousset2_data/Images/Orge/Septoriose/Ior00474.jpg;Orge;Septoriose;Orge_Septoriose;Orge;SEPPTR;Zymospetoria tritici;Septoriose;;train;Septoriose;2024:04:15;14:11:16;nan;20;Orge_Septoriose
Ior00476;../data/Bousset2_data/Images/Orge/Septoriose/Ior00476.jpg;Orge;Septoriose;Orge_Septoriose;Orge;SEPPTR;Zymospetoria tritici;Septoriose;;train;Septoriose;2024:04:15;14:11:32;nan;20;Orge_Septoriose
Ior00517;../data/Bousset2_data/Images/Orge/Septoriose/Ior00517.jpg;Orge;Septoriose;Orge_Septoriose;Orge;SEPPTR;Zymospetoria tritici;Septoriose;;train;Septoriose;2024:04:15;14:24:14;nan;20;Orge_Septoriose
Ior00520;../data/Bousset2_data/Images/Orge/Septoriose/Ior00520.jpg;Orge;Septoriose;Orge_Septoriose;Orge;SEPPTR;Zymospetoria tritici;Septoriose;;train;Septoriose;2024:04:15;14:25:07;nan;20;Orge_Septoriose
Ior00527;../data/Bousset2_data/Images/Orge/Septoriose/Ior00527.jpg;Orge;Septoriose;Orge_Septoriose;Orge;SEPPTR;Zymospetoria tritici;Septoriose;;train;Septoriose;2024:04:15;14:28:46;nan;20;Orge_Septoriose
Ior00568;../data/Bousset2_data/Images/Orge/Septoriose/Ior00568.jpg;Orge;Septoriose;Orge_Septoriose;Orge;SEPPTR;Zymospetoria tritici;Septoriose;;train;Septoriose;2024:04:22;13:05:24;nan;20;Orge_Septoriose
Ior00591;../data/Bousset2_data/Images/Orge/Septoriose/Ior00591.jpg;Orge;Septoriose;Orge_Septoriose;Orge;SEPPTR;Zymospetoria tritici;Septoriose;;train;Septoriose;2024:04:22;13:11:08;nan;20;Orge_Septoriose
Ior00678;../data/Bousset2_data/Images/Orge/Septoriose/Ior00678.jpg;Orge;Septoriose;Orge_Septoriose;Orge;SEPPTR;Zymospetoria tritici;Septoriose;;train;Septoriose;2024:04:22;13:31:07;nan;20;Orge_Septoriose
Ior00849;../data/Bousset2_data/Images/Orge/Septoriose/Ior00849.jpg;Orge;Septoriose;Orge_Septoriose;Orge;SEPPTR;Zymospetoria tritici;Septoriose;;train;Septoriose;2024:05:03;13:24:59;nan;20;Orge_Septoriose
Ior00850;../data/Bousset2_data/Images/Orge/Septoriose/Ior00850.jpg;Orge;Septoriose;Orge_Septoriose;Orge;SEPPTR;Zymospetoria tritici;Septoriose;;train;Septoriose;2024:05:03;13:25:02;nan;20;Orge_Septoriose
Ior00851;../data/Bousset2_data/Images/Orge/Septoriose/Ior00851.jpg;Orge;Septoriose;Orge_Septoriose;Orge;SEPPTR;Zymospetoria tritici;Septoriose;;train;Septoriose;2024:05:03;13:25:35;nan;20;Orge_Septoriose
Ior00084;../data/Bousset2_data/Images/Orge/Virus JNO/Ior00084.jpg;Orge;Virus JNO;Orge_Virus JNO;Orge;BYDV00;;Virus JNO;;train;Virus JNO;2024:04:12;14:07:42;nan;8;Orge_Virus JNO
Ior00129;../data/Bousset2_data/Images/Orge/Virus JNO/Ior00129.jpg;Orge;Virus JNO;Orge_Virus JNO;Orge;BYDV00;;Virus JNO;;train;Virus JNO;2024:04:15;11:12:02;nan;8;Orge_Virus JNO
Ior00130;../data/Bousset2_data/Images/Orge/Virus JNO/Ior00130.jpg;Orge;Virus JNO;Orge_Virus JNO;Orge;BYDV00;;Virus JNO;;train;Virus JNO;2024:04:15;11:12:08;nan;8;Orge_Virus JNO
Ior00132;../data/Bousset2_data/Images/Orge/Virus JNO/Ior00132.jpg;Orge;Virus JNO;Orge_Virus JNO;Orge;BYDV00;;Virus JNO;;train;Virus JNO;2024:04:15;11:12:28;nan;8;Orge_Virus JNO
Ior00133;../data/Bousset2_data/Images/Orge/Virus JNO/Ior00133.jpg;Orge;Virus JNO;Orge_Virus JNO;Orge;BYDV00;;Virus JNO;;train;Virus JNO;2024:04:15;11:12:37;nan;8;Orge_Virus JNO
Ior00134;../data/Bousset2_data/Images/Orge/Virus JNO/Ior00134.jpg;Orge;Virus JNO;Orge_Virus JNO;Orge;BYDV00;;Virus JNO;;train;Virus JNO;2024:04:15;11:12:42;nan;8;Orge_Virus JNO
Ior00135;../data/Bousset2_data/Images/Orge/Virus JNO/Ior00135.jpg;Orge;Virus JNO;Orge_Virus JNO;Orge;BYDV00;;Virus JNO;;train;Virus JNO;2024:04:15;11:12:46;nan;8;Orge_Virus JNO
Ior00136;../data/Bousset2_data/Images/Orge/Virus JNO/Ior00136.jpg;Orge;Virus JNO;Orge_Virus JNO;Orge;BYDV00;;Virus JNO;;train;Virus JNO;2024:04:15;11:12:51;nan;8;Orge_Virus JNO
Ior00137;../data/Bousset2_data/Images/Orge/Virus JNO/Ior00137.jpg;Orge;Virus JNO;Orge_Virus JNO;Orge;BYDV00;;Virus JNO;;train;Virus JNO;2024:04:15;11:12:53;nan;8;Orge_Virus JNO
Ior00138;../data/Bousset2_data/Images/Orge/Virus JNO/Ior00138.jpg;Orge;Virus JNO;Orge_Virus JNO;Orge;BYDV00;;Virus JNO;;train;Virus JNO;2024:04:15;11:12:56;nan;8;Orge_Virus JNO
Ior00139;../data/Bousset2_data/Images/Orge/Virus JNO/Ior00139.jpg;Orge;Virus JNO;Orge_Virus JNO;Orge;BYDV00;;Virus JNO;;train;Virus JNO;2024:04:15;11:13:09;nan;8;Orge_Virus JNO
Ior00140;../data/Bousset2_data/Images/Orge/Virus JNO/Ior00140.jpg;Orge;Virus JNO;Orge_Virus JNO;Orge;BYDV00;;Virus JNO;;train;Virus JNO;2024:04:15;11:13:16;nan;8;Orge_Virus JNO
Ior00141;../data/Bousset2_data/Images/Orge/Virus JNO/Ior00141.jpg;Orge;Virus JNO;Orge_Virus JNO;Orge;BYDV00;;Virus JNO;;train;Virus JNO;2024:04:15;11:13:19;nan;8;Orge_Virus JNO
Ior00142;../data/Bousset2_data/Images/Orge/Virus JNO/Ior00142.jpg;Orge;Virus JNO;Orge_Virus JNO;Orge;BYDV00;;Virus JNO;;train;Virus JNO;2024:04:15;11:13:22;nan;8;Orge_Virus JNO
Ior00143;../data/Bousset2_data/Images/Orge/Virus JNO/Ior00143.jpg;Orge;Virus JNO;Orge_Virus JNO;Orge;BYDV00;;Virus JNO;;train;Virus JNO;2024:04:15;11:13:32;nan;8;Orge_Virus JNO
Ior00145;../data/Bousset2_data/Images/Orge/Virus JNO/Ior00145.jpg;Orge;Virus JNO;Orge_Virus JNO;Orge;BYDV00;;Virus JNO;;train;Virus JNO;2024:04:15;11:13:43;nan;8;Orge_Virus JNO
Ior00147;../data/Bousset2_data/Images/Orge/Virus JNO/Ior00147.jpg;Orge;Virus JNO;Orge_Virus JNO;Orge;BYDV00;;Virus JNO;;train;Virus JNO;2024:04:15;11:13:54;nan;8;Orge_Virus JNO
Ior00151;../data/Bousset2_data/Images/Orge/Virus JNO/Ior00151.jpg;Orge;Virus JNO;Orge_Virus JNO;Orge;BYDV00;;Virus JNO;;train;Virus JNO;2024:04:15;11:14:16;nan;8;Orge_Virus JNO
Ior00164;../data/Bousset2_data/Images/Orge/Virus JNO/Ior00164.jpg;Orge;Virus JNO;Orge_Virus JNO;Orge;BYDV00;;Virus JNO;;train;Virus JNO;2024:04:15;11:15:44;nan;8;Orge_Virus JNO
Ior00203;../data/Bousset2_data/Images/Orge/Virus JNO/Ior00203.jpg;Orge;Virus JNO;Orge_Virus JNO;Orge;BYDV00;;Virus JNO;;train;Virus JNO;2024:04:15;11:23:11;nan;8;Orge_Virus JNO
Ior00205;../data/Bousset2_data/Images/Orge/Virus JNO/Ior00205.jpg;Orge;Virus JNO;Orge_Virus JNO;Orge;BYDV00;;Virus JNO;;train;Virus JNO;2024:04:15;11:26:15;nan;8;Orge_Virus JNO
Ior00233;../data/Bousset2_data/Images/Orge/Virus JNO/Ior00233.jpg;Orge;Virus JNO;Orge_Virus JNO;Orge;BYDV00;;Virus JNO;;train;Virus JNO;2024:04:15;11:34:33;nan;8;Orge_Virus JNO
Ior00296;../data/Bousset2_data/Images/Orge/Virus JNO/Ior00296.jpg;Orge;Virus JNO;Orge_Virus JNO;Orge;BYDV00;;Virus JNO;;train;Virus JNO;2024:04:15;11:55:11;nan;8;Orge_Virus JNO
Ior00309;../data/Bousset2_data/Images/Orge/Virus JNO/Ior00309.jpg;Orge;Virus JNO;Orge_Virus JNO;Orge;BYDV00;;Virus JNO;;train;Virus JNO;2024:04:15;11:59:45;nan;8;Orge_Virus JNO
Ior00310;../data/Bousset2_data/Images/Orge/Virus JNO/Ior00310.jpg;Orge;Virus JNO;Orge_Virus JNO;Orge;BYDV00;;Virus JNO;;train;Virus JNO;2024:04:15;11:59:57;nan;8;Orge_Virus JNO
Ior00311;../data/Bousset2_data/Images/Orge/Virus JNO/Ior00311.jpg;Orge;Virus JNO;Orge_Virus JNO;Orge;BYDV00;;Virus JNO;;train;Virus JNO;2024:04:15;12:00:13;nan;8;Orge_Virus JNO
Ior00312;../data/Bousset2_data/Images/Orge/Virus JNO/Ior00312.jpg;Orge;Virus JNO;Orge_Virus JNO;Orge;BYDV00;;Virus JNO;;train;Virus JNO;2024:04:15;12:00:27;nan;8;Orge_Virus JNO
Ior00313;../data/Bousset2_data/Images/Orge/Virus JNO/Ior00313.jpg;Orge;Virus JNO;Orge_Virus JNO;Orge;BYDV00;;Virus JNO;;train;Virus JNO;2024:04:15;12:00:30;nan;8;Orge_Virus JNO
Ior00314;../data/Bousset2_data/Images/Orge/Virus JNO/Ior00314.jpg;Orge;Virus JNO;Orge_Virus JNO;Orge;BYDV00;;Virus JNO;;train;Virus JNO;2024:04:15;12:00:34;nan;8;Orge_Virus JNO
Ior00315;../data/Bousset2_data/Images/Orge/Virus JNO/Ior00315.jpg;Orge;Virus JNO;Orge_Virus JNO;Orge;BYDV00;;Virus JNO;;train;Virus JNO;2024:04:15;12:00:48;nan;8;Orge_Virus JNO
Ior00316;../data/Bousset2_data/Images/Orge/Virus JNO/Ior00316.jpg;Orge;Virus JNO;Orge_Virus JNO;Orge;BYDV00;;Virus JNO;;train;Virus JNO;2024:04:15;12:00:55;nan;8;Orge_Virus JNO
Ior00317;../data/Bousset2_data/Images/Orge/Virus JNO/Ior00317.jpg;Orge;Virus JNO;Orge_Virus JNO;Orge;BYDV00;;Virus JNO;;train;Virus JNO;2024:04:15;12:01:00;nan;8;Orge_Virus JNO
Ior00318;../data/Bousset2_data/Images/Orge/Virus JNO/Ior00318.jpg;Orge;Virus JNO;Orge_Virus JNO;Orge;BYDV00;;Virus JNO;;train;Virus JNO;2024:04:15;12:01:06;nan;8;Orge_Virus JNO
Ior00319;../data/Bousset2_data/Images/Orge/Virus JNO/Ior00319.jpg;Orge;Virus JNO;Orge_Virus JNO;Orge;BYDV00;;Virus JNO;;train;Virus JNO;2024:04:15;12:01:13;nan;8;Orge_Virus JNO
Ior00321;../data/Bousset2_data/Images/Orge/Virus JNO/Ior00321.jpg;Orge;Virus JNO;Orge_Virus JNO;Orge;BYDV00;;Virus JNO;;train;Virus JNO;2024:04:15;12:01:25;nan;8;Orge_Virus JNO
Ior00322;../data/Bousset2_data/Images/Orge/Virus JNO/Ior00322.jpg;Orge;Virus JNO;Orge_Virus JNO;Orge;BYDV00;;Virus JNO;;train;Virus JNO;2024:04:15;12:01:42;nan;8;Orge_Virus JNO
Ior00323;../data/Bousset2_data/Images/Orge/Virus JNO/Ior00323.jpg;Orge;Virus JNO;Orge_Virus JNO;Orge;BYDV00;;Virus JNO;;train;Virus JNO;2024:04:15;12:01:47;nan;8;Orge_Virus JNO
Ior00324;../data/Bousset2_data/Images/Orge/Virus JNO/Ior00324.jpg;Orge;Virus JNO;Orge_Virus JNO;Orge;BYDV00;;Virus JNO;;train;Virus JNO;2024:04:15;12:01:58;nan;8;Orge_Virus JNO
Ior00325;../data/Bousset2_data/Images/Orge/Virus JNO/Ior00325.jpg;Orge;Virus JNO;Orge_Virus JNO;Orge;BYDV00;;Virus JNO;;train;Virus JNO;2024:04:15;12:02:04;nan;8;Orge_Virus JNO
Ior00326;../data/Bousset2_data/Images/Orge/Virus JNO/Ior00326.jpg;Orge;Virus JNO;Orge_Virus JNO;Orge;BYDV00;;Virus JNO;;train;Virus JNO;2024:04:15;12:02:08;nan;8;Orge_Virus JNO
Ior00327;../data/Bousset2_data/Images/Orge/Virus JNO/Ior00327.jpg;Orge;Virus JNO;Orge_Virus JNO;Orge;BYDV00;;Virus JNO;;train;Virus JNO;2024:04:15;12:02:16;nan;8;Orge_Virus JNO
Ior00328;../data/Bousset2_data/Images/Orge/Virus JNO/Ior00328.jpg;Orge;Virus JNO;Orge_Virus JNO;Orge;BYDV00;;Virus JNO;;train;Virus JNO;2024:04:15;12:02:21;nan;8;Orge_Virus JNO
Ior00329;../data/Bousset2_data/Images/Orge/Virus JNO/Ior00329.jpg;Orge;Virus JNO;Orge_Virus JNO;Orge;BYDV00;;Virus JNO;;train;Virus JNO;2024:04:15;12:02:38;nan;8;Orge_Virus JNO
Ior00330;../data/Bousset2_data/Images/Orge/Virus JNO/Ior00330.jpg;Orge;Virus JNO;Orge_Virus JNO;Orge;BYDV00;;Virus JNO;;train;Virus JNO;2024:04:15;12:02:47;nan;8;Orge_Virus JNO
Ior00332;../data/Bousset2_data/Images/Orge/Virus JNO/Ior00332.jpg;Orge;Virus JNO;Orge_Virus JNO;Orge;BYDV00;;Virus JNO;;train;Virus JNO;2024:04:15;12:02:58;nan;8;Orge_Virus JNO
Ior00458;../data/Bousset2_data/Images/Orge/Virus JNO/Ior00458.jpg;Orge;Virus JNO;Orge_Virus JNO;Orge;BYDV00;;Virus JNO;;train;Virus JNO;2024:04:15;14:04:44;nan;8;Orge_Virus JNO
Ior00459;../data/Bousset2_data/Images/Orge/Virus JNO/Ior00459.jpg;Orge;Virus JNO;Orge_Virus JNO;Orge;BYDV00;;Virus JNO;;train;Virus JNO;2024:04:15;14:04:48;nan;8;Orge_Virus JNO
Ior00460;../data/Bousset2_data/Images/Orge/Virus JNO/Ior00460.jpg;Orge;Virus JNO;Orge_Virus JNO;Orge;BYDV00;;Virus JNO;;train;Virus JNO;2024:04:15;14:05:13;nan;8;Orge_Virus JNO
Ior00462;../data/Bousset2_data/Images/Orge/Virus JNO/Ior00462.jpg;Orge;Virus JNO;Orge_Virus JNO;Orge;BYDV00;;Virus JNO;;train;Virus JNO;2024:04:15;14:06:11;nan;8;Orge_Virus JNO
Ior00463;../data/Bousset2_data/Images/Orge/Virus JNO/Ior00463.jpg;Orge;Virus JNO;Orge_Virus JNO;Orge;BYDV00;;Virus JNO;;train;Virus JNO;2024:04:15;14:06:13;nan;8;Orge_Virus JNO
Ior00480;../data/Bousset2_data/Images/Orge/Virus JNO/Ior00480.jpg;Orge;Virus JNO;Orge_Virus JNO;Orge;BYDV00;;Virus JNO;;train;Virus JNO;2024:04:15;14:13:11;nan;8;Orge_Virus JNO
Ior00481;../data/Bousset2_data/Images/Orge/Virus JNO/Ior00481.jpg;Orge;Virus JNO;Orge_Virus JNO;Orge;BYDV00;;Virus JNO;;train;Virus JNO;2024:04:15;14:13:16;nan;8;Orge_Virus JNO
Ior00484;../data/Bousset2_data/Images/Orge/Virus JNO/Ior00484.jpg;Orge;Virus JNO;Orge_Virus JNO;Orge;BYDV00;;Virus JNO;;train;Virus JNO;2024:04:15;14:15:02;nan;8;Orge_Virus JNO
Ior00529;../data/VAULT/Bousset2_data/Images/Orge/Virus JNO/Ior00529.jpg;Orge;Virus JNO;Orge_Virus JNO;Orge;BYDV00;;Virus JNO;;vault;Virus JNO;2024:04:22;12:55:18;nan;8;Orge_Virus JNO
Ior00530;../data/VAULT/Bousset2_data/Images/Orge/Virus JNO/Ior00530.jpg;Orge;Virus JNO;Orge_Virus JNO;Orge;BYDV00;;Virus JNO;;vault;Virus JNO;2024:04:22;12:55:24;nan;8;Orge_Virus JNO
Ior00585;../data/VAULT/Bousset2_data/Images/Orge/Virus JNO/Ior00585.jpg;Orge;Virus JNO;Orge_Virus JNO;Orge;BYDV00;;Virus JNO;;vault;Virus JNO;2024:04:22;13:10:01;nan;8;Orge_Virus JNO
Ior00586;../data/VAULT/Bousset2_data/Images/Orge/Virus JNO/Ior00586.jpg;Orge;Virus JNO;Orge_Virus JNO;Orge;BYDV00;;Virus JNO;;vault;Virus JNO;2024:04:22;13:10:18;nan;8;Orge_Virus JNO
Ior00627;../data/VAULT/Bousset2_data/Images/Orge/Virus JNO/Ior00627.jpg;Orge;Virus JNO;Orge_Virus JNO;Orge;BYDV00;;Virus JNO;;vault;Virus JNO;2024:04:22;13:18:22;nan;8;Orge_Virus JNO
Ior00667;../data/VAULT/Bousset2_data/Images/Orge/Virus JNO/Ior00667.jpg;Orge;Virus JNO;Orge_Virus JNO;Orge;BYDV00;;Virus JNO;;vault;Virus JNO;2024:04:22;13:27:38;nan;8;Orge_Virus JNO
Ior00668;../data/VAULT/Bousset2_data/Images/Orge/Virus JNO/Ior00668.jpg;Orge;Virus JNO;Orge_Virus JNO;Orge;BYDV00;;Virus JNO;;vault;Virus JNO;2024:04:22;13:28:13;nan;8;Orge_Virus JNO
Ior00669;../data/VAULT/Bousset2_data/Images/Orge/Virus JNO/Ior00669.jpg;Orge;Virus JNO;Orge_Virus JNO;Orge;BYDV00;;Virus JNO;;vault;Virus JNO;2024:04:22;13:28:18;nan;8;Orge_Virus JNO
Ior00670;../data/VAULT/Bousset2_data/Images/Orge/Virus JNO/Ior00670.jpg;Orge;Virus JNO;Orge_Virus JNO;Orge;BYDV00;;Virus JNO;;vault;Virus JNO;2024:04:22;13:28:20;nan;8;Orge_Virus JNO
Ior00672;../data/VAULT/Bousset2_data/Images/Orge/Virus JNO/Ior00672.jpg;Orge;Virus JNO;Orge_Virus JNO;Orge;BYDV00;;Virus JNO;;vault;Virus JNO;2024:04:22;13:28:57;nan;8;Orge_Virus JNO
Ior00793;../data/Bousset2_data/Images/Orge/Virus JNO/Ior00793.jpg;Orge;Virus JNO;Orge_Virus JNO;Orge;BYDV00;;Virus JNO;;train;Virus JNO;2024:05:03;13:14:50;nan;8;Orge_Virus JNO
Ior00794;../data/Bousset2_data/Images/Orge/Virus JNO/Ior00794.jpg;Orge;Virus JNO;Orge_Virus JNO;Orge;BYDV00;;Virus JNO;;train;Virus JNO;2024:05:03;13:14:56;nan;8;Orge_Virus JNO
Ior00795;../data/Bousset2_data/Images/Orge/Virus JNO/Ior00795.jpg;Orge;Virus JNO;Orge_Virus JNO;Orge;BYDV00;;Virus JNO;;train;Virus JNO;2024:05:03;13:14:59;nan;8;Orge_Virus JNO
Ior00796;../data/Bousset2_data/Images/Orge/Virus JNO/Ior00796.jpg;Orge;Virus JNO;Orge_Virus JNO;Orge;BYDV00;;Virus JNO;;train;Virus JNO;2024:05:03;13:15:06;nan;8;Orge_Virus JNO
Ior00797;../data/Bousset2_data/Images/Orge/Virus JNO/Ior00797.jpg;Orge;Virus JNO;Orge_Virus JNO;Orge;BYDV00;;Virus JNO;;train;Virus JNO;2024:05:03;13:15:14;nan;8;Orge_Virus JNO
Ior00798;../data/Bousset2_data/Images/Orge/Virus JNO/Ior00798.jpg;Orge;Virus JNO;Orge_Virus JNO;Orge;BYDV00;;Virus JNO;;train;Virus JNO;2024:05:03;13:15:17;nan;8;Orge_Virus JNO
Ior00799;../data/Bousset2_data/Images/Orge/Virus JNO/Ior00799.jpg;Orge;Virus JNO;Orge_Virus JNO;Orge;BYDV00;;Virus JNO;;train;Virus JNO;2024:05:03;13:15:28;nan;8;Orge_Virus JNO
Ior00800;../data/Bousset2_data/Images/Orge/Virus JNO/Ior00800.jpg;Orge;Virus JNO;Orge_Virus JNO;Orge;BYDV00;;Virus JNO;;train;Virus JNO;2024:05:03;13:15:32;nan;8;Orge_Virus JNO
Ior00872;../data/Bousset2_data/Images/Orge/Virus JNO/Ior00872.jpg;Orge;Virus JNO;Orge_Virus JNO;Orge;BYDV00;;Virus JNO;;train;Virus JNO;2024:05:03;13:29:59;nan;8;Orge_Virus JNO
Ior00873;../data/Bousset2_data/Images/Orge/Virus JNO/Ior00873.jpg;Orge;Virus JNO;Orge_Virus JNO;Orge;BYDV00;;Virus JNO;;train;Virus JNO;2024:05:03;13:30:01;nan;8;Orge_Virus JNO
Ior00874;../data/Bousset2_data/Images/Orge/Virus JNO/Ior00874.jpg;Orge;Virus JNO;Orge_Virus JNO;Orge;BYDV00;;Virus JNO;;train;Virus JNO;2024:05:03;13:30:08;nan;8;Orge_Virus JNO
Ior00875;../data/Bousset2_data/Images/Orge/Virus JNO/Ior00875.jpg;Orge;Virus JNO;Orge_Virus JNO;Orge;BYDV00;;Virus JNO;;train;Virus JNO;2024:05:03;13:30:14;nan;8;Orge_Virus JNO
Ior00891;../data/Bousset2_data/Images/Orge/Virus JNO/Ior00891.jpg;Orge;Virus JNO;Orge_Virus JNO;Orge;BYDV00;;Virus JNO;;train;Virus JNO;2024:05:03;14:18:24;nan;8;Orge_Virus JNO
Ipt00027;../data/Bousset2_data/Images/Pomme de terre/0_Pas_Maladie/Ipt00027.jpg;Pomme de terre;0_Pas_Maladie;Pomme de terre_0_Pas_Maladie;Pomme de terre;;;0_Pas_Maladie;;train;0_Pas_Maladie;2024:06:27;11:47:28;nan;3;Pomme de terre_0_Pas_Maladie
Ipt00159;../data/VAULT/Bousset2_data/Images/Pomme de terre/0_Pas_Maladie/Ipt00159.jpg;Pomme de terre;0_Pas_Maladie;Pomme de terre_0_Pas_Maladie;Pomme de terre;;;0_Pas_Maladie;;vault;0_Pas_Maladie;2024:07:11;12:28:57;nan;3;Pomme de terre_0_Pas_Maladie
Ipt00824;../data/Bousset2_data/Images/Pomme de terre/0_Pas_Maladie/Ipt00824.jpg;Pomme de terre;0_Pas_Maladie;Pomme de terre_0_Pas_Maladie;Pomme de terre;;;0_Pas_Maladie;;train;0_Pas_Maladie;2024:08:09;10:59:34;nan;3;Pomme de terre_0_Pas_Maladie
Ipt00827;../data/Bousset2_data/Images/Pomme de terre/0_Pas_Maladie/Ipt00827.jpg;Pomme de terre;0_Pas_Maladie;Pomme de terre_0_Pas_Maladie;Pomme de terre;;;0_Pas_Maladie;;train;0_Pas_Maladie;2024:08:09;10:59:45;nan;3;Pomme de terre_0_Pas_Maladie
Ipt00830;../data/Bousset2_data/Images/Pomme de terre/0_Pas_Maladie/Ipt00830.jpg;Pomme de terre;0_Pas_Maladie;Pomme de terre_0_Pas_Maladie;Pomme de terre;;;0_Pas_Maladie;;train;0_Pas_Maladie;2024:08:09;11:00:00;nan;3;Pomme de terre_0_Pas_Maladie
Ipt00833;../data/Bousset2_data/Images/Pomme de terre/0_Pas_Maladie/Ipt00833.jpg;Pomme de terre;0_Pas_Maladie;Pomme de terre_0_Pas_Maladie;Pomme de terre;;;0_Pas_Maladie;;train;0_Pas_Maladie;2024:08:09;11:00:11;nan;3;Pomme de terre_0_Pas_Maladie
Ipt00854;../data/Bousset2_data/Images/Pomme de terre/0_Pas_Maladie/Ipt00854.jpg;Pomme de terre;0_Pas_Maladie;Pomme de terre_0_Pas_Maladie;Pomme de terre;;;0_Pas_Maladie;;train;0_Pas_Maladie;2024:08:09;11:01:57;nan;3;Pomme de terre_0_Pas_Maladie
Ipt00855;../data/Bousset2_data/Images/Pomme de terre/0_Pas_Maladie/Ipt00855.jpg;Pomme de terre;0_Pas_Maladie;Pomme de terre_0_Pas_Maladie;Pomme de terre;;;0_Pas_Maladie;;train;0_Pas_Maladie;2024:08:09;11:02:02;nan;3;Pomme de terre_0_Pas_Maladie
Ipt00860;../data/Bousset2_data/Images/Pomme de terre/0_Pas_Maladie/Ipt00860.jpg;Pomme de terre;0_Pas_Maladie;Pomme de terre_0_Pas_Maladie;Pomme de terre;;;0_Pas_Maladie;;train;0_Pas_Maladie;2024:08:09;11:02:25;nan;3;Pomme de terre_0_Pas_Maladie
Ipt00002;../data/Bousset2_data/Images/Pomme de terre/0_Saines/Ipt00002.jpg;Pomme de terre;0_Saines;Pomme de terre_0_Saines;Pomme de terre;;;0_Saines;Asymptomatiques;train;0_Saines;2024:06:27;11:43:42;nan;23;Pomme de terre_0_Saines
Ipt00003;../data/Bousset2_data/Images/Pomme de terre/0_Saines/Ipt00003.jpg;Pomme de terre;0_Saines;Pomme de terre_0_Saines;Pomme de terre;;;0_Saines;Asymptomatiques;train;0_Saines;2024:06:27;11:43:44;nan;23;Pomme de terre_0_Saines
Ipt00004;../data/Bousset2_data/Images/Pomme de terre/0_Saines/Ipt00004.jpg;Pomme de terre;0_Saines;Pomme de terre_0_Saines;Pomme de terre;;;0_Saines;Asymptomatiques;train;0_Saines;2024:06:27;11:43:46;nan;23;Pomme de terre_0_Saines
Ipt00005;../data/Bousset2_data/Images/Pomme de terre/0_Saines/Ipt00005.jpg;Pomme de terre;0_Saines;Pomme de terre_0_Saines;Pomme de terre;;;0_Saines;Asymptomatiques;train;0_Saines;2024:06:27;11:43:47;nan;23;Pomme de terre_0_Saines
Ipt00029;../data/Bousset2_data/Images/Pomme de terre/0_Saines/Ipt00029.jpg;Pomme de terre;0_Saines;Pomme de terre_0_Saines;Pomme de terre;;;0_Saines;Asymptomatiques;train;0_Saines;2024:06:27;11:47:39;nan;23;Pomme de terre_0_Saines
Ipt00035;../data/Bousset2_data/Images/Pomme de terre/0_Saines/Ipt00035.jpg;Pomme de terre;0_Saines;Pomme de terre_0_Saines;Pomme de terre;;;0_Saines;Asymptomatiques;train;0_Saines;2024:06:27;11:48:29;nan;23;Pomme de terre_0_Saines
Ipt00042;../data/Bousset2_data/Images/Pomme de terre/0_Saines/Ipt00042.jpg;Pomme de terre;0_Saines;Pomme de terre_0_Saines;Pomme de terre;;;0_Saines;Asymptomatiques;train;0_Saines;2024:06:27;11:49:20;nan;23;Pomme de terre_0_Saines
Ipt00044;../data/Bousset2_data/Images/Pomme de terre/0_Saines/Ipt00044.jpg;Pomme de terre;0_Saines;Pomme de terre_0_Saines;Pomme de terre;;;0_Saines;Asymptomatiques;train;0_Saines;2024:06:27;11:49:24;nan;23;Pomme de terre_0_Saines
Ipt00048;../data/Bousset2_data/Images/Pomme de terre/0_Saines/Ipt00048.jpg;Pomme de terre;0_Saines;Pomme de terre_0_Saines;Pomme de terre;;;0_Saines;Asymptomatiques;train;0_Saines;2024:06:27;11:49:56;nan;23;Pomme de terre_0_Saines
Ipt00161;../data/Bousset2_data/Images/Pomme de terre/0_Saines/Ipt00161.jpg;Pomme de terre;0_Saines;Pomme de terre_0_Saines;Pomme de terre;;;0_Saines;Asymptomatiques;train;0_Saines;2024:07:11;12:29:33;nan;23;Pomme de terre_0_Saines
Ipt00162;../data/Bousset2_data/Images/Pomme de terre/0_Saines/Ipt00162.jpg;Pomme de terre;0_Saines;Pomme de terre_0_Saines;Pomme de terre;;;0_Saines;Asymptomatiques;train;0_Saines;2024:07:11;12:29:35;nan;23;Pomme de terre_0_Saines
Ipt00200;../data/Bousset2_data/Images/Pomme de terre/0_Saines/Ipt00200.jpg;Pomme de terre;0_Saines;Pomme de terre_0_Saines;Pomme de terre;;;0_Saines;Asymptomatiques;train;0_Saines;2024:07:11;12:34:37;nan;23;Pomme de terre_0_Saines
Ipt00201;../data/Bousset2_data/Images/Pomme de terre/0_Saines/Ipt00201.jpg;Pomme de terre;0_Saines;Pomme de terre_0_Saines;Pomme de terre;;;0_Saines;Asymptomatiques;train;0_Saines;2024:07:11;12:34:39;nan;23;Pomme de terre_0_Saines
Ipt00203;../data/Bousset2_data/Images/Pomme de terre/0_Saines/Ipt00203.jpg;Pomme de terre;0_Saines;Pomme de terre_0_Saines;Pomme de terre;;;0_Saines;Asymptomatiques;train;0_Saines;2024:07:11;12:34:42;nan;23;Pomme de terre_0_Saines
Ipt00204;../data/Bousset2_data/Images/Pomme de terre/0_Saines/Ipt00204.jpg;Pomme de terre;0_Saines;Pomme de terre_0_Saines;Pomme de terre;;;0_Saines;Asymptomatiques;train;0_Saines;2024:07:11;12:34:43;nan;23;Pomme de terre_0_Saines
Ipt00205;../data/Bousset2_data/Images/Pomme de terre/0_Saines/Ipt00205.jpg;Pomme de terre;0_Saines;Pomme de terre_0_Saines;Pomme de terre;;;0_Saines;Asymptomatiques;train;0_Saines;2024:07:11;12:34:45;nan;23;Pomme de terre_0_Saines
Ipt00206;../data/Bousset2_data/Images/Pomme de terre/0_Saines/Ipt00206.jpg;Pomme de terre;0_Saines;Pomme de terre_0_Saines;Pomme de terre;;;0_Saines;Asymptomatiques;train;0_Saines;2024:07:11;12:34:46;nan;23;Pomme de terre_0_Saines
Ipt00207;../data/Bousset2_data/Images/Pomme de terre/0_Saines/Ipt00207.jpg;Pomme de terre;0_Saines;Pomme de terre_0_Saines;Pomme de terre;;;0_Saines;Asymptomatiques;train;0_Saines;2024:07:11;12:34:48;nan;23;Pomme de terre_0_Saines
Ipt00211;../data/Bousset2_data/Images/Pomme de terre/0_Saines/Ipt00211.jpg;Pomme de terre;0_Saines;Pomme de terre_0_Saines;Pomme de terre;;;0_Saines;Asymptomatiques;train;0_Saines;2024:07:11;12:35:15;nan;23;Pomme de terre_0_Saines
Ipt00212;../data/Bousset2_data/Images/Pomme de terre/0_Saines/Ipt00212.jpg;Pomme de terre;0_Saines;Pomme de terre_0_Saines;Pomme de terre;;;0_Saines;Asymptomatiques;train;0_Saines;2024:07:11;12:35:17;nan;23;Pomme de terre_0_Saines
Ipt00213;../data/Bousset2_data/Images/Pomme de terre/0_Saines/Ipt00213.jpg;Pomme de terre;0_Saines;Pomme de terre_0_Saines;Pomme de terre;;;0_Saines;Asymptomatiques;train;0_Saines;2024:07:11;12:35:19;nan;23;Pomme de terre_0_Saines
Ipt00216;../data/Bousset2_data/Images/Pomme de terre/0_Saines/Ipt00216.jpg;Pomme de terre;0_Saines;Pomme de terre_0_Saines;Pomme de terre;;;0_Saines;Asymptomatiques;train;0_Saines;2024:07:11;12:35:58;nan;23;Pomme de terre_0_Saines
Ipt00217;../data/Bousset2_data/Images/Pomme de terre/0_Saines/Ipt00217.jpg;Pomme de terre;0_Saines;Pomme de terre_0_Saines;Pomme de terre;;;0_Saines;Asymptomatiques;train;0_Saines;2024:07:11;12:36:01;nan;23;Pomme de terre_0_Saines
Ipt00218;../data/Bousset2_data/Images/Pomme de terre/0_Saines/Ipt00218.jpg;Pomme de terre;0_Saines;Pomme de terre_0_Saines;Pomme de terre;;;0_Saines;Asymptomatiques;train;0_Saines;2024:07:11;12:36:10;nan;23;Pomme de terre_0_Saines
Ipt00219;../data/Bousset2_data/Images/Pomme de terre/0_Saines/Ipt00219.jpg;Pomme de terre;0_Saines;Pomme de terre_0_Saines;Pomme de terre;;;0_Saines;Asymptomatiques;train;0_Saines;2024:07:11;12:36:13;nan;23;Pomme de terre_0_Saines
Ipt00220;../data/Bousset2_data/Images/Pomme de terre/0_Saines/Ipt00220.jpg;Pomme de terre;0_Saines;Pomme de terre_0_Saines;Pomme de terre;;;0_Saines;Asymptomatiques;train;0_Saines;2024:07:11;12:36:17;nan;23;Pomme de terre_0_Saines
Ipt00233;../data/Bousset2_data/Images/Pomme de terre/0_Saines/Ipt00233.jpg;Pomme de terre;0_Saines;Pomme de terre_0_Saines;Pomme de terre;;;0_Saines;Asymptomatiques;train;0_Saines;2024:07:11;12:37:28;nan;23;Pomme de terre_0_Saines
Ipt00234;../data/Bousset2_data/Images/Pomme de terre/0_Saines/Ipt00234.jpg;Pomme de terre;0_Saines;Pomme de terre_0_Saines;Pomme de terre;;;0_Saines;Asymptomatiques;train;0_Saines;2024:07:11;12:37:30;nan;23;Pomme de terre_0_Saines
Ipt00235;../data/Bousset2_data/Images/Pomme de terre/0_Saines/Ipt00235.jpg;Pomme de terre;0_Saines;Pomme de terre_0_Saines;Pomme de terre;;;0_Saines;Asymptomatiques;train;0_Saines;2024:07:11;12:37:32;nan;23;Pomme de terre_0_Saines
Ipt00237;../data/Bousset2_data/Images/Pomme de terre/0_Saines/Ipt00237.jpg;Pomme de terre;0_Saines;Pomme de terre_0_Saines;Pomme de terre;;;0_Saines;Asymptomatiques;train;0_Saines;2024:07:11;12:37:39;nan;23;Pomme de terre_0_Saines
Ipt00238;../data/Bousset2_data/Images/Pomme de terre/0_Saines/Ipt00238.jpg;Pomme de terre;0_Saines;Pomme de terre_0_Saines;Pomme de terre;;;0_Saines;Asymptomatiques;train;0_Saines;2024:07:11;12:37:41;nan;23;Pomme de terre_0_Saines
Ipt00239;../data/Bousset2_data/Images/Pomme de terre/0_Saines/Ipt00239.jpg;Pomme de terre;0_Saines;Pomme de terre_0_Saines;Pomme de terre;;;0_Saines;Asymptomatiques;train;0_Saines;2024:07:11;12:37:55;nan;23;Pomme de terre_0_Saines
Ipt00240;../data/Bousset2_data/Images/Pomme de terre/0_Saines/Ipt00240.jpg;Pomme de terre;0_Saines;Pomme de terre_0_Saines;Pomme de terre;;;0_Saines;Asymptomatiques;train;0_Saines;2024:07:11;12:37:57;nan;23;Pomme de terre_0_Saines
Ipt00241;../data/Bousset2_data/Images/Pomme de terre/0_Saines/Ipt00241.jpg;Pomme de terre;0_Saines;Pomme de terre_0_Saines;Pomme de terre;;;0_Saines;Asymptomatiques;train;0_Saines;2024:07:11;12:37:58;nan;23;Pomme de terre_0_Saines
Ipt00242;../data/Bousset2_data/Images/Pomme de terre/0_Saines/Ipt00242.jpg;Pomme de terre;0_Saines;Pomme de terre_0_Saines;Pomme de terre;;;0_Saines;Asymptomatiques;train;0_Saines;2024:07:11;12:38:00;nan;23;Pomme de terre_0_Saines
Ipt00246;../data/Bousset2_data/Images/Pomme de terre/0_Saines/Ipt00246.jpg;Pomme de terre;0_Saines;Pomme de terre_0_Saines;Pomme de terre;;;0_Saines;Asymptomatiques;train;0_Saines;2024:07:11;12:38:17;nan;23;Pomme de terre_0_Saines
Ipt00247;../data/Bousset2_data/Images/Pomme de terre/0_Saines/Ipt00247.jpg;Pomme de terre;0_Saines;Pomme de terre_0_Saines;Pomme de terre;;;0_Saines;Asymptomatiques;train;0_Saines;2024:07:11;12:38:19;nan;23;Pomme de terre_0_Saines
Ipt00248;../data/Bousset2_data/Images/Pomme de terre/0_Saines/Ipt00248.jpg;Pomme de terre;0_Saines;Pomme de terre_0_Saines;Pomme de terre;;;0_Saines;Asymptomatiques;train;0_Saines;2024:07:11;12:38:21;nan;23;Pomme de terre_0_Saines
Ipt00250;../data/Bousset2_data/Images/Pomme de terre/0_Saines/Ipt00250.jpg;Pomme de terre;0_Saines;Pomme de terre_0_Saines;Pomme de terre;;;0_Saines;Asymptomatiques;train;0_Saines;2024:07:11;12:38:41;nan;23;Pomme de terre_0_Saines
Ipt00251;../data/Bousset2_data/Images/Pomme de terre/0_Saines/Ipt00251.jpg;Pomme de terre;0_Saines;Pomme de terre_0_Saines;Pomme de terre;;;0_Saines;Asymptomatiques;train;0_Saines;2024:07:11;12:38:44;nan;23;Pomme de terre_0_Saines
Ipt00252;../data/Bousset2_data/Images/Pomme de terre/0_Saines/Ipt00252.jpg;Pomme de terre;0_Saines;Pomme de terre_0_Saines;Pomme de terre;;;0_Saines;Asymptomatiques;train;0_Saines;2024:07:11;12:38:59;nan;23;Pomme de terre_0_Saines
Ipt00253;../data/Bousset2_data/Images/Pomme de terre/0_Saines/Ipt00253.jpg;Pomme de terre;0_Saines;Pomme de terre_0_Saines;Pomme de terre;;;0_Saines;Asymptomatiques;train;0_Saines;2024:07:11;12:39:10;nan;23;Pomme de terre_0_Saines
Ipt00254;../data/Bousset2_data/Images/Pomme de terre/0_Saines/Ipt00254.jpg;Pomme de terre;0_Saines;Pomme de terre_0_Saines;Pomme de terre;;;0_Saines;Asymptomatiques;train;0_Saines;2024:07:11;12:39:11;nan;23;Pomme de terre_0_Saines
Ipt00255;../data/Bousset2_data/Images/Pomme de terre/0_Saines/Ipt00255.jpg;Pomme de terre;0_Saines;Pomme de terre_0_Saines;Pomme de terre;;;0_Saines;Asymptomatiques;train;0_Saines;2024:07:11;12:39:13;nan;23;Pomme de terre_0_Saines
Ipt00256;../data/Bousset2_data/Images/Pomme de terre/0_Saines/Ipt00256.jpg;Pomme de terre;0_Saines;Pomme de terre_0_Saines;Pomme de terre;;;0_Saines;Asymptomatiques;train;0_Saines;2024:07:11;12:39:14;nan;23;Pomme de terre_0_Saines
Ipt00257;../data/Bousset2_data/Images/Pomme de terre/0_Saines/Ipt00257.jpg;Pomme de terre;0_Saines;Pomme de terre_0_Saines;Pomme de terre;;;0_Saines;Asymptomatiques;train;0_Saines;2024:07:11;12:39:38;nan;23;Pomme de terre_0_Saines
Ipt00258;../data/Bousset2_data/Images/Pomme de terre/0_Saines/Ipt00258.jpg;Pomme de terre;0_Saines;Pomme de terre_0_Saines;Pomme de terre;;;0_Saines;Asymptomatiques;train;0_Saines;2024:07:11;12:39:40;nan;23;Pomme de terre_0_Saines
Ipt00259;../data/Bousset2_data/Images/Pomme de terre/0_Saines/Ipt00259.jpg;Pomme de terre;0_Saines;Pomme de terre_0_Saines;Pomme de terre;;;0_Saines;Asymptomatiques;train;0_Saines;2024:07:11;12:39:41;nan;23;Pomme de terre_0_Saines
Ipt00261;../data/Bousset2_data/Images/Pomme de terre/0_Saines/Ipt00261.jpg;Pomme de terre;0_Saines;Pomme de terre_0_Saines;Pomme de terre;;;0_Saines;Asymptomatiques;train;0_Saines;2024:07:11;12:39:44;nan;23;Pomme de terre_0_Saines
Ipt00262;../data/Bousset2_data/Images/Pomme de terre/0_Saines/Ipt00262.jpg;Pomme de terre;0_Saines;Pomme de terre_0_Saines;Pomme de terre;;;0_Saines;Asymptomatiques;train;0_Saines;2024:07:11;12:39:48;nan;23;Pomme de terre_0_Saines
Ipt00263;../data/Bousset2_data/Images/Pomme de terre/0_Saines/Ipt00263.jpg;Pomme de terre;0_Saines;Pomme de terre_0_Saines;Pomme de terre;;;0_Saines;Asymptomatiques;train;0_Saines;2024:07:11;12:39:50;nan;23;Pomme de terre_0_Saines
Ipt00264;../data/Bousset2_data/Images/Pomme de terre/0_Saines/Ipt00264.jpg;Pomme de terre;0_Saines;Pomme de terre_0_Saines;Pomme de terre;;;0_Saines;Asymptomatiques;train;0_Saines;2024:07:11;12:39:51;nan;23;Pomme de terre_0_Saines
Ipt00265;../data/Bousset2_data/Images/Pomme de terre/0_Saines/Ipt00265.jpg;Pomme de terre;0_Saines;Pomme de terre_0_Saines;Pomme de terre;;;0_Saines;Asymptomatiques;train;0_Saines;2024:07:11;12:39:55;nan;23;Pomme de terre_0_Saines
Ipt00266;../data/Bousset2_data/Images/Pomme de terre/0_Saines/Ipt00266.jpg;Pomme de terre;0_Saines;Pomme de terre_0_Saines;Pomme de terre;;;0_Saines;Asymptomatiques;train;0_Saines;2024:07:11;12:39:56;nan;23;Pomme de terre_0_Saines
Ipt00272;../data/Bousset2_data/Images/Pomme de terre/0_Saines/Ipt00272.jpg;Pomme de terre;0_Saines;Pomme de terre_0_Saines;Pomme de terre;;;0_Saines;Asymptomatiques;train;0_Saines;2024:07:11;12:40:48;nan;23;Pomme de terre_0_Saines
Ipt00273;../data/Bousset2_data/Images/Pomme de terre/0_Saines/Ipt00273.jpg;Pomme de terre;0_Saines;Pomme de terre_0_Saines;Pomme de terre;;;0_Saines;Asymptomatiques;train;0_Saines;2024:07:11;12:40:49;nan;23;Pomme de terre_0_Saines
Ipt00274;../data/Bousset2_data/Images/Pomme de terre/0_Saines/Ipt00274.jpg;Pomme de terre;0_Saines;Pomme de terre_0_Saines;Pomme de terre;;;0_Saines;Asymptomatiques;train;0_Saines;2024:07:11;12:40:51;nan;23;Pomme de terre_0_Saines
Ipt00275;../data/Bousset2_data/Images/Pomme de terre/0_Saines/Ipt00275.jpg;Pomme de terre;0_Saines;Pomme de terre_0_Saines;Pomme de terre;;;0_Saines;Asymptomatiques;train;0_Saines;2024:07:11;12:40:53;nan;23;Pomme de terre_0_Saines
Ipt00276;../data/Bousset2_data/Images/Pomme de terre/0_Saines/Ipt00276.jpg;Pomme de terre;0_Saines;Pomme de terre_0_Saines;Pomme de terre;;;0_Saines;Asymptomatiques;train;0_Saines;2024:07:11;12:41:03;nan;23;Pomme de terre_0_Saines
Ipt00277;../data/Bousset2_data/Images/Pomme de terre/0_Saines/Ipt00277.jpg;Pomme de terre;0_Saines;Pomme de terre_0_Saines;Pomme de terre;;;0_Saines;Asymptomatiques;train;0_Saines;2024:07:11;12:41:05;nan;23;Pomme de terre_0_Saines
Ipt00278;../data/Bousset2_data/Images/Pomme de terre/0_Saines/Ipt00278.jpg;Pomme de terre;0_Saines;Pomme de terre_0_Saines;Pomme de terre;;;0_Saines;Asymptomatiques;train;0_Saines;2024:07:11;12:41:06;nan;23;Pomme de terre_0_Saines
Ipt00279;../data/Bousset2_data/Images/Pomme de terre/0_Saines/Ipt00279.jpg;Pomme de terre;0_Saines;Pomme de terre_0_Saines;Pomme de terre;;;0_Saines;Asymptomatiques;train;0_Saines;2024:07:11;12:41:19;nan;23;Pomme de terre_0_Saines
Ipt00280;../data/Bousset2_data/Images/Pomme de terre/0_Saines/Ipt00280.jpg;Pomme de terre;0_Saines;Pomme de terre_0_Saines;Pomme de terre;;;0_Saines;Asymptomatiques;train;0_Saines;2024:07:11;12:41:21;nan;23;Pomme de terre_0_Saines
Ipt00283;../data/Bousset2_data/Images/Pomme de terre/0_Saines/Ipt00283.jpg;Pomme de terre;0_Saines;Pomme de terre_0_Saines;Pomme de terre;;;0_Saines;Asymptomatiques;train;0_Saines;2024:07:11;12:47:17;nan;23;Pomme de terre_0_Saines
Ipt00284;../data/Bousset2_data/Images/Pomme de terre/0_Saines/Ipt00284.jpg;Pomme de terre;0_Saines;Pomme de terre_0_Saines;Pomme de terre;;;0_Saines;Asymptomatiques;train;0_Saines;2024:07:11;12:47:18;nan;23;Pomme de terre_0_Saines
Ipt00285;../data/Bousset2_data/Images/Pomme de terre/0_Saines/Ipt00285.jpg;Pomme de terre;0_Saines;Pomme de terre_0_Saines;Pomme de terre;;;0_Saines;Asymptomatiques;train;0_Saines;2024:07:11;12:47:20;nan;23;Pomme de terre_0_Saines
Ipt00286;../data/Bousset2_data/Images/Pomme de terre/0_Saines/Ipt00286.jpg;Pomme de terre;0_Saines;Pomme de terre_0_Saines;Pomme de terre;;;0_Saines;Asymptomatiques;train;0_Saines;2024:07:11;12:47:24;nan;23;Pomme de terre_0_Saines
Ipt00287;../data/Bousset2_data/Images/Pomme de terre/0_Saines/Ipt00287.jpg;Pomme de terre;0_Saines;Pomme de terre_0_Saines;Pomme de terre;;;0_Saines;Asymptomatiques;train;0_Saines;2024:07:11;12:47:33;nan;23;Pomme de terre_0_Saines
Ipt00289;../data/Bousset2_data/Images/Pomme de terre/0_Saines/Ipt00289.jpg;Pomme de terre;0_Saines;Pomme de terre_0_Saines;Pomme de terre;;;0_Saines;Asymptomatiques;train;0_Saines;2024:07:11;12:47:46;nan;23;Pomme de terre_0_Saines
Ipt00290;../data/Bousset2_data/Images/Pomme de terre/0_Saines/Ipt00290.jpg;Pomme de terre;0_Saines;Pomme de terre_0_Saines;Pomme de terre;;;0_Saines;Asymptomatiques;train;0_Saines;2024:07:11;12:47:49;nan;23;Pomme de terre_0_Saines
Ipt00291;../data/Bousset2_data/Images/Pomme de terre/0_Saines/Ipt00291.jpg;Pomme de terre;0_Saines;Pomme de terre_0_Saines;Pomme de terre;;;0_Saines;Asymptomatiques;train;0_Saines;2024:07:11;12:47:51;nan;23;Pomme de terre_0_Saines
Ipt00292;../data/Bousset2_data/Images/Pomme de terre/0_Saines/Ipt00292.jpg;Pomme de terre;0_Saines;Pomme de terre_0_Saines;Pomme de terre;;;0_Saines;Asymptomatiques;train;0_Saines;2024:07:11;12:48:30;nan;23;Pomme de terre_0_Saines
Ipt00293;../data/Bousset2_data/Images/Pomme de terre/0_Saines/Ipt00293.jpg;Pomme de terre;0_Saines;Pomme de terre_0_Saines;Pomme de terre;;;0_Saines;Asymptomatiques;train;0_Saines;2024:07:11;12:48:32;nan;23;Pomme de terre_0_Saines
Ipt00302;../data/Bousset2_data/Images/Pomme de terre/0_Saines/Ipt00302.jpg;Pomme de terre;0_Saines;Pomme de terre_0_Saines;Pomme de terre;;;0_Saines;Asymptomatiques;train;0_Saines;2024:07:11;12:49:46;nan;23;Pomme de terre_0_Saines
Ipt00303;../data/Bousset2_data/Images/Pomme de terre/0_Saines/Ipt00303.jpg;Pomme de terre;0_Saines;Pomme de terre_0_Saines;Pomme de terre;;;0_Saines;Asymptomatiques;train;0_Saines;2024:07:11;12:49:48;nan;23;Pomme de terre_0_Saines
Ipt00304;../data/Bousset2_data/Images/Pomme de terre/0_Saines/Ipt00304.jpg;Pomme de terre;0_Saines;Pomme de terre_0_Saines;Pomme de terre;;;0_Saines;Asymptomatiques;train;0_Saines;2024:07:11;12:49:59;nan;23;Pomme de terre_0_Saines
Ipt00305;../data/Bousset2_data/Images/Pomme de terre/0_Saines/Ipt00305.jpg;Pomme de terre;0_Saines;Pomme de terre_0_Saines;Pomme de terre;;;0_Saines;Asymptomatiques;train;0_Saines;2024:07:11;12:50:00;nan;23;Pomme de terre_0_Saines
Ipt00306;../data/Bousset2_data/Images/Pomme de terre/0_Saines/Ipt00306.jpg;Pomme de terre;0_Saines;Pomme de terre_0_Saines;Pomme de terre;;;0_Saines;Asymptomatiques;train;0_Saines;2024:07:11;12:50:02;nan;23;Pomme de terre_0_Saines
Ipt00308;../data/Bousset2_data/Images/Pomme de terre/0_Saines/Ipt00308.jpg;Pomme de terre;0_Saines;Pomme de terre_0_Saines;Pomme de terre;;;0_Saines;Asymptomatiques;train;0_Saines;2024:07:11;12:50:23;nan;23;Pomme de terre_0_Saines
Ipt00309;../data/Bousset2_data/Images/Pomme de terre/0_Saines/Ipt00309.jpg;Pomme de terre;0_Saines;Pomme de terre_0_Saines;Pomme de terre;;;0_Saines;Asymptomatiques;train;0_Saines;2024:07:11;12:50:25;nan;23;Pomme de terre_0_Saines
Ipt00310;../data/Bousset2_data/Images/Pomme de terre/0_Saines/Ipt00310.jpg;Pomme de terre;0_Saines;Pomme de terre_0_Saines;Pomme de terre;;;0_Saines;Asymptomatiques;train;0_Saines;2024:07:11;12:50:35;nan;23;Pomme de terre_0_Saines
Ipt00311;../data/Bousset2_data/Images/Pomme de terre/0_Saines/Ipt00311.jpg;Pomme de terre;0_Saines;Pomme de terre_0_Saines;Pomme de terre;;;0_Saines;Asymptomatiques;train;0_Saines;2024:07:11;12:50:37;nan;23;Pomme de terre_0_Saines
Ipt00344;../data/Bousset2_data/Images/Pomme de terre/0_Saines/Ipt00344.jpg;Pomme de terre;0_Saines;Pomme de terre_0_Saines;Pomme de terre;;;0_Saines;Asymptomatiques;train;0_Saines;2024:07:24;12:55:09;nan;23;Pomme de terre_0_Saines
Ipt00345;../data/Bousset2_data/Images/Pomme de terre/0_Saines/Ipt00345.jpg;Pomme de terre;0_Saines;Pomme de terre_0_Saines;Pomme de terre;;;0_Saines;Asymptomatiques;train;0_Saines;2024:07:24;12:55:11;nan;23;Pomme de terre_0_Saines
Ipt00352;../data/Bousset2_data/Images/Pomme de terre/0_Saines/Ipt00352.jpg;Pomme de terre;0_Saines;Pomme de terre_0_Saines;Pomme de terre;;;0_Saines;Asymptomatiques;train;0_Saines;2024:07:24;12:55:28;nan;23;Pomme de terre_0_Saines
Ipt00353;../data/Bousset2_data/Images/Pomme de terre/0_Saines/Ipt00353.jpg;Pomme de terre;0_Saines;Pomme de terre_0_Saines;Pomme de terre;;;0_Saines;Asymptomatiques;train;0_Saines;2024:07:24;12:55:29;nan;23;Pomme de terre_0_Saines
Ipt00355;../data/Bousset2_data/Images/Pomme de terre/0_Saines/Ipt00355.jpg;Pomme de terre;0_Saines;Pomme de terre_0_Saines;Pomme de terre;;;0_Saines;Asymptomatiques;train;0_Saines;2024:07:24;12:55:33;nan;23;Pomme de terre_0_Saines
Ipt00391;../data/Bousset2_data/Images/Pomme de terre/0_Saines/Ipt00391.jpg;Pomme de terre;0_Saines;Pomme de terre_0_Saines;Pomme de terre;;;0_Saines;Asymptomatiques;train;0_Saines;2024:07:24;12:57:26;nan;23;Pomme de terre_0_Saines
Ipt00392;../data/Bousset2_data/Images/Pomme de terre/0_Saines/Ipt00392.jpg;Pomme de terre;0_Saines;Pomme de terre_0_Saines;Pomme de terre;;;0_Saines;Asymptomatiques;train;0_Saines;2024:07:24;12:57:27;nan;23;Pomme de terre_0_Saines
Ipt00394;../data/Bousset2_data/Images/Pomme de terre/0_Saines/Ipt00394.jpg;Pomme de terre;0_Saines;Pomme de terre_0_Saines;Pomme de terre;;;0_Saines;Asymptomatiques;train;0_Saines;2024:07:24;12:57:30;nan;23;Pomme de terre_0_Saines
Ipt00395;../data/Bousset2_data/Images/Pomme de terre/0_Saines/Ipt00395.jpg;Pomme de terre;0_Saines;Pomme de terre_0_Saines;Pomme de terre;;;0_Saines;Asymptomatiques;train;0_Saines;2024:07:24;12:57:32;nan;23;Pomme de terre_0_Saines
Ipt00414;../data/Bousset2_data/Images/Pomme de terre/0_Saines/Ipt00414.jpg;Pomme de terre;0_Saines;Pomme de terre_0_Saines;Pomme de terre;;;0_Saines;Asymptomatiques;train;0_Saines;2024:07:24;12:59:05;nan;23;Pomme de terre_0_Saines
Ipt00415;../data/Bousset2_data/Images/Pomme de terre/0_Saines/Ipt00415.jpg;Pomme de terre;0_Saines;Pomme de terre_0_Saines;Pomme de terre;;;0_Saines;Asymptomatiques;train;0_Saines;2024:07:24;12:59:07;nan;23;Pomme de terre_0_Saines
Ipt00416;../data/Bousset2_data/Images/Pomme de terre/0_Saines/Ipt00416.jpg;Pomme de terre;0_Saines;Pomme de terre_0_Saines;Pomme de terre;;;0_Saines;Asymptomatiques;train;0_Saines;2024:07:24;12:59:09;nan;23;Pomme de terre_0_Saines
Ipt00445;../data/Bousset2_data/Images/Pomme de terre/0_Saines/Ipt00445.jpg;Pomme de terre;0_Saines;Pomme de terre_0_Saines;Pomme de terre;;;0_Saines;Asymptomatiques;train;0_Saines;2024:07:24;13:00:42;nan;23;Pomme de terre_0_Saines
Ipt00446;../data/Bousset2_data/Images/Pomme de terre/0_Saines/Ipt00446.jpg;Pomme de terre;0_Saines;Pomme de terre_0_Saines;Pomme de terre;;;0_Saines;Asymptomatiques;train;0_Saines;2024:07:24;13:00:43;nan;23;Pomme de terre_0_Saines
Ipt00447;../data/Bousset2_data/Images/Pomme de terre/0_Saines/Ipt00447.jpg;Pomme de terre;0_Saines;Pomme de terre_0_Saines;Pomme de terre;;;0_Saines;Asymptomatiques;train;0_Saines;2024:07:24;13:00:46;nan;23;Pomme de terre_0_Saines
Ipt00452;../data/Bousset2_data/Images/Pomme de terre/0_Saines/Ipt00452.jpg;Pomme de terre;0_Saines;Pomme de terre_0_Saines;Pomme de terre;;;0_Saines;Asymptomatiques;train;0_Saines;2024:07:24;13:01:09;nan;23;Pomme de terre_0_Saines
Ipt00460;../data/Bousset2_data/Images/Pomme de terre/0_Saines/Ipt00460.jpg;Pomme de terre;0_Saines;Pomme de terre_0_Saines;Pomme de terre;;;0_Saines;Asymptomatiques;train;0_Saines;2024:07:24;13:01:37;nan;23;Pomme de terre_0_Saines
Ipt00461;../data/Bousset2_data/Images/Pomme de terre/0_Saines/Ipt00461.jpg;Pomme de terre;0_Saines;Pomme de terre_0_Saines;Pomme de terre;;;0_Saines;Asymptomatiques;train;0_Saines;2024:07:24;13:01:38;nan;23;Pomme de terre_0_Saines
Ipt00462;../data/Bousset2_data/Images/Pomme de terre/0_Saines/Ipt00462.jpg;Pomme de terre;0_Saines;Pomme de terre_0_Saines;Pomme de terre;;;0_Saines;Asymptomatiques;train;0_Saines;2024:07:24;13:01:40;nan;23;Pomme de terre_0_Saines
Ipt00463;../data/Bousset2_data/Images/Pomme de terre/0_Saines/Ipt00463.jpg;Pomme de terre;0_Saines;Pomme de terre_0_Saines;Pomme de terre;;;0_Saines;Asymptomatiques;train;0_Saines;2024:07:24;13:01:42;nan;23;Pomme de terre_0_Saines
Ipt00480;../data/Bousset2_data/Images/Pomme de terre/0_Saines/Ipt00480.jpg;Pomme de terre;0_Saines;Pomme de terre_0_Saines;Pomme de terre;;;0_Saines;Asymptomatiques;train;0_Saines;2024:07:24;13:02:36;nan;23;Pomme de terre_0_Saines
Ipt00481;../data/Bousset2_data/Images/Pomme de terre/0_Saines/Ipt00481.jpg;Pomme de terre;0_Saines;Pomme de terre_0_Saines;Pomme de terre;;;0_Saines;Asymptomatiques;train;0_Saines;2024:07:24;13:02:37;nan;23;Pomme de terre_0_Saines
Ipt00482;../data/Bousset2_data/Images/Pomme de terre/0_Saines/Ipt00482.jpg;Pomme de terre;0_Saines;Pomme de terre_0_Saines;Pomme de terre;;;0_Saines;Asymptomatiques;train;0_Saines;2024:07:24;13:02:39;nan;23;Pomme de terre_0_Saines
Ipt00535;../data/Bousset2_data/Images/Pomme de terre/0_Saines/Ipt00535.jpg;Pomme de terre;0_Saines;Pomme de terre_0_Saines;Pomme de terre;;;0_Saines;Asymptomatiques;train;0_Saines;2024:07:24;13:13:05;nan;23;Pomme de terre_0_Saines
Ipt00536;../data/Bousset2_data/Images/Pomme de terre/0_Saines/Ipt00536.jpg;Pomme de terre;0_Saines;Pomme de terre_0_Saines;Pomme de terre;;;0_Saines;Asymptomatiques;train;0_Saines;2024:07:24;13:13:07;nan;23;Pomme de terre_0_Saines
Ipt00537;../data/Bousset2_data/Images/Pomme de terre/0_Saines/Ipt00537.jpg;Pomme de terre;0_Saines;Pomme de terre_0_Saines;Pomme de terre;;;0_Saines;Asymptomatiques;train;0_Saines;2024:07:24;13:13:08;nan;23;Pomme de terre_0_Saines
Ipt00542;../data/Bousset2_data/Images/Pomme de terre/0_Saines/Ipt00542.jpg;Pomme de terre;0_Saines;Pomme de terre_0_Saines;Pomme de terre;;;0_Saines;Asymptomatiques;train;0_Saines;2024:07:24;13:14:26;nan;23;Pomme de terre_0_Saines
Ipt00543;../data/Bousset2_data/Images/Pomme de terre/0_Saines/Ipt00543.jpg;Pomme de terre;0_Saines;Pomme de terre_0_Saines;Pomme de terre;;;0_Saines;Asymptomatiques;train;0_Saines;2024:07:24;13:14:28;nan;23;Pomme de terre_0_Saines
Ipt00544;../data/Bousset2_data/Images/Pomme de terre/0_Saines/Ipt00544.jpg;Pomme de terre;0_Saines;Pomme de terre_0_Saines;Pomme de terre;;;0_Saines;Asymptomatiques;train;0_Saines;2024:07:24;13:14:30;nan;23;Pomme de terre_0_Saines
Ipt00552;../data/Bousset2_data/Images/Pomme de terre/0_Saines/Ipt00552.jpg;Pomme de terre;0_Saines;Pomme de terre_0_Saines;Pomme de terre;;;0_Saines;Asymptomatiques;train;0_Saines;2024:07:24;13:15:24;nan;23;Pomme de terre_0_Saines
Ipt00554;../data/Bousset2_data/Images/Pomme de terre/0_Saines/Ipt00554.jpg;Pomme de terre;0_Saines;Pomme de terre_0_Saines;Pomme de terre;;;0_Saines;Asymptomatiques;train;0_Saines;2024:07:24;13:15:27;nan;23;Pomme de terre_0_Saines
Ipt00557;../data/Bousset2_data/Images/Pomme de terre/0_Saines/Ipt00557.jpg;Pomme de terre;0_Saines;Pomme de terre_0_Saines;Pomme de terre;;;0_Saines;Asymptomatiques;train;0_Saines;2024:07:24;13:16:02;nan;23;Pomme de terre_0_Saines
Ipt00558;../data/Bousset2_data/Images/Pomme de terre/0_Saines/Ipt00558.jpg;Pomme de terre;0_Saines;Pomme de terre_0_Saines;Pomme de terre;;;0_Saines;Asymptomatiques;train;0_Saines;2024:07:24;13:16:03;nan;23;Pomme de terre_0_Saines
Ipt00559;../data/Bousset2_data/Images/Pomme de terre/0_Saines/Ipt00559.jpg;Pomme de terre;0_Saines;Pomme de terre_0_Saines;Pomme de terre;;;0_Saines;Asymptomatiques;train;0_Saines;2024:07:24;13:16:10;nan;23;Pomme de terre_0_Saines
Ipt00560;../data/Bousset2_data/Images/Pomme de terre/0_Saines/Ipt00560.jpg;Pomme de terre;0_Saines;Pomme de terre_0_Saines;Pomme de terre;;;0_Saines;Asymptomatiques;train;0_Saines;2024:07:24;13:16:12;nan;23;Pomme de terre_0_Saines
Ipt00561;../data/Bousset2_data/Images/Pomme de terre/0_Saines/Ipt00561.jpg;Pomme de terre;0_Saines;Pomme de terre_0_Saines;Pomme de terre;;;0_Saines;Asymptomatiques;train;0_Saines;2024:07:24;13:16:13;nan;23;Pomme de terre_0_Saines
Ipt00562;../data/Bousset2_data/Images/Pomme de terre/0_Saines/Ipt00562.jpg;Pomme de terre;0_Saines;Pomme de terre_0_Saines;Pomme de terre;;;0_Saines;Asymptomatiques;train;0_Saines;2024:07:24;13:16:25;nan;23;Pomme de terre_0_Saines
Ipt00563;../data/Bousset2_data/Images/Pomme de terre/0_Saines/Ipt00563.jpg;Pomme de terre;0_Saines;Pomme de terre_0_Saines;Pomme de terre;;;0_Saines;Asymptomatiques;train;0_Saines;2024:07:24;13:16:26;nan;23;Pomme de terre_0_Saines
Ipt00564;../data/Bousset2_data/Images/Pomme de terre/0_Saines/Ipt00564.jpg;Pomme de terre;0_Saines;Pomme de terre_0_Saines;Pomme de terre;;;0_Saines;Asymptomatiques;train;0_Saines;2024:07:24;13:16:28;nan;23;Pomme de terre_0_Saines
Ipt00565;../data/Bousset2_data/Images/Pomme de terre/0_Saines/Ipt00565.jpg;Pomme de terre;0_Saines;Pomme de terre_0_Saines;Pomme de terre;;;0_Saines;Asymptomatiques;train;0_Saines;2024:07:24;13:16:31;nan;23;Pomme de terre_0_Saines
Ipt00566;../data/Bousset2_data/Images/Pomme de terre/0_Saines/Ipt00566.jpg;Pomme de terre;0_Saines;Pomme de terre_0_Saines;Pomme de terre;;;0_Saines;Asymptomatiques;train;0_Saines;2024:07:24;13:16:32;nan;23;Pomme de terre_0_Saines
Ipt00570;../data/Bousset2_data/Images/Pomme de terre/0_Saines/Ipt00570.jpg;Pomme de terre;0_Saines;Pomme de terre_0_Saines;Pomme de terre;;;0_Saines;Asymptomatiques;train;0_Saines;2024:07:24;13:16:58;nan;23;Pomme de terre_0_Saines
Ipt00571;../data/Bousset2_data/Images/Pomme de terre/0_Saines/Ipt00571.jpg;Pomme de terre;0_Saines;Pomme de terre_0_Saines;Pomme de terre;;;0_Saines;Asymptomatiques;train;0_Saines;2024:07:24;13:16:59;nan;23;Pomme de terre_0_Saines
Ipt00577;../data/Bousset2_data/Images/Pomme de terre/0_Saines/Ipt00577.jpg;Pomme de terre;0_Saines;Pomme de terre_0_Saines;Pomme de terre;;;0_Saines;Asymptomatiques;train;0_Saines;2024:07:24;13:17:35;nan;23;Pomme de terre_0_Saines
Ipt00578;../data/Bousset2_data/Images/Pomme de terre/0_Saines/Ipt00578.jpg;Pomme de terre;0_Saines;Pomme de terre_0_Saines;Pomme de terre;;;0_Saines;Asymptomatiques;train;0_Saines;2024:07:24;13:17:36;nan;23;Pomme de terre_0_Saines
Ipt00579;../data/Bousset2_data/Images/Pomme de terre/0_Saines/Ipt00579.jpg;Pomme de terre;0_Saines;Pomme de terre_0_Saines;Pomme de terre;;;0_Saines;Asymptomatiques;train;0_Saines;2024:07:24;13:18:02;nan;23;Pomme de terre_0_Saines
Ipt00580;../data/Bousset2_data/Images/Pomme de terre/0_Saines/Ipt00580.jpg;Pomme de terre;0_Saines;Pomme de terre_0_Saines;Pomme de terre;;;0_Saines;Asymptomatiques;train;0_Saines;2024:07:24;13:18:04;nan;23;Pomme de terre_0_Saines
Ipt00581;../data/Bousset2_data/Images/Pomme de terre/0_Saines/Ipt00581.jpg;Pomme de terre;0_Saines;Pomme de terre_0_Saines;Pomme de terre;;;0_Saines;Asymptomatiques;train;0_Saines;2024:07:24;13:18:09;nan;23;Pomme de terre_0_Saines
Ipt00582;../data/Bousset2_data/Images/Pomme de terre/0_Saines/Ipt00582.jpg;Pomme de terre;0_Saines;Pomme de terre_0_Saines;Pomme de terre;;;0_Saines;Asymptomatiques;train;0_Saines;2024:07:24;13:18:10;nan;23;Pomme de terre_0_Saines
Ipt00583;../data/Bousset2_data/Images/Pomme de terre/0_Saines/Ipt00583.jpg;Pomme de terre;0_Saines;Pomme de terre_0_Saines;Pomme de terre;;;0_Saines;Asymptomatiques;train;0_Saines;2024:07:24;13:18:18;nan;23;Pomme de terre_0_Saines
Ipt00584;../data/Bousset2_data/Images/Pomme de terre/0_Saines/Ipt00584.jpg;Pomme de terre;0_Saines;Pomme de terre_0_Saines;Pomme de terre;;;0_Saines;Asymptomatiques;train;0_Saines;2024:07:24;13:18:24;nan;23;Pomme de terre_0_Saines
Ipt00585;../data/Bousset2_data/Images/Pomme de terre/0_Saines/Ipt00585.jpg;Pomme de terre;0_Saines;Pomme de terre_0_Saines;Pomme de terre;;;0_Saines;Asymptomatiques;train;0_Saines;2024:07:24;13:18:27;nan;23;Pomme de terre_0_Saines
Ipt00586;../data/Bousset2_data/Images/Pomme de terre/0_Saines/Ipt00586.jpg;Pomme de terre;0_Saines;Pomme de terre_0_Saines;Pomme de terre;;;0_Saines;Asymptomatiques;train;0_Saines;2024:07:24;13:18:32;nan;23;Pomme de terre_0_Saines
Ipt00588;../data/Bousset2_data/Images/Pomme de terre/0_Saines/Ipt00588.jpg;Pomme de terre;0_Saines;Pomme de terre_0_Saines;Pomme de terre;;;0_Saines;Asymptomatiques;train;0_Saines;2024:07:24;13:19:33;nan;23;Pomme de terre_0_Saines
Ipt00590;../data/Bousset2_data/Images/Pomme de terre/0_Saines/Ipt00590.jpg;Pomme de terre;0_Saines;Pomme de terre_0_Saines;Pomme de terre;;;0_Saines;Asymptomatiques;train;0_Saines;2024:07:24;13:19:49;nan;23;Pomme de terre_0_Saines
Ipt00591;../data/Bousset2_data/Images/Pomme de terre/0_Saines/Ipt00591.jpg;Pomme de terre;0_Saines;Pomme de terre_0_Saines;Pomme de terre;;;0_Saines;Asymptomatiques;train;0_Saines;2024:07:24;13:19:51;nan;23;Pomme de terre_0_Saines
Ipt00667;../data/Bousset2_data/Images/Pomme de terre/0_Saines/Ipt00667.jpg;Pomme de terre;0_Saines;Pomme de terre_0_Saines;Pomme de terre;;;0_Saines;Asymptomatiques;train;0_Saines;2024:07:27;17:18:59;nan;23;Pomme de terre_0_Saines
Ipt00668;../data/Bousset2_data/Images/Pomme de terre/0_Saines/Ipt00668.jpg;Pomme de terre;0_Saines;Pomme de terre_0_Saines;Pomme de terre;;;0_Saines;Asymptomatiques;train;0_Saines;2024:07:27;17:19:00;nan;23;Pomme de terre_0_Saines
Ipt00669;../data/Bousset2_data/Images/Pomme de terre/0_Saines/Ipt00669.jpg;Pomme de terre;0_Saines;Pomme de terre_0_Saines;Pomme de terre;;;0_Saines;Asymptomatiques;train;0_Saines;2024:07:27;17:19:02;nan;23;Pomme de terre_0_Saines
Ipt00670;../data/Bousset2_data/Images/Pomme de terre/0_Saines/Ipt00670.jpg;Pomme de terre;0_Saines;Pomme de terre_0_Saines;Pomme de terre;;;0_Saines;Asymptomatiques;train;0_Saines;2024:07:27;17:19:03;nan;23;Pomme de terre_0_Saines
Ipt00671;../data/Bousset2_data/Images/Pomme de terre/0_Saines/Ipt00671.jpg;Pomme de terre;0_Saines;Pomme de terre_0_Saines;Pomme de terre;;;0_Saines;Asymptomatiques;train;0_Saines;2024:07:27;17:19:04;nan;23;Pomme de terre_0_Saines
Ipt00678;../data/Bousset2_data/Images/Pomme de terre/0_Saines/Ipt00678.jpg;Pomme de terre;0_Saines;Pomme de terre_0_Saines;Pomme de terre;;;0_Saines;Asymptomatiques;train;0_Saines;2024:07:27;17:20:10;nan;23;Pomme de terre_0_Saines
Ipt00697;../data/Bousset2_data/Images/Pomme de terre/0_Saines/Ipt00697.jpg;Pomme de terre;0_Saines;Pomme de terre_0_Saines;Pomme de terre;;;0_Saines;Asymptomatiques;train;0_Saines;2024:07:27;17:24:05;nan;23;Pomme de terre_0_Saines
Ipt00703;../data/Bousset2_data/Images/Pomme de terre/0_Saines/Ipt00703.jpg;Pomme de terre;0_Saines;Pomme de terre_0_Saines;Pomme de terre;;;0_Saines;Asymptomatiques;train;0_Saines;2024:07:27;17:24:26;nan;23;Pomme de terre_0_Saines
Ipt00704;../data/Bousset2_data/Images/Pomme de terre/0_Saines/Ipt00704.jpg;Pomme de terre;0_Saines;Pomme de terre_0_Saines;Pomme de terre;;;0_Saines;Asymptomatiques;train;0_Saines;2024:07:27;17:24:32;nan;23;Pomme de terre_0_Saines
Ipt00705;../data/Bousset2_data/Images/Pomme de terre/0_Saines/Ipt00705.jpg;Pomme de terre;0_Saines;Pomme de terre_0_Saines;Pomme de terre;;;0_Saines;Asymptomatiques;train;0_Saines;2024:07:27;17:24:33;nan;23;Pomme de terre_0_Saines
Ipt00706;../data/Bousset2_data/Images/Pomme de terre/0_Saines/Ipt00706.jpg;Pomme de terre;0_Saines;Pomme de terre_0_Saines;Pomme de terre;;;0_Saines;Asymptomatiques;train;0_Saines;2024:07:27;17:24:37;nan;23;Pomme de terre_0_Saines
Ipt00707;../data/Bousset2_data/Images/Pomme de terre/0_Saines/Ipt00707.jpg;Pomme de terre;0_Saines;Pomme de terre_0_Saines;Pomme de terre;;;0_Saines;Asymptomatiques;train;0_Saines;2024:07:27;17:24:39;nan;23;Pomme de terre_0_Saines
Ipt00708;../data/Bousset2_data/Images/Pomme de terre/0_Saines/Ipt00708.jpg;Pomme de terre;0_Saines;Pomme de terre_0_Saines;Pomme de terre;;;0_Saines;Asymptomatiques;train;0_Saines;2024:07:27;17:24:40;nan;23;Pomme de terre_0_Saines
Ipt00713;../data/Bousset2_data/Images/Pomme de terre/0_Saines/Ipt00713.jpg;Pomme de terre;0_Saines;Pomme de terre_0_Saines;Pomme de terre;;;0_Saines;Asymptomatiques;train;0_Saines;2024:07:27;17:24:54;nan;23;Pomme de terre_0_Saines
Ipt00714;../data/Bousset2_data/Images/Pomme de terre/0_Saines/Ipt00714.jpg;Pomme de terre;0_Saines;Pomme de terre_0_Saines;Pomme de terre;;;0_Saines;Asymptomatiques;train;0_Saines;2024:07:27;17:24:55;nan;23;Pomme de terre_0_Saines
Ipt00718;../data/Bousset2_data/Images/Pomme de terre/0_Saines/Ipt00718.jpg;Pomme de terre;0_Saines;Pomme de terre_0_Saines;Pomme de terre;;;0_Saines;Asymptomatiques;train;0_Saines;2024:07:27;17:25:30;nan;23;Pomme de terre_0_Saines
Ipt00731;../data/Bousset2_data/Images/Pomme de terre/0_Saines/Ipt00731.jpg;Pomme de terre;0_Saines;Pomme de terre_0_Saines;Pomme de terre;;;0_Saines;Asymptomatiques;train;0_Saines;2024:08:06;11:20:22;nan;23;Pomme de terre_0_Saines
Ipt00732;../data/Bousset2_data/Images/Pomme de terre/0_Saines/Ipt00732.jpg;Pomme de terre;0_Saines;Pomme de terre_0_Saines;Pomme de terre;;;0_Saines;Asymptomatiques;train;0_Saines;2024:08:06;11:20:24;nan;23;Pomme de terre_0_Saines
Ipt00733;../data/Bousset2_data/Images/Pomme de terre/0_Saines/Ipt00733.jpg;Pomme de terre;0_Saines;Pomme de terre_0_Saines;Pomme de terre;;;0_Saines;Asymptomatiques;train;0_Saines;2024:08:06;11:20:26;nan;23;Pomme de terre_0_Saines
Ipt00736;../data/Bousset2_data/Images/Pomme de terre/0_Saines/Ipt00736.jpg;Pomme de terre;0_Saines;Pomme de terre_0_Saines;Pomme de terre;;;0_Saines;Asymptomatiques;train;0_Saines;2024:08:06;11:20:31;nan;23;Pomme de terre_0_Saines
Ipt00739;../data/Bousset2_data/Images/Pomme de terre/0_Saines/Ipt00739.jpg;Pomme de terre;0_Saines;Pomme de terre_0_Saines;Pomme de terre;;;0_Saines;Asymptomatiques;train;0_Saines;2024:08:06;11:20:40;nan;23;Pomme de terre_0_Saines
Ipt00802;../data/Bousset2_data/Images/Pomme de terre/0_Saines/Ipt00802.jpg;Pomme de terre;0_Saines;Pomme de terre_0_Saines;Pomme de terre;;;0_Saines;Asymptomatiques;train;0_Saines;2024:08:06;11:24:04;nan;23;Pomme de terre_0_Saines
Ipt00803;../data/Bousset2_data/Images/Pomme de terre/0_Saines/Ipt00803.jpg;Pomme de terre;0_Saines;Pomme de terre_0_Saines;Pomme de terre;;;0_Saines;Asymptomatiques;train;0_Saines;2024:08:06;11:24:05;nan;23;Pomme de terre_0_Saines
Ipt00804;../data/Bousset2_data/Images/Pomme de terre/0_Saines/Ipt00804.jpg;Pomme de terre;0_Saines;Pomme de terre_0_Saines;Pomme de terre;;;0_Saines;Asymptomatiques;train;0_Saines;2024:08:06;11:24:06;nan;23;Pomme de terre_0_Saines
Ipt00805;../data/Bousset2_data/Images/Pomme de terre/0_Saines/Ipt00805.jpg;Pomme de terre;0_Saines;Pomme de terre_0_Saines;Pomme de terre;;;0_Saines;Asymptomatiques;train;0_Saines;2024:08:06;11:24:08;nan;23;Pomme de terre_0_Saines
Ipt00806;../data/Bousset2_data/Images/Pomme de terre/0_Saines/Ipt00806.jpg;Pomme de terre;0_Saines;Pomme de terre_0_Saines;Pomme de terre;;;0_Saines;Asymptomatiques;train;0_Saines;2024:08:06;11:24:11;nan;23;Pomme de terre_0_Saines
Ipt00807;../data/Bousset2_data/Images/Pomme de terre/0_Saines/Ipt00807.jpg;Pomme de terre;0_Saines;Pomme de terre_0_Saines;Pomme de terre;;;0_Saines;Asymptomatiques;train;0_Saines;2024:08:06;11:24:17;nan;23;Pomme de terre_0_Saines
Ipt00809;../data/Bousset2_data/Images/Pomme de terre/0_Saines/Ipt00809.jpg;Pomme de terre;0_Saines;Pomme de terre_0_Saines;Pomme de terre;;;0_Saines;Asymptomatiques;train;0_Saines;2024:08:06;11:24:29;nan;23;Pomme de terre_0_Saines
Ipt00810;../data/Bousset2_data/Images/Pomme de terre/0_Saines/Ipt00810.jpg;Pomme de terre;0_Saines;Pomme de terre_0_Saines;Pomme de terre;;;0_Saines;Asymptomatiques;train;0_Saines;2024:08:06;11:24:31;nan;23;Pomme de terre_0_Saines
Ipt00811;../data/Bousset2_data/Images/Pomme de terre/0_Saines/Ipt00811.jpg;Pomme de terre;0_Saines;Pomme de terre_0_Saines;Pomme de terre;;;0_Saines;Asymptomatiques;train;0_Saines;2024:08:06;11:24:32;nan;23;Pomme de terre_0_Saines
Ipt00812;../data/Bousset2_data/Images/Pomme de terre/0_Saines/Ipt00812.jpg;Pomme de terre;0_Saines;Pomme de terre_0_Saines;Pomme de terre;;;0_Saines;Asymptomatiques;train;0_Saines;2024:08:06;11:24:34;nan;23;Pomme de terre_0_Saines
Ipt00813;../data/Bousset2_data/Images/Pomme de terre/0_Saines/Ipt00813.jpg;Pomme de terre;0_Saines;Pomme de terre_0_Saines;Pomme de terre;;;0_Saines;Asymptomatiques;train;0_Saines;2024:08:06;11:24:35;nan;23;Pomme de terre_0_Saines
Ipt00814;../data/Bousset2_data/Images/Pomme de terre/0_Saines/Ipt00814.jpg;Pomme de terre;0_Saines;Pomme de terre_0_Saines;Pomme de terre;;;0_Saines;Asymptomatiques;train;0_Saines;2024:08:06;11:24:44;nan;23;Pomme de terre_0_Saines
Ipt00815;../data/Bousset2_data/Images/Pomme de terre/0_Saines/Ipt00815.jpg;Pomme de terre;0_Saines;Pomme de terre_0_Saines;Pomme de terre;;;0_Saines;Asymptomatiques;train;0_Saines;2024:08:06;11:24:46;nan;23;Pomme de terre_0_Saines
Ipt00816;../data/Bousset2_data/Images/Pomme de terre/0_Saines/Ipt00816.jpg;Pomme de terre;0_Saines;Pomme de terre_0_Saines;Pomme de terre;;;0_Saines;Asymptomatiques;train;0_Saines;2024:08:06;11:24:51;nan;23;Pomme de terre_0_Saines
Ipt00837;../data/Bousset2_data/Images/Pomme de terre/0_Saines/Ipt00837.jpg;Pomme de terre;0_Saines;Pomme de terre_0_Saines;Pomme de terre;;;0_Saines;Asymptomatiques;train;0_Saines;2024:08:09;11:00:35;nan;23;Pomme de terre_0_Saines
Ipt00844;../data/Bousset2_data/Images/Pomme de terre/0_Saines/Ipt00844.jpg;Pomme de terre;0_Saines;Pomme de terre_0_Saines;Pomme de terre;;;0_Saines;Asymptomatiques;train;0_Saines;2024:08:09;11:00:59;nan;23;Pomme de terre_0_Saines
Ipt00859;../data/Bousset2_data/Images/Pomme de terre/0_Saines/Ipt00859.jpg;Pomme de terre;0_Saines;Pomme de terre_0_Saines;Pomme de terre;;;0_Saines;Asymptomatiques;train;0_Saines;2024:08:09;11:02:17;nan;23;Pomme de terre_0_Saines
Ipt00871;../data/Bousset2_data/Images/Pomme de terre/0_Saines/Ipt00871.jpg;Pomme de terre;0_Saines;Pomme de terre_0_Saines;Pomme de terre;;;0_Saines;Asymptomatiques;train;0_Saines;2024:08:09;11:03:00;nan;23;Pomme de terre_0_Saines
Ipt00417;../data/Bousset2_data/Images/Pomme de terre/Carence/Ipt00417.jpg;Pomme de terre;Carence;Pomme de terre_Carence;Pomme de terre;;;Carence;;train;Carence;2024:07:24;12:59:17;nan;4;Pomme de terre_Carence
Ipt00455;../data/Bousset2_data/Images/Pomme de terre/Carence/Ipt00455.jpg;Pomme de terre;Carence;Pomme de terre_Carence;Pomme de terre;;;Carence;;train;Carence;2024:07:24;13:01:22;nan;4;Pomme de terre_Carence
Ipt00456;../data/Bousset2_data/Images/Pomme de terre/Carence/Ipt00456.jpg;Pomme de terre;Carence;Pomme de terre_Carence;Pomme de terre;;;Carence;;train;Carence;2024:07:24;13:01:24;nan;4;Pomme de terre_Carence
Ipt00457;../data/Bousset2_data/Images/Pomme de terre/Carence/Ipt00457.jpg;Pomme de terre;Carence;Pomme de terre_Carence;Pomme de terre;;;Carence;;train;Carence;2024:07:24;13:01:26;nan;4;Pomme de terre_Carence
Ipt00515;../data/Bousset2_data/Images/Pomme de terre/Carence/Ipt00515.jpg;Pomme de terre;Carence;Pomme de terre_Carence;Pomme de terre;;;Carence;;train;Carence;2024:07:24;13:08:00;nan;4;Pomme de terre_Carence
Ipt00517;../data/Bousset2_data/Images/Pomme de terre/Carence/Ipt00517.jpg;Pomme de terre;Carence;Pomme de terre_Carence;Pomme de terre;;;Carence;;train;Carence;2024:07:24;13:09:00;nan;4;Pomme de terre_Carence
Ipt00518;../data/Bousset2_data/Images/Pomme de terre/Carence/Ipt00518.jpg;Pomme de terre;Carence;Pomme de terre_Carence;Pomme de terre;;;Carence;;train;Carence;2024:07:24;13:09:02;nan;4;Pomme de terre_Carence
Ipt00519;../data/Bousset2_data/Images/Pomme de terre/Carence/Ipt00519.jpg;Pomme de terre;Carence;Pomme de terre_Carence;Pomme de terre;;;Carence;;train;Carence;2024:07:24;13:09:05;nan;4;Pomme de terre_Carence
Ipt00520;../data/Bousset2_data/Images/Pomme de terre/Carence/Ipt00520.jpg;Pomme de terre;Carence;Pomme de terre_Carence;Pomme de terre;;;Carence;;train;Carence;2024:07:24;13:09:08;nan;4;Pomme de terre_Carence
Ipt00521;../data/Bousset2_data/Images/Pomme de terre/Carence/Ipt00521.jpg;Pomme de terre;Carence;Pomme de terre_Carence;Pomme de terre;;;Carence;;train;Carence;2024:07:24;13:09:12;nan;4;Pomme de terre_Carence
Ipt00522;../data/Bousset2_data/Images/Pomme de terre/Carence/Ipt00522.jpg;Pomme de terre;Carence;Pomme de terre_Carence;Pomme de terre;;;Carence;;train;Carence;2024:07:24;13:09:15;nan;4;Pomme de terre_Carence
Ipt00523;../data/Bousset2_data/Images/Pomme de terre/Carence/Ipt00523.jpg;Pomme de terre;Carence;Pomme de terre_Carence;Pomme de terre;;;Carence;;train;Carence;2024:07:24;13:09:17;nan;4;Pomme de terre_Carence
Ipt00524;../data/Bousset2_data/Images/Pomme de terre/Carence/Ipt00524.jpg;Pomme de terre;Carence;Pomme de terre_Carence;Pomme de terre;;;Carence;;train;Carence;2024:07:24;13:09:22;nan;4;Pomme de terre_Carence
Ipt00529;../data/Bousset2_data/Images/Pomme de terre/Carence/Ipt00529.jpg;Pomme de terre;Carence;Pomme de terre_Carence;Pomme de terre;;;Carence;;train;Carence;2024:07:24;13:12:42;nan;4;Pomme de terre_Carence
Ipt00573;../data/Bousset2_data/Images/Pomme de terre/Carence/Ipt00573.jpg;Pomme de terre;Carence;Pomme de terre_Carence;Pomme de terre;;;Carence;;train;Carence;2024:07:24;13:17:19;nan;4;Pomme de terre_Carence
Ipt00575;../data/Bousset2_data/Images/Pomme de terre/Carence/Ipt00575.jpg;Pomme de terre;Carence;Pomme de terre_Carence;Pomme de terre;;;Carence;;train;Carence;2024:07:24;13:17:25;nan;4;Pomme de terre_Carence
Ipt00628;../data/Bousset2_data/Images/Pomme de terre/Carence/Ipt00628.jpg;Pomme de terre;Carence;Pomme de terre_Carence;Pomme de terre;;;Carence;;train;Carence;2024:07:27;17:15:59;nan;4;Pomme de terre_Carence
Ipt00630;../data/Bousset2_data/Images/Pomme de terre/Carence/Ipt00630.jpg;Pomme de terre;Carence;Pomme de terre_Carence;Pomme de terre;;;Carence;;train;Carence;2024:07:27;17:16:03;nan;4;Pomme de terre_Carence
Ipt00631;../data/Bousset2_data/Images/Pomme de terre/Carence/Ipt00631.jpg;Pomme de terre;Carence;Pomme de terre_Carence;Pomme de terre;;;Carence;;train;Carence;2024:07:27;17:16:08;nan;4;Pomme de terre_Carence
Ipt00633;../data/Bousset2_data/Images/Pomme de terre/Carence/Ipt00633.jpg;Pomme de terre;Carence;Pomme de terre_Carence;Pomme de terre;;;Carence;;train;Carence;2024:07:27;17:16:20;nan;4;Pomme de terre_Carence
Ipt00641;../data/Bousset2_data/Images/Pomme de terre/Carence/Ipt00641.jpg;Pomme de terre;Carence;Pomme de terre_Carence;Pomme de terre;;;Carence;;train;Carence;2024:07:27;17:17:02;nan;4;Pomme de terre_Carence
Ipt00643;../data/Bousset2_data/Images/Pomme de terre/Carence/Ipt00643.jpg;Pomme de terre;Carence;Pomme de terre_Carence;Pomme de terre;;;Carence;;train;Carence;2024:07:27;17:17:19;nan;4;Pomme de terre_Carence
Ipt00647;../data/Bousset2_data/Images/Pomme de terre/Carence/Ipt00647.jpg;Pomme de terre;Carence;Pomme de terre_Carence;Pomme de terre;;;Carence;;train;Carence;2024:07:27;17:17:34;nan;4;Pomme de terre_Carence
Ipt00655;../data/Bousset2_data/Images/Pomme de terre/Carence/Ipt00655.jpg;Pomme de terre;Carence;Pomme de terre_Carence;Pomme de terre;;;Carence;;train;Carence;2024:07:27;17:18:03;nan;4;Pomme de terre_Carence
Ipt00659;../data/Bousset2_data/Images/Pomme de terre/Carence/Ipt00659.jpg;Pomme de terre;Carence;Pomme de terre_Carence;Pomme de terre;;;Carence;;train;Carence;2024:07:27;17:18:26;nan;4;Pomme de terre_Carence
Ipt00660;../data/Bousset2_data/Images/Pomme de terre/Carence/Ipt00660.jpg;Pomme de terre;Carence;Pomme de terre_Carence;Pomme de terre;;;Carence;;train;Carence;2024:07:27;17:18:29;nan;4;Pomme de terre_Carence
Ipt00661;../data/Bousset2_data/Images/Pomme de terre/Carence/Ipt00661.jpg;Pomme de terre;Carence;Pomme de terre_Carence;Pomme de terre;;;Carence;;train;Carence;2024:07:27;17:18:34;nan;4;Pomme de terre_Carence
Ipt00662;../data/Bousset2_data/Images/Pomme de terre/Carence/Ipt00662.jpg;Pomme de terre;Carence;Pomme de terre_Carence;Pomme de terre;;;Carence;;train;Carence;2024:07:27;17:18:35;nan;4;Pomme de terre_Carence
Ipt00663;../data/Bousset2_data/Images/Pomme de terre/Carence/Ipt00663.jpg;Pomme de terre;Carence;Pomme de terre_Carence;Pomme de terre;;;Carence;;train;Carence;2024:07:27;17:18:37;nan;4;Pomme de terre_Carence
Ipt00664;../data/Bousset2_data/Images/Pomme de terre/Carence/Ipt00664.jpg;Pomme de terre;Carence;Pomme de terre_Carence;Pomme de terre;;;Carence;;train;Carence;2024:07:27;17:18:46;nan;4;Pomme de terre_Carence
Ipt00673;../data/Bousset2_data/Images/Pomme de terre/Carence/Ipt00673.jpg;Pomme de terre;Carence;Pomme de terre_Carence;Pomme de terre;;;Carence;;train;Carence;2024:07:27;17:19:11;nan;4;Pomme de terre_Carence
Ipt00674;../data/Bousset2_data/Images/Pomme de terre/Carence/Ipt00674.jpg;Pomme de terre;Carence;Pomme de terre_Carence;Pomme de terre;;;Carence;;train;Carence;2024:07:27;17:19:14;nan;4;Pomme de terre_Carence
Ipt00715;../data/Bousset2_data/Images/Pomme de terre/Carence/Ipt00715.jpg;Pomme de terre;Carence;Pomme de terre_Carence;Pomme de terre;;;Carence;;train;Carence;2024:07:27;17:25:00;nan;4;Pomme de terre_Carence
Ipt00747;../data/Bousset2_data/Images/Pomme de terre/Carence/Ipt00747.jpg;Pomme de terre;Carence;Pomme de terre_Carence;Pomme de terre;;;Carence;;train;Carence;2024:08:06;11:21:03;nan;4;Pomme de terre_Carence
Ipt00748;../data/Bousset2_data/Images/Pomme de terre/Carence/Ipt00748.jpg;Pomme de terre;Carence;Pomme de terre_Carence;Pomme de terre;;;Carence;;train;Carence;2024:08:06;11:21:15;nan;4;Pomme de terre_Carence
Ipt00752;../data/Bousset2_data/Images/Pomme de terre/Carence/Ipt00752.jpg;Pomme de terre;Carence;Pomme de terre_Carence;Pomme de terre;;;Carence;;train;Carence;2024:08:06;11:21:23;nan;4;Pomme de terre_Carence
Ipt00753;../data/Bousset2_data/Images/Pomme de terre/Carence/Ipt00753.jpg;Pomme de terre;Carence;Pomme de terre_Carence;Pomme de terre;;;Carence;;train;Carence;2024:08:06;11:21:24;nan;4;Pomme de terre_Carence
Ipt00755;../data/Bousset2_data/Images/Pomme de terre/Carence/Ipt00755.jpg;Pomme de terre;Carence;Pomme de terre_Carence;Pomme de terre;;;Carence;;train;Carence;2024:08:06;11:21:30;nan;4;Pomme de terre_Carence
Ipt00756;../data/Bousset2_data/Images/Pomme de terre/Carence/Ipt00756.jpg;Pomme de terre;Carence;Pomme de terre_Carence;Pomme de terre;;;Carence;;train;Carence;2024:08:06;11:21:35;nan;4;Pomme de terre_Carence
Ipt00758;../data/Bousset2_data/Images/Pomme de terre/Carence/Ipt00758.jpg;Pomme de terre;Carence;Pomme de terre_Carence;Pomme de terre;;;Carence;;train;Carence;2024:08:06;11:21:39;nan;4;Pomme de terre_Carence
Ipt00759;../data/Bousset2_data/Images/Pomme de terre/Carence/Ipt00759.jpg;Pomme de terre;Carence;Pomme de terre_Carence;Pomme de terre;;;Carence;;train;Carence;2024:08:06;11:21:41;nan;4;Pomme de terre_Carence
Ipt00762;../data/Bousset2_data/Images/Pomme de terre/Carence/Ipt00762.jpg;Pomme de terre;Carence;Pomme de terre_Carence;Pomme de terre;;;Carence;;train;Carence;2024:08:06;11:21:48;nan;4;Pomme de terre_Carence
Ipt00767;../data/Bousset2_data/Images/Pomme de terre/Carence/Ipt00767.jpg;Pomme de terre;Carence;Pomme de terre_Carence;Pomme de terre;;;Carence;;train;Carence;2024:08:06;11:21:59;nan;4;Pomme de terre_Carence
Ipt00774;../data/Bousset2_data/Images/Pomme de terre/Carence/Ipt00774.jpg;Pomme de terre;Carence;Pomme de terre_Carence;Pomme de terre;;;Carence;;train;Carence;2024:08:06;11:22:15;nan;4;Pomme de terre_Carence
Ipt00777;../data/Bousset2_data/Images/Pomme de terre/Carence/Ipt00777.jpg;Pomme de terre;Carence;Pomme de terre_Carence;Pomme de terre;;;Carence;;train;Carence;2024:08:06;11:22:24;nan;4;Pomme de terre_Carence
Ipt00778;../data/Bousset2_data/Images/Pomme de terre/Carence/Ipt00778.jpg;Pomme de terre;Carence;Pomme de terre_Carence;Pomme de terre;;;Carence;;train;Carence;2024:08:06;11:22:27;nan;4;Pomme de terre_Carence
Ipt00788;../data/Bousset2_data/Images/Pomme de terre/Carence/Ipt00788.jpg;Pomme de terre;Carence;Pomme de terre_Carence;Pomme de terre;;;Carence;;train;Carence;2024:08:06;11:22:58;nan;4;Pomme de terre_Carence
Ipt00863;../data/VAULT/Bousset2_data/Images/Pomme de terre/Carence/Ipt00863.jpg;Pomme de terre;Carence;Pomme de terre_Carence;Pomme de terre;;;Carence;;vault;Carence;2024:08:09;11:02:34;nan;4;Pomme de terre_Carence
Ipt00912;../data/VAULT/Bousset2_data/Images/Pomme de terre/Carence/Ipt00912.jpg;Pomme de terre;Carence;Pomme de terre_Carence;Pomme de terre;;;Carence;;vault;Carence;2024:08:09;11:17:05;nan;4;Pomme de terre_Carence
Ipt00913;../data/VAULT/Bousset2_data/Images/Pomme de terre/Carence/Ipt00913.jpg;Pomme de terre;Carence;Pomme de terre_Carence;Pomme de terre;;;Carence;;vault;Carence;2024:08:09;11:17:10;nan;4;Pomme de terre_Carence
Ipt00056;../data/VAULT/Bousset2_data/Images/Pomme de terre/Mildiou/Ipt00056.jpg;Pomme de terre;Mildiou;Pomme de terre_Mildiou;Pomme de terre;PHYTIN;Phytophthora infestans;Mildiou;;vault;Mildiou;2024:07:11;12:15:57;nan;13;Pomme de terre_Mildiou
Ipt00057;../data/VAULT/Bousset2_data/Images/Pomme de terre/Mildiou/Ipt00057.jpg;Pomme de terre;Mildiou;Pomme de terre_Mildiou;Pomme de terre;PHYTIN;Phytophthora infestans;Mildiou;;vault;Mildiou;2024:07:11;12:16:13;nan;13;Pomme de terre_Mildiou
Ipt00065;../data/VAULT/Bousset2_data/Images/Pomme de terre/Mildiou/Ipt00065.jpg;Pomme de terre;Mildiou;Pomme de terre_Mildiou;Pomme de terre;PHYTIN;Phytophthora infestans;Mildiou;;vault;Mildiou;2024:07:11;12:18:13;nan;13;Pomme de terre_Mildiou
Ipt00066;../data/VAULT/Bousset2_data/Images/Pomme de terre/Mildiou/Ipt00066.jpg;Pomme de terre;Mildiou;Pomme de terre_Mildiou;Pomme de terre;PHYTIN;Phytophthora infestans;Mildiou;;vault;Mildiou;2024:07:11;12:18:35;nan;13;Pomme de terre_Mildiou
Ipt00069;../data/VAULT/Bousset2_data/Images/Pomme de terre/Mildiou/Ipt00069.jpg;Pomme de terre;Mildiou;Pomme de terre_Mildiou;Pomme de terre;PHYTIN;Phytophthora infestans;Mildiou;;vault;Mildiou;2024:07:11;12:19:23;nan;13;Pomme de terre_Mildiou
Ipt00070;../data/VAULT/Bousset2_data/Images/Pomme de terre/Mildiou/Ipt00070.jpg;Pomme de terre;Mildiou;Pomme de terre_Mildiou;Pomme de terre;PHYTIN;Phytophthora infestans;Mildiou;;vault;Mildiou;2024:07:11;12:19:27;nan;13;Pomme de terre_Mildiou
Ipt00071;../data/VAULT/Bousset2_data/Images/Pomme de terre/Mildiou/Ipt00071.jpg;Pomme de terre;Mildiou;Pomme de terre_Mildiou;Pomme de terre;PHYTIN;Phytophthora infestans;Mildiou;;vault;Mildiou;2024:07:11;12:19:29;nan;13;Pomme de terre_Mildiou
Ipt00072;../data/VAULT/Bousset2_data/Images/Pomme de terre/Mildiou/Ipt00072.jpg;Pomme de terre;Mildiou;Pomme de terre_Mildiou;Pomme de terre;PHYTIN;Phytophthora infestans;Mildiou;;vault;Mildiou;2024:07:11;12:19:32;nan;13;Pomme de terre_Mildiou
Ipt00073;../data/VAULT/Bousset2_data/Images/Pomme de terre/Mildiou/Ipt00073.jpg;Pomme de terre;Mildiou;Pomme de terre_Mildiou;Pomme de terre;PHYTIN;Phytophthora infestans;Mildiou;;vault;Mildiou;2024:07:11;12:19:36;nan;13;Pomme de terre_Mildiou
Ipt00074;../data/VAULT/Bousset2_data/Images/Pomme de terre/Mildiou/Ipt00074.jpg;Pomme de terre;Mildiou;Pomme de terre_Mildiou;Pomme de terre;PHYTIN;Phytophthora infestans;Mildiou;;vault;Mildiou;2024:07:11;12:19:40;nan;13;Pomme de terre_Mildiou
Ipt00075;../data/VAULT/Bousset2_data/Images/Pomme de terre/Mildiou/Ipt00075.jpg;Pomme de terre;Mildiou;Pomme de terre_Mildiou;Pomme de terre;PHYTIN;Phytophthora infestans;Mildiou;;vault;Mildiou;2024:07:11;12:19:42;nan;13;Pomme de terre_Mildiou
Ipt00076;../data/VAULT/Bousset2_data/Images/Pomme de terre/Mildiou/Ipt00076.jpg;Pomme de terre;Mildiou;Pomme de terre_Mildiou;Pomme de terre;PHYTIN;Phytophthora infestans;Mildiou;;vault;Mildiou;2024:07:11;12:19:45;nan;13;Pomme de terre_Mildiou
Ipt00077;../data/VAULT/Bousset2_data/Images/Pomme de terre/Mildiou/Ipt00077.jpg;Pomme de terre;Mildiou;Pomme de terre_Mildiou;Pomme de terre;PHYTIN;Phytophthora infestans;Mildiou;;vault;Mildiou;2024:07:11;12:19:47;nan;13;Pomme de terre_Mildiou
Ipt00078;../data/VAULT/Bousset2_data/Images/Pomme de terre/Mildiou/Ipt00078.jpg;Pomme de terre;Mildiou;Pomme de terre_Mildiou;Pomme de terre;PHYTIN;Phytophthora infestans;Mildiou;;vault;Mildiou;2024:07:11;12:19:51;nan;13;Pomme de terre_Mildiou
Ipt00079;../data/VAULT/Bousset2_data/Images/Pomme de terre/Mildiou/Ipt00079.jpg;Pomme de terre;Mildiou;Pomme de terre_Mildiou;Pomme de terre;PHYTIN;Phytophthora infestans;Mildiou;;vault;Mildiou;2024:07:11;12:19:54;nan;13;Pomme de terre_Mildiou
Ipt00080;../data/VAULT/Bousset2_data/Images/Pomme de terre/Mildiou/Ipt00080.jpg;Pomme de terre;Mildiou;Pomme de terre_Mildiou;Pomme de terre;PHYTIN;Phytophthora infestans;Mildiou;;vault;Mildiou;2024:07:11;12:19:55;nan;13;Pomme de terre_Mildiou
Ipt00081;../data/VAULT/Bousset2_data/Images/Pomme de terre/Mildiou/Ipt00081.jpg;Pomme de terre;Mildiou;Pomme de terre_Mildiou;Pomme de terre;PHYTIN;Phytophthora infestans;Mildiou;;vault;Mildiou;2024:07:11;12:20:01;nan;13;Pomme de terre_Mildiou
Ipt00085;../data/VAULT/Bousset2_data/Images/Pomme de terre/Mildiou/Ipt00085.jpg;Pomme de terre;Mildiou;Pomme de terre_Mildiou;Pomme de terre;PHYTIN;Phytophthora infestans;Mildiou;;vault;Mildiou;2024:07:11;12:20:43;nan;13;Pomme de terre_Mildiou
Ipt00086;../data/VAULT/Bousset2_data/Images/Pomme de terre/Mildiou/Ipt00086.jpg;Pomme de terre;Mildiou;Pomme de terre_Mildiou;Pomme de terre;PHYTIN;Phytophthora infestans;Mildiou;;vault;Mildiou;2024:07:11;12:20:48;nan;13;Pomme de terre_Mildiou
Ipt00087;../data/VAULT/Bousset2_data/Images/Pomme de terre/Mildiou/Ipt00087.jpg;Pomme de terre;Mildiou;Pomme de terre_Mildiou;Pomme de terre;PHYTIN;Phytophthora infestans;Mildiou;;vault;Mildiou;2024:07:11;12:20:54;nan;13;Pomme de terre_Mildiou
Ipt00088;../data/VAULT/Bousset2_data/Images/Pomme de terre/Mildiou/Ipt00088.jpg;Pomme de terre;Mildiou;Pomme de terre_Mildiou;Pomme de terre;PHYTIN;Phytophthora infestans;Mildiou;;vault;Mildiou;2024:07:11;12:20:59;nan;13;Pomme de terre_Mildiou
Ipt00089;../data/VAULT/Bousset2_data/Images/Pomme de terre/Mildiou/Ipt00089.jpg;Pomme de terre;Mildiou;Pomme de terre_Mildiou;Pomme de terre;PHYTIN;Phytophthora infestans;Mildiou;;vault;Mildiou;2024:07:11;12:21:05;nan;13;Pomme de terre_Mildiou
Ipt00090;../data/VAULT/Bousset2_data/Images/Pomme de terre/Mildiou/Ipt00090.jpg;Pomme de terre;Mildiou;Pomme de terre_Mildiou;Pomme de terre;PHYTIN;Phytophthora infestans;Mildiou;;vault;Mildiou;2024:07:11;12:21:16;nan;13;Pomme de terre_Mildiou
Ipt00091;../data/VAULT/Bousset2_data/Images/Pomme de terre/Mildiou/Ipt00091.jpg;Pomme de terre;Mildiou;Pomme de terre_Mildiou;Pomme de terre;PHYTIN;Phytophthora infestans;Mildiou;;vault;Mildiou;2024:07:11;12:21:19;nan;13;Pomme de terre_Mildiou
Ipt00092;../data/VAULT/Bousset2_data/Images/Pomme de terre/Mildiou/Ipt00092.jpg;Pomme de terre;Mildiou;Pomme de terre_Mildiou;Pomme de terre;PHYTIN;Phytophthora infestans;Mildiou;;vault;Mildiou;2024:07:11;12:21:28;nan;13;Pomme de terre_Mildiou
Ipt00093;../data/VAULT/Bousset2_data/Images/Pomme de terre/Mildiou/Ipt00093.jpg;Pomme de terre;Mildiou;Pomme de terre_Mildiou;Pomme de terre;PHYTIN;Phytophthora infestans;Mildiou;;vault;Mildiou;2024:07:11;12:21:33;nan;13;Pomme de terre_Mildiou
Ipt00097;../data/VAULT/Bousset2_data/Images/Pomme de terre/Mildiou/Ipt00097.jpg;Pomme de terre;Mildiou;Pomme de terre_Mildiou;Pomme de terre;PHYTIN;Phytophthora infestans;Mildiou;;vault;Mildiou;2024:07:11;12:22:04;nan;13;Pomme de terre_Mildiou
Ipt00098;../data/VAULT/Bousset2_data/Images/Pomme de terre/Mildiou/Ipt00098.jpg;Pomme de terre;Mildiou;Pomme de terre_Mildiou;Pomme de terre;PHYTIN;Phytophthora infestans;Mildiou;;vault;Mildiou;2024:07:11;12:22:32;nan;13;Pomme de terre_Mildiou
Ipt00099;../data/VAULT/Bousset2_data/Images/Pomme de terre/Mildiou/Ipt00099.jpg;Pomme de terre;Mildiou;Pomme de terre_Mildiou;Pomme de terre;PHYTIN;Phytophthora infestans;Mildiou;;vault;Mildiou;2024:07:11;12:22:39;nan;13;Pomme de terre_Mildiou
Ipt00100;../data/VAULT/Bousset2_data/Images/Pomme de terre/Mildiou/Ipt00100.jpg;Pomme de terre;Mildiou;Pomme de terre_Mildiou;Pomme de terre;PHYTIN;Phytophthora infestans;Mildiou;;vault;Mildiou;2024:07:11;12:22:42;nan;13;Pomme de terre_Mildiou
Ipt00101;../data/VAULT/Bousset2_data/Images/Pomme de terre/Mildiou/Ipt00101.jpg;Pomme de terre;Mildiou;Pomme de terre_Mildiou;Pomme de terre;PHYTIN;Phytophthora infestans;Mildiou;;vault;Mildiou;2024:07:11;12:22:49;nan;13;Pomme de terre_Mildiou
Ipt00102;../data/VAULT/Bousset2_data/Images/Pomme de terre/Mildiou/Ipt00102.jpg;Pomme de terre;Mildiou;Pomme de terre_Mildiou;Pomme de terre;PHYTIN;Phytophthora infestans;Mildiou;;vault;Mildiou;2024:07:11;12:23:01;nan;13;Pomme de terre_Mildiou
Ipt00103;../data/VAULT/Bousset2_data/Images/Pomme de terre/Mildiou/Ipt00103.jpg;Pomme de terre;Mildiou;Pomme de terre_Mildiou;Pomme de terre;PHYTIN;Phytophthora infestans;Mildiou;;vault;Mildiou;2024:07:11;12:23:10;nan;13;Pomme de terre_Mildiou
Ipt00104;../data/VAULT/Bousset2_data/Images/Pomme de terre/Mildiou/Ipt00104.jpg;Pomme de terre;Mildiou;Pomme de terre_Mildiou;Pomme de terre;PHYTIN;Phytophthora infestans;Mildiou;;vault;Mildiou;2024:07:11;12:23:12;nan;13;Pomme de terre_Mildiou
Ipt00105;../data/VAULT/Bousset2_data/Images/Pomme de terre/Mildiou/Ipt00105.jpg;Pomme de terre;Mildiou;Pomme de terre_Mildiou;Pomme de terre;PHYTIN;Phytophthora infestans;Mildiou;;vault;Mildiou;2024:07:11;12:23:27;nan;13;Pomme de terre_Mildiou
Ipt00109;../data/VAULT/Bousset2_data/Images/Pomme de terre/Mildiou/Ipt00109.jpg;Pomme de terre;Mildiou;Pomme de terre_Mildiou;Pomme de terre;PHYTIN;Phytophthora infestans;Mildiou;;vault;Mildiou;2024:07:11;12:23:43;nan;13;Pomme de terre_Mildiou
Ipt00110;../data/VAULT/Bousset2_data/Images/Pomme de terre/Mildiou/Ipt00110.jpg;Pomme de terre;Mildiou;Pomme de terre_Mildiou;Pomme de terre;PHYTIN;Phytophthora infestans;Mildiou;;vault;Mildiou;2024:07:11;12:23:45;nan;13;Pomme de terre_Mildiou
Ipt00114;../data/VAULT/Bousset2_data/Images/Pomme de terre/Mildiou/Ipt00114.jpg;Pomme de terre;Mildiou;Pomme de terre_Mildiou;Pomme de terre;PHYTIN;Phytophthora infestans;Mildiou;;vault;Mildiou;2024:07:11;12:24:15;nan;13;Pomme de terre_Mildiou
Ipt00136;../data/VAULT/Bousset2_data/Images/Pomme de terre/Mildiou/Ipt00136.jpg;Pomme de terre;Mildiou;Pomme de terre_Mildiou;Pomme de terre;PHYTIN;Phytophthora infestans;Mildiou;;vault;Mildiou;2024:07:11;12:25:41;nan;13;Pomme de terre_Mildiou
Ipt00138;../data/VAULT/Bousset2_data/Images/Pomme de terre/Mildiou/Ipt00138.jpg;Pomme de terre;Mildiou;Pomme de terre_Mildiou;Pomme de terre;PHYTIN;Phytophthora infestans;Mildiou;;vault;Mildiou;2024:07:11;12:25:54;nan;13;Pomme de terre_Mildiou
Ipt00142;../data/VAULT/Bousset2_data/Images/Pomme de terre/Mildiou/Ipt00142.jpg;Pomme de terre;Mildiou;Pomme de terre_Mildiou;Pomme de terre;PHYTIN;Phytophthora infestans;Mildiou;;vault;Mildiou;2024:07:11;12:26:31;nan;13;Pomme de terre_Mildiou
Ipt00145;../data/VAULT/Bousset2_data/Images/Pomme de terre/Mildiou/Ipt00145.jpg;Pomme de terre;Mildiou;Pomme de terre_Mildiou;Pomme de terre;PHYTIN;Phytophthora infestans;Mildiou;;vault;Mildiou;2024:07:11;12:27:00;nan;13;Pomme de terre_Mildiou
Ipt00155;../data/VAULT/Bousset2_data/Images/Pomme de terre/Mildiou/Ipt00155.jpg;Pomme de terre;Mildiou;Pomme de terre_Mildiou;Pomme de terre;PHYTIN;Phytophthora infestans;Mildiou;;vault;Mildiou;2024:07:11;12:28:19;nan;13;Pomme de terre_Mildiou
Ipt00171;../data/VAULT/Bousset2_data/Images/Pomme de terre/Mildiou/Ipt00171.jpg;Pomme de terre;Mildiou;Pomme de terre_Mildiou;Pomme de terre;PHYTIN;Phytophthora infestans;Mildiou;;vault;Mildiou;2024:07:11;12:30:54;nan;13;Pomme de terre_Mildiou
Ipt00172;../data/VAULT/Bousset2_data/Images/Pomme de terre/Mildiou/Ipt00172.jpg;Pomme de terre;Mildiou;Pomme de terre_Mildiou;Pomme de terre;PHYTIN;Phytophthora infestans;Mildiou;;vault;Mildiou;2024:07:11;12:31:20;nan;13;Pomme de terre_Mildiou
Ipt00195;../data/VAULT/Bousset2_data/Images/Pomme de terre/Mildiou/Ipt00195.jpg;Pomme de terre;Mildiou;Pomme de terre_Mildiou;Pomme de terre;PHYTIN;Phytophthora infestans;Mildiou;;vault;Mildiou;2024:07:11;12:33:58;nan;13;Pomme de terre_Mildiou
Ipt00199;../data/VAULT/Bousset2_data/Images/Pomme de terre/Mildiou/Ipt00199.jpg;Pomme de terre;Mildiou;Pomme de terre_Mildiou;Pomme de terre;PHYTIN;Phytophthora infestans;Mildiou;;vault;Mildiou;2024:07:11;12:34:34;nan;13;Pomme de terre_Mildiou
Ipt00215;../data/VAULT/Bousset2_data/Images/Pomme de terre/Mildiou/Ipt00215.jpg;Pomme de terre;Mildiou;Pomme de terre_Mildiou;Pomme de terre;PHYTIN;Phytophthora infestans;Mildiou;;vault;Mildiou;2024:07:11;12:35:44;nan;13;Pomme de terre_Mildiou
Ipt00229;../data/VAULT/Bousset2_data/Images/Pomme de terre/Mildiou/Ipt00229.jpg;Pomme de terre;Mildiou;Pomme de terre_Mildiou;Pomme de terre;PHYTIN;Phytophthora infestans;Mildiou;;vault;Mildiou;2024:07:11;12:37:00;nan;13;Pomme de terre_Mildiou
Ipt00267;../data/VAULT/Bousset2_data/Images/Pomme de terre/Mildiou/Ipt00267.jpg;Pomme de terre;Mildiou;Pomme de terre_Mildiou;Pomme de terre;PHYTIN;Phytophthora infestans;Mildiou;;vault;Mildiou;2024:07:11;12:39:59;nan;13;Pomme de terre_Mildiou
Ipt00288;../data/VAULT/Bousset2_data/Images/Pomme de terre/Mildiou/Ipt00288.jpg;Pomme de terre;Mildiou;Pomme de terre_Mildiou;Pomme de terre;PHYTIN;Phytophthora infestans;Mildiou;;vault;Mildiou;2024:07:11;12:47:42;nan;13;Pomme de terre_Mildiou
Ipt00312;../data/Bousset2_data/Images/Pomme de terre/Mildiou/Ipt00312.jpg;Pomme de terre;Mildiou;Pomme de terre_Mildiou;Pomme de terre;PHYTIN;Phytophthora infestans;Mildiou;;train;Mildiou;2024:07:24;12:53:53;nan;13;Pomme de terre_Mildiou
Ipt00313;../data/Bousset2_data/Images/Pomme de terre/Mildiou/Ipt00313.jpg;Pomme de terre;Mildiou;Pomme de terre_Mildiou;Pomme de terre;PHYTIN;Phytophthora infestans;Mildiou;;train;Mildiou;2024:07:24;12:53:55;nan;13;Pomme de terre_Mildiou
Ipt00314;../data/Bousset2_data/Images/Pomme de terre/Mildiou/Ipt00314.jpg;Pomme de terre;Mildiou;Pomme de terre_Mildiou;Pomme de terre;PHYTIN;Phytophthora infestans;Mildiou;;train;Mildiou;2024:07:24;12:53:57;nan;13;Pomme de terre_Mildiou
Ipt00315;../data/Bousset2_data/Images/Pomme de terre/Mildiou/Ipt00315.jpg;Pomme de terre;Mildiou;Pomme de terre_Mildiou;Pomme de terre;PHYTIN;Phytophthora infestans;Mildiou;;train;Mildiou;2024:07:24;12:53:58;nan;13;Pomme de terre_Mildiou
Ipt00316;../data/Bousset2_data/Images/Pomme de terre/Mildiou/Ipt00316.jpg;Pomme de terre;Mildiou;Pomme de terre_Mildiou;Pomme de terre;PHYTIN;Phytophthora infestans;Mildiou;;train;Mildiou;2024:07:24;12:54:00;nan;13;Pomme de terre_Mildiou
Ipt00317;../data/Bousset2_data/Images/Pomme de terre/Mildiou/Ipt00317.jpg;Pomme de terre;Mildiou;Pomme de terre_Mildiou;Pomme de terre;PHYTIN;Phytophthora infestans;Mildiou;;train;Mildiou;2024:07:24;12:54:02;nan;13;Pomme de terre_Mildiou
Ipt00318;../data/Bousset2_data/Images/Pomme de terre/Mildiou/Ipt00318.jpg;Pomme de terre;Mildiou;Pomme de terre_Mildiou;Pomme de terre;PHYTIN;Phytophthora infestans;Mildiou;;train;Mildiou;2024:07:24;12:54:05;nan;13;Pomme de terre_Mildiou
Ipt00320;../data/Bousset2_data/Images/Pomme de terre/Mildiou/Ipt00320.jpg;Pomme de terre;Mildiou;Pomme de terre_Mildiou;Pomme de terre;PHYTIN;Phytophthora infestans;Mildiou;;train;Mildiou;2024:07:24;12:54:12;nan;13;Pomme de terre_Mildiou
Ipt00321;../data/Bousset2_data/Images/Pomme de terre/Mildiou/Ipt00321.jpg;Pomme de terre;Mildiou;Pomme de terre_Mildiou;Pomme de terre;PHYTIN;Phytophthora infestans;Mildiou;;train;Mildiou;2024:07:24;12:54:15;nan;13;Pomme de terre_Mildiou
Ipt00322;../data/Bousset2_data/Images/Pomme de terre/Mildiou/Ipt00322.jpg;Pomme de terre;Mildiou;Pomme de terre_Mildiou;Pomme de terre;PHYTIN;Phytophthora infestans;Mildiou;;train;Mildiou;2024:07:24;12:54:18;nan;13;Pomme de terre_Mildiou
Ipt00323;../data/Bousset2_data/Images/Pomme de terre/Mildiou/Ipt00323.jpg;Pomme de terre;Mildiou;Pomme de terre_Mildiou;Pomme de terre;PHYTIN;Phytophthora infestans;Mildiou;;train;Mildiou;2024:07:24;12:54:20;nan;13;Pomme de terre_Mildiou
Ipt00324;../data/Bousset2_data/Images/Pomme de terre/Mildiou/Ipt00324.jpg;Pomme de terre;Mildiou;Pomme de terre_Mildiou;Pomme de terre;PHYTIN;Phytophthora infestans;Mildiou;;train;Mildiou;2024:07:24;12:54:22;nan;13;Pomme de terre_Mildiou
Ipt00325;../data/Bousset2_data/Images/Pomme de terre/Mildiou/Ipt00325.jpg;Pomme de terre;Mildiou;Pomme de terre_Mildiou;Pomme de terre;PHYTIN;Phytophthora infestans;Mildiou;;train;Mildiou;2024:07:24;12:54:25;nan;13;Pomme de terre_Mildiou
Ipt00326;../data/Bousset2_data/Images/Pomme de terre/Mildiou/Ipt00326.jpg;Pomme de terre;Mildiou;Pomme de terre_Mildiou;Pomme de terre;PHYTIN;Phytophthora infestans;Mildiou;;train;Mildiou;2024:07:24;12:54:26;nan;13;Pomme de terre_Mildiou
Ipt00327;../data/Bousset2_data/Images/Pomme de terre/Mildiou/Ipt00327.jpg;Pomme de terre;Mildiou;Pomme de terre_Mildiou;Pomme de terre;PHYTIN;Phytophthora infestans;Mildiou;;train;Mildiou;2024:07:24;12:54:28;nan;13;Pomme de terre_Mildiou
Ipt00328;../data/Bousset2_data/Images/Pomme de terre/Mildiou/Ipt00328.jpg;Pomme de terre;Mildiou;Pomme de terre_Mildiou;Pomme de terre;PHYTIN;Phytophthora infestans;Mildiou;;train;Mildiou;2024:07:24;12:54:30;nan;13;Pomme de terre_Mildiou
Ipt00329;../data/Bousset2_data/Images/Pomme de terre/Mildiou/Ipt00329.jpg;Pomme de terre;Mildiou;Pomme de terre_Mildiou;Pomme de terre;PHYTIN;Phytophthora infestans;Mildiou;;train;Mildiou;2024:07:24;12:54:36;nan;13;Pomme de terre_Mildiou
Ipt00330;../data/Bousset2_data/Images/Pomme de terre/Mildiou/Ipt00330.jpg;Pomme de terre;Mildiou;Pomme de terre_Mildiou;Pomme de terre;PHYTIN;Phytophthora infestans;Mildiou;;train;Mildiou;2024:07:24;12:54:38;nan;13;Pomme de terre_Mildiou
Ipt00331;../data/Bousset2_data/Images/Pomme de terre/Mildiou/Ipt00331.jpg;Pomme de terre;Mildiou;Pomme de terre_Mildiou;Pomme de terre;PHYTIN;Phytophthora infestans;Mildiou;;train;Mildiou;2024:07:24;12:54:40;nan;13;Pomme de terre_Mildiou
Ipt00332;../data/Bousset2_data/Images/Pomme de terre/Mildiou/Ipt00332.jpg;Pomme de terre;Mildiou;Pomme de terre_Mildiou;Pomme de terre;PHYTIN;Phytophthora infestans;Mildiou;;train;Mildiou;2024:07:24;12:54:42;nan;13;Pomme de terre_Mildiou
Ipt00333;../data/Bousset2_data/Images/Pomme de terre/Mildiou/Ipt00333.jpg;Pomme de terre;Mildiou;Pomme de terre_Mildiou;Pomme de terre;PHYTIN;Phytophthora infestans;Mildiou;;train;Mildiou;2024:07:24;12:54:45;nan;13;Pomme de terre_Mildiou
Ipt00334;../data/Bousset2_data/Images/Pomme de terre/Mildiou/Ipt00334.jpg;Pomme de terre;Mildiou;Pomme de terre_Mildiou;Pomme de terre;PHYTIN;Phytophthora infestans;Mildiou;;train;Mildiou;2024:07:24;12:54:46;nan;13;Pomme de terre_Mildiou
Ipt00335;../data/Bousset2_data/Images/Pomme de terre/Mildiou/Ipt00335.jpg;Pomme de terre;Mildiou;Pomme de terre_Mildiou;Pomme de terre;PHYTIN;Phytophthora infestans;Mildiou;;train;Mildiou;2024:07:24;12:54:48;nan;13;Pomme de terre_Mildiou
Ipt00336;../data/Bousset2_data/Images/Pomme de terre/Mildiou/Ipt00336.jpg;Pomme de terre;Mildiou;Pomme de terre_Mildiou;Pomme de terre;PHYTIN;Phytophthora infestans;Mildiou;;train;Mildiou;2024:07:24;12:54:53;nan;13;Pomme de terre_Mildiou
Ipt00337;../data/Bousset2_data/Images/Pomme de terre/Mildiou/Ipt00337.jpg;Pomme de terre;Mildiou;Pomme de terre_Mildiou;Pomme de terre;PHYTIN;Phytophthora infestans;Mildiou;;train;Mildiou;2024:07:24;12:54:57;nan;13;Pomme de terre_Mildiou
Ipt00338;../data/Bousset2_data/Images/Pomme de terre/Mildiou/Ipt00338.jpg;Pomme de terre;Mildiou;Pomme de terre_Mildiou;Pomme de terre;PHYTIN;Phytophthora infestans;Mildiou;;train;Mildiou;2024:07:24;12:54:59;nan;13;Pomme de terre_Mildiou
Ipt00339;../data/Bousset2_data/Images/Pomme de terre/Mildiou/Ipt00339.jpg;Pomme de terre;Mildiou;Pomme de terre_Mildiou;Pomme de terre;PHYTIN;Phytophthora infestans;Mildiou;;train;Mildiou;2024:07:24;12:55:00;nan;13;Pomme de terre_Mildiou
Ipt00340;../data/Bousset2_data/Images/Pomme de terre/Mildiou/Ipt00340.jpg;Pomme de terre;Mildiou;Pomme de terre_Mildiou;Pomme de terre;PHYTIN;Phytophthora infestans;Mildiou;;train;Mildiou;2024:07:24;12:55:01;nan;13;Pomme de terre_Mildiou
Ipt00341;../data/Bousset2_data/Images/Pomme de terre/Mildiou/Ipt00341.jpg;Pomme de terre;Mildiou;Pomme de terre_Mildiou;Pomme de terre;PHYTIN;Phytophthora infestans;Mildiou;;train;Mildiou;2024:07:24;12:55:04;nan;13;Pomme de terre_Mildiou
Ipt00347;../data/Bousset2_data/Images/Pomme de terre/Mildiou/Ipt00347.jpg;Pomme de terre;Mildiou;Pomme de terre_Mildiou;Pomme de terre;PHYTIN;Phytophthora infestans;Mildiou;;train;Mildiou;2024:07:24;12:55:17;nan;13;Pomme de terre_Mildiou
Ipt00348;../data/Bousset2_data/Images/Pomme de terre/Mildiou/Ipt00348.jpg;Pomme de terre;Mildiou;Pomme de terre_Mildiou;Pomme de terre;PHYTIN;Phytophthora infestans;Mildiou;;train;Mildiou;2024:07:24;12:55:18;nan;13;Pomme de terre_Mildiou
Ipt00349;../data/Bousset2_data/Images/Pomme de terre/Mildiou/Ipt00349.jpg;Pomme de terre;Mildiou;Pomme de terre_Mildiou;Pomme de terre;PHYTIN;Phytophthora infestans;Mildiou;;train;Mildiou;2024:07:24;12:55:20;nan;13;Pomme de terre_Mildiou
Ipt00350;../data/Bousset2_data/Images/Pomme de terre/Mildiou/Ipt00350.jpg;Pomme de terre;Mildiou;Pomme de terre_Mildiou;Pomme de terre;PHYTIN;Phytophthora infestans;Mildiou;;train;Mildiou;2024:07:24;12:55:24;nan;13;Pomme de terre_Mildiou
Ipt00351;../data/Bousset2_data/Images/Pomme de terre/Mildiou/Ipt00351.jpg;Pomme de terre;Mildiou;Pomme de terre_Mildiou;Pomme de terre;PHYTIN;Phytophthora infestans;Mildiou;;train;Mildiou;2024:07:24;12:55:26;nan;13;Pomme de terre_Mildiou
Ipt00356;../data/Bousset2_data/Images/Pomme de terre/Mildiou/Ipt00356.jpg;Pomme de terre;Mildiou;Pomme de terre_Mildiou;Pomme de terre;PHYTIN;Phytophthora infestans;Mildiou;;train;Mildiou;2024:07:24;12:55:39;nan;13;Pomme de terre_Mildiou
Ipt00357;../data/Bousset2_data/Images/Pomme de terre/Mildiou/Ipt00357.jpg;Pomme de terre;Mildiou;Pomme de terre_Mildiou;Pomme de terre;PHYTIN;Phytophthora infestans;Mildiou;;train;Mildiou;2024:07:24;12:55:41;nan;13;Pomme de terre_Mildiou
Ipt00358;../data/Bousset2_data/Images/Pomme de terre/Mildiou/Ipt00358.jpg;Pomme de terre;Mildiou;Pomme de terre_Mildiou;Pomme de terre;PHYTIN;Phytophthora infestans;Mildiou;;train;Mildiou;2024:07:24;12:55:43;nan;13;Pomme de terre_Mildiou
Ipt00359;../data/Bousset2_data/Images/Pomme de terre/Mildiou/Ipt00359.jpg;Pomme de terre;Mildiou;Pomme de terre_Mildiou;Pomme de terre;PHYTIN;Phytophthora infestans;Mildiou;;train;Mildiou;2024:07:24;12:55:45;nan;13;Pomme de terre_Mildiou
Ipt00360;../data/Bousset2_data/Images/Pomme de terre/Mildiou/Ipt00360.jpg;Pomme de terre;Mildiou;Pomme de terre_Mildiou;Pomme de terre;PHYTIN;Phytophthora infestans;Mildiou;;train;Mildiou;2024:07:24;12:55:47;nan;13;Pomme de terre_Mildiou
Ipt00362;../data/Bousset2_data/Images/Pomme de terre/Mildiou/Ipt00362.jpg;Pomme de terre;Mildiou;Pomme de terre_Mildiou;Pomme de terre;PHYTIN;Phytophthora infestans;Mildiou;;train;Mildiou;2024:07:24;12:55:53;nan;13;Pomme de terre_Mildiou
Ipt00363;../data/Bousset2_data/Images/Pomme de terre/Mildiou/Ipt00363.jpg;Pomme de terre;Mildiou;Pomme de terre_Mildiou;Pomme de terre;PHYTIN;Phytophthora infestans;Mildiou;;train;Mildiou;2024:07:24;12:55:54;nan;13;Pomme de terre_Mildiou
Ipt00364;../data/Bousset2_data/Images/Pomme de terre/Mildiou/Ipt00364.jpg;Pomme de terre;Mildiou;Pomme de terre_Mildiou;Pomme de terre;PHYTIN;Phytophthora infestans;Mildiou;;train;Mildiou;2024:07:24;12:55:59;nan;13;Pomme de terre_Mildiou
Ipt00365;../data/Bousset2_data/Images/Pomme de terre/Mildiou/Ipt00365.jpg;Pomme de terre;Mildiou;Pomme de terre_Mildiou;Pomme de terre;PHYTIN;Phytophthora infestans;Mildiou;;train;Mildiou;2024:07:24;12:56:01;nan;13;Pomme de terre_Mildiou
Ipt00366;../data/Bousset2_data/Images/Pomme de terre/Mildiou/Ipt00366.jpg;Pomme de terre;Mildiou;Pomme de terre_Mildiou;Pomme de terre;PHYTIN;Phytophthora infestans;Mildiou;;train;Mildiou;2024:07:24;12:56:02;nan;13;Pomme de terre_Mildiou
Ipt00367;../data/Bousset2_data/Images/Pomme de terre/Mildiou/Ipt00367.jpg;Pomme de terre;Mildiou;Pomme de terre_Mildiou;Pomme de terre;PHYTIN;Phytophthora infestans;Mildiou;;train;Mildiou;2024:07:24;12:56:06;nan;13;Pomme de terre_Mildiou
Ipt00368;../data/Bousset2_data/Images/Pomme de terre/Mildiou/Ipt00368.jpg;Pomme de terre;Mildiou;Pomme de terre_Mildiou;Pomme de terre;PHYTIN;Phytophthora infestans;Mildiou;;train;Mildiou;2024:07:24;12:56:08;nan;13;Pomme de terre_Mildiou
Ipt00369;../data/Bousset2_data/Images/Pomme de terre/Mildiou/Ipt00369.jpg;Pomme de terre;Mildiou;Pomme de terre_Mildiou;Pomme de terre;PHYTIN;Phytophthora infestans;Mildiou;;train;Mildiou;2024:07:24;12:56:09;nan;13;Pomme de terre_Mildiou
Ipt00370;../data/Bousset2_data/Images/Pomme de terre/Mildiou/Ipt00370.jpg;Pomme de terre;Mildiou;Pomme de terre_Mildiou;Pomme de terre;PHYTIN;Phytophthora infestans;Mildiou;;train;Mildiou;2024:07:24;12:56:11;nan;13;Pomme de terre_Mildiou
Ipt00371;../data/Bousset2_data/Images/Pomme de terre/Mildiou/Ipt00371.jpg;Pomme de terre;Mildiou;Pomme de terre_Mildiou;Pomme de terre;PHYTIN;Phytophthora infestans;Mildiou;;train;Mildiou;2024:07:24;12:56:13;nan;13;Pomme de terre_Mildiou
Ipt00372;../data/Bousset2_data/Images/Pomme de terre/Mildiou/Ipt00372.jpg;Pomme de terre;Mildiou;Pomme de terre_Mildiou;Pomme de terre;PHYTIN;Phytophthora infestans;Mildiou;;train;Mildiou;2024:07:24;12:56:15;nan;13;Pomme de terre_Mildiou
Ipt00373;../data/Bousset2_data/Images/Pomme de terre/Mildiou/Ipt00373.jpg;Pomme de terre;Mildiou;Pomme de terre_Mildiou;Pomme de terre;PHYTIN;Phytophthora infestans;Mildiou;;train;Mildiou;2024:07:24;12:56:19;nan;13;Pomme de terre_Mildiou
Ipt00374;../data/Bousset2_data/Images/Pomme de terre/Mildiou/Ipt00374.jpg;Pomme de terre;Mildiou;Pomme de terre_Mildiou;Pomme de terre;PHYTIN;Phytophthora infestans;Mildiou;;train;Mildiou;2024:07:24;12:56:20;nan;13;Pomme de terre_Mildiou
Ipt00375;../data/Bousset2_data/Images/Pomme de terre/Mildiou/Ipt00375.jpg;Pomme de terre;Mildiou;Pomme de terre_Mildiou;Pomme de terre;PHYTIN;Phytophthora infestans;Mildiou;;train;Mildiou;2024:07:24;12:56:22;nan;13;Pomme de terre_Mildiou
Ipt00376;../data/Bousset2_data/Images/Pomme de terre/Mildiou/Ipt00376.jpg;Pomme de terre;Mildiou;Pomme de terre_Mildiou;Pomme de terre;PHYTIN;Phytophthora infestans;Mildiou;;train;Mildiou;2024:07:24;12:56:26;nan;13;Pomme de terre_Mildiou
Ipt00377;../data/Bousset2_data/Images/Pomme de terre/Mildiou/Ipt00377.jpg;Pomme de terre;Mildiou;Pomme de terre_Mildiou;Pomme de terre;PHYTIN;Phytophthora infestans;Mildiou;;train;Mildiou;2024:07:24;12:56:28;nan;13;Pomme de terre_Mildiou
Ipt00378;../data/Bousset2_data/Images/Pomme de terre/Mildiou/Ipt00378.jpg;Pomme de terre;Mildiou;Pomme de terre_Mildiou;Pomme de terre;PHYTIN;Phytophthora infestans;Mildiou;;train;Mildiou;2024:07:24;12:56:30;nan;13;Pomme de terre_Mildiou
Ipt00379;../data/Bousset2_data/Images/Pomme de terre/Mildiou/Ipt00379.jpg;Pomme de terre;Mildiou;Pomme de terre_Mildiou;Pomme de terre;PHYTIN;Phytophthora infestans;Mildiou;;train;Mildiou;2024:07:24;12:56:31;nan;13;Pomme de terre_Mildiou
Ipt00380;../data/Bousset2_data/Images/Pomme de terre/Mildiou/Ipt00380.jpg;Pomme de terre;Mildiou;Pomme de terre_Mildiou;Pomme de terre;PHYTIN;Phytophthora infestans;Mildiou;;train;Mildiou;2024:07:24;12:56:36;nan;13;Pomme de terre_Mildiou
Ipt00381;../data/Bousset2_data/Images/Pomme de terre/Mildiou/Ipt00381.jpg;Pomme de terre;Mildiou;Pomme de terre_Mildiou;Pomme de terre;PHYTIN;Phytophthora infestans;Mildiou;;train;Mildiou;2024:07:24;12:56:46;nan;13;Pomme de terre_Mildiou
Ipt00382;../data/Bousset2_data/Images/Pomme de terre/Mildiou/Ipt00382.jpg;Pomme de terre;Mildiou;Pomme de terre_Mildiou;Pomme de terre;PHYTIN;Phytophthora infestans;Mildiou;;train;Mildiou;2024:07:24;12:56:48;nan;13;Pomme de terre_Mildiou
Ipt00383;../data/Bousset2_data/Images/Pomme de terre/Mildiou/Ipt00383.jpg;Pomme de terre;Mildiou;Pomme de terre_Mildiou;Pomme de terre;PHYTIN;Phytophthora infestans;Mildiou;;train;Mildiou;2024:07:24;12:56:54;nan;13;Pomme de terre_Mildiou
Ipt00384;../data/Bousset2_data/Images/Pomme de terre/Mildiou/Ipt00384.jpg;Pomme de terre;Mildiou;Pomme de terre_Mildiou;Pomme de terre;PHYTIN;Phytophthora infestans;Mildiou;;train;Mildiou;2024:07:24;12:56:55;nan;13;Pomme de terre_Mildiou
Ipt00385;../data/Bousset2_data/Images/Pomme de terre/Mildiou/Ipt00385.jpg;Pomme de terre;Mildiou;Pomme de terre_Mildiou;Pomme de terre;PHYTIN;Phytophthora infestans;Mildiou;;train;Mildiou;2024:07:24;12:56:57;nan;13;Pomme de terre_Mildiou
Ipt00387;../data/Bousset2_data/Images/Pomme de terre/Mildiou/Ipt00387.jpg;Pomme de terre;Mildiou;Pomme de terre_Mildiou;Pomme de terre;PHYTIN;Phytophthora infestans;Mildiou;;train;Mildiou;2024:07:24;12:57:03;nan;13;Pomme de terre_Mildiou
Ipt00388;../data/Bousset2_data/Images/Pomme de terre/Mildiou/Ipt00388.jpg;Pomme de terre;Mildiou;Pomme de terre_Mildiou;Pomme de terre;PHYTIN;Phytophthora infestans;Mildiou;;train;Mildiou;2024:07:24;12:57:07;nan;13;Pomme de terre_Mildiou
Ipt00389;../data/Bousset2_data/Images/Pomme de terre/Mildiou/Ipt00389.jpg;Pomme de terre;Mildiou;Pomme de terre_Mildiou;Pomme de terre;PHYTIN;Phytophthora infestans;Mildiou;;train;Mildiou;2024:07:24;12:57:08;nan;13;Pomme de terre_Mildiou
Ipt00390;../data/Bousset2_data/Images/Pomme de terre/Mildiou/Ipt00390.jpg;Pomme de terre;Mildiou;Pomme de terre_Mildiou;Pomme de terre;PHYTIN;Phytophthora infestans;Mildiou;;train;Mildiou;2024:07:24;12:57:18;nan;13;Pomme de terre_Mildiou
Ipt00399;../data/Bousset2_data/Images/Pomme de terre/Mildiou/Ipt00399.jpg;Pomme de terre;Mildiou;Pomme de terre_Mildiou;Pomme de terre;PHYTIN;Phytophthora infestans;Mildiou;;train;Mildiou;2024:07:24;12:58:19;nan;13;Pomme de terre_Mildiou
Ipt00400;../data/Bousset2_data/Images/Pomme de terre/Mildiou/Ipt00400.jpg;Pomme de terre;Mildiou;Pomme de terre_Mildiou;Pomme de terre;PHYTIN;Phytophthora infestans;Mildiou;;train;Mildiou;2024:07:24;12:58:21;nan;13;Pomme de terre_Mildiou
Ipt00401;../data/Bousset2_data/Images/Pomme de terre/Mildiou/Ipt00401.jpg;Pomme de terre;Mildiou;Pomme de terre_Mildiou;Pomme de terre;PHYTIN;Phytophthora infestans;Mildiou;;train;Mildiou;2024:07:24;12:58:28;nan;13;Pomme de terre_Mildiou
Ipt00402;../data/Bousset2_data/Images/Pomme de terre/Mildiou/Ipt00402.jpg;Pomme de terre;Mildiou;Pomme de terre_Mildiou;Pomme de terre;PHYTIN;Phytophthora infestans;Mildiou;;train;Mildiou;2024:07:24;12:58:30;nan;13;Pomme de terre_Mildiou
Ipt00403;../data/Bousset2_data/Images/Pomme de terre/Mildiou/Ipt00403.jpg;Pomme de terre;Mildiou;Pomme de terre_Mildiou;Pomme de terre;PHYTIN;Phytophthora infestans;Mildiou;;train;Mildiou;2024:07:24;12:58:32;nan;13;Pomme de terre_Mildiou
Ipt00405;../data/Bousset2_data/Images/Pomme de terre/Mildiou/Ipt00405.jpg;Pomme de terre;Mildiou;Pomme de terre_Mildiou;Pomme de terre;PHYTIN;Phytophthora infestans;Mildiou;;train;Mildiou;2024:07:24;12:58:35;nan;13;Pomme de terre_Mildiou
Ipt00406;../data/Bousset2_data/Images/Pomme de terre/Mildiou/Ipt00406.jpg;Pomme de terre;Mildiou;Pomme de terre_Mildiou;Pomme de terre;PHYTIN;Phytophthora infestans;Mildiou;;train;Mildiou;2024:07:24;12:58:37;nan;13;Pomme de terre_Mildiou
Ipt00407;../data/Bousset2_data/Images/Pomme de terre/Mildiou/Ipt00407.jpg;Pomme de terre;Mildiou;Pomme de terre_Mildiou;Pomme de terre;PHYTIN;Phytophthora infestans;Mildiou;;train;Mildiou;2024:07:24;12:58:42;nan;13;Pomme de terre_Mildiou
Ipt00409;../data/Bousset2_data/Images/Pomme de terre/Mildiou/Ipt00409.jpg;Pomme de terre;Mildiou;Pomme de terre_Mildiou;Pomme de terre;PHYTIN;Phytophthora infestans;Mildiou;;train;Mildiou;2024:07:24;12:58:54;nan;13;Pomme de terre_Mildiou
Ipt00410;../data/Bousset2_data/Images/Pomme de terre/Mildiou/Ipt00410.jpg;Pomme de terre;Mildiou;Pomme de terre_Mildiou;Pomme de terre;PHYTIN;Phytophthora infestans;Mildiou;;train;Mildiou;2024:07:24;12:58:57;nan;13;Pomme de terre_Mildiou
Ipt00411;../data/Bousset2_data/Images/Pomme de terre/Mildiou/Ipt00411.jpg;Pomme de terre;Mildiou;Pomme de terre_Mildiou;Pomme de terre;PHYTIN;Phytophthora infestans;Mildiou;;train;Mildiou;2024:07:24;12:58:59;nan;13;Pomme de terre_Mildiou
Ipt00412;../data/Bousset2_data/Images/Pomme de terre/Mildiou/Ipt00412.jpg;Pomme de terre;Mildiou;Pomme de terre_Mildiou;Pomme de terre;PHYTIN;Phytophthora infestans;Mildiou;;train;Mildiou;2024:07:24;12:59:00;nan;13;Pomme de terre_Mildiou
Ipt00413;../data/Bousset2_data/Images/Pomme de terre/Mildiou/Ipt00413.jpg;Pomme de terre;Mildiou;Pomme de terre_Mildiou;Pomme de terre;PHYTIN;Phytophthora infestans;Mildiou;;train;Mildiou;2024:07:24;12:59:03;nan;13;Pomme de terre_Mildiou
Ipt00418;../data/Bousset2_data/Images/Pomme de terre/Mildiou/Ipt00418.jpg;Pomme de terre;Mildiou;Pomme de terre_Mildiou;Pomme de terre;PHYTIN;Phytophthora infestans;Mildiou;;train;Mildiou;2024:07:24;12:59:20;nan;13;Pomme de terre_Mildiou
Ipt00420;../data/Bousset2_data/Images/Pomme de terre/Mildiou/Ipt00420.jpg;Pomme de terre;Mildiou;Pomme de terre_Mildiou;Pomme de terre;PHYTIN;Phytophthora infestans;Mildiou;;train;Mildiou;2024:07:24;12:59:32;nan;13;Pomme de terre_Mildiou
Ipt00421;../data/Bousset2_data/Images/Pomme de terre/Mildiou/Ipt00421.jpg;Pomme de terre;Mildiou;Pomme de terre_Mildiou;Pomme de terre;PHYTIN;Phytophthora infestans;Mildiou;;train;Mildiou;2024:07:24;12:59:35;nan;13;Pomme de terre_Mildiou
Ipt00422;../data/Bousset2_data/Images/Pomme de terre/Mildiou/Ipt00422.jpg;Pomme de terre;Mildiou;Pomme de terre_Mildiou;Pomme de terre;PHYTIN;Phytophthora infestans;Mildiou;;train;Mildiou;2024:07:24;12:59:41;nan;13;Pomme de terre_Mildiou
Ipt00423;../data/Bousset2_data/Images/Pomme de terre/Mildiou/Ipt00423.jpg;Pomme de terre;Mildiou;Pomme de terre_Mildiou;Pomme de terre;PHYTIN;Phytophthora infestans;Mildiou;;train;Mildiou;2024:07:24;12:59:43;nan;13;Pomme de terre_Mildiou
Ipt00424;../data/Bousset2_data/Images/Pomme de terre/Mildiou/Ipt00424.jpg;Pomme de terre;Mildiou;Pomme de terre_Mildiou;Pomme de terre;PHYTIN;Phytophthora infestans;Mildiou;;train;Mildiou;2024:07:24;12:59:45;nan;13;Pomme de terre_Mildiou
Ipt00425;../data/Bousset2_data/Images/Pomme de terre/Mildiou/Ipt00425.jpg;Pomme de terre;Mildiou;Pomme de terre_Mildiou;Pomme de terre;PHYTIN;Phytophthora infestans;Mildiou;;train;Mildiou;2024:07:24;12:59:47;nan;13;Pomme de terre_Mildiou
Ipt00426;../data/Bousset2_data/Images/Pomme de terre/Mildiou/Ipt00426.jpg;Pomme de terre;Mildiou;Pomme de terre_Mildiou;Pomme de terre;PHYTIN;Phytophthora infestans;Mildiou;;train;Mildiou;2024:07:24;12:59:48;nan;13;Pomme de terre_Mildiou
Ipt00427;../data/Bousset2_data/Images/Pomme de terre/Mildiou/Ipt00427.jpg;Pomme de terre;Mildiou;Pomme de terre_Mildiou;Pomme de terre;PHYTIN;Phytophthora infestans;Mildiou;;train;Mildiou;2024:07:24;12:59:50;nan;13;Pomme de terre_Mildiou
Ipt00429;../data/Bousset2_data/Images/Pomme de terre/Mildiou/Ipt00429.jpg;Pomme de terre;Mildiou;Pomme de terre_Mildiou;Pomme de terre;PHYTIN;Phytophthora infestans;Mildiou;;train;Mildiou;2024:07:24;12:59:54;nan;13;Pomme de terre_Mildiou
Ipt00430;../data/Bousset2_data/Images/Pomme de terre/Mildiou/Ipt00430.jpg;Pomme de terre;Mildiou;Pomme de terre_Mildiou;Pomme de terre;PHYTIN;Phytophthora infestans;Mildiou;;train;Mildiou;2024:07:24;12:59:55;nan;13;Pomme de terre_Mildiou
Ipt00431;../data/Bousset2_data/Images/Pomme de terre/Mildiou/Ipt00431.jpg;Pomme de terre;Mildiou;Pomme de terre_Mildiou;Pomme de terre;PHYTIN;Phytophthora infestans;Mildiou;;train;Mildiou;2024:07:24;12:59:57;nan;13;Pomme de terre_Mildiou
Ipt00432;../data/Bousset2_data/Images/Pomme de terre/Mildiou/Ipt00432.jpg;Pomme de terre;Mildiou;Pomme de terre_Mildiou;Pomme de terre;PHYTIN;Phytophthora infestans;Mildiou;;train;Mildiou;2024:07:24;13:00:00;nan;13;Pomme de terre_Mildiou
Ipt00433;../data/Bousset2_data/Images/Pomme de terre/Mildiou/Ipt00433.jpg;Pomme de terre;Mildiou;Pomme de terre_Mildiou;Pomme de terre;PHYTIN;Phytophthora infestans;Mildiou;;train;Mildiou;2024:07:24;13:00:02;nan;13;Pomme de terre_Mildiou
Ipt00434;../data/Bousset2_data/Images/Pomme de terre/Mildiou/Ipt00434.jpg;Pomme de terre;Mildiou;Pomme de terre_Mildiou;Pomme de terre;PHYTIN;Phytophthora infestans;Mildiou;;train;Mildiou;2024:07:24;13:00:03;nan;13;Pomme de terre_Mildiou
Ipt00435;../data/Bousset2_data/Images/Pomme de terre/Mildiou/Ipt00435.jpg;Pomme de terre;Mildiou;Pomme de terre_Mildiou;Pomme de terre;PHYTIN;Phytophthora infestans;Mildiou;;train;Mildiou;2024:07:24;13:00:05;nan;13;Pomme de terre_Mildiou
Ipt00436;../data/Bousset2_data/Images/Pomme de terre/Mildiou/Ipt00436.jpg;Pomme de terre;Mildiou;Pomme de terre_Mildiou;Pomme de terre;PHYTIN;Phytophthora infestans;Mildiou;;train;Mildiou;2024:07:24;13:00:08;nan;13;Pomme de terre_Mildiou
Ipt00437;../data/Bousset2_data/Images/Pomme de terre/Mildiou/Ipt00437.jpg;Pomme de terre;Mildiou;Pomme de terre_Mildiou;Pomme de terre;PHYTIN;Phytophthora infestans;Mildiou;;train;Mildiou;2024:07:24;13:00:14;nan;13;Pomme de terre_Mildiou
Ipt00438;../data/Bousset2_data/Images/Pomme de terre/Mildiou/Ipt00438.jpg;Pomme de terre;Mildiou;Pomme de terre_Mildiou;Pomme de terre;PHYTIN;Phytophthora infestans;Mildiou;;train;Mildiou;2024:07:24;13:00:20;nan;13;Pomme de terre_Mildiou
Ipt00440;../data/Bousset2_data/Images/Pomme de terre/Mildiou/Ipt00440.jpg;Pomme de terre;Mildiou;Pomme de terre_Mildiou;Pomme de terre;PHYTIN;Phytophthora infestans;Mildiou;;train;Mildiou;2024:07:24;13:00:28;nan;13;Pomme de terre_Mildiou
Ipt00441;../data/Bousset2_data/Images/Pomme de terre/Mildiou/Ipt00441.jpg;Pomme de terre;Mildiou;Pomme de terre_Mildiou;Pomme de terre;PHYTIN;Phytophthora infestans;Mildiou;;train;Mildiou;2024:07:24;13:00:34;nan;13;Pomme de terre_Mildiou
Ipt00442;../data/Bousset2_data/Images/Pomme de terre/Mildiou/Ipt00442.jpg;Pomme de terre;Mildiou;Pomme de terre_Mildiou;Pomme de terre;PHYTIN;Phytophthora infestans;Mildiou;;train;Mildiou;2024:07:24;13:00:36;nan;13;Pomme de terre_Mildiou
Ipt00443;../data/Bousset2_data/Images/Pomme de terre/Mildiou/Ipt00443.jpg;Pomme de terre;Mildiou;Pomme de terre_Mildiou;Pomme de terre;PHYTIN;Phytophthora infestans;Mildiou;;train;Mildiou;2024:07:24;13:00:37;nan;13;Pomme de terre_Mildiou
Ipt00444;../data/Bousset2_data/Images/Pomme de terre/Mildiou/Ipt00444.jpg;Pomme de terre;Mildiou;Pomme de terre_Mildiou;Pomme de terre;PHYTIN;Phytophthora infestans;Mildiou;;train;Mildiou;2024:07:24;13:00:40;nan;13;Pomme de terre_Mildiou
Ipt00448;../data/Bousset2_data/Images/Pomme de terre/Mildiou/Ipt00448.jpg;Pomme de terre;Mildiou;Pomme de terre_Mildiou;Pomme de terre;PHYTIN;Phytophthora infestans;Mildiou;;train;Mildiou;2024:07:24;13:00:52;nan;13;Pomme de terre_Mildiou
Ipt00449;../data/Bousset2_data/Images/Pomme de terre/Mildiou/Ipt00449.jpg;Pomme de terre;Mildiou;Pomme de terre_Mildiou;Pomme de terre;PHYTIN;Phytophthora infestans;Mildiou;;train;Mildiou;2024:07:24;13:00:53;nan;13;Pomme de terre_Mildiou
Ipt00450;../data/Bousset2_data/Images/Pomme de terre/Mildiou/Ipt00450.jpg;Pomme de terre;Mildiou;Pomme de terre_Mildiou;Pomme de terre;PHYTIN;Phytophthora infestans;Mildiou;;train;Mildiou;2024:07:24;13:00:55;nan;13;Pomme de terre_Mildiou
Ipt00451;../data/Bousset2_data/Images/Pomme de terre/Mildiou/Ipt00451.jpg;Pomme de terre;Mildiou;Pomme de terre_Mildiou;Pomme de terre;PHYTIN;Phytophthora infestans;Mildiou;;train;Mildiou;2024:07:24;13:01:08;nan;13;Pomme de terre_Mildiou
Ipt00453;../data/Bousset2_data/Images/Pomme de terre/Mildiou/Ipt00453.jpg;Pomme de terre;Mildiou;Pomme de terre_Mildiou;Pomme de terre;PHYTIN;Phytophthora infestans;Mildiou;;train;Mildiou;2024:07:24;13:01:12;nan;13;Pomme de terre_Mildiou
Ipt00464;../data/Bousset2_data/Images/Pomme de terre/Mildiou/Ipt00464.jpg;Pomme de terre;Mildiou;Pomme de terre_Mildiou;Pomme de terre;PHYTIN;Phytophthora infestans;Mildiou;;train;Mildiou;2024:07:24;13:01:47;nan;13;Pomme de terre_Mildiou
Ipt00465;../data/Bousset2_data/Images/Pomme de terre/Mildiou/Ipt00465.jpg;Pomme de terre;Mildiou;Pomme de terre_Mildiou;Pomme de terre;PHYTIN;Phytophthora infestans;Mildiou;;train;Mildiou;2024:07:24;13:01:49;nan;13;Pomme de terre_Mildiou
Ipt00466;../data/Bousset2_data/Images/Pomme de terre/Mildiou/Ipt00466.jpg;Pomme de terre;Mildiou;Pomme de terre_Mildiou;Pomme de terre;PHYTIN;Phytophthora infestans;Mildiou;;train;Mildiou;2024:07:24;13:01:50;nan;13;Pomme de terre_Mildiou
Ipt00467;../data/Bousset2_data/Images/Pomme de terre/Mildiou/Ipt00467.jpg;Pomme de terre;Mildiou;Pomme de terre_Mildiou;Pomme de terre;PHYTIN;Phytophthora infestans;Mildiou;;train;Mildiou;2024:07:24;13:01:52;nan;13;Pomme de terre_Mildiou
Ipt00469;../data/Bousset2_data/Images/Pomme de terre/Mildiou/Ipt00469.jpg;Pomme de terre;Mildiou;Pomme de terre_Mildiou;Pomme de terre;PHYTIN;Phytophthora infestans;Mildiou;;train;Mildiou;2024:07:24;13:02:08;nan;13;Pomme de terre_Mildiou
Ipt00470;../data/Bousset2_data/Images/Pomme de terre/Mildiou/Ipt00470.jpg;Pomme de terre;Mildiou;Pomme de terre_Mildiou;Pomme de terre;PHYTIN;Phytophthora infestans;Mildiou;;train;Mildiou;2024:07:24;13:02:09;nan;13;Pomme de terre_Mildiou
Ipt00471;../data/Bousset2_data/Images/Pomme de terre/Mildiou/Ipt00471.jpg;Pomme de terre;Mildiou;Pomme de terre_Mildiou;Pomme de terre;PHYTIN;Phytophthora infestans;Mildiou;;train;Mildiou;2024:07:24;13:02:11;nan;13;Pomme de terre_Mildiou
Ipt00472;../data/Bousset2_data/Images/Pomme de terre/Mildiou/Ipt00472.jpg;Pomme de terre;Mildiou;Pomme de terre_Mildiou;Pomme de terre;PHYTIN;Phytophthora infestans;Mildiou;;train;Mildiou;2024:07:24;13:02:12;nan;13;Pomme de terre_Mildiou
Ipt00473;../data/Bousset2_data/Images/Pomme de terre/Mildiou/Ipt00473.jpg;Pomme de terre;Mildiou;Pomme de terre_Mildiou;Pomme de terre;PHYTIN;Phytophthora infestans;Mildiou;;train;Mildiou;2024:07:24;13:02:16;nan;13;Pomme de terre_Mildiou
Ipt00474;../data/Bousset2_data/Images/Pomme de terre/Mildiou/Ipt00474.jpg;Pomme de terre;Mildiou;Pomme de terre_Mildiou;Pomme de terre;PHYTIN;Phytophthora infestans;Mildiou;;train;Mildiou;2024:07:24;13:02:17;nan;13;Pomme de terre_Mildiou
Ipt00475;../data/Bousset2_data/Images/Pomme de terre/Mildiou/Ipt00475.jpg;Pomme de terre;Mildiou;Pomme de terre_Mildiou;Pomme de terre;PHYTIN;Phytophthora infestans;Mildiou;;train;Mildiou;2024:07:24;13:02:19;nan;13;Pomme de terre_Mildiou
Ipt00476;../data/Bousset2_data/Images/Pomme de terre/Mildiou/Ipt00476.jpg;Pomme de terre;Mildiou;Pomme de terre_Mildiou;Pomme de terre;PHYTIN;Phytophthora infestans;Mildiou;;train;Mildiou;2024:07:24;13:02:20;nan;13;Pomme de terre_Mildiou
Ipt00477;../data/Bousset2_data/Images/Pomme de terre/Mildiou/Ipt00477.jpg;Pomme de terre;Mildiou;Pomme de terre_Mildiou;Pomme de terre;PHYTIN;Phytophthora infestans;Mildiou;;train;Mildiou;2024:07:24;13:02:22;nan;13;Pomme de terre_Mildiou
Ipt00478;../data/Bousset2_data/Images/Pomme de terre/Mildiou/Ipt00478.jpg;Pomme de terre;Mildiou;Pomme de terre_Mildiou;Pomme de terre;PHYTIN;Phytophthora infestans;Mildiou;;train;Mildiou;2024:07:24;13:02:25;nan;13;Pomme de terre_Mildiou
Ipt00484;../data/Bousset2_data/Images/Pomme de terre/Mildiou/Ipt00484.jpg;Pomme de terre;Mildiou;Pomme de terre_Mildiou;Pomme de terre;PHYTIN;Phytophthora infestans;Mildiou;;train;Mildiou;2024:07:24;13:02:48;nan;13;Pomme de terre_Mildiou
Ipt00486;../data/Bousset2_data/Images/Pomme de terre/Mildiou/Ipt00486.jpg;Pomme de terre;Mildiou;Pomme de terre_Mildiou;Pomme de terre;PHYTIN;Phytophthora infestans;Mildiou;;train;Mildiou;2024:07:24;13:03:32;nan;13;Pomme de terre_Mildiou
Ipt00487;../data/Bousset2_data/Images/Pomme de terre/Mildiou/Ipt00487.jpg;Pomme de terre;Mildiou;Pomme de terre_Mildiou;Pomme de terre;PHYTIN;Phytophthora infestans;Mildiou;;train;Mildiou;2024:07:24;13:03:38;nan;13;Pomme de terre_Mildiou
Ipt00492;../data/Bousset2_data/Images/Pomme de terre/Mildiou/Ipt00492.jpg;Pomme de terre;Mildiou;Pomme de terre_Mildiou;Pomme de terre;PHYTIN;Phytophthora infestans;Mildiou;;train;Mildiou;2024:07:24;13:04:45;nan;13;Pomme de terre_Mildiou
Ipt00493;../data/Bousset2_data/Images/Pomme de terre/Mildiou/Ipt00493.jpg;Pomme de terre;Mildiou;Pomme de terre_Mildiou;Pomme de terre;PHYTIN;Phytophthora infestans;Mildiou;;train;Mildiou;2024:07:24;13:05:16;nan;13;Pomme de terre_Mildiou
Ipt00496;../data/Bousset2_data/Images/Pomme de terre/Mildiou/Ipt00496.jpg;Pomme de terre;Mildiou;Pomme de terre_Mildiou;Pomme de terre;PHYTIN;Phytophthora infestans;Mildiou;;train;Mildiou;2024:07:24;13:05:36;nan;13;Pomme de terre_Mildiou
Ipt00497;../data/Bousset2_data/Images/Pomme de terre/Mildiou/Ipt00497.jpg;Pomme de terre;Mildiou;Pomme de terre_Mildiou;Pomme de terre;PHYTIN;Phytophthora infestans;Mildiou;;train;Mildiou;2024:07:24;13:05:37;nan;13;Pomme de terre_Mildiou
Ipt00498;../data/Bousset2_data/Images/Pomme de terre/Mildiou/Ipt00498.jpg;Pomme de terre;Mildiou;Pomme de terre_Mildiou;Pomme de terre;PHYTIN;Phytophthora infestans;Mildiou;;train;Mildiou;2024:07:24;13:06:17;nan;13;Pomme de terre_Mildiou
Ipt00500;../data/Bousset2_data/Images/Pomme de terre/Mildiou/Ipt00500.jpg;Pomme de terre;Mildiou;Pomme de terre_Mildiou;Pomme de terre;PHYTIN;Phytophthora infestans;Mildiou;;train;Mildiou;2024:07:24;13:06:28;nan;13;Pomme de terre_Mildiou
Ipt00501;../data/Bousset2_data/Images/Pomme de terre/Mildiou/Ipt00501.jpg;Pomme de terre;Mildiou;Pomme de terre_Mildiou;Pomme de terre;PHYTIN;Phytophthora infestans;Mildiou;;train;Mildiou;2024:07:24;13:06:37;nan;13;Pomme de terre_Mildiou
Ipt00504;../data/Bousset2_data/Images/Pomme de terre/Mildiou/Ipt00504.jpg;Pomme de terre;Mildiou;Pomme de terre_Mildiou;Pomme de terre;PHYTIN;Phytophthora infestans;Mildiou;;train;Mildiou;2024:07:24;13:06:51;nan;13;Pomme de terre_Mildiou
Ipt00505;../data/Bousset2_data/Images/Pomme de terre/Mildiou/Ipt00505.jpg;Pomme de terre;Mildiou;Pomme de terre_Mildiou;Pomme de terre;PHYTIN;Phytophthora infestans;Mildiou;;train;Mildiou;2024:07:24;13:06:52;nan;13;Pomme de terre_Mildiou
Ipt00506;../data/Bousset2_data/Images/Pomme de terre/Mildiou/Ipt00506.jpg;Pomme de terre;Mildiou;Pomme de terre_Mildiou;Pomme de terre;PHYTIN;Phytophthora infestans;Mildiou;;train;Mildiou;2024:07:24;13:06:54;nan;13;Pomme de terre_Mildiou
Ipt00507;../data/Bousset2_data/Images/Pomme de terre/Mildiou/Ipt00507.jpg;Pomme de terre;Mildiou;Pomme de terre_Mildiou;Pomme de terre;PHYTIN;Phytophthora infestans;Mildiou;;train;Mildiou;2024:07:24;13:06:56;nan;13;Pomme de terre_Mildiou
Ipt00508;../data/Bousset2_data/Images/Pomme de terre/Mildiou/Ipt00508.jpg;Pomme de terre;Mildiou;Pomme de terre_Mildiou;Pomme de terre;PHYTIN;Phytophthora infestans;Mildiou;;train;Mildiou;2024:07:24;13:07:01;nan;13;Pomme de terre_Mildiou
Ipt00509;../data/Bousset2_data/Images/Pomme de terre/Mildiou/Ipt00509.jpg;Pomme de terre;Mildiou;Pomme de terre_Mildiou;Pomme de terre;PHYTIN;Phytophthora infestans;Mildiou;;train;Mildiou;2024:07:24;13:07:38;nan;13;Pomme de terre_Mildiou
Ipt00510;../data/Bousset2_data/Images/Pomme de terre/Mildiou/Ipt00510.jpg;Pomme de terre;Mildiou;Pomme de terre_Mildiou;Pomme de terre;PHYTIN;Phytophthora infestans;Mildiou;;train;Mildiou;2024:07:24;13:07:39;nan;13;Pomme de terre_Mildiou
Ipt00511;../data/Bousset2_data/Images/Pomme de terre/Mildiou/Ipt00511.jpg;Pomme de terre;Mildiou;Pomme de terre_Mildiou;Pomme de terre;PHYTIN;Phytophthora infestans;Mildiou;;train;Mildiou;2024:07:24;13:07:40;nan;13;Pomme de terre_Mildiou
Ipt00512;../data/Bousset2_data/Images/Pomme de terre/Mildiou/Ipt00512.jpg;Pomme de terre;Mildiou;Pomme de terre_Mildiou;Pomme de terre;PHYTIN;Phytophthora infestans;Mildiou;;train;Mildiou;2024:07:24;13:07:43;nan;13;Pomme de terre_Mildiou
Ipt00513;../data/Bousset2_data/Images/Pomme de terre/Mildiou/Ipt00513.jpg;Pomme de terre;Mildiou;Pomme de terre_Mildiou;Pomme de terre;PHYTIN;Phytophthora infestans;Mildiou;;train;Mildiou;2024:07:24;13:07:46;nan;13;Pomme de terre_Mildiou
Ipt00514;../data/Bousset2_data/Images/Pomme de terre/Mildiou/Ipt00514.jpg;Pomme de terre;Mildiou;Pomme de terre_Mildiou;Pomme de terre;PHYTIN;Phytophthora infestans;Mildiou;;train;Mildiou;2024:07:24;13:07:49;nan;13;Pomme de terre_Mildiou
Ipt00526;../data/Bousset2_data/Images/Pomme de terre/Mildiou/Ipt00526.jpg;Pomme de terre;Mildiou;Pomme de terre_Mildiou;Pomme de terre;PHYTIN;Phytophthora infestans;Mildiou;;train;Mildiou;2024:07:24;13:10:41;nan;13;Pomme de terre_Mildiou
Ipt00527;../data/Bousset2_data/Images/Pomme de terre/Mildiou/Ipt00527.jpg;Pomme de terre;Mildiou;Pomme de terre_Mildiou;Pomme de terre;PHYTIN;Phytophthora infestans;Mildiou;;train;Mildiou;2024:07:24;13:11:23;nan;13;Pomme de terre_Mildiou
Ipt00528;../data/Bousset2_data/Images/Pomme de terre/Mildiou/Ipt00528.jpg;Pomme de terre;Mildiou;Pomme de terre_Mildiou;Pomme de terre;PHYTIN;Phytophthora infestans;Mildiou;;train;Mildiou;2024:07:24;13:11:25;nan;13;Pomme de terre_Mildiou
Ipt00532;../data/Bousset2_data/Images/Pomme de terre/Mildiou/Ipt00532.jpg;Pomme de terre;Mildiou;Pomme de terre_Mildiou;Pomme de terre;PHYTIN;Phytophthora infestans;Mildiou;;train;Mildiou;2024:07:24;13:12:57;nan;13;Pomme de terre_Mildiou
Ipt00533;../data/Bousset2_data/Images/Pomme de terre/Mildiou/Ipt00533.jpg;Pomme de terre;Mildiou;Pomme de terre_Mildiou;Pomme de terre;PHYTIN;Phytophthora infestans;Mildiou;;train;Mildiou;2024:07:24;13:13:02;nan;13;Pomme de terre_Mildiou
Ipt00534;../data/Bousset2_data/Images/Pomme de terre/Mildiou/Ipt00534.jpg;Pomme de terre;Mildiou;Pomme de terre_Mildiou;Pomme de terre;PHYTIN;Phytophthora infestans;Mildiou;;train;Mildiou;2024:07:24;13:13:04;nan;13;Pomme de terre_Mildiou
Ipt00538;../data/Bousset2_data/Images/Pomme de terre/Mildiou/Ipt00538.jpg;Pomme de terre;Mildiou;Pomme de terre_Mildiou;Pomme de terre;PHYTIN;Phytophthora infestans;Mildiou;;train;Mildiou;2024:07:24;13:13:13;nan;13;Pomme de terre_Mildiou
Ipt00539;../data/Bousset2_data/Images/Pomme de terre/Mildiou/Ipt00539.jpg;Pomme de terre;Mildiou;Pomme de terre_Mildiou;Pomme de terre;PHYTIN;Phytophthora infestans;Mildiou;;train;Mildiou;2024:07:24;13:13:16;nan;13;Pomme de terre_Mildiou
Ipt00540;../data/Bousset2_data/Images/Pomme de terre/Mildiou/Ipt00540.jpg;Pomme de terre;Mildiou;Pomme de terre_Mildiou;Pomme de terre;PHYTIN;Phytophthora infestans;Mildiou;;train;Mildiou;2024:07:24;13:14:13;nan;13;Pomme de terre_Mildiou
Ipt00541;../data/Bousset2_data/Images/Pomme de terre/Mildiou/Ipt00541.jpg;Pomme de terre;Mildiou;Pomme de terre_Mildiou;Pomme de terre;PHYTIN;Phytophthora infestans;Mildiou;;train;Mildiou;2024:07:24;13:14:15;nan;13;Pomme de terre_Mildiou
Ipt00576;../data/Bousset2_data/Images/Pomme de terre/Mildiou/Ipt00576.jpg;Pomme de terre;Mildiou;Pomme de terre_Mildiou;Pomme de terre;PHYTIN;Phytophthora infestans;Mildiou;;train;Mildiou;2024:07:24;13:17:28;nan;13;Pomme de terre_Mildiou
Ipt00592;../data/Bousset2_data/Images/Pomme de terre/Mildiou/Ipt00592.jpg;Pomme de terre;Mildiou;Pomme de terre_Mildiou;Pomme de terre;PHYTIN;Phytophthora infestans;Mildiou;;train;Mildiou;2024:07:27;17:13:49;nan;13;Pomme de terre_Mildiou
Ipt00593;../data/Bousset2_data/Images/Pomme de terre/Mildiou/Ipt00593.jpg;Pomme de terre;Mildiou;Pomme de terre_Mildiou;Pomme de terre;PHYTIN;Phytophthora infestans;Mildiou;;train;Mildiou;2024:07:27;17:13:56;nan;13;Pomme de terre_Mildiou
Ipt00594;../data/Bousset2_data/Images/Pomme de terre/Mildiou/Ipt00594.jpg;Pomme de terre;Mildiou;Pomme de terre_Mildiou;Pomme de terre;PHYTIN;Phytophthora infestans;Mildiou;;train;Mildiou;2024:07:27;17:14:00;nan;13;Pomme de terre_Mildiou
Ipt00595;../data/Bousset2_data/Images/Pomme de terre/Mildiou/Ipt00595.jpg;Pomme de terre;Mildiou;Pomme de terre_Mildiou;Pomme de terre;PHYTIN;Phytophthora infestans;Mildiou;;train;Mildiou;2024:07:27;17:14:02;nan;13;Pomme de terre_Mildiou
Ipt00596;../data/Bousset2_data/Images/Pomme de terre/Mildiou/Ipt00596.jpg;Pomme de terre;Mildiou;Pomme de terre_Mildiou;Pomme de terre;PHYTIN;Phytophthora infestans;Mildiou;;train;Mildiou;2024:07:27;17:14:06;nan;13;Pomme de terre_Mildiou
Ipt00598;../data/Bousset2_data/Images/Pomme de terre/Mildiou/Ipt00598.jpg;Pomme de terre;Mildiou;Pomme de terre_Mildiou;Pomme de terre;PHYTIN;Phytophthora infestans;Mildiou;;train;Mildiou;2024:07:27;17:14:17;nan;13;Pomme de terre_Mildiou
Ipt00599;../data/Bousset2_data/Images/Pomme de terre/Mildiou/Ipt00599.jpg;Pomme de terre;Mildiou;Pomme de terre_Mildiou;Pomme de terre;PHYTIN;Phytophthora infestans;Mildiou;;train;Mildiou;2024:07:27;17:14:21;nan;13;Pomme de terre_Mildiou
Ipt00600;../data/Bousset2_data/Images/Pomme de terre/Mildiou/Ipt00600.jpg;Pomme de terre;Mildiou;Pomme de terre_Mildiou;Pomme de terre;PHYTIN;Phytophthora infestans;Mildiou;;train;Mildiou;2024:07:27;17:14:28;nan;13;Pomme de terre_Mildiou
Ipt00601;../data/Bousset2_data/Images/Pomme de terre/Mildiou/Ipt00601.jpg;Pomme de terre;Mildiou;Pomme de terre_Mildiou;Pomme de terre;PHYTIN;Phytophthora infestans;Mildiou;;train;Mildiou;2024:07:27;17:14:37;nan;13;Pomme de terre_Mildiou
Ipt00602;../data/Bousset2_data/Images/Pomme de terre/Mildiou/Ipt00602.jpg;Pomme de terre;Mildiou;Pomme de terre_Mildiou;Pomme de terre;PHYTIN;Phytophthora infestans;Mildiou;;train;Mildiou;2024:07:27;17:14:40;nan;13;Pomme de terre_Mildiou
Ipt00603;../data/Bousset2_data/Images/Pomme de terre/Mildiou/Ipt00603.jpg;Pomme de terre;Mildiou;Pomme de terre_Mildiou;Pomme de terre;PHYTIN;Phytophthora infestans;Mildiou;;train;Mildiou;2024:07:27;17:14:41;nan;13;Pomme de terre_Mildiou
Ipt00604;../data/Bousset2_data/Images/Pomme de terre/Mildiou/Ipt00604.jpg;Pomme de terre;Mildiou;Pomme de terre_Mildiou;Pomme de terre;PHYTIN;Phytophthora infestans;Mildiou;;train;Mildiou;2024:07:27;17:14:43;nan;13;Pomme de terre_Mildiou
Ipt00605;../data/Bousset2_data/Images/Pomme de terre/Mildiou/Ipt00605.jpg;Pomme de terre;Mildiou;Pomme de terre_Mildiou;Pomme de terre;PHYTIN;Phytophthora infestans;Mildiou;;train;Mildiou;2024:07:27;17:14:45;nan;13;Pomme de terre_Mildiou
Ipt00606;../data/Bousset2_data/Images/Pomme de terre/Mildiou/Ipt00606.jpg;Pomme de terre;Mildiou;Pomme de terre_Mildiou;Pomme de terre;PHYTIN;Phytophthora infestans;Mildiou;;train;Mildiou;2024:07:27;17:14:47;nan;13;Pomme de terre_Mildiou
Ipt00607;../data/Bousset2_data/Images/Pomme de terre/Mildiou/Ipt00607.jpg;Pomme de terre;Mildiou;Pomme de terre_Mildiou;Pomme de terre;PHYTIN;Phytophthora infestans;Mildiou;;train;Mildiou;2024:07:27;17:14:49;nan;13;Pomme de terre_Mildiou
Ipt00608;../data/Bousset2_data/Images/Pomme de terre/Mildiou/Ipt00608.jpg;Pomme de terre;Mildiou;Pomme de terre_Mildiou;Pomme de terre;PHYTIN;Phytophthora infestans;Mildiou;;train;Mildiou;2024:07:27;17:14:50;nan;13;Pomme de terre_Mildiou
Ipt00609;../data/Bousset2_data/Images/Pomme de terre/Mildiou/Ipt00609.jpg;Pomme de terre;Mildiou;Pomme de terre_Mildiou;Pomme de terre;PHYTIN;Phytophthora infestans;Mildiou;;train;Mildiou;2024:07:27;17:14:52;nan;13;Pomme de terre_Mildiou
Ipt00610;../data/Bousset2_data/Images/Pomme de terre/Mildiou/Ipt00610.jpg;Pomme de terre;Mildiou;Pomme de terre_Mildiou;Pomme de terre;PHYTIN;Phytophthora infestans;Mildiou;;train;Mildiou;2024:07:27;17:14:53;nan;13;Pomme de terre_Mildiou
Ipt00611;../data/Bousset2_data/Images/Pomme de terre/Mildiou/Ipt00611.jpg;Pomme de terre;Mildiou;Pomme de terre_Mildiou;Pomme de terre;PHYTIN;Phytophthora infestans;Mildiou;;train;Mildiou;2024:07:27;17:14:55;nan;13;Pomme de terre_Mildiou
Ipt00612;../data/Bousset2_data/Images/Pomme de terre/Mildiou/Ipt00612.jpg;Pomme de terre;Mildiou;Pomme de terre_Mildiou;Pomme de terre;PHYTIN;Phytophthora infestans;Mildiou;;train;Mildiou;2024:07:27;17:14:56;nan;13;Pomme de terre_Mildiou
Ipt00613;../data/Bousset2_data/Images/Pomme de terre/Mildiou/Ipt00613.jpg;Pomme de terre;Mildiou;Pomme de terre_Mildiou;Pomme de terre;PHYTIN;Phytophthora infestans;Mildiou;;train;Mildiou;2024:07:27;17:15:00;nan;13;Pomme de terre_Mildiou
Ipt00614;../data/Bousset2_data/Images/Pomme de terre/Mildiou/Ipt00614.jpg;Pomme de terre;Mildiou;Pomme de terre_Mildiou;Pomme de terre;PHYTIN;Phytophthora infestans;Mildiou;;train;Mildiou;2024:07:27;17:15:02;nan;13;Pomme de terre_Mildiou
Ipt00615;../data/Bousset2_data/Images/Pomme de terre/Mildiou/Ipt00615.jpg;Pomme de terre;Mildiou;Pomme de terre_Mildiou;Pomme de terre;PHYTIN;Phytophthora infestans;Mildiou;;train;Mildiou;2024:07:27;17:15:03;nan;13;Pomme de terre_Mildiou
Ipt00616;../data/Bousset2_data/Images/Pomme de terre/Mildiou/Ipt00616.jpg;Pomme de terre;Mildiou;Pomme de terre_Mildiou;Pomme de terre;PHYTIN;Phytophthora infestans;Mildiou;;train;Mildiou;2024:07:27;17:15:05;nan;13;Pomme de terre_Mildiou
Ipt00617;../data/Bousset2_data/Images/Pomme de terre/Mildiou/Ipt00617.jpg;Pomme de terre;Mildiou;Pomme de terre_Mildiou;Pomme de terre;PHYTIN;Phytophthora infestans;Mildiou;;train;Mildiou;2024:07:27;17:15:08;nan;13;Pomme de terre_Mildiou
Ipt00618;../data/Bousset2_data/Images/Pomme de terre/Mildiou/Ipt00618.jpg;Pomme de terre;Mildiou;Pomme de terre_Mildiou;Pomme de terre;PHYTIN;Phytophthora infestans;Mildiou;;train;Mildiou;2024:07:27;17:15:11;nan;13;Pomme de terre_Mildiou
Ipt00619;../data/Bousset2_data/Images/Pomme de terre/Mildiou/Ipt00619.jpg;Pomme de terre;Mildiou;Pomme de terre_Mildiou;Pomme de terre;PHYTIN;Phytophthora infestans;Mildiou;;train;Mildiou;2024:07:27;17:15:14;nan;13;Pomme de terre_Mildiou
Ipt00620;../data/Bousset2_data/Images/Pomme de terre/Mildiou/Ipt00620.jpg;Pomme de terre;Mildiou;Pomme de terre_Mildiou;Pomme de terre;PHYTIN;Phytophthora infestans;Mildiou;;train;Mildiou;2024:07:27;17:15:15;nan;13;Pomme de terre_Mildiou
Ipt00621;../data/Bousset2_data/Images/Pomme de terre/Mildiou/Ipt00621.jpg;Pomme de terre;Mildiou;Pomme de terre_Mildiou;Pomme de terre;PHYTIN;Phytophthora infestans;Mildiou;;train;Mildiou;2024:07:27;17:15:33;nan;13;Pomme de terre_Mildiou
Ipt00622;../data/Bousset2_data/Images/Pomme de terre/Mildiou/Ipt00622.jpg;Pomme de terre;Mildiou;Pomme de terre_Mildiou;Pomme de terre;PHYTIN;Phytophthora infestans;Mildiou;;train;Mildiou;2024:07:27;17:15:35;nan;13;Pomme de terre_Mildiou
Ipt00623;../data/Bousset2_data/Images/Pomme de terre/Mildiou/Ipt00623.jpg;Pomme de terre;Mildiou;Pomme de terre_Mildiou;Pomme de terre;PHYTIN;Phytophthora infestans;Mildiou;;train;Mildiou;2024:07:27;17:15:37;nan;13;Pomme de terre_Mildiou
Ipt00624;../data/Bousset2_data/Images/Pomme de terre/Mildiou/Ipt00624.jpg;Pomme de terre;Mildiou;Pomme de terre_Mildiou;Pomme de terre;PHYTIN;Phytophthora infestans;Mildiou;;train;Mildiou;2024:07:27;17:15:39;nan;13;Pomme de terre_Mildiou
Ipt00625;../data/Bousset2_data/Images/Pomme de terre/Mildiou/Ipt00625.jpg;Pomme de terre;Mildiou;Pomme de terre_Mildiou;Pomme de terre;PHYTIN;Phytophthora infestans;Mildiou;;train;Mildiou;2024:07:27;17:15:42;nan;13;Pomme de terre_Mildiou
Ipt00626;../data/Bousset2_data/Images/Pomme de terre/Mildiou/Ipt00626.jpg;Pomme de terre;Mildiou;Pomme de terre_Mildiou;Pomme de terre;PHYTIN;Phytophthora infestans;Mildiou;;train;Mildiou;2024:07:27;17:15:46;nan;13;Pomme de terre_Mildiou
Ipt00627;../data/Bousset2_data/Images/Pomme de terre/Mildiou/Ipt00627.jpg;Pomme de terre;Mildiou;Pomme de terre_Mildiou;Pomme de terre;PHYTIN;Phytophthora infestans;Mildiou;;train;Mildiou;2024:07:27;17:15:48;nan;13;Pomme de terre_Mildiou
Ipt00632;../data/Bousset2_data/Images/Pomme de terre/Mildiou/Ipt00632.jpg;Pomme de terre;Mildiou;Pomme de terre_Mildiou;Pomme de terre;PHYTIN;Phytophthora infestans;Mildiou;;train;Mildiou;2024:07:27;17:16:10;nan;13;Pomme de terre_Mildiou
Ipt00639;../data/Bousset2_data/Images/Pomme de terre/Mildiou/Ipt00639.jpg;Pomme de terre;Mildiou;Pomme de terre_Mildiou;Pomme de terre;PHYTIN;Phytophthora infestans;Mildiou;;train;Mildiou;2024:07:27;17:16:57;nan;13;Pomme de terre_Mildiou
Ipt00648;../data/Bousset2_data/Images/Pomme de terre/Mildiou/Ipt00648.jpg;Pomme de terre;Mildiou;Pomme de terre_Mildiou;Pomme de terre;PHYTIN;Phytophthora infestans;Mildiou;;train;Mildiou;2024:07:27;17:17:37;nan;13;Pomme de terre_Mildiou
Ipt00649;../data/Bousset2_data/Images/Pomme de terre/Mildiou/Ipt00649.jpg;Pomme de terre;Mildiou;Pomme de terre_Mildiou;Pomme de terre;PHYTIN;Phytophthora infestans;Mildiou;;train;Mildiou;2024:07:27;17:17:44;nan;13;Pomme de terre_Mildiou
Ipt00650;../data/Bousset2_data/Images/Pomme de terre/Mildiou/Ipt00650.jpg;Pomme de terre;Mildiou;Pomme de terre_Mildiou;Pomme de terre;PHYTIN;Phytophthora infestans;Mildiou;;train;Mildiou;2024:07:27;17:17:46;nan;13;Pomme de terre_Mildiou
Ipt00651;../data/Bousset2_data/Images/Pomme de terre/Mildiou/Ipt00651.jpg;Pomme de terre;Mildiou;Pomme de terre_Mildiou;Pomme de terre;PHYTIN;Phytophthora infestans;Mildiou;;train;Mildiou;2024:07:27;17:17:48;nan;13;Pomme de terre_Mildiou
Ipt00652;../data/Bousset2_data/Images/Pomme de terre/Mildiou/Ipt00652.jpg;Pomme de terre;Mildiou;Pomme de terre_Mildiou;Pomme de terre;PHYTIN;Phytophthora infestans;Mildiou;;train;Mildiou;2024:07:27;17:17:55;nan;13;Pomme de terre_Mildiou
Ipt00653;../data/Bousset2_data/Images/Pomme de terre/Mildiou/Ipt00653.jpg;Pomme de terre;Mildiou;Pomme de terre_Mildiou;Pomme de terre;PHYTIN;Phytophthora infestans;Mildiou;;train;Mildiou;2024:07:27;17:17:57;nan;13;Pomme de terre_Mildiou
Ipt00654;../data/Bousset2_data/Images/Pomme de terre/Mildiou/Ipt00654.jpg;Pomme de terre;Mildiou;Pomme de terre_Mildiou;Pomme de terre;PHYTIN;Phytophthora infestans;Mildiou;;train;Mildiou;2024:07:27;17:17:58;nan;13;Pomme de terre_Mildiou
Ipt00656;../data/Bousset2_data/Images/Pomme de terre/Mildiou/Ipt00656.jpg;Pomme de terre;Mildiou;Pomme de terre_Mildiou;Pomme de terre;PHYTIN;Phytophthora infestans;Mildiou;;train;Mildiou;2024:07:27;17:18:04;nan;13;Pomme de terre_Mildiou
Ipt00666;../data/Bousset2_data/Images/Pomme de terre/Mildiou/Ipt00666.jpg;Pomme de terre;Mildiou;Pomme de terre_Mildiou;Pomme de terre;PHYTIN;Phytophthora infestans;Mildiou;;train;Mildiou;2024:07:27;17:18:56;nan;13;Pomme de terre_Mildiou
Ipt00675;../data/Bousset2_data/Images/Pomme de terre/Mildiou/Ipt00675.jpg;Pomme de terre;Mildiou;Pomme de terre_Mildiou;Pomme de terre;PHYTIN;Phytophthora infestans;Mildiou;;train;Mildiou;2024:07:27;17:19:36;nan;13;Pomme de terre_Mildiou
Ipt00677;../data/Bousset2_data/Images/Pomme de terre/Mildiou/Ipt00677.jpg;Pomme de terre;Mildiou;Pomme de terre_Mildiou;Pomme de terre;PHYTIN;Phytophthora infestans;Mildiou;;train;Mildiou;2024:07:27;17:19:47;nan;13;Pomme de terre_Mildiou
Ipt00679;../data/Bousset2_data/Images/Pomme de terre/Mildiou/Ipt00679.jpg;Pomme de terre;Mildiou;Pomme de terre_Mildiou;Pomme de terre;PHYTIN;Phytophthora infestans;Mildiou;;train;Mildiou;2024:07:27;17:20:13;nan;13;Pomme de terre_Mildiou
Ipt00680;../data/Bousset2_data/Images/Pomme de terre/Mildiou/Ipt00680.jpg;Pomme de terre;Mildiou;Pomme de terre_Mildiou;Pomme de terre;PHYTIN;Phytophthora infestans;Mildiou;;train;Mildiou;2024:07:27;17:20:15;nan;13;Pomme de terre_Mildiou
Ipt00682;../data/Bousset2_data/Images/Pomme de terre/Mildiou/Ipt00682.jpg;Pomme de terre;Mildiou;Pomme de terre_Mildiou;Pomme de terre;PHYTIN;Phytophthora infestans;Mildiou;;train;Mildiou;2024:07:27;17:20:19;nan;13;Pomme de terre_Mildiou
Ipt00683;../data/Bousset2_data/Images/Pomme de terre/Mildiou/Ipt00683.jpg;Pomme de terre;Mildiou;Pomme de terre_Mildiou;Pomme de terre;PHYTIN;Phytophthora infestans;Mildiou;;train;Mildiou;2024:07:27;17:20:23;nan;13;Pomme de terre_Mildiou
Ipt00687;../data/Bousset2_data/Images/Pomme de terre/Mildiou/Ipt00687.jpg;Pomme de terre;Mildiou;Pomme de terre_Mildiou;Pomme de terre;PHYTIN;Phytophthora infestans;Mildiou;;train;Mildiou;2024:07:27;17:21:07;nan;13;Pomme de terre_Mildiou
Ipt00688;../data/Bousset2_data/Images/Pomme de terre/Mildiou/Ipt00688.jpg;Pomme de terre;Mildiou;Pomme de terre_Mildiou;Pomme de terre;PHYTIN;Phytophthora infestans;Mildiou;;train;Mildiou;2024:07:27;17:21:08;nan;13;Pomme de terre_Mildiou
Ipt00689;../data/Bousset2_data/Images/Pomme de terre/Mildiou/Ipt00689.jpg;Pomme de terre;Mildiou;Pomme de terre_Mildiou;Pomme de terre;PHYTIN;Phytophthora infestans;Mildiou;;train;Mildiou;2024:07:27;17:21:11;nan;13;Pomme de terre_Mildiou
Ipt00690;../data/Bousset2_data/Images/Pomme de terre/Mildiou/Ipt00690.jpg;Pomme de terre;Mildiou;Pomme de terre_Mildiou;Pomme de terre;PHYTIN;Phytophthora infestans;Mildiou;;train;Mildiou;2024:07:27;17:21:14;nan;13;Pomme de terre_Mildiou
Ipt00691;../data/Bousset2_data/Images/Pomme de terre/Mildiou/Ipt00691.jpg;Pomme de terre;Mildiou;Pomme de terre_Mildiou;Pomme de terre;PHYTIN;Phytophthora infestans;Mildiou;;train;Mildiou;2024:07:27;17:21:17;nan;13;Pomme de terre_Mildiou
Ipt00692;../data/Bousset2_data/Images/Pomme de terre/Mildiou/Ipt00692.jpg;Pomme de terre;Mildiou;Pomme de terre_Mildiou;Pomme de terre;PHYTIN;Phytophthora infestans;Mildiou;;train;Mildiou;2024:07:27;17:21:30;nan;13;Pomme de terre_Mildiou
Ipt00693;../data/Bousset2_data/Images/Pomme de terre/Mildiou/Ipt00693.jpg;Pomme de terre;Mildiou;Pomme de terre_Mildiou;Pomme de terre;PHYTIN;Phytophthora infestans;Mildiou;;train;Mildiou;2024:07:27;17:21:32;nan;13;Pomme de terre_Mildiou
Ipt00709;../data/Bousset2_data/Images/Pomme de terre/Mildiou/Ipt00709.jpg;Pomme de terre;Mildiou;Pomme de terre_Mildiou;Pomme de terre;PHYTIN;Phytophthora infestans;Mildiou;;train;Mildiou;2024:07:27;17:24:46;nan;13;Pomme de terre_Mildiou
Ipt00710;../data/Bousset2_data/Images/Pomme de terre/Mildiou/Ipt00710.jpg;Pomme de terre;Mildiou;Pomme de terre_Mildiou;Pomme de terre;PHYTIN;Phytophthora infestans;Mildiou;;train;Mildiou;2024:07:27;17:24:48;nan;13;Pomme de terre_Mildiou
Ipt00711;../data/Bousset2_data/Images/Pomme de terre/Mildiou/Ipt00711.jpg;Pomme de terre;Mildiou;Pomme de terre_Mildiou;Pomme de terre;PHYTIN;Phytophthora infestans;Mildiou;;train;Mildiou;2024:07:27;17:24:50;nan;13;Pomme de terre_Mildiou
Ipt00712;../data/Bousset2_data/Images/Pomme de terre/Mildiou/Ipt00712.jpg;Pomme de terre;Mildiou;Pomme de terre_Mildiou;Pomme de terre;PHYTIN;Phytophthora infestans;Mildiou;;train;Mildiou;2024:07:27;17:24:52;nan;13;Pomme de terre_Mildiou
Ipt00716;../data/Bousset2_data/Images/Pomme de terre/Mildiou/Ipt00716.jpg;Pomme de terre;Mildiou;Pomme de terre_Mildiou;Pomme de terre;PHYTIN;Phytophthora infestans;Mildiou;;train;Mildiou;2024:07:27;17:25:05;nan;13;Pomme de terre_Mildiou
Ipt00717;../data/Bousset2_data/Images/Pomme de terre/Mildiou/Ipt00717.jpg;Pomme de terre;Mildiou;Pomme de terre_Mildiou;Pomme de terre;PHYTIN;Phytophthora infestans;Mildiou;;train;Mildiou;2024:07:27;17:25:28;nan;13;Pomme de terre_Mildiou
Ipt00720;../data/Bousset2_data/Images/Pomme de terre/Mildiou/Ipt00720.jpg;Pomme de terre;Mildiou;Pomme de terre_Mildiou;Pomme de terre;PHYTIN;Phytophthora infestans;Mildiou;;train;Mildiou;2024:08:06;11:19:41;nan;13;Pomme de terre_Mildiou
Ipt00721;../data/Bousset2_data/Images/Pomme de terre/Mildiou/Ipt00721.jpg;Pomme de terre;Mildiou;Pomme de terre_Mildiou;Pomme de terre;PHYTIN;Phytophthora infestans;Mildiou;;train;Mildiou;2024:08:06;11:19:43;nan;13;Pomme de terre_Mildiou
Ipt00722;../data/Bousset2_data/Images/Pomme de terre/Mildiou/Ipt00722.jpg;Pomme de terre;Mildiou;Pomme de terre_Mildiou;Pomme de terre;PHYTIN;Phytophthora infestans;Mildiou;;train;Mildiou;2024:08:06;11:19:44;nan;13;Pomme de terre_Mildiou
Ipt00724;../data/Bousset2_data/Images/Pomme de terre/Mildiou/Ipt00724.jpg;Pomme de terre;Mildiou;Pomme de terre_Mildiou;Pomme de terre;PHYTIN;Phytophthora infestans;Mildiou;;train;Mildiou;2024:08:06;11:19:52;nan;13;Pomme de terre_Mildiou
Ipt00725;../data/Bousset2_data/Images/Pomme de terre/Mildiou/Ipt00725.jpg;Pomme de terre;Mildiou;Pomme de terre_Mildiou;Pomme de terre;PHYTIN;Phytophthora infestans;Mildiou;;train;Mildiou;2024:08:06;11:20:01;nan;13;Pomme de terre_Mildiou
Ipt00727;../data/Bousset2_data/Images/Pomme de terre/Mildiou/Ipt00727.jpg;Pomme de terre;Mildiou;Pomme de terre_Mildiou;Pomme de terre;PHYTIN;Phytophthora infestans;Mildiou;;train;Mildiou;2024:08:06;11:20:06;nan;13;Pomme de terre_Mildiou
Ipt00728;../data/Bousset2_data/Images/Pomme de terre/Mildiou/Ipt00728.jpg;Pomme de terre;Mildiou;Pomme de terre_Mildiou;Pomme de terre;PHYTIN;Phytophthora infestans;Mildiou;;train;Mildiou;2024:08:06;11:20:07;nan;13;Pomme de terre_Mildiou
Ipt00729;../data/Bousset2_data/Images/Pomme de terre/Mildiou/Ipt00729.jpg;Pomme de terre;Mildiou;Pomme de terre_Mildiou;Pomme de terre;PHYTIN;Phytophthora infestans;Mildiou;;train;Mildiou;2024:08:06;11:20:09;nan;13;Pomme de terre_Mildiou
Ipt00730;../data/Bousset2_data/Images/Pomme de terre/Mildiou/Ipt00730.jpg;Pomme de terre;Mildiou;Pomme de terre_Mildiou;Pomme de terre;PHYTIN;Phytophthora infestans;Mildiou;;train;Mildiou;2024:08:06;11:20:14;nan;13;Pomme de terre_Mildiou
Ipt00740;../data/Bousset2_data/Images/Pomme de terre/Mildiou/Ipt00740.jpg;Pomme de terre;Mildiou;Pomme de terre_Mildiou;Pomme de terre;PHYTIN;Phytophthora infestans;Mildiou;;train;Mildiou;2024:08:06;11:20:42;nan;13;Pomme de terre_Mildiou
Ipt00743;../data/Bousset2_data/Images/Pomme de terre/Mildiou/Ipt00743.jpg;Pomme de terre;Mildiou;Pomme de terre_Mildiou;Pomme de terre;PHYTIN;Phytophthora infestans;Mildiou;;train;Mildiou;2024:08:06;11:20:51;nan;13;Pomme de terre_Mildiou
Ipt00744;../data/Bousset2_data/Images/Pomme de terre/Mildiou/Ipt00744.jpg;Pomme de terre;Mildiou;Pomme de terre_Mildiou;Pomme de terre;PHYTIN;Phytophthora infestans;Mildiou;;train;Mildiou;2024:08:06;11:20:53;nan;13;Pomme de terre_Mildiou
Ipt00745;../data/Bousset2_data/Images/Pomme de terre/Mildiou/Ipt00745.jpg;Pomme de terre;Mildiou;Pomme de terre_Mildiou;Pomme de terre;PHYTIN;Phytophthora infestans;Mildiou;;train;Mildiou;2024:08:06;11:20:57;nan;13;Pomme de terre_Mildiou
Ipt00760;../data/Bousset2_data/Images/Pomme de terre/Mildiou/Ipt00760.jpg;Pomme de terre;Mildiou;Pomme de terre_Mildiou;Pomme de terre;PHYTIN;Phytophthora infestans;Mildiou;;train;Mildiou;2024:08:06;11:21:45;nan;13;Pomme de terre_Mildiou
Ipt00761;../data/Bousset2_data/Images/Pomme de terre/Mildiou/Ipt00761.jpg;Pomme de terre;Mildiou;Pomme de terre_Mildiou;Pomme de terre;PHYTIN;Phytophthora infestans;Mildiou;;train;Mildiou;2024:08:06;11:21:46;nan;13;Pomme de terre_Mildiou
Ipt00765;../data/Bousset2_data/Images/Pomme de terre/Mildiou/Ipt00765.jpg;Pomme de terre;Mildiou;Pomme de terre_Mildiou;Pomme de terre;PHYTIN;Phytophthora infestans;Mildiou;;train;Mildiou;2024:08:06;11:21:54;nan;13;Pomme de terre_Mildiou
Ipt00775;../data/Bousset2_data/Images/Pomme de terre/Mildiou/Ipt00775.jpg;Pomme de terre;Mildiou;Pomme de terre_Mildiou;Pomme de terre;PHYTIN;Phytophthora infestans;Mildiou;;train;Mildiou;2024:08:06;11:22:19;nan;13;Pomme de terre_Mildiou
Ipt00779;../data/Bousset2_data/Images/Pomme de terre/Mildiou/Ipt00779.jpg;Pomme de terre;Mildiou;Pomme de terre_Mildiou;Pomme de terre;PHYTIN;Phytophthora infestans;Mildiou;;train;Mildiou;2024:08:06;11:22:29;nan;13;Pomme de terre_Mildiou
Ipt00781;../data/Bousset2_data/Images/Pomme de terre/Mildiou/Ipt00781.jpg;Pomme de terre;Mildiou;Pomme de terre_Mildiou;Pomme de terre;PHYTIN;Phytophthora infestans;Mildiou;;train;Mildiou;2024:08:06;11:22:35;nan;13;Pomme de terre_Mildiou
Ipt00782;../data/Bousset2_data/Images/Pomme de terre/Mildiou/Ipt00782.jpg;Pomme de terre;Mildiou;Pomme de terre_Mildiou;Pomme de terre;PHYTIN;Phytophthora infestans;Mildiou;;train;Mildiou;2024:08:06;11:22:37;nan;13;Pomme de terre_Mildiou
Ipt00783;../data/Bousset2_data/Images/Pomme de terre/Mildiou/Ipt00783.jpg;Pomme de terre;Mildiou;Pomme de terre_Mildiou;Pomme de terre;PHYTIN;Phytophthora infestans;Mildiou;;train;Mildiou;2024:08:06;11:22:39;nan;13;Pomme de terre_Mildiou
Ipt00784;../data/Bousset2_data/Images/Pomme de terre/Mildiou/Ipt00784.jpg;Pomme de terre;Mildiou;Pomme de terre_Mildiou;Pomme de terre;PHYTIN;Phytophthora infestans;Mildiou;;train;Mildiou;2024:08:06;11:22:45;nan;13;Pomme de terre_Mildiou
Ipt00785;../data/Bousset2_data/Images/Pomme de terre/Mildiou/Ipt00785.jpg;Pomme de terre;Mildiou;Pomme de terre_Mildiou;Pomme de terre;PHYTIN;Phytophthora infestans;Mildiou;;train;Mildiou;2024:08:06;11:22:47;nan;13;Pomme de terre_Mildiou
Ipt00786;../data/Bousset2_data/Images/Pomme de terre/Mildiou/Ipt00786.jpg;Pomme de terre;Mildiou;Pomme de terre_Mildiou;Pomme de terre;PHYTIN;Phytophthora infestans;Mildiou;;train;Mildiou;2024:08:06;11:22:48;nan;13;Pomme de terre_Mildiou
Ipt00790;../data/Bousset2_data/Images/Pomme de terre/Mildiou/Ipt00790.jpg;Pomme de terre;Mildiou;Pomme de terre_Mildiou;Pomme de terre;PHYTIN;Phytophthora infestans;Mildiou;;train;Mildiou;2024:08:06;11:23:04;nan;13;Pomme de terre_Mildiou
Ipt00791;../data/Bousset2_data/Images/Pomme de terre/Mildiou/Ipt00791.jpg;Pomme de terre;Mildiou;Pomme de terre_Mildiou;Pomme de terre;PHYTIN;Phytophthora infestans;Mildiou;;train;Mildiou;2024:08:06;11:23:12;nan;13;Pomme de terre_Mildiou
Ipt00792;../data/Bousset2_data/Images/Pomme de terre/Mildiou/Ipt00792.jpg;Pomme de terre;Mildiou;Pomme de terre_Mildiou;Pomme de terre;PHYTIN;Phytophthora infestans;Mildiou;;train;Mildiou;2024:08:06;11:23:13;nan;13;Pomme de terre_Mildiou
Ipt00793;../data/Bousset2_data/Images/Pomme de terre/Mildiou/Ipt00793.jpg;Pomme de terre;Mildiou;Pomme de terre_Mildiou;Pomme de terre;PHYTIN;Phytophthora infestans;Mildiou;;train;Mildiou;2024:08:06;11:23:15;nan;13;Pomme de terre_Mildiou
Ipt00794;../data/Bousset2_data/Images/Pomme de terre/Mildiou/Ipt00794.jpg;Pomme de terre;Mildiou;Pomme de terre_Mildiou;Pomme de terre;PHYTIN;Phytophthora infestans;Mildiou;;train;Mildiou;2024:08:06;11:23:16;nan;13;Pomme de terre_Mildiou
Ipt00795;../data/Bousset2_data/Images/Pomme de terre/Mildiou/Ipt00795.jpg;Pomme de terre;Mildiou;Pomme de terre_Mildiou;Pomme de terre;PHYTIN;Phytophthora infestans;Mildiou;;train;Mildiou;2024:08:06;11:23:18;nan;13;Pomme de terre_Mildiou
Ipt00796;../data/Bousset2_data/Images/Pomme de terre/Mildiou/Ipt00796.jpg;Pomme de terre;Mildiou;Pomme de terre_Mildiou;Pomme de terre;PHYTIN;Phytophthora infestans;Mildiou;;train;Mildiou;2024:08:06;11:23:23;nan;13;Pomme de terre_Mildiou
Ipt00798;../data/Bousset2_data/Images/Pomme de terre/Mildiou/Ipt00798.jpg;Pomme de terre;Mildiou;Pomme de terre_Mildiou;Pomme de terre;PHYTIN;Phytophthora infestans;Mildiou;;train;Mildiou;2024:08:06;11:23:42;nan;13;Pomme de terre_Mildiou
Ipt00799;../data/Bousset2_data/Images/Pomme de terre/Mildiou/Ipt00799.jpg;Pomme de terre;Mildiou;Pomme de terre_Mildiou;Pomme de terre;PHYTIN;Phytophthora infestans;Mildiou;;train;Mildiou;2024:08:06;11:23:46;nan;13;Pomme de terre_Mildiou
Ipt00808;../data/Bousset2_data/Images/Pomme de terre/Mildiou/Ipt00808.jpg;Pomme de terre;Mildiou;Pomme de terre_Mildiou;Pomme de terre;PHYTIN;Phytophthora infestans;Mildiou;;train;Mildiou;2024:08:06;11:24:19;nan;13;Pomme de terre_Mildiou
Ipt00823;../data/Bousset2_data/Images/Pomme de terre/Mildiou/Ipt00823.jpg;Pomme de terre;Mildiou;Pomme de terre_Mildiou;Pomme de terre;PHYTIN;Phytophthora infestans;Mildiou;;train;Mildiou;2024:08:09;10:59:30;nan;13;Pomme de terre_Mildiou
Ipt00825;../data/Bousset2_data/Images/Pomme de terre/Mildiou/Ipt00825.jpg;Pomme de terre;Mildiou;Pomme de terre_Mildiou;Pomme de terre;PHYTIN;Phytophthora infestans;Mildiou;;train;Mildiou;2024:08:09;10:59:36;nan;13;Pomme de terre_Mildiou
Ipt00831;../data/Bousset2_data/Images/Pomme de terre/Mildiou/Ipt00831.jpg;Pomme de terre;Mildiou;Pomme de terre_Mildiou;Pomme de terre;PHYTIN;Phytophthora infestans;Mildiou;;train;Mildiou;2024:08:09;11:00:04;nan;13;Pomme de terre_Mildiou
Ipt00835;../data/Bousset2_data/Images/Pomme de terre/Mildiou/Ipt00835.jpg;Pomme de terre;Mildiou;Pomme de terre_Mildiou;Pomme de terre;PHYTIN;Phytophthora infestans;Mildiou;;train;Mildiou;2024:08:09;11:00:27;nan;13;Pomme de terre_Mildiou
Ipt00845;../data/Bousset2_data/Images/Pomme de terre/Mildiou/Ipt00845.jpg;Pomme de terre;Mildiou;Pomme de terre_Mildiou;Pomme de terre;PHYTIN;Phytophthora infestans;Mildiou;;train;Mildiou;2024:08:09;11:01:02;nan;13;Pomme de terre_Mildiou
Ipt00846;../data/Bousset2_data/Images/Pomme de terre/Mildiou/Ipt00846.jpg;Pomme de terre;Mildiou;Pomme de terre_Mildiou;Pomme de terre;PHYTIN;Phytophthora infestans;Mildiou;;train;Mildiou;2024:08:09;11:01:12;nan;13;Pomme de terre_Mildiou
Ipt00847;../data/Bousset2_data/Images/Pomme de terre/Mildiou/Ipt00847.jpg;Pomme de terre;Mildiou;Pomme de terre_Mildiou;Pomme de terre;PHYTIN;Phytophthora infestans;Mildiou;;train;Mildiou;2024:08:09;11:01:19;nan;13;Pomme de terre_Mildiou
Ipt00848;../data/Bousset2_data/Images/Pomme de terre/Mildiou/Ipt00848.jpg;Pomme de terre;Mildiou;Pomme de terre_Mildiou;Pomme de terre;PHYTIN;Phytophthora infestans;Mildiou;;train;Mildiou;2024:08:09;11:01:24;nan;13;Pomme de terre_Mildiou
Ipt00849;../data/Bousset2_data/Images/Pomme de terre/Mildiou/Ipt00849.jpg;Pomme de terre;Mildiou;Pomme de terre_Mildiou;Pomme de terre;PHYTIN;Phytophthora infestans;Mildiou;;train;Mildiou;2024:08:09;11:01:28;nan;13;Pomme de terre_Mildiou
Ipt00858;../data/Bousset2_data/Images/Pomme de terre/Mildiou/Ipt00858.jpg;Pomme de terre;Mildiou;Pomme de terre_Mildiou;Pomme de terre;PHYTIN;Phytophthora infestans;Mildiou;;train;Mildiou;2024:08:09;11:02:15;nan;13;Pomme de terre_Mildiou
Ipt00869;../data/Bousset2_data/Images/Pomme de terre/Mildiou/Ipt00869.jpg;Pomme de terre;Mildiou;Pomme de terre_Mildiou;Pomme de terre;PHYTIN;Phytophthora infestans;Mildiou;;train;Mildiou;2024:08:09;11:02:53;nan;13;Pomme de terre_Mildiou
Ipt00870;../data/Bousset2_data/Images/Pomme de terre/Mildiou/Ipt00870.jpg;Pomme de terre;Mildiou;Pomme de terre_Mildiou;Pomme de terre;PHYTIN;Phytophthora infestans;Mildiou;;train;Mildiou;2024:08:09;11:02:58;nan;13;Pomme de terre_Mildiou
Ipt00872;../data/Bousset2_data/Images/Pomme de terre/Mildiou/Ipt00872.jpg;Pomme de terre;Mildiou;Pomme de terre_Mildiou;Pomme de terre;PHYTIN;Phytophthora infestans;Mildiou;;train;Mildiou;2024:08:09;11:03:05;nan;13;Pomme de terre_Mildiou
Ipt00876;../data/Bousset2_data/Images/Pomme de terre/Mildiou/Ipt00876.jpg;Pomme de terre;Mildiou;Pomme de terre_Mildiou;Pomme de terre;PHYTIN;Phytophthora infestans;Mildiou;;train;Mildiou;2024:08:09;11:03:21;nan;13;Pomme de terre_Mildiou
Ipt00879;../data/Bousset2_data/Images/Pomme de terre/Mildiou/Ipt00879.jpg;Pomme de terre;Mildiou;Pomme de terre_Mildiou;Pomme de terre;PHYTIN;Phytophthora infestans;Mildiou;;train;Mildiou;2024:08:09;11:03:33;nan;13;Pomme de terre_Mildiou
Ipt00881;../data/Bousset2_data/Images/Pomme de terre/Mildiou/Ipt00881.jpg;Pomme de terre;Mildiou;Pomme de terre_Mildiou;Pomme de terre;PHYTIN;Phytophthora infestans;Mildiou;;train;Mildiou;2024:08:09;11:03:41;nan;13;Pomme de terre_Mildiou
Ipt00882;../data/Bousset2_data/Images/Pomme de terre/Mildiou/Ipt00882.jpg;Pomme de terre;Mildiou;Pomme de terre_Mildiou;Pomme de terre;PHYTIN;Phytophthora infestans;Mildiou;;train;Mildiou;2024:08:09;11:03:43;nan;13;Pomme de terre_Mildiou
Ipt00883;../data/Bousset2_data/Images/Pomme de terre/Mildiou/Ipt00883.jpg;Pomme de terre;Mildiou;Pomme de terre_Mildiou;Pomme de terre;PHYTIN;Phytophthora infestans;Mildiou;;train;Mildiou;2024:08:09;11:03:48;nan;13;Pomme de terre_Mildiou
Ipt00886;../data/Bousset2_data/Images/Pomme de terre/Mildiou/Ipt00886.jpg;Pomme de terre;Mildiou;Pomme de terre_Mildiou;Pomme de terre;PHYTIN;Phytophthora infestans;Mildiou;;train;Mildiou;2024:08:09;11:04:01;nan;13;Pomme de terre_Mildiou
Ipt00887;../data/Bousset2_data/Images/Pomme de terre/Mildiou/Ipt00887.jpg;Pomme de terre;Mildiou;Pomme de terre_Mildiou;Pomme de terre;PHYTIN;Phytophthora infestans;Mildiou;;train;Mildiou;2024:08:09;11:04:06;nan;13;Pomme de terre_Mildiou
Ipt00890;../data/Bousset2_data/Images/Pomme de terre/Mildiou/Ipt00890.jpg;Pomme de terre;Mildiou;Pomme de terre_Mildiou;Pomme de terre;PHYTIN;Phytophthora infestans;Mildiou;;train;Mildiou;2024:08:09;11:04:18;nan;13;Pomme de terre_Mildiou
Ipt00892;../data/Bousset2_data/Images/Pomme de terre/Mildiou/Ipt00892.jpg;Pomme de terre;Mildiou;Pomme de terre_Mildiou;Pomme de terre;PHYTIN;Phytophthora infestans;Mildiou;;train;Mildiou;2024:08:09;11:04:27;nan;13;Pomme de terre_Mildiou
Ipt00893;../data/Bousset2_data/Images/Pomme de terre/Mildiou/Ipt00893.jpg;Pomme de terre;Mildiou;Pomme de terre_Mildiou;Pomme de terre;PHYTIN;Phytophthora infestans;Mildiou;;train;Mildiou;2024:08:09;11:04:33;nan;13;Pomme de terre_Mildiou
Ipt00894;../data/Bousset2_data/Images/Pomme de terre/Mildiou/Ipt00894.jpg;Pomme de terre;Mildiou;Pomme de terre_Mildiou;Pomme de terre;PHYTIN;Phytophthora infestans;Mildiou;;train;Mildiou;2024:08:09;11:04:52;nan;13;Pomme de terre_Mildiou
Ipt00903;../data/Bousset2_data/Images/Pomme de terre/Mildiou/Ipt00903.jpg;Pomme de terre;Mildiou;Pomme de terre_Mildiou;Pomme de terre;PHYTIN;Phytophthora infestans;Mildiou;;train;Mildiou;2024:08:09;11:16:34;nan;13;Pomme de terre_Mildiou
Ipt00904;../data/Bousset2_data/Images/Pomme de terre/Mildiou/Ipt00904.jpg;Pomme de terre;Mildiou;Pomme de terre_Mildiou;Pomme de terre;PHYTIN;Phytophthora infestans;Mildiou;;train;Mildiou;2024:08:09;11:16:38;nan;13;Pomme de terre_Mildiou
Ipt00905;../data/Bousset2_data/Images/Pomme de terre/Mildiou/Ipt00905.jpg;Pomme de terre;Mildiou;Pomme de terre_Mildiou;Pomme de terre;PHYTIN;Phytophthora infestans;Mildiou;;train;Mildiou;2024:08:09;11:16:40;nan;13;Pomme de terre_Mildiou
Ipt00907;../data/Bousset2_data/Images/Pomme de terre/Mildiou/Ipt00907.jpg;Pomme de terre;Mildiou;Pomme de terre_Mildiou;Pomme de terre;PHYTIN;Phytophthora infestans;Mildiou;;train;Mildiou;2024:08:09;11:16:45;nan;13;Pomme de terre_Mildiou
Ipt00914;../data/Bousset2_data/Images/Pomme de terre/Mildiou/Ipt00914.jpg;Pomme de terre;Mildiou;Pomme de terre_Mildiou;Pomme de terre;PHYTIN;Phytophthora infestans;Mildiou;;train;Mildiou;2024:08:09;11:17:39;nan;13;Pomme de terre_Mildiou
Ipt00915;../data/Bousset2_data/Images/Pomme de terre/Mildiou/Ipt00915.jpg;Pomme de terre;Mildiou;Pomme de terre_Mildiou;Pomme de terre;PHYTIN;Phytophthora infestans;Mildiou;;train;Mildiou;2024:08:09;11:17:56;nan;13;Pomme de terre_Mildiou
Ipt00916;../data/Bousset2_data/Images/Pomme de terre/Mildiou/Ipt00916.jpg;Pomme de terre;Mildiou;Pomme de terre_Mildiou;Pomme de terre;PHYTIN;Phytophthora infestans;Mildiou;;train;Mildiou;2024:08:09;11:17:57;nan;13;Pomme de terre_Mildiou
Ipt00917;../data/Bousset2_data/Images/Pomme de terre/Mildiou/Ipt00917.jpg;Pomme de terre;Mildiou;Pomme de terre_Mildiou;Pomme de terre;PHYTIN;Phytophthora infestans;Mildiou;;train;Mildiou;2024:08:09;11:17:59;nan;13;Pomme de terre_Mildiou
Ipt00918;../data/Bousset2_data/Images/Pomme de terre/Mildiou/Ipt00918.jpg;Pomme de terre;Mildiou;Pomme de terre_Mildiou;Pomme de terre;PHYTIN;Phytophthora infestans;Mildiou;;train;Mildiou;2024:08:09;11:18:01;nan;13;Pomme de terre_Mildiou
Ipt00919;../data/Bousset2_data/Images/Pomme de terre/Mildiou/Ipt00919.jpg;Pomme de terre;Mildiou;Pomme de terre_Mildiou;Pomme de terre;PHYTIN;Phytophthora infestans;Mildiou;;train;Mildiou;2024:08:09;11:18:07;nan;13;Pomme de terre_Mildiou
Ipt00920;../data/Bousset2_data/Images/Pomme de terre/Mildiou/Ipt00920.jpg;Pomme de terre;Mildiou;Pomme de terre_Mildiou;Pomme de terre;PHYTIN;Phytophthora infestans;Mildiou;;train;Mildiou;2024:08:09;11:18:17;nan;13;Pomme de terre_Mildiou
Ipt00921;../data/Bousset2_data/Images/Pomme de terre/Mildiou/Ipt00921.jpg;Pomme de terre;Mildiou;Pomme de terre_Mildiou;Pomme de terre;PHYTIN;Phytophthora infestans;Mildiou;;train;Mildiou;2024:08:09;11:18:19;nan;13;Pomme de terre_Mildiou
Ipt00922;../data/Bousset2_data/Images/Pomme de terre/Mildiou/Ipt00922.jpg;Pomme de terre;Mildiou;Pomme de terre_Mildiou;Pomme de terre;PHYTIN;Phytophthora infestans;Mildiou;;train;Mildiou;2024:08:09;11:18:22;nan;13;Pomme de terre_Mildiou
Ipt00924;../data/Bousset2_data/Images/Pomme de terre/Mildiou/Ipt00924.jpg;Pomme de terre;Mildiou;Pomme de terre_Mildiou;Pomme de terre;PHYTIN;Phytophthora infestans;Mildiou;;train;Mildiou;2024:08:09;11:18:34;nan;13;Pomme de terre_Mildiou
Ipt00010;../data/Bousset2_data/Images/Pomme de terre/Virus/Ipt00010.jpg;Pomme de terre;Virus;Pomme de terre_Virus;Pomme de terre;1VIUUD ;;Virus;plusieurs, non déterminés;train;Virus;2024:06:27;11:45:21;nan;10;Pomme de terre_Virus
Ipt00011;../data/Bousset2_data/Images/Pomme de terre/Virus/Ipt00011.jpg;Pomme de terre;Virus;Pomme de terre_Virus;Pomme de terre;1VIUUD ;;Virus;plusieurs, non déterminés;train;Virus;2024:06:27;11:45:23;nan;10;Pomme de terre_Virus
Ipt00012;../data/Bousset2_data/Images/Pomme de terre/Virus/Ipt00012.jpg;Pomme de terre;Virus;Pomme de terre_Virus;Pomme de terre;1VIUUD ;;Virus;plusieurs, non déterminés;train;Virus;2024:06:27;11:45:26;nan;10;Pomme de terre_Virus
Ipt00013;../data/Bousset2_data/Images/Pomme de terre/Virus/Ipt00013.jpg;Pomme de terre;Virus;Pomme de terre_Virus;Pomme de terre;1VIUUD ;;Virus;plusieurs, non déterminés;train;Virus;2024:06:27;11:45:32;nan;10;Pomme de terre_Virus
Ipt00014;../data/Bousset2_data/Images/Pomme de terre/Virus/Ipt00014.jpg;Pomme de terre;Virus;Pomme de terre_Virus;Pomme de terre;1VIUUD ;;Virus;plusieurs, non déterminés;train;Virus;2024:06:27;11:45:34;nan;10;Pomme de terre_Virus
Ipt00015;../data/Bousset2_data/Images/Pomme de terre/Virus/Ipt00015.jpg;Pomme de terre;Virus;Pomme de terre_Virus;Pomme de terre;1VIUUD ;;Virus;plusieurs, non déterminés;train;Virus;2024:06:27;11:45:46;nan;10;Pomme de terre_Virus
Ipt00016;../data/Bousset2_data/Images/Pomme de terre/Virus/Ipt00016.jpg;Pomme de terre;Virus;Pomme de terre_Virus;Pomme de terre;1VIUUD ;;Virus;plusieurs, non déterminés;train;Virus;2024:06:27;11:45:47;nan;10;Pomme de terre_Virus
Ipt00017;../data/Bousset2_data/Images/Pomme de terre/Virus/Ipt00017.jpg;Pomme de terre;Virus;Pomme de terre_Virus;Pomme de terre;1VIUUD ;;Virus;plusieurs, non déterminés;train;Virus;2024:06:27;11:45:49;nan;10;Pomme de terre_Virus
Ipt00018;../data/Bousset2_data/Images/Pomme de terre/Virus/Ipt00018.jpg;Pomme de terre;Virus;Pomme de terre_Virus;Pomme de terre;1VIUUD ;;Virus;plusieurs, non déterminés;train;Virus;2024:06:27;11:45:52;nan;10;Pomme de terre_Virus
Ipt00019;../data/Bousset2_data/Images/Pomme de terre/Virus/Ipt00019.jpg;Pomme de terre;Virus;Pomme de terre_Virus;Pomme de terre;1VIUUD ;;Virus;plusieurs, non déterminés;train;Virus;2024:06:27;11:45:54;nan;10;Pomme de terre_Virus
Ipt00021;../data/Bousset2_data/Images/Pomme de terre/Virus/Ipt00021.jpg;Pomme de terre;Virus;Pomme de terre_Virus;Pomme de terre;1VIUUD ;;Virus;plusieurs, non déterminés;train;Virus;2024:06:27;11:46:45;nan;10;Pomme de terre_Virus
Ipt00022;../data/Bousset2_data/Images/Pomme de terre/Virus/Ipt00022.jpg;Pomme de terre;Virus;Pomme de terre_Virus;Pomme de terre;1VIUUD ;;Virus;plusieurs, non déterminés;train;Virus;2024:06:27;11:46:47;nan;10;Pomme de terre_Virus
Ipt00023;../data/Bousset2_data/Images/Pomme de terre/Virus/Ipt00023.jpg;Pomme de terre;Virus;Pomme de terre_Virus;Pomme de terre;1VIUUD ;;Virus;plusieurs, non déterminés;train;Virus;2024:06:27;11:46:51;nan;10;Pomme de terre_Virus
Ipt00024;../data/Bousset2_data/Images/Pomme de terre/Virus/Ipt00024.jpg;Pomme de terre;Virus;Pomme de terre_Virus;Pomme de terre;1VIUUD ;;Virus;plusieurs, non déterminés;train;Virus;2024:06:27;11:46:53;nan;10;Pomme de terre_Virus
Ipt00036;../data/Bousset2_data/Images/Pomme de terre/Virus/Ipt00036.jpg;Pomme de terre;Virus;Pomme de terre_Virus;Pomme de terre;1VIUUD ;;Virus;plusieurs, non déterminés;train;Virus;2024:06:27;11:48:59;nan;10;Pomme de terre_Virus
Ipt00037;../data/Bousset2_data/Images/Pomme de terre/Virus/Ipt00037.jpg;Pomme de terre;Virus;Pomme de terre_Virus;Pomme de terre;1VIUUD ;;Virus;plusieurs, non déterminés;train;Virus;2024:06:27;11:49:03;nan;10;Pomme de terre_Virus
Ipt00038;../data/Bousset2_data/Images/Pomme de terre/Virus/Ipt00038.jpg;Pomme de terre;Virus;Pomme de terre_Virus;Pomme de terre;1VIUUD ;;Virus;plusieurs, non déterminés;train;Virus;2024:06:27;11:49:05;nan;10;Pomme de terre_Virus
Ipt00039;../data/Bousset2_data/Images/Pomme de terre/Virus/Ipt00039.jpg;Pomme de terre;Virus;Pomme de terre_Virus;Pomme de terre;1VIUUD ;;Virus;plusieurs, non déterminés;train;Virus;2024:06:27;11:49:08;nan;10;Pomme de terre_Virus
Ipt00040;../data/Bousset2_data/Images/Pomme de terre/Virus/Ipt00040.jpg;Pomme de terre;Virus;Pomme de terre_Virus;Pomme de terre;1VIUUD ;;Virus;plusieurs, non déterminés;train;Virus;2024:06:27;11:49:11;nan;10;Pomme de terre_Virus
Ipt00043;../data/Bousset2_data/Images/Pomme de terre/Virus/Ipt00043.jpg;Pomme de terre;Virus;Pomme de terre_Virus;Pomme de terre;1VIUUD ;;Virus;plusieurs, non déterminés;train;Virus;2024:06:27;11:49:21;nan;10;Pomme de terre_Virus
Ipt00045;../data/Bousset2_data/Images/Pomme de terre/Virus/Ipt00045.jpg;Pomme de terre;Virus;Pomme de terre_Virus;Pomme de terre;1VIUUD ;;Virus;plusieurs, non déterminés;train;Virus;2024:06:27;11:49:26;nan;10;Pomme de terre_Virus
Ipt00046;../data/Bousset2_data/Images/Pomme de terre/Virus/Ipt00046.jpg;Pomme de terre;Virus;Pomme de terre_Virus;Pomme de terre;1VIUUD ;;Virus;plusieurs, non déterminés;train;Virus;2024:06:27;11:49:29;nan;10;Pomme de terre_Virus
Ipt00049;../data/Bousset2_data/Images/Pomme de terre/Virus/Ipt00049.jpg;Pomme de terre;Virus;Pomme de terre_Virus;Pomme de terre;1VIUUD ;;Virus;plusieurs, non déterminés;train;Virus;2024:06:27;11:50:37;nan;10;Pomme de terre_Virus
Ipt00050;../data/Bousset2_data/Images/Pomme de terre/Virus/Ipt00050.jpg;Pomme de terre;Virus;Pomme de terre_Virus;Pomme de terre;1VIUUD ;;Virus;plusieurs, non déterminés;train;Virus;2024:06:27;11:50:39;nan;10;Pomme de terre_Virus
Ipt00051;../data/Bousset2_data/Images/Pomme de terre/Virus/Ipt00051.jpg;Pomme de terre;Virus;Pomme de terre_Virus;Pomme de terre;1VIUUD ;;Virus;plusieurs, non déterminés;train;Virus;2024:06:27;11:50:44;nan;10;Pomme de terre_Virus
Ipt00052;../data/Bousset2_data/Images/Pomme de terre/Virus/Ipt00052.jpg;Pomme de terre;Virus;Pomme de terre_Virus;Pomme de terre;1VIUUD ;;Virus;plusieurs, non déterminés;train;Virus;2024:06:27;11:50:46;nan;10;Pomme de terre_Virus
Ipt00053;../data/Bousset2_data/Images/Pomme de terre/Virus/Ipt00053.jpg;Pomme de terre;Virus;Pomme de terre_Virus;Pomme de terre;1VIUUD ;;Virus;plusieurs, non déterminés;train;Virus;2024:06:27;11:50:53;nan;10;Pomme de terre_Virus
Ipt00054;../data/Bousset2_data/Images/Pomme de terre/Virus/Ipt00054.jpg;Pomme de terre;Virus;Pomme de terre_Virus;Pomme de terre;1VIUUD ;;Virus;plusieurs, non déterminés;train;Virus;2024:06:27;11:50:59;nan;10;Pomme de terre_Virus
Ipt00055;../data/Bousset2_data/Images/Pomme de terre/Virus/Ipt00055.jpg;Pomme de terre;Virus;Pomme de terre_Virus;Pomme de terre;1VIUUD ;;Virus;plusieurs, non déterminés;train;Virus;2024:06:27;11:51:02;nan;10;Pomme de terre_Virus
Ipt00115;../data/Bousset2_data/Images/Pomme de terre/Virus/Ipt00115.jpg;Pomme de terre;Virus;Pomme de terre_Virus;Pomme de terre;1VIUUD ;;Virus;plusieurs, non déterminés;train;Virus;2024:07:11;12:24:26;nan;10;Pomme de terre_Virus
Ipt00116;../data/Bousset2_data/Images/Pomme de terre/Virus/Ipt00116.jpg;Pomme de terre;Virus;Pomme de terre_Virus;Pomme de terre;1VIUUD ;;Virus;plusieurs, non déterminés;train;Virus;2024:07:11;12:24:28;nan;10;Pomme de terre_Virus
Ipt00117;../data/Bousset2_data/Images/Pomme de terre/Virus/Ipt00117.jpg;Pomme de terre;Virus;Pomme de terre_Virus;Pomme de terre;1VIUUD ;;Virus;plusieurs, non déterminés;train;Virus;2024:07:11;12:24:30;nan;10;Pomme de terre_Virus
Ipt00118;../data/Bousset2_data/Images/Pomme de terre/Virus/Ipt00118.jpg;Pomme de terre;Virus;Pomme de terre_Virus;Pomme de terre;1VIUUD ;;Virus;plusieurs, non déterminés;train;Virus;2024:07:11;12:24:31;nan;10;Pomme de terre_Virus
Ipt00119;../data/Bousset2_data/Images/Pomme de terre/Virus/Ipt00119.jpg;Pomme de terre;Virus;Pomme de terre_Virus;Pomme de terre;1VIUUD ;;Virus;plusieurs, non déterminés;train;Virus;2024:07:11;12:24:33;nan;10;Pomme de terre_Virus
Ipt00120;../data/Bousset2_data/Images/Pomme de terre/Virus/Ipt00120.jpg;Pomme de terre;Virus;Pomme de terre_Virus;Pomme de terre;1VIUUD ;;Virus;plusieurs, non déterminés;train;Virus;2024:07:11;12:24:37;nan;10;Pomme de terre_Virus
Ipt00121;../data/Bousset2_data/Images/Pomme de terre/Virus/Ipt00121.jpg;Pomme de terre;Virus;Pomme de terre_Virus;Pomme de terre;1VIUUD ;;Virus;plusieurs, non déterminés;train;Virus;2024:07:11;12:24:39;nan;10;Pomme de terre_Virus
Ipt00122;../data/Bousset2_data/Images/Pomme de terre/Virus/Ipt00122.jpg;Pomme de terre;Virus;Pomme de terre_Virus;Pomme de terre;1VIUUD ;;Virus;plusieurs, non déterminés;train;Virus;2024:07:11;12:24:42;nan;10;Pomme de terre_Virus
Ipt00123;../data/Bousset2_data/Images/Pomme de terre/Virus/Ipt00123.jpg;Pomme de terre;Virus;Pomme de terre_Virus;Pomme de terre;1VIUUD ;;Virus;plusieurs, non déterminés;train;Virus;2024:07:11;12:24:44;nan;10;Pomme de terre_Virus
Ipt00124;../data/Bousset2_data/Images/Pomme de terre/Virus/Ipt00124.jpg;Pomme de terre;Virus;Pomme de terre_Virus;Pomme de terre;1VIUUD ;;Virus;plusieurs, non déterminés;train;Virus;2024:07:11;12:24:47;nan;10;Pomme de terre_Virus
Ipt00125;../data/Bousset2_data/Images/Pomme de terre/Virus/Ipt00125.jpg;Pomme de terre;Virus;Pomme de terre_Virus;Pomme de terre;1VIUUD ;;Virus;plusieurs, non déterminés;train;Virus;2024:07:11;12:24:49;nan;10;Pomme de terre_Virus
Ipt00126;../data/Bousset2_data/Images/Pomme de terre/Virus/Ipt00126.jpg;Pomme de terre;Virus;Pomme de terre_Virus;Pomme de terre;1VIUUD ;;Virus;plusieurs, non déterminés;train;Virus;2024:07:11;12:24:50;nan;10;Pomme de terre_Virus
Ipt00127;../data/Bousset2_data/Images/Pomme de terre/Virus/Ipt00127.jpg;Pomme de terre;Virus;Pomme de terre_Virus;Pomme de terre;1VIUUD ;;Virus;plusieurs, non déterminés;train;Virus;2024:07:11;12:24:52;nan;10;Pomme de terre_Virus
Ipt00128;../data/Bousset2_data/Images/Pomme de terre/Virus/Ipt00128.jpg;Pomme de terre;Virus;Pomme de terre_Virus;Pomme de terre;1VIUUD ;;Virus;plusieurs, non déterminés;train;Virus;2024:07:11;12:24:54;nan;10;Pomme de terre_Virus
Ipt00129;../data/Bousset2_data/Images/Pomme de terre/Virus/Ipt00129.jpg;Pomme de terre;Virus;Pomme de terre_Virus;Pomme de terre;1VIUUD ;;Virus;plusieurs, non déterminés;train;Virus;2024:07:11;12:24:56;nan;10;Pomme de terre_Virus
Ipt00130;../data/Bousset2_data/Images/Pomme de terre/Virus/Ipt00130.jpg;Pomme de terre;Virus;Pomme de terre_Virus;Pomme de terre;1VIUUD ;;Virus;plusieurs, non déterminés;train;Virus;2024:07:11;12:25:13;nan;10;Pomme de terre_Virus
Ipt00131;../data/Bousset2_data/Images/Pomme de terre/Virus/Ipt00131.jpg;Pomme de terre;Virus;Pomme de terre_Virus;Pomme de terre;1VIUUD ;;Virus;plusieurs, non déterminés;train;Virus;2024:07:11;12:25:15;nan;10;Pomme de terre_Virus
Ipt00132;../data/Bousset2_data/Images/Pomme de terre/Virus/Ipt00132.jpg;Pomme de terre;Virus;Pomme de terre_Virus;Pomme de terre;1VIUUD ;;Virus;plusieurs, non déterminés;train;Virus;2024:07:11;12:25:17;nan;10;Pomme de terre_Virus
Ipt00152;../data/Bousset2_data/Images/Pomme de terre/Virus/Ipt00152.jpg;Pomme de terre;Virus;Pomme de terre_Virus;Pomme de terre;1VIUUD ;;Virus;plusieurs, non déterminés;train;Virus;2024:07:11;12:27:52;nan;10;Pomme de terre_Virus
Ipt00156;../data/Bousset2_data/Images/Pomme de terre/Virus/Ipt00156.jpg;Pomme de terre;Virus;Pomme de terre_Virus;Pomme de terre;1VIUUD ;;Virus;plusieurs, non déterminés;train;Virus;2024:07:11;12:28:37;nan;10;Pomme de terre_Virus
Ipt00157;../data/Bousset2_data/Images/Pomme de terre/Virus/Ipt00157.jpg;Pomme de terre;Virus;Pomme de terre_Virus;Pomme de terre;1VIUUD ;;Virus;plusieurs, non déterminés;train;Virus;2024:07:11;12:28:43;nan;10;Pomme de terre_Virus
Ipt00185;../data/Bousset2_data/Images/Pomme de terre/Virus/Ipt00185.jpg;Pomme de terre;Virus;Pomme de terre_Virus;Pomme de terre;1VIUUD ;;Virus;plusieurs, non déterminés;train;Virus;2024:07:11;12:33:30;nan;10;Pomme de terre_Virus
Ipt00186;../data/Bousset2_data/Images/Pomme de terre/Virus/Ipt00186.jpg;Pomme de terre;Virus;Pomme de terre_Virus;Pomme de terre;1VIUUD ;;Virus;plusieurs, non déterminés;train;Virus;2024:07:11;12:33:33;nan;10;Pomme de terre_Virus
Ipt00187;../data/Bousset2_data/Images/Pomme de terre/Virus/Ipt00187.jpg;Pomme de terre;Virus;Pomme de terre_Virus;Pomme de terre;1VIUUD ;;Virus;plusieurs, non déterminés;train;Virus;2024:07:11;12:33:34;nan;10;Pomme de terre_Virus
Ipt00188;../data/Bousset2_data/Images/Pomme de terre/Virus/Ipt00188.jpg;Pomme de terre;Virus;Pomme de terre_Virus;Pomme de terre;1VIUUD ;;Virus;plusieurs, non déterminés;train;Virus;2024:07:11;12:33:36;nan;10;Pomme de terre_Virus
Ipt00189;../data/Bousset2_data/Images/Pomme de terre/Virus/Ipt00189.jpg;Pomme de terre;Virus;Pomme de terre_Virus;Pomme de terre;1VIUUD ;;Virus;plusieurs, non déterminés;train;Virus;2024:07:11;12:33:39;nan;10;Pomme de terre_Virus
Ipt00190;../data/Bousset2_data/Images/Pomme de terre/Virus/Ipt00190.jpg;Pomme de terre;Virus;Pomme de terre_Virus;Pomme de terre;1VIUUD ;;Virus;plusieurs, non déterminés;train;Virus;2024:07:11;12:33:43;nan;10;Pomme de terre_Virus
Ipt00191;../data/Bousset2_data/Images/Pomme de terre/Virus/Ipt00191.jpg;Pomme de terre;Virus;Pomme de terre_Virus;Pomme de terre;1VIUUD ;;Virus;plusieurs, non déterminés;train;Virus;2024:07:11;12:33:45;nan;10;Pomme de terre_Virus
Ipt00192;../data/Bousset2_data/Images/Pomme de terre/Virus/Ipt00192.jpg;Pomme de terre;Virus;Pomme de terre_Virus;Pomme de terre;1VIUUD ;;Virus;plusieurs, non déterminés;train;Virus;2024:07:11;12:33:49;nan;10;Pomme de terre_Virus
Ipt00193;../data/Bousset2_data/Images/Pomme de terre/Virus/Ipt00193.jpg;Pomme de terre;Virus;Pomme de terre_Virus;Pomme de terre;1VIUUD ;;Virus;plusieurs, non déterminés;train;Virus;2024:07:11;12:33:51;nan;10;Pomme de terre_Virus
Ipt00194;../data/Bousset2_data/Images/Pomme de terre/Virus/Ipt00194.jpg;Pomme de terre;Virus;Pomme de terre_Virus;Pomme de terre;1VIUUD ;;Virus;plusieurs, non déterminés;train;Virus;2024:07:11;12:33:55;nan;10;Pomme de terre_Virus
Ipt00221;../data/Bousset2_data/Images/Pomme de terre/Virus/Ipt00221.jpg;Pomme de terre;Virus;Pomme de terre_Virus;Pomme de terre;1VIUUD ;;Virus;plusieurs, non déterminés;train;Virus;2024:07:11;12:36:29;nan;10;Pomme de terre_Virus
Ipt00222;../data/Bousset2_data/Images/Pomme de terre/Virus/Ipt00222.jpg;Pomme de terre;Virus;Pomme de terre_Virus;Pomme de terre;1VIUUD ;;Virus;plusieurs, non déterminés;train;Virus;2024:07:11;12:36:32;nan;10;Pomme de terre_Virus
Ipt00223;../data/Bousset2_data/Images/Pomme de terre/Virus/Ipt00223.jpg;Pomme de terre;Virus;Pomme de terre_Virus;Pomme de terre;1VIUUD ;;Virus;plusieurs, non déterminés;train;Virus;2024:07:11;12:36:41;nan;10;Pomme de terre_Virus
Ipt00224;../data/Bousset2_data/Images/Pomme de terre/Virus/Ipt00224.jpg;Pomme de terre;Virus;Pomme de terre_Virus;Pomme de terre;1VIUUD ;;Virus;plusieurs, non déterminés;train;Virus;2024:07:11;12:36:43;nan;10;Pomme de terre_Virus
Ipt00225;../data/Bousset2_data/Images/Pomme de terre/Virus/Ipt00225.jpg;Pomme de terre;Virus;Pomme de terre_Virus;Pomme de terre;1VIUUD ;;Virus;plusieurs, non déterminés;train;Virus;2024:07:11;12:36:45;nan;10;Pomme de terre_Virus
Ipt00226;../data/Bousset2_data/Images/Pomme de terre/Virus/Ipt00226.jpg;Pomme de terre;Virus;Pomme de terre_Virus;Pomme de terre;1VIUUD ;;Virus;plusieurs, non déterminés;train;Virus;2024:07:11;12:36:47;nan;10;Pomme de terre_Virus
Ipt00294;../data/Bousset2_data/Images/Pomme de terre/Virus/Ipt00294.jpg;Pomme de terre;Virus;Pomme de terre_Virus;Pomme de terre;1VIUUD ;;Virus;plusieurs, non déterminés;train;Virus;2024:07:11;12:49:10;nan;10;Pomme de terre_Virus
Ipt00295;../data/Bousset2_data/Images/Pomme de terre/Virus/Ipt00295.jpg;Pomme de terre;Virus;Pomme de terre_Virus;Pomme de terre;1VIUUD ;;Virus;plusieurs, non déterminés;train;Virus;2024:07:11;12:49:11;nan;10;Pomme de terre_Virus
Ipt00296;../data/Bousset2_data/Images/Pomme de terre/Virus/Ipt00296.jpg;Pomme de terre;Virus;Pomme de terre_Virus;Pomme de terre;1VIUUD ;;Virus;plusieurs, non déterminés;train;Virus;2024:07:11;12:49:13;nan;10;Pomme de terre_Virus
Ipt00297;../data/Bousset2_data/Images/Pomme de terre/Virus/Ipt00297.jpg;Pomme de terre;Virus;Pomme de terre_Virus;Pomme de terre;1VIUUD ;;Virus;plusieurs, non déterminés;train;Virus;2024:07:11;12:49:15;nan;10;Pomme de terre_Virus
Ipt00298;../data/Bousset2_data/Images/Pomme de terre/Virus/Ipt00298.jpg;Pomme de terre;Virus;Pomme de terre_Virus;Pomme de terre;1VIUUD ;;Virus;plusieurs, non déterminés;train;Virus;2024:07:11;12:49:17;nan;10;Pomme de terre_Virus
Ipt00299;../data/Bousset2_data/Images/Pomme de terre/Virus/Ipt00299.jpg;Pomme de terre;Virus;Pomme de terre_Virus;Pomme de terre;1VIUUD ;;Virus;plusieurs, non déterminés;train;Virus;2024:07:11;12:49:21;nan;10;Pomme de terre_Virus
Ipt00301;../data/Bousset2_data/Images/Pomme de terre/Virus/Ipt00301.jpg;Pomme de terre;Virus;Pomme de terre_Virus;Pomme de terre;1VIUUD ;;Virus;plusieurs, non déterminés;train;Virus;2024:07:11;12:49:40;nan;10;Pomme de terre_Virus
Ipt00342;../data/Bousset2_data/Images/Pomme de terre/Virus/Ipt00342.jpg;Pomme de terre;Virus;Pomme de terre_Virus;Pomme de terre;1VIUUD ;;Virus;plusieurs, non déterminés;train;Virus;2024:07:24;12:55:06;nan;10;Pomme de terre_Virus
Ipt00393;../data/Bousset2_data/Images/Pomme de terre/Virus/Ipt00393.jpg;Pomme de terre;Virus;Pomme de terre_Virus;Pomme de terre;1VIUUD ;;Virus;plusieurs, non déterminés;train;Virus;2024:07:24;12:57:28;nan;10;Pomme de terre_Virus
Ito00040;../data/VAULT/Bousset2_data/Images/Tournesol/0_Saines/Ito00040.jpg;Tournesol;0_Saines;Tournesol_0_Saines;Tournesol;;;0_Saines;Asymptomatiques;vault;0_Saines;2024:07:25;11:58:22;nan;23;Tournesol_0_Saines
Ito00083;../data/VAULT/Bousset2_data/Images/Tournesol/0_Saines/Ito00083.jpg;Tournesol;0_Saines;Tournesol_0_Saines;Tournesol;;;0_Saines;Asymptomatiques;vault;0_Saines;2024:07:25;12:02:51;nan;23;Tournesol_0_Saines
Ito00084;../data/VAULT/Bousset2_data/Images/Tournesol/0_Saines/Ito00084.jpg;Tournesol;0_Saines;Tournesol_0_Saines;Tournesol;;;0_Saines;Asymptomatiques;vault;0_Saines;2024:07:25;12:02:53;nan;23;Tournesol_0_Saines
Ito00085;../data/VAULT/Bousset2_data/Images/Tournesol/0_Saines/Ito00085.jpg;Tournesol;0_Saines;Tournesol_0_Saines;Tournesol;;;0_Saines;Asymptomatiques;vault;0_Saines;2024:07:25;12:02:54;nan;23;Tournesol_0_Saines
Ito00091;../data/VAULT/Bousset2_data/Images/Tournesol/0_Saines/Ito00091.jpg;Tournesol;0_Saines;Tournesol_0_Saines;Tournesol;;;0_Saines;Asymptomatiques;vault;0_Saines;2024:07:25;12:03:30;nan;23;Tournesol_0_Saines
Ito00092;../data/VAULT/Bousset2_data/Images/Tournesol/0_Saines/Ito00092.jpg;Tournesol;0_Saines;Tournesol_0_Saines;Tournesol;;;0_Saines;Asymptomatiques;vault;0_Saines;2024:07:25;12:03:32;nan;23;Tournesol_0_Saines
Ito00093;../data/VAULT/Bousset2_data/Images/Tournesol/0_Saines/Ito00093.jpg;Tournesol;0_Saines;Tournesol_0_Saines;Tournesol;;;0_Saines;Asymptomatiques;vault;0_Saines;2024:07:25;12:03:33;nan;23;Tournesol_0_Saines
Ito00109;../data/VAULT/Bousset2_data/Images/Tournesol/0_Saines/Ito00109.jpg;Tournesol;0_Saines;Tournesol_0_Saines;Tournesol;;;0_Saines;Asymptomatiques;vault;0_Saines;2024:07:25;12:05:11;nan;23;Tournesol_0_Saines
Ito00110;../data/VAULT/Bousset2_data/Images/Tournesol/0_Saines/Ito00110.jpg;Tournesol;0_Saines;Tournesol_0_Saines;Tournesol;;;0_Saines;Asymptomatiques;vault;0_Saines;2024:07:25;12:05:13;nan;23;Tournesol_0_Saines
Ito00151;../data/VAULT/Bousset2_data/Images/Tournesol/0_Saines/Ito00151.jpg;Tournesol;0_Saines;Tournesol_0_Saines;Tournesol;;;0_Saines;Asymptomatiques;vault;0_Saines;2024:07:25;12:08:36;nan;23;Tournesol_0_Saines
Ito00152;../data/VAULT/Bousset2_data/Images/Tournesol/0_Saines/Ito00152.jpg;Tournesol;0_Saines;Tournesol_0_Saines;Tournesol;;;0_Saines;Asymptomatiques;vault;0_Saines;2024:07:25;12:08:38;nan;23;Tournesol_0_Saines
Ito00163;../data/VAULT/Bousset2_data/Images/Tournesol/0_Saines/Ito00163.jpg;Tournesol;0_Saines;Tournesol_0_Saines;Tournesol;;;0_Saines;Asymptomatiques;vault;0_Saines;2024:07:25;12:09:18;nan;23;Tournesol_0_Saines
Ito00164;../data/VAULT/Bousset2_data/Images/Tournesol/0_Saines/Ito00164.jpg;Tournesol;0_Saines;Tournesol_0_Saines;Tournesol;;;0_Saines;Asymptomatiques;vault;0_Saines;2024:07:25;12:09:20;nan;23;Tournesol_0_Saines
Ito00173;../data/VAULT/Bousset2_data/Images/Tournesol/0_Saines/Ito00173.jpg;Tournesol;0_Saines;Tournesol_0_Saines;Tournesol;;;0_Saines;Asymptomatiques;vault;0_Saines;2024:07:25;12:10:30;nan;23;Tournesol_0_Saines
Ito00174;../data/VAULT/Bousset2_data/Images/Tournesol/0_Saines/Ito00174.jpg;Tournesol;0_Saines;Tournesol_0_Saines;Tournesol;;;0_Saines;Asymptomatiques;vault;0_Saines;2024:07:25;12:10:32;nan;23;Tournesol_0_Saines
Ito00192;../data/VAULT/Bousset2_data/Images/Tournesol/0_Saines/Ito00192.jpg;Tournesol;0_Saines;Tournesol_0_Saines;Tournesol;;;0_Saines;Asymptomatiques;vault;0_Saines;2024:07:25;12:12:21;nan;23;Tournesol_0_Saines
Ito00193;../data/VAULT/Bousset2_data/Images/Tournesol/0_Saines/Ito00193.jpg;Tournesol;0_Saines;Tournesol_0_Saines;Tournesol;;;0_Saines;Asymptomatiques;vault;0_Saines;2024:07:25;12:12:22;nan;23;Tournesol_0_Saines
Ito00194;../data/VAULT/Bousset2_data/Images/Tournesol/0_Saines/Ito00194.jpg;Tournesol;0_Saines;Tournesol_0_Saines;Tournesol;;;0_Saines;Asymptomatiques;vault;0_Saines;2024:07:25;12:12:24;nan;23;Tournesol_0_Saines
Ito00207;../data/VAULT/Bousset2_data/Images/Tournesol/0_Saines/Ito00207.jpg;Tournesol;0_Saines;Tournesol_0_Saines;Tournesol;;;0_Saines;Asymptomatiques;vault;0_Saines;2024:07:25;12:13:37;nan;23;Tournesol_0_Saines
Ito00215;../data/VAULT/Bousset2_data/Images/Tournesol/0_Saines/Ito00215.jpg;Tournesol;0_Saines;Tournesol_0_Saines;Tournesol;;;0_Saines;Asymptomatiques;vault;0_Saines;2024:07:25;12:14:51;nan;23;Tournesol_0_Saines
Ito00217;../data/VAULT/Bousset2_data/Images/Tournesol/0_Saines/Ito00217.jpg;Tournesol;0_Saines;Tournesol_0_Saines;Tournesol;;;0_Saines;Asymptomatiques;vault;0_Saines;2024:07:25;12:15:05;nan;23;Tournesol_0_Saines
Ito00218;../data/VAULT/Bousset2_data/Images/Tournesol/0_Saines/Ito00218.jpg;Tournesol;0_Saines;Tournesol_0_Saines;Tournesol;;;0_Saines;Asymptomatiques;vault;0_Saines;2024:07:25;12:15:13;nan;23;Tournesol_0_Saines
Ito00226;../data/VAULT/Bousset2_data/Images/Tournesol/0_Saines/Ito00226.jpg;Tournesol;0_Saines;Tournesol_0_Saines;Tournesol;;;0_Saines;Asymptomatiques;vault;0_Saines;2024:07:25;12:16:10;nan;23;Tournesol_0_Saines
Ito00227;../data/VAULT/Bousset2_data/Images/Tournesol/0_Saines/Ito00227.jpg;Tournesol;0_Saines;Tournesol_0_Saines;Tournesol;;;0_Saines;Asymptomatiques;vault;0_Saines;2024:07:25;12:16:12;nan;23;Tournesol_0_Saines
Ito00229;../data/VAULT/Bousset2_data/Images/Tournesol/0_Saines/Ito00229.jpg;Tournesol;0_Saines;Tournesol_0_Saines;Tournesol;;;0_Saines;Asymptomatiques;vault;0_Saines;2024:07:25;12:16:20;nan;23;Tournesol_0_Saines
Ito00255;../data/VAULT/Bousset2_data/Images/Tournesol/0_Saines/Ito00255.jpg;Tournesol;0_Saines;Tournesol_0_Saines;Tournesol;;;0_Saines;Asymptomatiques;vault;0_Saines;2024:07:25;12:18:27;nan;23;Tournesol_0_Saines
Ito00256;../data/VAULT/Bousset2_data/Images/Tournesol/0_Saines/Ito00256.jpg;Tournesol;0_Saines;Tournesol_0_Saines;Tournesol;;;0_Saines;Asymptomatiques;vault;0_Saines;2024:07:25;12:18:28;nan;23;Tournesol_0_Saines
Ito00257;../data/VAULT/Bousset2_data/Images/Tournesol/0_Saines/Ito00257.jpg;Tournesol;0_Saines;Tournesol_0_Saines;Tournesol;;;0_Saines;Asymptomatiques;vault;0_Saines;2024:07:25;12:18:30;nan;23;Tournesol_0_Saines
Ito00281;../data/VAULT/Bousset2_data/Images/Tournesol/0_Saines/Ito00281.jpg;Tournesol;0_Saines;Tournesol_0_Saines;Tournesol;;;0_Saines;Asymptomatiques;vault;0_Saines;2024:07:25;12:20:44;nan;23;Tournesol_0_Saines
Ito00282;../data/VAULT/Bousset2_data/Images/Tournesol/0_Saines/Ito00282.jpg;Tournesol;0_Saines;Tournesol_0_Saines;Tournesol;;;0_Saines;Asymptomatiques;vault;0_Saines;2024:07:25;12:20:45;nan;23;Tournesol_0_Saines
Ito00301;../data/VAULT/Bousset2_data/Images/Tournesol/0_Saines/Ito00301.jpg;Tournesol;0_Saines;Tournesol_0_Saines;Tournesol;;;0_Saines;Asymptomatiques;vault;0_Saines;2024:07:25;12:22:13;nan;23;Tournesol_0_Saines
Ito00302;../data/VAULT/Bousset2_data/Images/Tournesol/0_Saines/Ito00302.jpg;Tournesol;0_Saines;Tournesol_0_Saines;Tournesol;;;0_Saines;Asymptomatiques;vault;0_Saines;2024:07:25;12:22:15;nan;23;Tournesol_0_Saines
Ito00303;../data/VAULT/Bousset2_data/Images/Tournesol/0_Saines/Ito00303.jpg;Tournesol;0_Saines;Tournesol_0_Saines;Tournesol;;;0_Saines;Asymptomatiques;vault;0_Saines;2024:07:25;12:22:16;nan;23;Tournesol_0_Saines
Ito00330;../data/VAULT/Bousset2_data/Images/Tournesol/0_Saines/Ito00330.jpg;Tournesol;0_Saines;Tournesol_0_Saines;Tournesol;;;0_Saines;Asymptomatiques;vault;0_Saines;2024:07:25;12:24:46;nan;23;Tournesol_0_Saines
Ito00331;../data/VAULT/Bousset2_data/Images/Tournesol/0_Saines/Ito00331.jpg;Tournesol;0_Saines;Tournesol_0_Saines;Tournesol;;;0_Saines;Asymptomatiques;vault;0_Saines;2024:07:25;12:24:47;nan;23;Tournesol_0_Saines
Ito00365;../data/VAULT/Bousset2_data/Images/Tournesol/0_Saines/Ito00365.jpg;Tournesol;0_Saines;Tournesol_0_Saines;Tournesol;;;0_Saines;Asymptomatiques;vault;0_Saines;2024:07:25;12:27:31;nan;23;Tournesol_0_Saines
Ito00366;../data/VAULT/Bousset2_data/Images/Tournesol/0_Saines/Ito00366.jpg;Tournesol;0_Saines;Tournesol_0_Saines;Tournesol;;;0_Saines;Asymptomatiques;vault;0_Saines;2024:07:25;12:27:34;nan;23;Tournesol_0_Saines
Ito00368;../data/VAULT/Bousset2_data/Images/Tournesol/0_Saines/Ito00368.jpg;Tournesol;0_Saines;Tournesol_0_Saines;Tournesol;;;0_Saines;Asymptomatiques;vault;0_Saines;2024:07:25;12:27:38;nan;23;Tournesol_0_Saines
Ito00396;../data/Bousset2_data/Images/Tournesol/0_Saines/Ito00396.jpg;Tournesol;0_Saines;Tournesol_0_Saines;Tournesol;;;0_Saines;Asymptomatiques;train;0_Saines;2024:08:01;12:48:11;nan;23;Tournesol_0_Saines
Ito00397;../data/Bousset2_data/Images/Tournesol/0_Saines/Ito00397.jpg;Tournesol;0_Saines;Tournesol_0_Saines;Tournesol;;;0_Saines;Asymptomatiques;train;0_Saines;2024:08:01;12:48:13;nan;23;Tournesol_0_Saines
Ito00411;../data/Bousset2_data/Images/Tournesol/0_Saines/Ito00411.jpg;Tournesol;0_Saines;Tournesol_0_Saines;Tournesol;;;0_Saines;Asymptomatiques;train;0_Saines;2024:08:01;12:49:20;nan;23;Tournesol_0_Saines
Ito00412;../data/Bousset2_data/Images/Tournesol/0_Saines/Ito00412.jpg;Tournesol;0_Saines;Tournesol_0_Saines;Tournesol;;;0_Saines;Asymptomatiques;train;0_Saines;2024:08:01;12:49:21;nan;23;Tournesol_0_Saines
Ito00413;../data/Bousset2_data/Images/Tournesol/0_Saines/Ito00413.jpg;Tournesol;0_Saines;Tournesol_0_Saines;Tournesol;;;0_Saines;Asymptomatiques;train;0_Saines;2024:08:01;12:49:23;nan;23;Tournesol_0_Saines
Ito00414;../data/Bousset2_data/Images/Tournesol/0_Saines/Ito00414.jpg;Tournesol;0_Saines;Tournesol_0_Saines;Tournesol;;;0_Saines;Asymptomatiques;train;0_Saines;2024:08:01;12:49:25;nan;23;Tournesol_0_Saines
Ito00451;../data/Bousset2_data/Images/Tournesol/0_Saines/Ito00451.jpg;Tournesol;0_Saines;Tournesol_0_Saines;Tournesol;;;0_Saines;Asymptomatiques;train;0_Saines;2024:08:01;12:51:55;nan;23;Tournesol_0_Saines
Ito00452;../data/Bousset2_data/Images/Tournesol/0_Saines/Ito00452.jpg;Tournesol;0_Saines;Tournesol_0_Saines;Tournesol;;;0_Saines;Asymptomatiques;train;0_Saines;2024:08:01;12:51:57;nan;23;Tournesol_0_Saines
Ito00467;../data/Bousset2_data/Images/Tournesol/0_Saines/Ito00467.jpg;Tournesol;0_Saines;Tournesol_0_Saines;Tournesol;;;0_Saines;Asymptomatiques;train;0_Saines;2024:08:01;12:53:39;nan;23;Tournesol_0_Saines
Ito00502;../data/Bousset2_data/Images/Tournesol/0_Saines/Ito00502.jpg;Tournesol;0_Saines;Tournesol_0_Saines;Tournesol;;;0_Saines;Asymptomatiques;train;0_Saines;2024:08:01;12:57:48;nan;23;Tournesol_0_Saines
Ito00525;../data/Bousset2_data/Images/Tournesol/0_Saines/Ito00525.jpg;Tournesol;0_Saines;Tournesol_0_Saines;Tournesol;;;0_Saines;Asymptomatiques;train;0_Saines;2024:08:06;16:48:24;nan;23;Tournesol_0_Saines
Ito00526;../data/Bousset2_data/Images/Tournesol/0_Saines/Ito00526.jpg;Tournesol;0_Saines;Tournesol_0_Saines;Tournesol;;;0_Saines;Asymptomatiques;train;0_Saines;2024:08:06;16:48:27;nan;23;Tournesol_0_Saines
Ito00536;../data/Bousset2_data/Images/Tournesol/0_Saines/Ito00536.jpg;Tournesol;0_Saines;Tournesol_0_Saines;Tournesol;;;0_Saines;Asymptomatiques;train;0_Saines;2024:08:06;16:49:06;nan;23;Tournesol_0_Saines
Ito00537;../data/Bousset2_data/Images/Tournesol/0_Saines/Ito00537.jpg;Tournesol;0_Saines;Tournesol_0_Saines;Tournesol;;;0_Saines;Asymptomatiques;train;0_Saines;2024:08:06;16:49:09;nan;23;Tournesol_0_Saines
Ito00543;../data/Bousset2_data/Images/Tournesol/0_Saines/Ito00543.jpg;Tournesol;0_Saines;Tournesol_0_Saines;Tournesol;;;0_Saines;Asymptomatiques;train;0_Saines;2024:08:06;16:50:07;nan;23;Tournesol_0_Saines
Ito00547;../data/Bousset2_data/Images/Tournesol/0_Saines/Ito00547.jpg;Tournesol;0_Saines;Tournesol_0_Saines;Tournesol;;;0_Saines;Asymptomatiques;train;0_Saines;2024:08:06;16:50:51;nan;23;Tournesol_0_Saines
Ito00559;../data/Bousset2_data/Images/Tournesol/0_Saines/Ito00559.jpg;Tournesol;0_Saines;Tournesol_0_Saines;Tournesol;;;0_Saines;Asymptomatiques;train;0_Saines;2024:08:06;16:52:03;nan;23;Tournesol_0_Saines
Ito00560;../data/Bousset2_data/Images/Tournesol/0_Saines/Ito00560.jpg;Tournesol;0_Saines;Tournesol_0_Saines;Tournesol;;;0_Saines;Asymptomatiques;train;0_Saines;2024:08:06;16:52:05;nan;23;Tournesol_0_Saines
Ito00563;../data/Bousset2_data/Images/Tournesol/0_Saines/Ito00563.jpg;Tournesol;0_Saines;Tournesol_0_Saines;Tournesol;;;0_Saines;Asymptomatiques;train;0_Saines;2024:08:06;16:53:43;nan;23;Tournesol_0_Saines
Ito00568;../data/Bousset2_data/Images/Tournesol/0_Saines/Ito00568.jpg;Tournesol;0_Saines;Tournesol_0_Saines;Tournesol;;;0_Saines;Asymptomatiques;train;0_Saines;2024:08:06;16:55:09;nan;23;Tournesol_0_Saines
Ito00574;../data/Bousset2_data/Images/Tournesol/0_Saines/Ito00574.jpg;Tournesol;0_Saines;Tournesol_0_Saines;Tournesol;;;0_Saines;Asymptomatiques;train;0_Saines;2024:08:14;20:21:52;nan;23;Tournesol_0_Saines
Ito00575;../data/Bousset2_data/Images/Tournesol/0_Saines/Ito00575.jpg;Tournesol;0_Saines;Tournesol_0_Saines;Tournesol;;;0_Saines;Asymptomatiques;train;0_Saines;2024:08:14;20:21:54;nan;23;Tournesol_0_Saines
Ito00582;../data/Bousset2_data/Images/Tournesol/0_Saines/Ito00582.jpg;Tournesol;0_Saines;Tournesol_0_Saines;Tournesol;;;0_Saines;Asymptomatiques;train;0_Saines;2024:08:14;20:22:25;nan;23;Tournesol_0_Saines
Ito00594;../data/Bousset2_data/Images/Tournesol/0_Saines/Ito00594.jpg;Tournesol;0_Saines;Tournesol_0_Saines;Tournesol;;;0_Saines;Asymptomatiques;train;0_Saines;2024:08:14;20:23:41;nan;23;Tournesol_0_Saines
Ito00627;../data/Bousset2_data/Images/Tournesol/0_Saines/Ito00627.jpg;Tournesol;0_Saines;Tournesol_0_Saines;Tournesol;;;0_Saines;Asymptomatiques;train;0_Saines;2024:08:16;11:32:00;nan;23;Tournesol_0_Saines
Ito00638;../data/Bousset2_data/Images/Tournesol/0_Saines/Ito00638.jpg;Tournesol;0_Saines;Tournesol_0_Saines;Tournesol;;;0_Saines;Asymptomatiques;train;0_Saines;2024:08:16;11:34:39;nan;23;Tournesol_0_Saines
Ito00014;../data/VAULT/Bousset2_data/Images/Tournesol/Alternaria/Ito00014.jpg;Tournesol;Alternaria;Tournesol_Alternaria;Tournesol;ALTEHE;Alternaria helianthi;Alternaria;;vault;Alternaria;2024:06:11;17:51:54;nan;3;Tournesol_Alternaria
Ito00022;../data/VAULT/Bousset2_data/Images/Tournesol/Alternaria/Ito00022.jpg;Tournesol;Alternaria;Tournesol_Alternaria;Tournesol;ALTEHE;Alternaria helianthi;Alternaria;;vault;Alternaria;2024:06:11;17:52:23;nan;3;Tournesol_Alternaria
Ito00024;../data/VAULT/Bousset2_data/Images/Tournesol/Alternaria/Ito00024.jpg;Tournesol;Alternaria;Tournesol_Alternaria;Tournesol;ALTEHE;Alternaria helianthi;Alternaria;;vault;Alternaria;2024:06:11;17:52:30;nan;3;Tournesol_Alternaria
Ito00025;../data/VAULT/Bousset2_data/Images/Tournesol/Alternaria/Ito00025.jpg;Tournesol;Alternaria;Tournesol_Alternaria;Tournesol;ALTEHE;Alternaria helianthi;Alternaria;;vault;Alternaria;2024:06:11;17:52:41;nan;3;Tournesol_Alternaria
Ito00031;../data/VAULT/Bousset2_data/Images/Tournesol/Alternaria/Ito00031.jpg;Tournesol;Alternaria;Tournesol_Alternaria;Tournesol;ALTEHE;Alternaria helianthi;Alternaria;;vault;Alternaria;2024:06:11;17:53:31;nan;3;Tournesol_Alternaria
Ito00069;../data/Bousset2_data/Images/Tournesol/Alternaria/Ito00069.jpg;Tournesol;Alternaria;Tournesol_Alternaria;Tournesol;ALTEHE;Alternaria helianthi;Alternaria;;train;Alternaria;2024:07:25;12:01:19;nan;3;Tournesol_Alternaria
Ito00086;../data/Bousset2_data/Images/Tournesol/Alternaria/Ito00086.jpg;Tournesol;Alternaria;Tournesol_Alternaria;Tournesol;ALTEHE;Alternaria helianthi;Alternaria;;train;Alternaria;2024:07:25;12:03:03;nan;3;Tournesol_Alternaria
Ito00300;../data/Bousset2_data/Images/Tournesol/Alternaria/Ito00300.jpg;Tournesol;Alternaria;Tournesol_Alternaria;Tournesol;ALTEHE;Alternaria helianthi;Alternaria;;train;Alternaria;2024:07:25;12:21:59;nan;3;Tournesol_Alternaria
Ito00390;../data/Bousset2_data/Images/Tournesol/Alternaria/Ito00390.jpg;Tournesol;Alternaria;Tournesol_Alternaria;Tournesol;ALTEHE;Alternaria helianthi;Alternaria;;train;Alternaria;2024:08:01;12:47:43;nan;3;Tournesol_Alternaria
Ito00391;../data/Bousset2_data/Images/Tournesol/Alternaria/Ito00391.jpg;Tournesol;Alternaria;Tournesol_Alternaria;Tournesol;ALTEHE;Alternaria helianthi;Alternaria;;train;Alternaria;2024:08:01;12:47:51;nan;3;Tournesol_Alternaria
Ito00392;../data/Bousset2_data/Images/Tournesol/Alternaria/Ito00392.jpg;Tournesol;Alternaria;Tournesol_Alternaria;Tournesol;ALTEHE;Alternaria helianthi;Alternaria;;train;Alternaria;2024:08:01;12:47:55;nan;3;Tournesol_Alternaria
Ito00393;../data/Bousset2_data/Images/Tournesol/Alternaria/Ito00393.jpg;Tournesol;Alternaria;Tournesol_Alternaria;Tournesol;ALTEHE;Alternaria helianthi;Alternaria;;train;Alternaria;2024:08:01;12:48:03;nan;3;Tournesol_Alternaria
Ito00394;../data/Bousset2_data/Images/Tournesol/Alternaria/Ito00394.jpg;Tournesol;Alternaria;Tournesol_Alternaria;Tournesol;ALTEHE;Alternaria helianthi;Alternaria;;train;Alternaria;2024:08:01;12:48:05;nan;3;Tournesol_Alternaria
Ito00395;../data/Bousset2_data/Images/Tournesol/Alternaria/Ito00395.jpg;Tournesol;Alternaria;Tournesol_Alternaria;Tournesol;ALTEHE;Alternaria helianthi;Alternaria;;train;Alternaria;2024:08:01;12:48:09;nan;3;Tournesol_Alternaria
Ito00398;../data/Bousset2_data/Images/Tournesol/Alternaria/Ito00398.jpg;Tournesol;Alternaria;Tournesol_Alternaria;Tournesol;ALTEHE;Alternaria helianthi;Alternaria;;train;Alternaria;2024:08:01;12:48:18;nan;3;Tournesol_Alternaria
Ito00399;../data/Bousset2_data/Images/Tournesol/Alternaria/Ito00399.jpg;Tournesol;Alternaria;Tournesol_Alternaria;Tournesol;ALTEHE;Alternaria helianthi;Alternaria;;train;Alternaria;2024:08:01;12:48:21;nan;3;Tournesol_Alternaria
Ito00400;../data/Bousset2_data/Images/Tournesol/Alternaria/Ito00400.jpg;Tournesol;Alternaria;Tournesol_Alternaria;Tournesol;ALTEHE;Alternaria helianthi;Alternaria;;train;Alternaria;2024:08:01;12:48:23;nan;3;Tournesol_Alternaria
Ito00401;../data/Bousset2_data/Images/Tournesol/Alternaria/Ito00401.jpg;Tournesol;Alternaria;Tournesol_Alternaria;Tournesol;ALTEHE;Alternaria helianthi;Alternaria;;train;Alternaria;2024:08:01;12:48:32;nan;3;Tournesol_Alternaria
Ito00402;../data/Bousset2_data/Images/Tournesol/Alternaria/Ito00402.jpg;Tournesol;Alternaria;Tournesol_Alternaria;Tournesol;ALTEHE;Alternaria helianthi;Alternaria;;train;Alternaria;2024:08:01;12:48:34;nan;3;Tournesol_Alternaria
Ito00403;../data/Bousset2_data/Images/Tournesol/Alternaria/Ito00403.jpg;Tournesol;Alternaria;Tournesol_Alternaria;Tournesol;ALTEHE;Alternaria helianthi;Alternaria;;train;Alternaria;2024:08:01;12:48:38;nan;3;Tournesol_Alternaria
Ito00405;../data/Bousset2_data/Images/Tournesol/Alternaria/Ito00405.jpg;Tournesol;Alternaria;Tournesol_Alternaria;Tournesol;ALTEHE;Alternaria helianthi;Alternaria;;train;Alternaria;2024:08:01;12:48:49;nan;3;Tournesol_Alternaria
Ito00408;../data/Bousset2_data/Images/Tournesol/Alternaria/Ito00408.jpg;Tournesol;Alternaria;Tournesol_Alternaria;Tournesol;ALTEHE;Alternaria helianthi;Alternaria;;train;Alternaria;2024:08:01;12:49:01;nan;3;Tournesol_Alternaria
Ito00409;../data/Bousset2_data/Images/Tournesol/Alternaria/Ito00409.jpg;Tournesol;Alternaria;Tournesol_Alternaria;Tournesol;ALTEHE;Alternaria helianthi;Alternaria;;train;Alternaria;2024:08:01;12:49:03;nan;3;Tournesol_Alternaria
Ito00410;../data/Bousset2_data/Images/Tournesol/Alternaria/Ito00410.jpg;Tournesol;Alternaria;Tournesol_Alternaria;Tournesol;ALTEHE;Alternaria helianthi;Alternaria;;train;Alternaria;2024:08:01;12:49:18;nan;3;Tournesol_Alternaria
Ito00418;../data/Bousset2_data/Images/Tournesol/Alternaria/Ito00418.jpg;Tournesol;Alternaria;Tournesol_Alternaria;Tournesol;ALTEHE;Alternaria helianthi;Alternaria;;train;Alternaria;2024:08:01;12:49:52;nan;3;Tournesol_Alternaria
Ito00419;../data/Bousset2_data/Images/Tournesol/Alternaria/Ito00419.jpg;Tournesol;Alternaria;Tournesol_Alternaria;Tournesol;ALTEHE;Alternaria helianthi;Alternaria;;train;Alternaria;2024:08:01;12:50:00;nan;3;Tournesol_Alternaria
Ito00421;../data/Bousset2_data/Images/Tournesol/Alternaria/Ito00421.jpg;Tournesol;Alternaria;Tournesol_Alternaria;Tournesol;ALTEHE;Alternaria helianthi;Alternaria;;train;Alternaria;2024:08:01;12:50:05;nan;3;Tournesol_Alternaria
Ito00423;../data/Bousset2_data/Images/Tournesol/Alternaria/Ito00423.jpg;Tournesol;Alternaria;Tournesol_Alternaria;Tournesol;ALTEHE;Alternaria helianthi;Alternaria;;train;Alternaria;2024:08:01;12:50:11;nan;3;Tournesol_Alternaria
Ito00424;../data/Bousset2_data/Images/Tournesol/Alternaria/Ito00424.jpg;Tournesol;Alternaria;Tournesol_Alternaria;Tournesol;ALTEHE;Alternaria helianthi;Alternaria;;train;Alternaria;2024:08:01;12:50:13;nan;3;Tournesol_Alternaria
Ito00425;../data/Bousset2_data/Images/Tournesol/Alternaria/Ito00425.jpg;Tournesol;Alternaria;Tournesol_Alternaria;Tournesol;ALTEHE;Alternaria helianthi;Alternaria;;train;Alternaria;2024:08:01;12:50:15;nan;3;Tournesol_Alternaria
Ito00426;../data/Bousset2_data/Images/Tournesol/Alternaria/Ito00426.jpg;Tournesol;Alternaria;Tournesol_Alternaria;Tournesol;ALTEHE;Alternaria helianthi;Alternaria;;train;Alternaria;2024:08:01;12:50:17;nan;3;Tournesol_Alternaria
Ito00428;../data/Bousset2_data/Images/Tournesol/Alternaria/Ito00428.jpg;Tournesol;Alternaria;Tournesol_Alternaria;Tournesol;ALTEHE;Alternaria helianthi;Alternaria;;train;Alternaria;2024:08:01;12:50:23;nan;3;Tournesol_Alternaria
Ito00429;../data/Bousset2_data/Images/Tournesol/Alternaria/Ito00429.jpg;Tournesol;Alternaria;Tournesol_Alternaria;Tournesol;ALTEHE;Alternaria helianthi;Alternaria;;train;Alternaria;2024:08:01;12:50:25;nan;3;Tournesol_Alternaria
Ito00435;../data/Bousset2_data/Images/Tournesol/Alternaria/Ito00435.jpg;Tournesol;Alternaria;Tournesol_Alternaria;Tournesol;ALTEHE;Alternaria helianthi;Alternaria;;train;Alternaria;2024:08:01;12:50:50;nan;3;Tournesol_Alternaria
Ito00436;../data/Bousset2_data/Images/Tournesol/Alternaria/Ito00436.jpg;Tournesol;Alternaria;Tournesol_Alternaria;Tournesol;ALTEHE;Alternaria helianthi;Alternaria;;train;Alternaria;2024:08:01;12:51:01;nan;3;Tournesol_Alternaria
Ito00441;../data/Bousset2_data/Images/Tournesol/Alternaria/Ito00441.jpg;Tournesol;Alternaria;Tournesol_Alternaria;Tournesol;ALTEHE;Alternaria helianthi;Alternaria;;train;Alternaria;2024:08:01;12:51:25;nan;3;Tournesol_Alternaria
Ito00442;../data/Bousset2_data/Images/Tournesol/Alternaria/Ito00442.jpg;Tournesol;Alternaria;Tournesol_Alternaria;Tournesol;ALTEHE;Alternaria helianthi;Alternaria;;train;Alternaria;2024:08:01;12:51:27;nan;3;Tournesol_Alternaria
Ito00443;../data/Bousset2_data/Images/Tournesol/Alternaria/Ito00443.jpg;Tournesol;Alternaria;Tournesol_Alternaria;Tournesol;ALTEHE;Alternaria helianthi;Alternaria;;train;Alternaria;2024:08:01;12:51:29;nan;3;Tournesol_Alternaria
Ito00444;../data/Bousset2_data/Images/Tournesol/Alternaria/Ito00444.jpg;Tournesol;Alternaria;Tournesol_Alternaria;Tournesol;ALTEHE;Alternaria helianthi;Alternaria;;train;Alternaria;2024:08:01;12:51:30;nan;3;Tournesol_Alternaria
Ito00445;../data/Bousset2_data/Images/Tournesol/Alternaria/Ito00445.jpg;Tournesol;Alternaria;Tournesol_Alternaria;Tournesol;ALTEHE;Alternaria helianthi;Alternaria;;train;Alternaria;2024:08:01;12:51:34;nan;3;Tournesol_Alternaria
Ito00446;../data/Bousset2_data/Images/Tournesol/Alternaria/Ito00446.jpg;Tournesol;Alternaria;Tournesol_Alternaria;Tournesol;ALTEHE;Alternaria helianthi;Alternaria;;train;Alternaria;2024:08:01;12:51:35;nan;3;Tournesol_Alternaria
Ito00447;../data/Bousset2_data/Images/Tournesol/Alternaria/Ito00447.jpg;Tournesol;Alternaria;Tournesol_Alternaria;Tournesol;ALTEHE;Alternaria helianthi;Alternaria;;train;Alternaria;2024:08:01;12:51:43;nan;3;Tournesol_Alternaria
Ito00448;../data/Bousset2_data/Images/Tournesol/Alternaria/Ito00448.jpg;Tournesol;Alternaria;Tournesol_Alternaria;Tournesol;ALTEHE;Alternaria helianthi;Alternaria;;train;Alternaria;2024:08:01;12:51:44;nan;3;Tournesol_Alternaria
Ito00449;../data/Bousset2_data/Images/Tournesol/Alternaria/Ito00449.jpg;Tournesol;Alternaria;Tournesol_Alternaria;Tournesol;ALTEHE;Alternaria helianthi;Alternaria;;train;Alternaria;2024:08:01;12:51:46;nan;3;Tournesol_Alternaria
Ito00450;../data/Bousset2_data/Images/Tournesol/Alternaria/Ito00450.jpg;Tournesol;Alternaria;Tournesol_Alternaria;Tournesol;ALTEHE;Alternaria helianthi;Alternaria;;train;Alternaria;2024:08:01;12:51:51;nan;3;Tournesol_Alternaria
Ito00453;../data/Bousset2_data/Images/Tournesol/Alternaria/Ito00453.jpg;Tournesol;Alternaria;Tournesol_Alternaria;Tournesol;ALTEHE;Alternaria helianthi;Alternaria;;train;Alternaria;2024:08:01;12:52:00;nan;3;Tournesol_Alternaria
Ito00454;../data/Bousset2_data/Images/Tournesol/Alternaria/Ito00454.jpg;Tournesol;Alternaria;Tournesol_Alternaria;Tournesol;ALTEHE;Alternaria helianthi;Alternaria;;train;Alternaria;2024:08:01;12:52:02;nan;3;Tournesol_Alternaria
Ito00455;../data/Bousset2_data/Images/Tournesol/Alternaria/Ito00455.jpg;Tournesol;Alternaria;Tournesol_Alternaria;Tournesol;ALTEHE;Alternaria helianthi;Alternaria;;train;Alternaria;2024:08:01;12:52:07;nan;3;Tournesol_Alternaria
Ito00456;../data/Bousset2_data/Images/Tournesol/Alternaria/Ito00456.jpg;Tournesol;Alternaria;Tournesol_Alternaria;Tournesol;ALTEHE;Alternaria helianthi;Alternaria;;train;Alternaria;2024:08:01;12:52:16;nan;3;Tournesol_Alternaria
Ito00457;../data/Bousset2_data/Images/Tournesol/Alternaria/Ito00457.jpg;Tournesol;Alternaria;Tournesol_Alternaria;Tournesol;ALTEHE;Alternaria helianthi;Alternaria;;train;Alternaria;2024:08:01;12:52:21;nan;3;Tournesol_Alternaria
Ito00458;../data/Bousset2_data/Images/Tournesol/Alternaria/Ito00458.jpg;Tournesol;Alternaria;Tournesol_Alternaria;Tournesol;ALTEHE;Alternaria helianthi;Alternaria;;train;Alternaria;2024:08:01;12:52:23;nan;3;Tournesol_Alternaria
Ito00460;../data/Bousset2_data/Images/Tournesol/Alternaria/Ito00460.jpg;Tournesol;Alternaria;Tournesol_Alternaria;Tournesol;ALTEHE;Alternaria helianthi;Alternaria;;train;Alternaria;2024:08:01;12:52:45;nan;3;Tournesol_Alternaria
Ito00461;../data/Bousset2_data/Images/Tournesol/Alternaria/Ito00461.jpg;Tournesol;Alternaria;Tournesol_Alternaria;Tournesol;ALTEHE;Alternaria helianthi;Alternaria;;train;Alternaria;2024:08:01;12:53:01;nan;3;Tournesol_Alternaria
Ito00463;../data/Bousset2_data/Images/Tournesol/Alternaria/Ito00463.jpg;Tournesol;Alternaria;Tournesol_Alternaria;Tournesol;ALTEHE;Alternaria helianthi;Alternaria;;train;Alternaria;2024:08:01;12:53:27;nan;3;Tournesol_Alternaria
Ito00464;../data/Bousset2_data/Images/Tournesol/Alternaria/Ito00464.jpg;Tournesol;Alternaria;Tournesol_Alternaria;Tournesol;ALTEHE;Alternaria helianthi;Alternaria;;train;Alternaria;2024:08:01;12:53:32;nan;3;Tournesol_Alternaria
Ito00465;../data/Bousset2_data/Images/Tournesol/Alternaria/Ito00465.jpg;Tournesol;Alternaria;Tournesol_Alternaria;Tournesol;ALTEHE;Alternaria helianthi;Alternaria;;train;Alternaria;2024:08:01;12:53:35;nan;3;Tournesol_Alternaria
Ito00466;../data/Bousset2_data/Images/Tournesol/Alternaria/Ito00466.jpg;Tournesol;Alternaria;Tournesol_Alternaria;Tournesol;ALTEHE;Alternaria helianthi;Alternaria;;train;Alternaria;2024:08:01;12:53:37;nan;3;Tournesol_Alternaria
Ito00468;../data/Bousset2_data/Images/Tournesol/Alternaria/Ito00468.jpg;Tournesol;Alternaria;Tournesol_Alternaria;Tournesol;ALTEHE;Alternaria helianthi;Alternaria;;train;Alternaria;2024:08:01;12:53:45;nan;3;Tournesol_Alternaria
Ito00470;../data/Bousset2_data/Images/Tournesol/Alternaria/Ito00470.jpg;Tournesol;Alternaria;Tournesol_Alternaria;Tournesol;ALTEHE;Alternaria helianthi;Alternaria;;train;Alternaria;2024:08:01;12:53:50;nan;3;Tournesol_Alternaria
Ito00471;../data/Bousset2_data/Images/Tournesol/Alternaria/Ito00471.jpg;Tournesol;Alternaria;Tournesol_Alternaria;Tournesol;ALTEHE;Alternaria helianthi;Alternaria;;train;Alternaria;2024:08:01;12:53:51;nan;3;Tournesol_Alternaria
Ito00472;../data/Bousset2_data/Images/Tournesol/Alternaria/Ito00472.jpg;Tournesol;Alternaria;Tournesol_Alternaria;Tournesol;ALTEHE;Alternaria helianthi;Alternaria;;train;Alternaria;2024:08:01;12:54:01;nan;3;Tournesol_Alternaria
Ito00473;../data/Bousset2_data/Images/Tournesol/Alternaria/Ito00473.jpg;Tournesol;Alternaria;Tournesol_Alternaria;Tournesol;ALTEHE;Alternaria helianthi;Alternaria;;train;Alternaria;2024:08:01;12:54:02;nan;3;Tournesol_Alternaria
Ito00474;../data/Bousset2_data/Images/Tournesol/Alternaria/Ito00474.jpg;Tournesol;Alternaria;Tournesol_Alternaria;Tournesol;ALTEHE;Alternaria helianthi;Alternaria;;train;Alternaria;2024:08:01;12:54:05;nan;3;Tournesol_Alternaria
Ito00475;../data/Bousset2_data/Images/Tournesol/Alternaria/Ito00475.jpg;Tournesol;Alternaria;Tournesol_Alternaria;Tournesol;ALTEHE;Alternaria helianthi;Alternaria;;train;Alternaria;2024:08:01;12:54:06;nan;3;Tournesol_Alternaria
Ito00476;../data/Bousset2_data/Images/Tournesol/Alternaria/Ito00476.jpg;Tournesol;Alternaria;Tournesol_Alternaria;Tournesol;ALTEHE;Alternaria helianthi;Alternaria;;train;Alternaria;2024:08:01;12:54:08;nan;3;Tournesol_Alternaria
Ito00477;../data/Bousset2_data/Images/Tournesol/Alternaria/Ito00477.jpg;Tournesol;Alternaria;Tournesol_Alternaria;Tournesol;ALTEHE;Alternaria helianthi;Alternaria;;train;Alternaria;2024:08:01;12:54:10;nan;3;Tournesol_Alternaria
Ito00478;../data/Bousset2_data/Images/Tournesol/Alternaria/Ito00478.jpg;Tournesol;Alternaria;Tournesol_Alternaria;Tournesol;ALTEHE;Alternaria helianthi;Alternaria;;train;Alternaria;2024:08:01;12:54:13;nan;3;Tournesol_Alternaria
Ito00479;../data/Bousset2_data/Images/Tournesol/Alternaria/Ito00479.jpg;Tournesol;Alternaria;Tournesol_Alternaria;Tournesol;ALTEHE;Alternaria helianthi;Alternaria;;train;Alternaria;2024:08:01;12:54:15;nan;3;Tournesol_Alternaria
Ito00480;../data/Bousset2_data/Images/Tournesol/Alternaria/Ito00480.jpg;Tournesol;Alternaria;Tournesol_Alternaria;Tournesol;ALTEHE;Alternaria helianthi;Alternaria;;train;Alternaria;2024:08:01;12:54:16;nan;3;Tournesol_Alternaria
Ito00481;../data/Bousset2_data/Images/Tournesol/Alternaria/Ito00481.jpg;Tournesol;Alternaria;Tournesol_Alternaria;Tournesol;ALTEHE;Alternaria helianthi;Alternaria;;train;Alternaria;2024:08:01;12:54:19;nan;3;Tournesol_Alternaria
Ito00483;../data/Bousset2_data/Images/Tournesol/Alternaria/Ito00483.jpg;Tournesol;Alternaria;Tournesol_Alternaria;Tournesol;ALTEHE;Alternaria helianthi;Alternaria;;train;Alternaria;2024:08:01;12:54:28;nan;3;Tournesol_Alternaria
Ito00484;../data/Bousset2_data/Images/Tournesol/Alternaria/Ito00484.jpg;Tournesol;Alternaria;Tournesol_Alternaria;Tournesol;ALTEHE;Alternaria helianthi;Alternaria;;train;Alternaria;2024:08:01;12:54:29;nan;3;Tournesol_Alternaria
Ito00485;../data/Bousset2_data/Images/Tournesol/Alternaria/Ito00485.jpg;Tournesol;Alternaria;Tournesol_Alternaria;Tournesol;ALTEHE;Alternaria helianthi;Alternaria;;train;Alternaria;2024:08:01;12:54:32;nan;3;Tournesol_Alternaria
Ito00486;../data/Bousset2_data/Images/Tournesol/Alternaria/Ito00486.jpg;Tournesol;Alternaria;Tournesol_Alternaria;Tournesol;ALTEHE;Alternaria helianthi;Alternaria;;train;Alternaria;2024:08:01;12:54:34;nan;3;Tournesol_Alternaria
Ito00487;../data/Bousset2_data/Images/Tournesol/Alternaria/Ito00487.jpg;Tournesol;Alternaria;Tournesol_Alternaria;Tournesol;ALTEHE;Alternaria helianthi;Alternaria;;train;Alternaria;2024:08:01;12:54:36;nan;3;Tournesol_Alternaria
Ito00489;../data/Bousset2_data/Images/Tournesol/Alternaria/Ito00489.jpg;Tournesol;Alternaria;Tournesol_Alternaria;Tournesol;ALTEHE;Alternaria helianthi;Alternaria;;train;Alternaria;2024:08:01;12:54:42;nan;3;Tournesol_Alternaria
Ito00490;../data/Bousset2_data/Images/Tournesol/Alternaria/Ito00490.jpg;Tournesol;Alternaria;Tournesol_Alternaria;Tournesol;ALTEHE;Alternaria helianthi;Alternaria;;train;Alternaria;2024:08:01;12:54:52;nan;3;Tournesol_Alternaria
Ito00492;../data/Bousset2_data/Images/Tournesol/Alternaria/Ito00492.jpg;Tournesol;Alternaria;Tournesol_Alternaria;Tournesol;ALTEHE;Alternaria helianthi;Alternaria;;train;Alternaria;2024:08:01;12:56:50;nan;3;Tournesol_Alternaria
Ito00493;../data/Bousset2_data/Images/Tournesol/Alternaria/Ito00493.jpg;Tournesol;Alternaria;Tournesol_Alternaria;Tournesol;ALTEHE;Alternaria helianthi;Alternaria;;train;Alternaria;2024:08:01;12:56:53;nan;3;Tournesol_Alternaria
Ito00496;../data/Bousset2_data/Images/Tournesol/Alternaria/Ito00496.jpg;Tournesol;Alternaria;Tournesol_Alternaria;Tournesol;ALTEHE;Alternaria helianthi;Alternaria;;train;Alternaria;2024:08:01;12:57:12;nan;3;Tournesol_Alternaria
Ito00497;../data/Bousset2_data/Images/Tournesol/Alternaria/Ito00497.jpg;Tournesol;Alternaria;Tournesol_Alternaria;Tournesol;ALTEHE;Alternaria helianthi;Alternaria;;train;Alternaria;2024:08:01;12:57:27;nan;3;Tournesol_Alternaria
Ito00499;../data/Bousset2_data/Images/Tournesol/Alternaria/Ito00499.jpg;Tournesol;Alternaria;Tournesol_Alternaria;Tournesol;ALTEHE;Alternaria helianthi;Alternaria;;train;Alternaria;2024:08:01;12:57:31;nan;3;Tournesol_Alternaria
Ito00500;../data/Bousset2_data/Images/Tournesol/Alternaria/Ito00500.jpg;Tournesol;Alternaria;Tournesol_Alternaria;Tournesol;ALTEHE;Alternaria helianthi;Alternaria;;train;Alternaria;2024:08:01;12:57:44;nan;3;Tournesol_Alternaria
Ito00501;../data/Bousset2_data/Images/Tournesol/Alternaria/Ito00501.jpg;Tournesol;Alternaria;Tournesol_Alternaria;Tournesol;ALTEHE;Alternaria helianthi;Alternaria;;train;Alternaria;2024:08:01;12:57:46;nan;3;Tournesol_Alternaria
Ito00503;../data/Bousset2_data/Images/Tournesol/Alternaria/Ito00503.jpg;Tournesol;Alternaria;Tournesol_Alternaria;Tournesol;ALTEHE;Alternaria helianthi;Alternaria;;train;Alternaria;2024:08:01;12:57:53;nan;3;Tournesol_Alternaria
Ito00504;../data/Bousset2_data/Images/Tournesol/Alternaria/Ito00504.jpg;Tournesol;Alternaria;Tournesol_Alternaria;Tournesol;ALTEHE;Alternaria helianthi;Alternaria;;train;Alternaria;2024:08:01;12:57:54;nan;3;Tournesol_Alternaria
Ito00505;../data/Bousset2_data/Images/Tournesol/Alternaria/Ito00505.jpg;Tournesol;Alternaria;Tournesol_Alternaria;Tournesol;ALTEHE;Alternaria helianthi;Alternaria;;train;Alternaria;2024:08:01;12:58:09;nan;3;Tournesol_Alternaria
Ito00506;../data/Bousset2_data/Images/Tournesol/Alternaria/Ito00506.jpg;Tournesol;Alternaria;Tournesol_Alternaria;Tournesol;ALTEHE;Alternaria helianthi;Alternaria;;train;Alternaria;2024:08:01;12:58:30;nan;3;Tournesol_Alternaria
Ito00113;../data/Bousset2_data/Images/Tournesol/Phoma/Ito00113.jpg;Tournesol;Phoma;Tournesol_Phoma;Tournesol;LEPTLI;Leptosphaeria lindquistii;Phoma;;train;Phoma;2024:07:25;12:05:21;nan;3;Tournesol_Phoma
Ito00120;../data/Bousset2_data/Images/Tournesol/Phoma/Ito00120.jpg;Tournesol;Phoma;Tournesol_Phoma;Tournesol;LEPTLI;Leptosphaeria lindquistii;Phoma;;train;Phoma;2024:07:25;12:05:51;nan;3;Tournesol_Phoma
Ito00131;../data/Bousset2_data/Images/Tournesol/Phoma/Ito00131.jpg;Tournesol;Phoma;Tournesol_Phoma;Tournesol;LEPTLI;Leptosphaeria lindquistii;Phoma;;train;Phoma;2024:07:25;12:07:10;nan;3;Tournesol_Phoma
Ito00140;../data/Bousset2_data/Images/Tournesol/Phoma/Ito00140.jpg;Tournesol;Phoma;Tournesol_Phoma;Tournesol;LEPTLI;Leptosphaeria lindquistii;Phoma;;train;Phoma;2024:07:25;12:07:50;nan;3;Tournesol_Phoma
Ito00271;../data/Bousset2_data/Images/Tournesol/Phoma/Ito00271.jpg;Tournesol;Phoma;Tournesol_Phoma;Tournesol;LEPTLI;Leptosphaeria lindquistii;Phoma;;train;Phoma;2024:07:25;12:19:30;nan;3;Tournesol_Phoma
Ito00329;../data/Bousset2_data/Images/Tournesol/Phoma/Ito00329.jpg;Tournesol;Phoma;Tournesol_Phoma;Tournesol;LEPTLI;Leptosphaeria lindquistii;Phoma;;train;Phoma;2024:07:25;12:24:44;nan;3;Tournesol_Phoma
Ito00333;../data/Bousset2_data/Images/Tournesol/Phoma/Ito00333.jpg;Tournesol;Phoma;Tournesol_Phoma;Tournesol;LEPTLI;Leptosphaeria lindquistii;Phoma;;train;Phoma;2024:07:25;12:24:51;nan;3;Tournesol_Phoma
Ito00415;../data/VAULT/Bousset2_data/Images/Tournesol/Phoma/Ito00415.jpg;Tournesol;Phoma;Tournesol_Phoma;Tournesol;LEPTLI;Leptosphaeria lindquistii;Phoma;;vault;Phoma;2024:08:01;12:49:28;nan;3;Tournesol_Phoma
Ito00416;../data/VAULT/Bousset2_data/Images/Tournesol/Phoma/Ito00416.jpg;Tournesol;Phoma;Tournesol_Phoma;Tournesol;LEPTLI;Leptosphaeria lindquistii;Phoma;;vault;Phoma;2024:08:01;12:49:31;nan;3;Tournesol_Phoma
Ito00430;../data/VAULT/Bousset2_data/Images/Tournesol/Phoma/Ito00430.jpg;Tournesol;Phoma;Tournesol_Phoma;Tournesol;LEPTLI;Leptosphaeria lindquistii;Phoma;;vault;Phoma;2024:08:01;12:50:34;nan;3;Tournesol_Phoma
Ito00431;../data/VAULT/Bousset2_data/Images/Tournesol/Phoma/Ito00431.jpg;Tournesol;Phoma;Tournesol_Phoma;Tournesol;LEPTLI;Leptosphaeria lindquistii;Phoma;;vault;Phoma;2024:08:01;12:50:36;nan;3;Tournesol_Phoma
Ito00433;../data/VAULT/Bousset2_data/Images/Tournesol/Phoma/Ito00433.jpg;Tournesol;Phoma;Tournesol_Phoma;Tournesol;LEPTLI;Leptosphaeria lindquistii;Phoma;;vault;Phoma;2024:08:01;12:50:44;nan;3;Tournesol_Phoma
Ito00434;../data/VAULT/Bousset2_data/Images/Tournesol/Phoma/Ito00434.jpg;Tournesol;Phoma;Tournesol_Phoma;Tournesol;LEPTLI;Leptosphaeria lindquistii;Phoma;;vault;Phoma;2024:08:01;12:50:45;nan;3;Tournesol_Phoma
Ito00618;../data/Bousset2_data/Images/Tournesol/Phoma/Ito00618.jpg;Tournesol;Phoma;Tournesol_Phoma;Tournesol;LEPTLI;Leptosphaeria lindquistii;Phoma;;train;Phoma;2024:08:16;11:31:14;nan;3;Tournesol_Phoma
Ito00619;../data/Bousset2_data/Images/Tournesol/Phoma/Ito00619.jpg;Tournesol;Phoma;Tournesol_Phoma;Tournesol;LEPTLI;Leptosphaeria lindquistii;Phoma;;train;Phoma;2024:08:16;11:31:16;nan;3;Tournesol_Phoma
Ito00624;../data/Bousset2_data/Images/Tournesol/Phoma/Ito00624.jpg;Tournesol;Phoma;Tournesol_Phoma;Tournesol;LEPTLI;Leptosphaeria lindquistii;Phoma;;train;Phoma;2024:08:16;11:31:37;nan;3;Tournesol_Phoma
Ito00634;../data/Bousset2_data/Images/Tournesol/Phoma/Ito00634.jpg;Tournesol;Phoma;Tournesol_Phoma;Tournesol;LEPTLI;Leptosphaeria lindquistii;Phoma;;train;Phoma;2024:08:16;11:32:50;nan;3;Tournesol_Phoma
Ito00635;../data/Bousset2_data/Images/Tournesol/Phoma/Ito00635.jpg;Tournesol;Phoma;Tournesol_Phoma;Tournesol;LEPTLI;Leptosphaeria lindquistii;Phoma;;train;Phoma;2024:08:16;11:32:52;nan;3;Tournesol_Phoma
Ito00639;../data/Bousset2_data/Images/Tournesol/Phoma/Ito00639.jpg;Tournesol;Phoma;Tournesol_Phoma;Tournesol;LEPTLI;Leptosphaeria lindquistii;Phoma;;train;Phoma;2024:08:16;11:34:42;nan;3;Tournesol_Phoma
Ito00650;../data/Bousset2_data/Images/Tournesol/Phoma/Ito00650.jpg;Tournesol;Phoma;Tournesol_Phoma;Tournesol;LEPTLI;Leptosphaeria lindquistii;Phoma;;train;Phoma;2024:08:16;11:35:48;nan;3;Tournesol_Phoma
Ito00652;../data/Bousset2_data/Images/Tournesol/Phoma/Ito00652.jpg;Tournesol;Phoma;Tournesol_Phoma;Tournesol;LEPTLI;Leptosphaeria lindquistii;Phoma;;train;Phoma;2024:08:16;11:35:53;nan;3;Tournesol_Phoma
Ito00012;../data/Bousset2_data/Images/Tournesol/Phomopsis/Ito00012.jpg;Tournesol;Phomopsis;Tournesol_Phomopsis;Tournesol;DIAPHE;Diaporthe helianthi;Phomopsis;;train;Phomopsis;2024:06:11;17:51:42;nan;6;Tournesol_Phomopsis
Ito00020;../data/Bousset2_data/Images/Tournesol/Phomopsis/Ito00020.jpg;Tournesol;Phomopsis;Tournesol_Phomopsis;Tournesol;DIAPHE;Diaporthe helianthi;Phomopsis;;train;Phomopsis;2024:06:11;17:52:16;nan;6;Tournesol_Phomopsis
Ito00021;../data/Bousset2_data/Images/Tournesol/Phomopsis/Ito00021.jpg;Tournesol;Phomopsis;Tournesol_Phomopsis;Tournesol;DIAPHE;Diaporthe helianthi;Phomopsis;;train;Phomopsis;2024:06:11;17:52:19;nan;6;Tournesol_Phomopsis
Ito00026;../data/Bousset2_data/Images/Tournesol/Phomopsis/Ito00026.jpg;Tournesol;Phomopsis;Tournesol_Phomopsis;Tournesol;DIAPHE;Diaporthe helianthi;Phomopsis;;train;Phomopsis;2024:06:11;17:52:55;nan;6;Tournesol_Phomopsis
Ito00029;../data/Bousset2_data/Images/Tournesol/Phomopsis/Ito00029.jpg;Tournesol;Phomopsis;Tournesol_Phomopsis;Tournesol;DIAPHE;Diaporthe helianthi;Phomopsis;;train;Phomopsis;2024:06:11;17:53:23;nan;6;Tournesol_Phomopsis
Ito00032;../data/Bousset2_data/Images/Tournesol/Phomopsis/Ito00032.jpg;Tournesol;Phomopsis;Tournesol_Phomopsis;Tournesol;DIAPHE;Diaporthe helianthi;Phomopsis;;train;Phomopsis;2024:06:11;17:53:35;nan;6;Tournesol_Phomopsis
Ito00033;../data/Bousset2_data/Images/Tournesol/Phomopsis/Ito00033.jpg;Tournesol;Phomopsis;Tournesol_Phomopsis;Tournesol;DIAPHE;Diaporthe helianthi;Phomopsis;;train;Phomopsis;2024:06:11;17:53:45;nan;6;Tournesol_Phomopsis
Ito00034;../data/Bousset2_data/Images/Tournesol/Phomopsis/Ito00034.jpg;Tournesol;Phomopsis;Tournesol_Phomopsis;Tournesol;DIAPHE;Diaporthe helianthi;Phomopsis;;train;Phomopsis;2024:06:11;17:53:53;nan;6;Tournesol_Phomopsis
Ito00037;../data/Bousset2_data/Images/Tournesol/Phomopsis/Ito00037.jpg;Tournesol;Phomopsis;Tournesol_Phomopsis;Tournesol;DIAPHE;Diaporthe helianthi;Phomopsis;;train;Phomopsis;2024:07:25;11:57:58;nan;6;Tournesol_Phomopsis
Ito00042;../data/Bousset2_data/Images/Tournesol/Phomopsis/Ito00042.jpg;Tournesol;Phomopsis;Tournesol_Phomopsis;Tournesol;DIAPHE;Diaporthe helianthi;Phomopsis;;train;Phomopsis;2024:07:25;11:58:42;nan;6;Tournesol_Phomopsis
Ito00074;../data/Bousset2_data/Images/Tournesol/Phomopsis/Ito00074.jpg;Tournesol;Phomopsis;Tournesol_Phomopsis;Tournesol;DIAPHE;Diaporthe helianthi;Phomopsis;;train;Phomopsis;2024:07:25;12:01:46;nan;6;Tournesol_Phomopsis
Ito00106;../data/Bousset2_data/Images/Tournesol/Phomopsis/Ito00106.jpg;Tournesol;Phomopsis;Tournesol_Phomopsis;Tournesol;DIAPHE;Diaporthe helianthi;Phomopsis;;train;Phomopsis;2024:07:25;12:04:54;nan;6;Tournesol_Phomopsis
Ito00132;../data/Bousset2_data/Images/Tournesol/Phomopsis/Ito00132.jpg;Tournesol;Phomopsis;Tournesol_Phomopsis;Tournesol;DIAPHE;Diaporthe helianthi;Phomopsis;;train;Phomopsis;2024:07:25;12:07:13;nan;6;Tournesol_Phomopsis
Ito00138;../data/Bousset2_data/Images/Tournesol/Phomopsis/Ito00138.jpg;Tournesol;Phomopsis;Tournesol_Phomopsis;Tournesol;DIAPHE;Diaporthe helianthi;Phomopsis;;train;Phomopsis;2024:07:25;12:07:42;nan;6;Tournesol_Phomopsis
Ito00141;../data/Bousset2_data/Images/Tournesol/Phomopsis/Ito00141.jpg;Tournesol;Phomopsis;Tournesol_Phomopsis;Tournesol;DIAPHE;Diaporthe helianthi;Phomopsis;;train;Phomopsis;2024:07:25;12:08:00;nan;6;Tournesol_Phomopsis
Ito00155;../data/Bousset2_data/Images/Tournesol/Phomopsis/Ito00155.jpg;Tournesol;Phomopsis;Tournesol_Phomopsis;Tournesol;DIAPHE;Diaporthe helianthi;Phomopsis;;train;Phomopsis;2024:07:25;12:08:49;nan;6;Tournesol_Phomopsis
Ito00165;../data/Bousset2_data/Images/Tournesol/Phomopsis/Ito00165.jpg;Tournesol;Phomopsis;Tournesol_Phomopsis;Tournesol;DIAPHE;Diaporthe helianthi;Phomopsis;;train;Phomopsis;2024:07:25;12:09:34;nan;6;Tournesol_Phomopsis
Ito00169;../data/Bousset2_data/Images/Tournesol/Phomopsis/Ito00169.jpg;Tournesol;Phomopsis;Tournesol_Phomopsis;Tournesol;DIAPHE;Diaporthe helianthi;Phomopsis;;train;Phomopsis;2024:07:25;12:09:59;nan;6;Tournesol_Phomopsis
Ito00171;../data/Bousset2_data/Images/Tournesol/Phomopsis/Ito00171.jpg;Tournesol;Phomopsis;Tournesol_Phomopsis;Tournesol;DIAPHE;Diaporthe helianthi;Phomopsis;;train;Phomopsis;2024:07:25;12:10:23;nan;6;Tournesol_Phomopsis
Ito00175;../data/Bousset2_data/Images/Tournesol/Phomopsis/Ito00175.jpg;Tournesol;Phomopsis;Tournesol_Phomopsis;Tournesol;DIAPHE;Diaporthe helianthi;Phomopsis;;train;Phomopsis;2024:07:25;12:10:38;nan;6;Tournesol_Phomopsis
Ito00177;../data/Bousset2_data/Images/Tournesol/Phomopsis/Ito00177.jpg;Tournesol;Phomopsis;Tournesol_Phomopsis;Tournesol;DIAPHE;Diaporthe helianthi;Phomopsis;;train;Phomopsis;2024:07:25;12:10:48;nan;6;Tournesol_Phomopsis
Ito00187;../data/Bousset2_data/Images/Tournesol/Phomopsis/Ito00187.jpg;Tournesol;Phomopsis;Tournesol_Phomopsis;Tournesol;DIAPHE;Diaporthe helianthi;Phomopsis;;train;Phomopsis;2024:07:25;12:11:36;nan;6;Tournesol_Phomopsis
Ito00204;../data/Bousset2_data/Images/Tournesol/Phomopsis/Ito00204.jpg;Tournesol;Phomopsis;Tournesol_Phomopsis;Tournesol;DIAPHE;Diaporthe helianthi;Phomopsis;;train;Phomopsis;2024:07:25;12:13:09;nan;6;Tournesol_Phomopsis
Ito00210;../data/Bousset2_data/Images/Tournesol/Phomopsis/Ito00210.jpg;Tournesol;Phomopsis;Tournesol_Phomopsis;Tournesol;DIAPHE;Diaporthe helianthi;Phomopsis;;train;Phomopsis;2024:07:25;12:14:29;nan;6;Tournesol_Phomopsis
Ito00222;../data/Bousset2_data/Images/Tournesol/Phomopsis/Ito00222.jpg;Tournesol;Phomopsis;Tournesol_Phomopsis;Tournesol;DIAPHE;Diaporthe helianthi;Phomopsis;;train;Phomopsis;2024:07:25;12:15:28;nan;6;Tournesol_Phomopsis
Ito00244;../data/Bousset2_data/Images/Tournesol/Phomopsis/Ito00244.jpg;Tournesol;Phomopsis;Tournesol_Phomopsis;Tournesol;DIAPHE;Diaporthe helianthi;Phomopsis;;train;Phomopsis;2024:07:25;12:17:39;nan;6;Tournesol_Phomopsis
Ito00246;../data/Bousset2_data/Images/Tournesol/Phomopsis/Ito00246.jpg;Tournesol;Phomopsis;Tournesol_Phomopsis;Tournesol;DIAPHE;Diaporthe helianthi;Phomopsis;;train;Phomopsis;2024:07:25;12:17:52;nan;6;Tournesol_Phomopsis
Ito00268;../data/Bousset2_data/Images/Tournesol/Phomopsis/Ito00268.jpg;Tournesol;Phomopsis;Tournesol_Phomopsis;Tournesol;DIAPHE;Diaporthe helianthi;Phomopsis;;train;Phomopsis;2024:07:25;12:19:22;nan;6;Tournesol_Phomopsis
Ito00272;../data/Bousset2_data/Images/Tournesol/Phomopsis/Ito00272.jpg;Tournesol;Phomopsis;Tournesol_Phomopsis;Tournesol;DIAPHE;Diaporthe helianthi;Phomopsis;;train;Phomopsis;2024:07:25;12:19:35;nan;6;Tournesol_Phomopsis
Ito00275;../data/Bousset2_data/Images/Tournesol/Phomopsis/Ito00275.jpg;Tournesol;Phomopsis;Tournesol_Phomopsis;Tournesol;DIAPHE;Diaporthe helianthi;Phomopsis;;train;Phomopsis;2024:07:25;12:19:48;nan;6;Tournesol_Phomopsis
Ito00276;../data/Bousset2_data/Images/Tournesol/Phomopsis/Ito00276.jpg;Tournesol;Phomopsis;Tournesol_Phomopsis;Tournesol;DIAPHE;Diaporthe helianthi;Phomopsis;;train;Phomopsis;2024:07:25;12:19:56;nan;6;Tournesol_Phomopsis
Ito00277;../data/Bousset2_data/Images/Tournesol/Phomopsis/Ito00277.jpg;Tournesol;Phomopsis;Tournesol_Phomopsis;Tournesol;DIAPHE;Diaporthe helianthi;Phomopsis;;train;Phomopsis;2024:07:25;12:20:14;nan;6;Tournesol_Phomopsis
Ito00278;../data/Bousset2_data/Images/Tournesol/Phomopsis/Ito00278.jpg;Tournesol;Phomopsis;Tournesol_Phomopsis;Tournesol;DIAPHE;Diaporthe helianthi;Phomopsis;;train;Phomopsis;2024:07:25;12:20:22;nan;6;Tournesol_Phomopsis
Ito00279;../data/Bousset2_data/Images/Tournesol/Phomopsis/Ito00279.jpg;Tournesol;Phomopsis;Tournesol_Phomopsis;Tournesol;DIAPHE;Diaporthe helianthi;Phomopsis;;train;Phomopsis;2024:07:25;12:20:29;nan;6;Tournesol_Phomopsis
Ito00304;../data/Bousset2_data/Images/Tournesol/Phomopsis/Ito00304.jpg;Tournesol;Phomopsis;Tournesol_Phomopsis;Tournesol;DIAPHE;Diaporthe helianthi;Phomopsis;;train;Phomopsis;2024:07:25;12:22:38;nan;6;Tournesol_Phomopsis
Ito00305;../data/Bousset2_data/Images/Tournesol/Phomopsis/Ito00305.jpg;Tournesol;Phomopsis;Tournesol_Phomopsis;Tournesol;DIAPHE;Diaporthe helianthi;Phomopsis;;train;Phomopsis;2024:07:25;12:22:43;nan;6;Tournesol_Phomopsis
Ito00306;../data/Bousset2_data/Images/Tournesol/Phomopsis/Ito00306.jpg;Tournesol;Phomopsis;Tournesol_Phomopsis;Tournesol;DIAPHE;Diaporthe helianthi;Phomopsis;;train;Phomopsis;2024:07:25;12:22:53;nan;6;Tournesol_Phomopsis
Ito00307;../data/Bousset2_data/Images/Tournesol/Phomopsis/Ito00307.jpg;Tournesol;Phomopsis;Tournesol_Phomopsis;Tournesol;DIAPHE;Diaporthe helianthi;Phomopsis;;train;Phomopsis;2024:07:25;12:22:55;nan;6;Tournesol_Phomopsis
Ito00308;../data/Bousset2_data/Images/Tournesol/Phomopsis/Ito00308.jpg;Tournesol;Phomopsis;Tournesol_Phomopsis;Tournesol;DIAPHE;Diaporthe helianthi;Phomopsis;;train;Phomopsis;2024:07:25;12:23:02;nan;6;Tournesol_Phomopsis
Ito00309;../data/Bousset2_data/Images/Tournesol/Phomopsis/Ito00309.jpg;Tournesol;Phomopsis;Tournesol_Phomopsis;Tournesol;DIAPHE;Diaporthe helianthi;Phomopsis;;train;Phomopsis;2024:07:25;12:23:12;nan;6;Tournesol_Phomopsis
Ito00327;../data/Bousset2_data/Images/Tournesol/Phomopsis/Ito00327.jpg;Tournesol;Phomopsis;Tournesol_Phomopsis;Tournesol;DIAPHE;Diaporthe helianthi;Phomopsis;;train;Phomopsis;2024:07:25;12:24:29;nan;6;Tournesol_Phomopsis
Ito00328;../data/Bousset2_data/Images/Tournesol/Phomopsis/Ito00328.jpg;Tournesol;Phomopsis;Tournesol_Phomopsis;Tournesol;DIAPHE;Diaporthe helianthi;Phomopsis;;train;Phomopsis;2024:07:25;12:24:34;nan;6;Tournesol_Phomopsis
Ito00355;../data/Bousset2_data/Images/Tournesol/Phomopsis/Ito00355.jpg;Tournesol;Phomopsis;Tournesol_Phomopsis;Tournesol;DIAPHE;Diaporthe helianthi;Phomopsis;;train;Phomopsis;2024:07:25;12:26:48;nan;6;Tournesol_Phomopsis
Ito00357;../data/Bousset2_data/Images/Tournesol/Phomopsis/Ito00357.jpg;Tournesol;Phomopsis;Tournesol_Phomopsis;Tournesol;DIAPHE;Diaporthe helianthi;Phomopsis;;train;Phomopsis;2024:07:25;12:26:54;nan;6;Tournesol_Phomopsis
Ito00360;../data/Bousset2_data/Images/Tournesol/Phomopsis/Ito00360.jpg;Tournesol;Phomopsis;Tournesol_Phomopsis;Tournesol;DIAPHE;Diaporthe helianthi;Phomopsis;;train;Phomopsis;2024:07:25;12:27:08;nan;6;Tournesol_Phomopsis
Ito00406;../data/VAULT/Bousset2_data/Images/Tournesol/Phomopsis/Ito00406.jpg;Tournesol;Phomopsis;Tournesol_Phomopsis;Tournesol;DIAPHE;Diaporthe helianthi;Phomopsis;;vault;Phomopsis;2024:08:01;12:48:53;nan;6;Tournesol_Phomopsis
Ito00417;../data/VAULT/Bousset2_data/Images/Tournesol/Phomopsis/Ito00417.jpg;Tournesol;Phomopsis;Tournesol_Phomopsis;Tournesol;DIAPHE;Diaporthe helianthi;Phomopsis;;vault;Phomopsis;2024:08:01;12:49:41;nan;6;Tournesol_Phomopsis
Ito00422;../data/VAULT/Bousset2_data/Images/Tournesol/Phomopsis/Ito00422.jpg;Tournesol;Phomopsis;Tournesol_Phomopsis;Tournesol;DIAPHE;Diaporthe helianthi;Phomopsis;;vault;Phomopsis;2024:08:01;12:50:07;nan;6;Tournesol_Phomopsis
Ito00439;../data/VAULT/Bousset2_data/Images/Tournesol/Phomopsis/Ito00439.jpg;Tournesol;Phomopsis;Tournesol_Phomopsis;Tournesol;DIAPHE;Diaporthe helianthi;Phomopsis;;vault;Phomopsis;2024:08:01;12:51:14;nan;6;Tournesol_Phomopsis
Ito00440;../data/VAULT/Bousset2_data/Images/Tournesol/Phomopsis/Ito00440.jpg;Tournesol;Phomopsis;Tournesol_Phomopsis;Tournesol;DIAPHE;Diaporthe helianthi;Phomopsis;;vault;Phomopsis;2024:08:01;12:51:17;nan;6;Tournesol_Phomopsis
Ito00491;../data/VAULT/Bousset2_data/Images/Tournesol/Phomopsis/Ito00491.jpg;Tournesol;Phomopsis;Tournesol_Phomopsis;Tournesol;DIAPHE;Diaporthe helianthi;Phomopsis;;vault;Phomopsis;2024:08:01;12:56:42;nan;6;Tournesol_Phomopsis
Ito00507;../data/VAULT/Bousset2_data/Images/Tournesol/Phomopsis/Ito00507.jpg;Tournesol;Phomopsis;Tournesol_Phomopsis;Tournesol;DIAPHE;Diaporthe helianthi;Phomopsis;;vault;Phomopsis;2024:08:01;12:58:37;nan;6;Tournesol_Phomopsis
Ito00508;../data/VAULT/Bousset2_data/Images/Tournesol/Phomopsis/Ito00508.jpg;Tournesol;Phomopsis;Tournesol_Phomopsis;Tournesol;DIAPHE;Diaporthe helianthi;Phomopsis;;vault;Phomopsis;2024:08:01;12:58:45;nan;6;Tournesol_Phomopsis
Ito00510;../data/VAULT/Bousset2_data/Images/Tournesol/Phomopsis/Ito00510.jpg;Tournesol;Phomopsis;Tournesol_Phomopsis;Tournesol;DIAPHE;Diaporthe helianthi;Phomopsis;;vault;Phomopsis;2024:08:01;12:58:53;nan;6;Tournesol_Phomopsis
Ito00511;../data/VAULT/Bousset2_data/Images/Tournesol/Phomopsis/Ito00511.jpg;Tournesol;Phomopsis;Tournesol_Phomopsis;Tournesol;DIAPHE;Diaporthe helianthi;Phomopsis;;vault;Phomopsis;2024:08:01;12:59:10;nan;6;Tournesol_Phomopsis
Ito00520;../data/Bousset2_data/Images/Tournesol/Phomopsis/Ito00520.jpg;Tournesol;Phomopsis;Tournesol_Phomopsis;Tournesol;DIAPHE;Diaporthe helianthi;Phomopsis;;train;Phomopsis;2024:08:06;16:47:39;nan;6;Tournesol_Phomopsis
Ito00521;../data/Bousset2_data/Images/Tournesol/Phomopsis/Ito00521.jpg;Tournesol;Phomopsis;Tournesol_Phomopsis;Tournesol;DIAPHE;Diaporthe helianthi;Phomopsis;;train;Phomopsis;2024:08:06;16:47:51;nan;6;Tournesol_Phomopsis
Ito00538;../data/Bousset2_data/Images/Tournesol/Phomopsis/Ito00538.jpg;Tournesol;Phomopsis;Tournesol_Phomopsis;Tournesol;DIAPHE;Diaporthe helianthi;Phomopsis;;train;Phomopsis;2024:08:06;16:49:16;nan;6;Tournesol_Phomopsis
Ito00539;../data/Bousset2_data/Images/Tournesol/Phomopsis/Ito00539.jpg;Tournesol;Phomopsis;Tournesol_Phomopsis;Tournesol;DIAPHE;Diaporthe helianthi;Phomopsis;;train;Phomopsis;2024:08:06;16:49:22;nan;6;Tournesol_Phomopsis
Ito00540;../data/Bousset2_data/Images/Tournesol/Phomopsis/Ito00540.jpg;Tournesol;Phomopsis;Tournesol_Phomopsis;Tournesol;DIAPHE;Diaporthe helianthi;Phomopsis;;train;Phomopsis;2024:08:06;16:49:43;nan;6;Tournesol_Phomopsis
Ito00544;../data/Bousset2_data/Images/Tournesol/Phomopsis/Ito00544.jpg;Tournesol;Phomopsis;Tournesol_Phomopsis;Tournesol;DIAPHE;Diaporthe helianthi;Phomopsis;;train;Phomopsis;2024:08:06;16:50:26;nan;6;Tournesol_Phomopsis
Ito00545;../data/Bousset2_data/Images/Tournesol/Phomopsis/Ito00545.jpg;Tournesol;Phomopsis;Tournesol_Phomopsis;Tournesol;DIAPHE;Diaporthe helianthi;Phomopsis;;train;Phomopsis;2024:08:06;16:50:28;nan;6;Tournesol_Phomopsis
Ito00546;../data/Bousset2_data/Images/Tournesol/Phomopsis/Ito00546.jpg;Tournesol;Phomopsis;Tournesol_Phomopsis;Tournesol;DIAPHE;Diaporthe helianthi;Phomopsis;;train;Phomopsis;2024:08:06;16:50:39;nan;6;Tournesol_Phomopsis
Ito00548;../data/Bousset2_data/Images/Tournesol/Phomopsis/Ito00548.jpg;Tournesol;Phomopsis;Tournesol_Phomopsis;Tournesol;DIAPHE;Diaporthe helianthi;Phomopsis;;train;Phomopsis;2024:08:06;16:50:54;nan;6;Tournesol_Phomopsis
Ito00549;../data/Bousset2_data/Images/Tournesol/Phomopsis/Ito00549.jpg;Tournesol;Phomopsis;Tournesol_Phomopsis;Tournesol;DIAPHE;Diaporthe helianthi;Phomopsis;;train;Phomopsis;2024:08:06;16:50:57;nan;6;Tournesol_Phomopsis
Ito00550;../data/Bousset2_data/Images/Tournesol/Phomopsis/Ito00550.jpg;Tournesol;Phomopsis;Tournesol_Phomopsis;Tournesol;DIAPHE;Diaporthe helianthi;Phomopsis;;train;Phomopsis;2024:08:06;16:51:00;nan;6;Tournesol_Phomopsis
Ito00555;../data/Bousset2_data/Images/Tournesol/Phomopsis/Ito00555.jpg;Tournesol;Phomopsis;Tournesol_Phomopsis;Tournesol;DIAPHE;Diaporthe helianthi;Phomopsis;;train;Phomopsis;2024:08:06;16:51:31;nan;6;Tournesol_Phomopsis
Ito00557;../data/Bousset2_data/Images/Tournesol/Phomopsis/Ito00557.jpg;Tournesol;Phomopsis;Tournesol_Phomopsis;Tournesol;DIAPHE;Diaporthe helianthi;Phomopsis;;train;Phomopsis;2024:08:06;16:51:53;nan;6;Tournesol_Phomopsis
Ito00561;../data/Bousset2_data/Images/Tournesol/Phomopsis/Ito00561.jpg;Tournesol;Phomopsis;Tournesol_Phomopsis;Tournesol;DIAPHE;Diaporthe helianthi;Phomopsis;;train;Phomopsis;2024:08:06;16:52:19;nan;6;Tournesol_Phomopsis
Ito00562;../data/Bousset2_data/Images/Tournesol/Phomopsis/Ito00562.jpg;Tournesol;Phomopsis;Tournesol_Phomopsis;Tournesol;DIAPHE;Diaporthe helianthi;Phomopsis;;train;Phomopsis;2024:08:06;16:53:17;nan;6;Tournesol_Phomopsis
Ito00564;../data/Bousset2_data/Images/Tournesol/Phomopsis/Ito00564.jpg;Tournesol;Phomopsis;Tournesol_Phomopsis;Tournesol;DIAPHE;Diaporthe helianthi;Phomopsis;;train;Phomopsis;2024:08:06;16:54:23;nan;6;Tournesol_Phomopsis
Ito00566;../data/Bousset2_data/Images/Tournesol/Phomopsis/Ito00566.jpg;Tournesol;Phomopsis;Tournesol_Phomopsis;Tournesol;DIAPHE;Diaporthe helianthi;Phomopsis;;train;Phomopsis;2024:08:06;16:54:44;nan;6;Tournesol_Phomopsis
Ito00571;../data/Bousset2_data/Images/Tournesol/Phomopsis/Ito00571.jpg;Tournesol;Phomopsis;Tournesol_Phomopsis;Tournesol;DIAPHE;Diaporthe helianthi;Phomopsis;;train;Phomopsis;2024:08:14;20:21:46;nan;6;Tournesol_Phomopsis
Ito00572;../data/Bousset2_data/Images/Tournesol/Phomopsis/Ito00572.jpg;Tournesol;Phomopsis;Tournesol_Phomopsis;Tournesol;DIAPHE;Diaporthe helianthi;Phomopsis;;train;Phomopsis;2024:08:14;20:21:48;nan;6;Tournesol_Phomopsis
Ito00576;../data/Bousset2_data/Images/Tournesol/Phomopsis/Ito00576.jpg;Tournesol;Phomopsis;Tournesol_Phomopsis;Tournesol;DIAPHE;Diaporthe helianthi;Phomopsis;;train;Phomopsis;2024:08:14;20:22:00;nan;6;Tournesol_Phomopsis
Ito00577;../data/Bousset2_data/Images/Tournesol/Phomopsis/Ito00577.jpg;Tournesol;Phomopsis;Tournesol_Phomopsis;Tournesol;DIAPHE;Diaporthe helianthi;Phomopsis;;train;Phomopsis;2024:08:14;20:22:11;nan;6;Tournesol_Phomopsis
Ito00578;../data/Bousset2_data/Images/Tournesol/Phomopsis/Ito00578.jpg;Tournesol;Phomopsis;Tournesol_Phomopsis;Tournesol;DIAPHE;Diaporthe helianthi;Phomopsis;;train;Phomopsis;2024:08:14;20:22:15;nan;6;Tournesol_Phomopsis
Ito00579;../data/Bousset2_data/Images/Tournesol/Phomopsis/Ito00579.jpg;Tournesol;Phomopsis;Tournesol_Phomopsis;Tournesol;DIAPHE;Diaporthe helianthi;Phomopsis;;train;Phomopsis;2024:08:14;20:22:18;nan;6;Tournesol_Phomopsis
Ito00580;../data/Bousset2_data/Images/Tournesol/Phomopsis/Ito00580.jpg;Tournesol;Phomopsis;Tournesol_Phomopsis;Tournesol;DIAPHE;Diaporthe helianthi;Phomopsis;;train;Phomopsis;2024:08:14;20:22:20;nan;6;Tournesol_Phomopsis
Ito00581;../data/Bousset2_data/Images/Tournesol/Phomopsis/Ito00581.jpg;Tournesol;Phomopsis;Tournesol_Phomopsis;Tournesol;DIAPHE;Diaporthe helianthi;Phomopsis;;train;Phomopsis;2024:08:14;20:22:23;nan;6;Tournesol_Phomopsis
Ito00583;../data/Bousset2_data/Images/Tournesol/Phomopsis/Ito00583.jpg;Tournesol;Phomopsis;Tournesol_Phomopsis;Tournesol;DIAPHE;Diaporthe helianthi;Phomopsis;;train;Phomopsis;2024:08:14;20:22:30;nan;6;Tournesol_Phomopsis
Ito00584;../data/Bousset2_data/Images/Tournesol/Phomopsis/Ito00584.jpg;Tournesol;Phomopsis;Tournesol_Phomopsis;Tournesol;DIAPHE;Diaporthe helianthi;Phomopsis;;train;Phomopsis;2024:08:14;20:22:31;nan;6;Tournesol_Phomopsis
Ito00585;../data/Bousset2_data/Images/Tournesol/Phomopsis/Ito00585.jpg;Tournesol;Phomopsis;Tournesol_Phomopsis;Tournesol;DIAPHE;Diaporthe helianthi;Phomopsis;;train;Phomopsis;2024:08:14;20:22:40;nan;6;Tournesol_Phomopsis
Ito00586;../data/Bousset2_data/Images/Tournesol/Phomopsis/Ito00586.jpg;Tournesol;Phomopsis;Tournesol_Phomopsis;Tournesol;DIAPHE;Diaporthe helianthi;Phomopsis;;train;Phomopsis;2024:08:14;20:22:50;nan;6;Tournesol_Phomopsis
Ito00587;../data/Bousset2_data/Images/Tournesol/Phomopsis/Ito00587.jpg;Tournesol;Phomopsis;Tournesol_Phomopsis;Tournesol;DIAPHE;Diaporthe helianthi;Phomopsis;;train;Phomopsis;2024:08:14;20:22:54;nan;6;Tournesol_Phomopsis
Ito00588;../data/Bousset2_data/Images/Tournesol/Phomopsis/Ito00588.jpg;Tournesol;Phomopsis;Tournesol_Phomopsis;Tournesol;DIAPHE;Diaporthe helianthi;Phomopsis;;train;Phomopsis;2024:08:14;20:23:05;nan;6;Tournesol_Phomopsis
Ito00590;../data/Bousset2_data/Images/Tournesol/Phomopsis/Ito00590.jpg;Tournesol;Phomopsis;Tournesol_Phomopsis;Tournesol;DIAPHE;Diaporthe helianthi;Phomopsis;;train;Phomopsis;2024:08:14;20:23:14;nan;6;Tournesol_Phomopsis
Ito00591;../data/Bousset2_data/Images/Tournesol/Phomopsis/Ito00591.jpg;Tournesol;Phomopsis;Tournesol_Phomopsis;Tournesol;DIAPHE;Diaporthe helianthi;Phomopsis;;train;Phomopsis;2024:08:14;20:23:15;nan;6;Tournesol_Phomopsis
Ito00592;../data/Bousset2_data/Images/Tournesol/Phomopsis/Ito00592.jpg;Tournesol;Phomopsis;Tournesol_Phomopsis;Tournesol;DIAPHE;Diaporthe helianthi;Phomopsis;;train;Phomopsis;2024:08:14;20:23:25;nan;6;Tournesol_Phomopsis
Ito00593;../data/Bousset2_data/Images/Tournesol/Phomopsis/Ito00593.jpg;Tournesol;Phomopsis;Tournesol_Phomopsis;Tournesol;DIAPHE;Diaporthe helianthi;Phomopsis;;train;Phomopsis;2024:08:14;20:23:31;nan;6;Tournesol_Phomopsis
Ito00595;../data/Bousset2_data/Images/Tournesol/Phomopsis/Ito00595.jpg;Tournesol;Phomopsis;Tournesol_Phomopsis;Tournesol;DIAPHE;Diaporthe helianthi;Phomopsis;;train;Phomopsis;2024:08:14;20:23:45;nan;6;Tournesol_Phomopsis
Ito00598;../data/Bousset2_data/Images/Tournesol/Phomopsis/Ito00598.jpg;Tournesol;Phomopsis;Tournesol_Phomopsis;Tournesol;DIAPHE;Diaporthe helianthi;Phomopsis;;train;Phomopsis;2024:08:14;20:24:01;nan;6;Tournesol_Phomopsis
Ito00609;../data/Bousset2_data/Images/Tournesol/Phomopsis/Ito00609.jpg;Tournesol;Phomopsis;Tournesol_Phomopsis;Tournesol;DIAPHE;Diaporthe helianthi;Phomopsis;;train;Phomopsis;2024:08:14;20:25:03;nan;6;Tournesol_Phomopsis
Ito00610;../data/Bousset2_data/Images/Tournesol/Phomopsis/Ito00610.jpg;Tournesol;Phomopsis;Tournesol_Phomopsis;Tournesol;DIAPHE;Diaporthe helianthi;Phomopsis;;train;Phomopsis;2024:08:14;20:25:04;nan;6;Tournesol_Phomopsis
Ito00611;../data/Bousset2_data/Images/Tournesol/Phomopsis/Ito00611.jpg;Tournesol;Phomopsis;Tournesol_Phomopsis;Tournesol;DIAPHE;Diaporthe helianthi;Phomopsis;;train;Phomopsis;2024:08:14;20:25:06;nan;6;Tournesol_Phomopsis
Ito00612;../data/Bousset2_data/Images/Tournesol/Phomopsis/Ito00612.jpg;Tournesol;Phomopsis;Tournesol_Phomopsis;Tournesol;DIAPHE;Diaporthe helianthi;Phomopsis;;train;Phomopsis;2024:08:14;20:25:12;nan;6;Tournesol_Phomopsis
Ito00613;../data/Bousset2_data/Images/Tournesol/Phomopsis/Ito00613.jpg;Tournesol;Phomopsis;Tournesol_Phomopsis;Tournesol;DIAPHE;Diaporthe helianthi;Phomopsis;;train;Phomopsis;2024:08:14;20:25:22;nan;6;Tournesol_Phomopsis
Ito00614;../data/Bousset2_data/Images/Tournesol/Phomopsis/Ito00614.jpg;Tournesol;Phomopsis;Tournesol_Phomopsis;Tournesol;DIAPHE;Diaporthe helianthi;Phomopsis;;train;Phomopsis;2024:08:14;20:25:31;nan;6;Tournesol_Phomopsis
Ito00615;../data/Bousset2_data/Images/Tournesol/Phomopsis/Ito00615.jpg;Tournesol;Phomopsis;Tournesol_Phomopsis;Tournesol;DIAPHE;Diaporthe helianthi;Phomopsis;;train;Phomopsis;2024:08:14;20:25:32;nan;6;Tournesol_Phomopsis
Ito00616;../data/Bousset2_data/Images/Tournesol/Phomopsis/Ito00616.jpg;Tournesol;Phomopsis;Tournesol_Phomopsis;Tournesol;DIAPHE;Diaporthe helianthi;Phomopsis;;train;Phomopsis;2024:08:14;20:25:37;nan;6;Tournesol_Phomopsis
Ito00617;../data/Bousset2_data/Images/Tournesol/Phomopsis/Ito00617.jpg;Tournesol;Phomopsis;Tournesol_Phomopsis;Tournesol;DIAPHE;Diaporthe helianthi;Phomopsis;;train;Phomopsis;2024:08:16;11:31:12;nan;6;Tournesol_Phomopsis
Ito00626;../data/Bousset2_data/Images/Tournesol/Phomopsis/Ito00626.jpg;Tournesol;Phomopsis;Tournesol_Phomopsis;Tournesol;DIAPHE;Diaporthe helianthi;Phomopsis;;train;Phomopsis;2024:08:16;11:31:51;nan;6;Tournesol_Phomopsis
Ito00629;../data/Bousset2_data/Images/Tournesol/Phomopsis/Ito00629.jpg;Tournesol;Phomopsis;Tournesol_Phomopsis;Tournesol;DIAPHE;Diaporthe helianthi;Phomopsis;;train;Phomopsis;2024:08:16;11:32:09;nan;6;Tournesol_Phomopsis
Ito00630;../data/Bousset2_data/Images/Tournesol/Phomopsis/Ito00630.jpg;Tournesol;Phomopsis;Tournesol_Phomopsis;Tournesol;DIAPHE;Diaporthe helianthi;Phomopsis;;train;Phomopsis;2024:08:16;11:32:12;nan;6;Tournesol_Phomopsis
Ito00631;../data/Bousset2_data/Images/Tournesol/Phomopsis/Ito00631.jpg;Tournesol;Phomopsis;Tournesol_Phomopsis;Tournesol;DIAPHE;Diaporthe helianthi;Phomopsis;;train;Phomopsis;2024:08:16;11:32:31;nan;6;Tournesol_Phomopsis
Ito00633;../data/Bousset2_data/Images/Tournesol/Phomopsis/Ito00633.jpg;Tournesol;Phomopsis;Tournesol_Phomopsis;Tournesol;DIAPHE;Diaporthe helianthi;Phomopsis;;train;Phomopsis;2024:08:16;11:32:46;nan;6;Tournesol_Phomopsis
Ito00641;../data/Bousset2_data/Images/Tournesol/Phomopsis/Ito00641.jpg;Tournesol;Phomopsis;Tournesol_Phomopsis;Tournesol;DIAPHE;Diaporthe helianthi;Phomopsis;;train;Phomopsis;2024:08:16;11:35:02;nan;6;Tournesol_Phomopsis
Ito00642;../data/Bousset2_data/Images/Tournesol/Phomopsis/Ito00642.jpg;Tournesol;Phomopsis;Tournesol_Phomopsis;Tournesol;DIAPHE;Diaporthe helianthi;Phomopsis;;train;Phomopsis;2024:08:16;11:35:04;nan;6;Tournesol_Phomopsis
Ito00643;../data/Bousset2_data/Images/Tournesol/Phomopsis/Ito00643.jpg;Tournesol;Phomopsis;Tournesol_Phomopsis;Tournesol;DIAPHE;Diaporthe helianthi;Phomopsis;;train;Phomopsis;2024:08:16;11:35:18;nan;6;Tournesol_Phomopsis
Ito00645;../data/Bousset2_data/Images/Tournesol/Phomopsis/Ito00645.jpg;Tournesol;Phomopsis;Tournesol_Phomopsis;Tournesol;DIAPHE;Diaporthe helianthi;Phomopsis;;train;Phomopsis;2024:08:16;11:35:24;nan;6;Tournesol_Phomopsis
Ito00646;../data/Bousset2_data/Images/Tournesol/Phomopsis/Ito00646.jpg;Tournesol;Phomopsis;Tournesol_Phomopsis;Tournesol;DIAPHE;Diaporthe helianthi;Phomopsis;;train;Phomopsis;2024:08:16;11:35:26;nan;6;Tournesol_Phomopsis
Ito00649;../data/Bousset2_data/Images/Tournesol/Phomopsis/Ito00649.jpg;Tournesol;Phomopsis;Tournesol_Phomopsis;Tournesol;DIAPHE;Diaporthe helianthi;Phomopsis;;train;Phomopsis;2024:08:16;11:35:38;nan;6;Tournesol_Phomopsis
Ito00653;../data/Bousset2_data/Images/Tournesol/Phomopsis/Ito00653.jpg;Tournesol;Phomopsis;Tournesol_Phomopsis;Tournesol;DIAPHE;Diaporthe helianthi;Phomopsis;;train;Phomopsis;2024:08:16;11:35:59;nan;6;Tournesol_Phomopsis
Ito00654;../data/Bousset2_data/Images/Tournesol/Phomopsis/Ito00654.jpg;Tournesol;Phomopsis;Tournesol_Phomopsis;Tournesol;DIAPHE;Diaporthe helianthi;Phomopsis;;train;Phomopsis;2024:08:16;11:36:02;nan;6;Tournesol_Phomopsis
Ito00001;../data/Bousset2_data/Images/Tournesol/Virus/Ito00001.jpg;Tournesol;Virus;Tournesol_Virus;Tournesol;1VIUUD ;;Virus;plusieurs, non déterminés;train;Virus;2024:06:11;17:50:36;nan;10;Tournesol_Virus
Ito00002;../data/Bousset2_data/Images/Tournesol/Virus/Ito00002.jpg;Tournesol;Virus;Tournesol_Virus;Tournesol;1VIUUD ;;Virus;plusieurs, non déterminés;train;Virus;2024:06:11;17:50:42;nan;10;Tournesol_Virus
Ito00003;../data/Bousset2_data/Images/Tournesol/Virus/Ito00003.jpg;Tournesol;Virus;Tournesol_Virus;Tournesol;1VIUUD ;;Virus;plusieurs, non déterminés;train;Virus;2024:06:11;17:50:48;nan;10;Tournesol_Virus
Ito00004;../data/Bousset2_data/Images/Tournesol/Virus/Ito00004.jpg;Tournesol;Virus;Tournesol_Virus;Tournesol;1VIUUD ;;Virus;plusieurs, non déterminés;train;Virus;2024:06:11;17:50:50;nan;10;Tournesol_Virus
Ito00005;../data/Bousset2_data/Images/Tournesol/Virus/Ito00005.jpg;Tournesol;Virus;Tournesol_Virus;Tournesol;1VIUUD ;;Virus;plusieurs, non déterminés;train;Virus;2024:06:11;17:50:53;nan;10;Tournesol_Virus
Ito00006;../data/Bousset2_data/Images/Tournesol/Virus/Ito00006.jpg;Tournesol;Virus;Tournesol_Virus;Tournesol;1VIUUD ;;Virus;plusieurs, non déterminés;train;Virus;2024:06:11;17:51:00;nan;10;Tournesol_Virus
Ito00008;../data/Bousset2_data/Images/Tournesol/Virus/Ito00008.jpg;Tournesol;Virus;Tournesol_Virus;Tournesol;1VIUUD ;;Virus;plusieurs, non déterminés;train;Virus;2024:06:11;17:51:19;nan;10;Tournesol_Virus
Ito00009;../data/Bousset2_data/Images/Tournesol/Virus/Ito00009.jpg;Tournesol;Virus;Tournesol_Virus;Tournesol;1VIUUD ;;Virus;plusieurs, non déterminés;train;Virus;2024:06:11;17:51:23;nan;10;Tournesol_Virus
Ito00010;../data/Bousset2_data/Images/Tournesol/Virus/Ito00010.jpg;Tournesol;Virus;Tournesol_Virus;Tournesol;1VIUUD ;;Virus;plusieurs, non déterminés;train;Virus;2024:06:11;17:51:25;nan;10;Tournesol_Virus
Ito00011;../data/Bousset2_data/Images/Tournesol/Virus/Ito00011.jpg;Tournesol;Virus;Tournesol_Virus;Tournesol;1VIUUD ;;Virus;plusieurs, non déterminés;train;Virus;2024:06:11;17:51:32;nan;10;Tournesol_Virus
Ito00036;../data/VAULT/Bousset2_data/Images/Tournesol/Virus/Ito00036.jpg;Tournesol;Virus;Tournesol_Virus;Tournesol;1VIUUD ;;Virus;plusieurs, non déterminés;vault;Virus;2024:07:25;11:57:55;nan;10;Tournesol_Virus
Ito00167;../data/VAULT/Bousset2_data/Images/Tournesol/Virus/Ito00167.jpg;Tournesol;Virus;Tournesol_Virus;Tournesol;1VIUUD ;;Virus;plusieurs, non déterminés;vault;Virus;2024:07:25;12:09:42;nan;10;Tournesol_Virus
Ito00168;../data/VAULT/Bousset2_data/Images/Tournesol/Virus/Ito00168.jpg;Tournesol;Virus;Tournesol_Virus;Tournesol;1VIUUD ;;Virus;plusieurs, non déterminés;vault;Virus;2024:07:25;12:09:45;nan;10;Tournesol_Virus
Ito00198;../data/VAULT/Bousset2_data/Images/Tournesol/Virus/Ito00198.jpg;Tournesol;Virus;Tournesol_Virus;Tournesol;1VIUUD ;;Virus;plusieurs, non déterminés;vault;Virus;2024:07:25;12:12:49;nan;10;Tournesol_Virus
Ito00199;../data/VAULT/Bousset2_data/Images/Tournesol/Virus/Ito00199.jpg;Tournesol;Virus;Tournesol_Virus;Tournesol;1VIUUD ;;Virus;plusieurs, non déterminés;vault;Virus;2024:07:25;12:12:51;nan;10;Tournesol_Virus
Ito00200;../data/VAULT/Bousset2_data/Images/Tournesol/Virus/Ito00200.jpg;Tournesol;Virus;Tournesol_Virus;Tournesol;1VIUUD ;;Virus;plusieurs, non déterminés;vault;Virus;2024:07:25;12:12:52;nan;10;Tournesol_Virus
Ito00201;../data/VAULT/Bousset2_data/Images/Tournesol/Virus/Ito00201.jpg;Tournesol;Virus;Tournesol_Virus;Tournesol;1VIUUD ;;Virus;plusieurs, non déterminés;vault;Virus;2024:07:25;12:12:54;nan;10;Tournesol_Virus
Ito00202;../data/VAULT/Bousset2_data/Images/Tournesol/Virus/Ito00202.jpg;Tournesol;Virus;Tournesol_Virus;Tournesol;1VIUUD ;;Virus;plusieurs, non déterminés;vault;Virus;2024:07:25;12:12:56;nan;10;Tournesol_Virus
Ito00203;../data/VAULT/Bousset2_data/Images/Tournesol/Virus/Ito00203.jpg;Tournesol;Virus;Tournesol_Virus;Tournesol;1VIUUD ;;Virus;plusieurs, non déterminés;vault;Virus;2024:07:25;12:12:58;nan;10;Tournesol_Virus
Ito00219;../data/VAULT/Bousset2_data/Images/Tournesol/Virus/Ito00219.jpg;Tournesol;Virus;Tournesol_Virus;Tournesol;1VIUUD ;;Virus;plusieurs, non déterminés;vault;Virus;2024:07:25;12:15:18;nan;10;Tournesol_Virus
Ito00220;../data/VAULT/Bousset2_data/Images/Tournesol/Virus/Ito00220.jpg;Tournesol;Virus;Tournesol_Virus;Tournesol;1VIUUD ;;Virus;plusieurs, non déterminés;vault;Virus;2024:07:25;12:15:21;nan;10;Tournesol_Virus
Ito00221;../data/VAULT/Bousset2_data/Images/Tournesol/Virus/Ito00221.jpg;Tournesol;Virus;Tournesol_Virus;Tournesol;1VIUUD ;;Virus;plusieurs, non déterminés;vault;Virus;2024:07:25;12:15:23;nan;10;Tournesol_Virus
Ito00240;../data/VAULT/Bousset2_data/Images/Tournesol/Virus/Ito00240.jpg;Tournesol;Virus;Tournesol_Virus;Tournesol;1VIUUD ;;Virus;plusieurs, non déterminés;vault;Virus;2024:07:25;12:17:03;nan;10;Tournesol_Virus
Ito00341;../data/VAULT/Bousset2_data/Images/Tournesol/Virus/Ito00341.jpg;Tournesol;Virus;Tournesol_Virus;Tournesol;1VIUUD ;;Virus;plusieurs, non déterminés;vault;Virus;2024:07:25;12:25:36;nan;10;Tournesol_Virus
Ito00342;../data/VAULT/Bousset2_data/Images/Tournesol/Virus/Ito00342.jpg;Tournesol;Virus;Tournesol_Virus;Tournesol;1VIUUD ;;Virus;plusieurs, non déterminés;vault;Virus;2024:07:25;12:25:37;nan;10;Tournesol_Virus
Ito00343;../data/VAULT/Bousset2_data/Images/Tournesol/Virus/Ito00343.jpg;Tournesol;Virus;Tournesol_Virus;Tournesol;1VIUUD ;;Virus;plusieurs, non déterminés;vault;Virus;2024:07:25;12:25:42;nan;10;Tournesol_Virus
Ito00344;../data/VAULT/Bousset2_data/Images/Tournesol/Virus/Ito00344.jpg;Tournesol;Virus;Tournesol_Virus;Tournesol;1VIUUD ;;Virus;plusieurs, non déterminés;vault;Virus;2024:07:25;12:25:44;nan;10;Tournesol_Virus
Ito00345;../data/VAULT/Bousset2_data/Images/Tournesol/Virus/Ito00345.jpg;Tournesol;Virus;Tournesol_Virus;Tournesol;1VIUUD ;;Virus;plusieurs, non déterminés;vault;Virus;2024:07:25;12:25:46;nan;10;Tournesol_Virus
Ito00437;../data/Bousset2_data/Images/Tournesol/Virus/Ito00437.jpg;Tournesol;Virus;Tournesol_Virus;Tournesol;1VIUUD ;;Virus;plusieurs, non déterminés;train;Virus;2024:08:01;12:51:06;nan;10;Tournesol_Virus
Ito00459;../data/Bousset2_data/Images/Tournesol/Virus/Ito00459.jpg;Tournesol;Virus;Tournesol_Virus;Tournesol;1VIUUD ;;Virus;plusieurs, non déterminés;train;Virus;2024:08:01;12:52:42;nan;10;Tournesol_Virus
Ito00494;../data/Bousset2_data/Images/Tournesol/Virus/Ito00494.jpg;Tournesol;Virus;Tournesol_Virus;Tournesol;1VIUUD ;;Virus;plusieurs, non déterminés;train;Virus;2024:08:01;12:57:01;nan;10;Tournesol_Virus
Ito00514;../data/Bousset2_data/Images/Tournesol/Virus/Ito00514.jpg;Tournesol;Virus;Tournesol_Virus;Tournesol;1VIUUD ;;Virus;plusieurs, non déterminés;train;Virus;2024:08:06;16:46:58;nan;10;Tournesol_Virus
Ito00515;../data/Bousset2_data/Images/Tournesol/Virus/Ito00515.jpg;Tournesol;Virus;Tournesol_Virus;Tournesol;1VIUUD ;;Virus;plusieurs, non déterminés;train;Virus;2024:08:06;16:47:00;nan;10;Tournesol_Virus
Ito00516;../data/Bousset2_data/Images/Tournesol/Virus/Ito00516.jpg;Tournesol;Virus;Tournesol_Virus;Tournesol;1VIUUD ;;Virus;plusieurs, non déterminés;train;Virus;2024:08:06;16:47:02;nan;10;Tournesol_Virus
Ito00517;../data/Bousset2_data/Images/Tournesol/Virus/Ito00517.jpg;Tournesol;Virus;Tournesol_Virus;Tournesol;1VIUUD ;;Virus;plusieurs, non déterminés;train;Virus;2024:08:06;16:47:04;nan;10;Tournesol_Virus
Ito00518;../data/Bousset2_data/Images/Tournesol/Virus/Ito00518.jpg;Tournesol;Virus;Tournesol_Virus;Tournesol;1VIUUD ;;Virus;plusieurs, non déterminés;train;Virus;2024:08:06;16:47:07;nan;10;Tournesol_Virus
Itc00041;../data/Bousset2_data/Images/Triticale/0_Saines/Itc00041.jpg;Triticale;0_Saines;Triticale_0_Saines;Triticale;;;0_Saines;Asymptomatiques;train;0_Saines;2024:02:14;11:29:12;nan;23;Triticale_0_Saines
Itc00044;../data/Bousset2_data/Images/Triticale/0_Saines/Itc00044.jpg;Triticale;0_Saines;Triticale_0_Saines;Triticale;;;0_Saines;Asymptomatiques;train;0_Saines;2024:02:14;11:29:31;nan;23;Triticale_0_Saines
Itc00211;../data/Bousset2_data/Images/Triticale/0_Saines/Itc00211.jpg;Triticale;0_Saines;Triticale_0_Saines;Triticale;;;0_Saines;Asymptomatiques;train;0_Saines;2024:04:15;13:37:26;nan;23;Triticale_0_Saines
Itc00212;../data/Bousset2_data/Images/Triticale/0_Saines/Itc00212.jpg;Triticale;0_Saines;Triticale_0_Saines;Triticale;;;0_Saines;Asymptomatiques;train;0_Saines;2024:04:15;13:37:28;nan;23;Triticale_0_Saines
Itc00213;../data/Bousset2_data/Images/Triticale/0_Saines/Itc00213.jpg;Triticale;0_Saines;Triticale_0_Saines;Triticale;;;0_Saines;Asymptomatiques;train;0_Saines;2024:04:15;13:37:50;nan;23;Triticale_0_Saines
Itc00214;../data/Bousset2_data/Images/Triticale/0_Saines/Itc00214.jpg;Triticale;0_Saines;Triticale_0_Saines;Triticale;;;0_Saines;Asymptomatiques;train;0_Saines;2024:04:15;13:37:52;nan;23;Triticale_0_Saines
Itc00216;../data/Bousset2_data/Images/Triticale/0_Saines/Itc00216.jpg;Triticale;0_Saines;Triticale_0_Saines;Triticale;;;0_Saines;Asymptomatiques;train;0_Saines;2024:04:15;13:38:54;nan;23;Triticale_0_Saines
Itc00217;../data/Bousset2_data/Images/Triticale/0_Saines/Itc00217.jpg;Triticale;0_Saines;Triticale_0_Saines;Triticale;;;0_Saines;Asymptomatiques;train;0_Saines;2024:04:15;13:38:56;nan;23;Triticale_0_Saines
Itc00221;../data/Bousset2_data/Images/Triticale/0_Saines/Itc00221.jpg;Triticale;0_Saines;Triticale_0_Saines;Triticale;;;0_Saines;Asymptomatiques;train;0_Saines;2024:04:15;13:41:13;nan;23;Triticale_0_Saines
Itc00222;../data/Bousset2_data/Images/Triticale/0_Saines/Itc00222.jpg;Triticale;0_Saines;Triticale_0_Saines;Triticale;;;0_Saines;Asymptomatiques;train;0_Saines;2024:04:15;13:41:15;nan;23;Triticale_0_Saines
Itc00223;../data/Bousset2_data/Images/Triticale/0_Saines/Itc00223.jpg;Triticale;0_Saines;Triticale_0_Saines;Triticale;;;0_Saines;Asymptomatiques;train;0_Saines;2024:04:15;13:41:24;nan;23;Triticale_0_Saines
Itc00447;../data/Bousset2_data/Images/Triticale/0_Saines/Itc00447.jpg;Triticale;0_Saines;Triticale_0_Saines;Triticale;;;0_Saines;Asymptomatiques;train;0_Saines;2024:05:23;12:04:26;nan;23;Triticale_0_Saines
Itc00448;../data/Bousset2_data/Images/Triticale/0_Saines/Itc00448.jpg;Triticale;0_Saines;Triticale_0_Saines;Triticale;;;0_Saines;Asymptomatiques;train;0_Saines;2024:05:23;12:04:36;nan;23;Triticale_0_Saines
Itc00449;../data/Bousset2_data/Images/Triticale/0_Saines/Itc00449.jpg;Triticale;0_Saines;Triticale_0_Saines;Triticale;;;0_Saines;Asymptomatiques;train;0_Saines;2024:05:23;12:04:38;nan;23;Triticale_0_Saines
Itc00753;../data/Bousset2_data/Images/Triticale/0_Saines/Itc00753.jpg;Triticale;0_Saines;Triticale_0_Saines;Triticale;;;0_Saines;Asymptomatiques;train;0_Saines;2024:06:24;14:46:52;nan;23;Triticale_0_Saines
Itc00755;../data/Bousset2_data/Images/Triticale/0_Saines/Itc00755.jpg;Triticale;0_Saines;Triticale_0_Saines;Triticale;;;0_Saines;Asymptomatiques;train;0_Saines;2024:06:24;14:47:02;nan;23;Triticale_0_Saines
Itc00756;../data/Bousset2_data/Images/Triticale/0_Saines/Itc00756.jpg;Triticale;0_Saines;Triticale_0_Saines;Triticale;;;0_Saines;Asymptomatiques;train;0_Saines;2024:06:24;14:47:07;nan;23;Triticale_0_Saines
Itc00757;../data/Bousset2_data/Images/Triticale/0_Saines/Itc00757.jpg;Triticale;0_Saines;Triticale_0_Saines;Triticale;;;0_Saines;Asymptomatiques;train;0_Saines;2024:06:24;14:47:12;nan;23;Triticale_0_Saines
Itc00001;../data/Bousset2_data/Images/Triticale/Oïdium/Itc00001.jpg;Triticale;Oïdium;Triticale_Oïdium;Triticale;ERYSGR;Blumeria graminis f.sp triticale;Oïdium;;train;Oïdium;2024:02:12;16:58:32;nan;14;Triticale_Oïdium
Itc00002;../data/Bousset2_data/Images/Triticale/Oïdium/Itc00002.jpg;Triticale;Oïdium;Triticale_Oïdium;Triticale;ERYSGR;Blumeria graminis f.sp triticale;Oïdium;;train;Oïdium;2024:02:12;16:58:36;nan;14;Triticale_Oïdium
Itc00003;../data/Bousset2_data/Images/Triticale/Oïdium/Itc00003.jpg;Triticale;Oïdium;Triticale_Oïdium;Triticale;ERYSGR;Blumeria graminis f.sp triticale;Oïdium;;train;Oïdium;2024:02:12;17:00:12;nan;14;Triticale_Oïdium
Itc00004;../data/Bousset2_data/Images/Triticale/Oïdium/Itc00004.jpg;Triticale;Oïdium;Triticale_Oïdium;Triticale;ERYSGR;Blumeria graminis f.sp triticale;Oïdium;;train;Oïdium;2024:02:12;17:00:15;nan;14;Triticale_Oïdium
Itc00005;../data/Bousset2_data/Images/Triticale/Oïdium/Itc00005.jpg;Triticale;Oïdium;Triticale_Oïdium;Triticale;ERYSGR;Blumeria graminis f.sp triticale;Oïdium;;train;Oïdium;2024:02:12;17:00:21;nan;14;Triticale_Oïdium
Itc00006;../data/Bousset2_data/Images/Triticale/Oïdium/Itc00006.jpg;Triticale;Oïdium;Triticale_Oïdium;Triticale;ERYSGR;Blumeria graminis f.sp triticale;Oïdium;;train;Oïdium;2024:02:12;17:00:30;nan;14;Triticale_Oïdium
Itc00008;../data/Bousset2_data/Images/Triticale/Oïdium/Itc00008.jpg;Triticale;Oïdium;Triticale_Oïdium;Triticale;ERYSGR;Blumeria graminis f.sp triticale;Oïdium;;train;Oïdium;2024:02:12;17:01:09;nan;14;Triticale_Oïdium
Itc00009;../data/Bousset2_data/Images/Triticale/Oïdium/Itc00009.jpg;Triticale;Oïdium;Triticale_Oïdium;Triticale;ERYSGR;Blumeria graminis f.sp triticale;Oïdium;;train;Oïdium;2024:02:12;17:01:15;nan;14;Triticale_Oïdium
Itc00010;../data/Bousset2_data/Images/Triticale/Oïdium/Itc00010.jpg;Triticale;Oïdium;Triticale_Oïdium;Triticale;ERYSGR;Blumeria graminis f.sp triticale;Oïdium;;train;Oïdium;2024:02:12;17:01:39;nan;14;Triticale_Oïdium
Itc00011;../data/Bousset2_data/Images/Triticale/Oïdium/Itc00011.jpg;Triticale;Oïdium;Triticale_Oïdium;Triticale;ERYSGR;Blumeria graminis f.sp triticale;Oïdium;;train;Oïdium;2024:02:12;17:01:45;nan;14;Triticale_Oïdium
Itc00012;../data/Bousset2_data/Images/Triticale/Oïdium/Itc00012.jpg;Triticale;Oïdium;Triticale_Oïdium;Triticale;ERYSGR;Blumeria graminis f.sp triticale;Oïdium;;train;Oïdium;2024:02:12;17:01:52;nan;14;Triticale_Oïdium
Itc00013;../data/Bousset2_data/Images/Triticale/Oïdium/Itc00013.jpg;Triticale;Oïdium;Triticale_Oïdium;Triticale;ERYSGR;Blumeria graminis f.sp triticale;Oïdium;;train;Oïdium;2024:02:12;17:02:17;nan;14;Triticale_Oïdium
Itc00014;../data/Bousset2_data/Images/Triticale/Oïdium/Itc00014.jpg;Triticale;Oïdium;Triticale_Oïdium;Triticale;ERYSGR;Blumeria graminis f.sp triticale;Oïdium;;train;Oïdium;2024:02:12;17:02:46;nan;14;Triticale_Oïdium
Itc00015;../data/Bousset2_data/Images/Triticale/Oïdium/Itc00015.jpg;Triticale;Oïdium;Triticale_Oïdium;Triticale;ERYSGR;Blumeria graminis f.sp triticale;Oïdium;;train;Oïdium;2024:02:12;17:02:59;nan;14;Triticale_Oïdium
Itc00016;../data/Bousset2_data/Images/Triticale/Oïdium/Itc00016.jpg;Triticale;Oïdium;Triticale_Oïdium;Triticale;ERYSGR;Blumeria graminis f.sp triticale;Oïdium;;train;Oïdium;2024:02:12;17:03:10;nan;14;Triticale_Oïdium
Itc00019;../data/Bousset2_data/Images/Triticale/Oïdium/Itc00019.jpg;Triticale;Oïdium;Triticale_Oïdium;Triticale;ERYSGR;Blumeria graminis f.sp triticale;Oïdium;;train;Oïdium;2024:02:14;11:26:05;nan;14;Triticale_Oïdium
Itc00020;../data/Bousset2_data/Images/Triticale/Oïdium/Itc00020.jpg;Triticale;Oïdium;Triticale_Oïdium;Triticale;ERYSGR;Blumeria graminis f.sp triticale;Oïdium;;train;Oïdium;2024:02:14;11:26:16;nan;14;Triticale_Oïdium
Itc00021;../data/Bousset2_data/Images/Triticale/Oïdium/Itc00021.jpg;Triticale;Oïdium;Triticale_Oïdium;Triticale;ERYSGR;Blumeria graminis f.sp triticale;Oïdium;;train;Oïdium;2024:02:14;11:26:33;nan;14;Triticale_Oïdium
Itc00022;../data/Bousset2_data/Images/Triticale/Oïdium/Itc00022.jpg;Triticale;Oïdium;Triticale_Oïdium;Triticale;ERYSGR;Blumeria graminis f.sp triticale;Oïdium;;train;Oïdium;2024:02:14;11:26:38;nan;14;Triticale_Oïdium
Itc00023;../data/Bousset2_data/Images/Triticale/Oïdium/Itc00023.jpg;Triticale;Oïdium;Triticale_Oïdium;Triticale;ERYSGR;Blumeria graminis f.sp triticale;Oïdium;;train;Oïdium;2024:02:14;11:26:49;nan;14;Triticale_Oïdium
Itc00024;../data/Bousset2_data/Images/Triticale/Oïdium/Itc00024.jpg;Triticale;Oïdium;Triticale_Oïdium;Triticale;ERYSGR;Blumeria graminis f.sp triticale;Oïdium;;train;Oïdium;2024:02:14;11:26:57;nan;14;Triticale_Oïdium
Itc00025;../data/Bousset2_data/Images/Triticale/Oïdium/Itc00025.jpg;Triticale;Oïdium;Triticale_Oïdium;Triticale;ERYSGR;Blumeria graminis f.sp triticale;Oïdium;;train;Oïdium;2024:02:14;11:27:07;nan;14;Triticale_Oïdium
Itc00026;../data/Bousset2_data/Images/Triticale/Oïdium/Itc00026.jpg;Triticale;Oïdium;Triticale_Oïdium;Triticale;ERYSGR;Blumeria graminis f.sp triticale;Oïdium;;train;Oïdium;2024:02:14;11:27:16;nan;14;Triticale_Oïdium
Itc00027;../data/Bousset2_data/Images/Triticale/Oïdium/Itc00027.jpg;Triticale;Oïdium;Triticale_Oïdium;Triticale;ERYSGR;Blumeria graminis f.sp triticale;Oïdium;;train;Oïdium;2024:02:14;11:27:20;nan;14;Triticale_Oïdium
Itc00028;../data/Bousset2_data/Images/Triticale/Oïdium/Itc00028.jpg;Triticale;Oïdium;Triticale_Oïdium;Triticale;ERYSGR;Blumeria graminis f.sp triticale;Oïdium;;train;Oïdium;2024:02:14;11:27:27;nan;14;Triticale_Oïdium
Itc00029;../data/Bousset2_data/Images/Triticale/Oïdium/Itc00029.jpg;Triticale;Oïdium;Triticale_Oïdium;Triticale;ERYSGR;Blumeria graminis f.sp triticale;Oïdium;;train;Oïdium;2024:02:14;11:27:30;nan;14;Triticale_Oïdium
Itc00030;../data/Bousset2_data/Images/Triticale/Oïdium/Itc00030.jpg;Triticale;Oïdium;Triticale_Oïdium;Triticale;ERYSGR;Blumeria graminis f.sp triticale;Oïdium;;train;Oïdium;2024:02:14;11:27:42;nan;14;Triticale_Oïdium
Itc00031;../data/Bousset2_data/Images/Triticale/Oïdium/Itc00031.jpg;Triticale;Oïdium;Triticale_Oïdium;Triticale;ERYSGR;Blumeria graminis f.sp triticale;Oïdium;;train;Oïdium;2024:02:14;11:27:46;nan;14;Triticale_Oïdium
Itc00032;../data/Bousset2_data/Images/Triticale/Oïdium/Itc00032.jpg;Triticale;Oïdium;Triticale_Oïdium;Triticale;ERYSGR;Blumeria graminis f.sp triticale;Oïdium;;train;Oïdium;2024:02:14;11:28:02;nan;14;Triticale_Oïdium
Itc00033;../data/Bousset2_data/Images/Triticale/Oïdium/Itc00033.jpg;Triticale;Oïdium;Triticale_Oïdium;Triticale;ERYSGR;Blumeria graminis f.sp triticale;Oïdium;;train;Oïdium;2024:02:14;11:28:05;nan;14;Triticale_Oïdium
Itc00035;../data/Bousset2_data/Images/Triticale/Oïdium/Itc00035.jpg;Triticale;Oïdium;Triticale_Oïdium;Triticale;ERYSGR;Blumeria graminis f.sp triticale;Oïdium;;train;Oïdium;2024:02:14;11:28:19;nan;14;Triticale_Oïdium
Itc00037;../data/Bousset2_data/Images/Triticale/Oïdium/Itc00037.jpg;Triticale;Oïdium;Triticale_Oïdium;Triticale;ERYSGR;Blumeria graminis f.sp triticale;Oïdium;;train;Oïdium;2024:02:14;11:28:46;nan;14;Triticale_Oïdium
Itc00038;../data/Bousset2_data/Images/Triticale/Oïdium/Itc00038.jpg;Triticale;Oïdium;Triticale_Oïdium;Triticale;ERYSGR;Blumeria graminis f.sp triticale;Oïdium;;train;Oïdium;2024:02:14;11:28:49;nan;14;Triticale_Oïdium
Itc00039;../data/Bousset2_data/Images/Triticale/Oïdium/Itc00039.jpg;Triticale;Oïdium;Triticale_Oïdium;Triticale;ERYSGR;Blumeria graminis f.sp triticale;Oïdium;;train;Oïdium;2024:02:14;11:28:56;nan;14;Triticale_Oïdium
Itc00040;../data/Bousset2_data/Images/Triticale/Oïdium/Itc00040.jpg;Triticale;Oïdium;Triticale_Oïdium;Triticale;ERYSGR;Blumeria graminis f.sp triticale;Oïdium;;train;Oïdium;2024:02:14;11:29:00;nan;14;Triticale_Oïdium
Itc00042;../data/Bousset2_data/Images/Triticale/Oïdium/Itc00042.jpg;Triticale;Oïdium;Triticale_Oïdium;Triticale;ERYSGR;Blumeria graminis f.sp triticale;Oïdium;;train;Oïdium;2024:02:14;11:29:21;nan;14;Triticale_Oïdium
Itc00043;../data/Bousset2_data/Images/Triticale/Oïdium/Itc00043.jpg;Triticale;Oïdium;Triticale_Oïdium;Triticale;ERYSGR;Blumeria graminis f.sp triticale;Oïdium;;train;Oïdium;2024:02:14;11:29:24;nan;14;Triticale_Oïdium
Itc00047;../data/Bousset2_data/Images/Triticale/Oïdium/Itc00047.jpg;Triticale;Oïdium;Triticale_Oïdium;Triticale;ERYSGR;Blumeria graminis f.sp triticale;Oïdium;;train;Oïdium;2024:02:14;11:29:43;nan;14;Triticale_Oïdium
Itc00048;../data/Bousset2_data/Images/Triticale/Oïdium/Itc00048.jpg;Triticale;Oïdium;Triticale_Oïdium;Triticale;ERYSGR;Blumeria graminis f.sp triticale;Oïdium;;train;Oïdium;2024:02:14;11:29:45;nan;14;Triticale_Oïdium
Itc00050;../data/Bousset2_data/Images/Triticale/Oïdium/Itc00050.jpg;Triticale;Oïdium;Triticale_Oïdium;Triticale;ERYSGR;Blumeria graminis f.sp triticale;Oïdium;;train;Oïdium;2024:02:14;11:30:16;nan;14;Triticale_Oïdium
Itc00051;../data/Bousset2_data/Images/Triticale/Oïdium/Itc00051.jpg;Triticale;Oïdium;Triticale_Oïdium;Triticale;ERYSGR;Blumeria graminis f.sp triticale;Oïdium;;train;Oïdium;2024:02:14;11:30:21;nan;14;Triticale_Oïdium
Itc00052;../data/Bousset2_data/Images/Triticale/Oïdium/Itc00052.jpg;Triticale;Oïdium;Triticale_Oïdium;Triticale;ERYSGR;Blumeria graminis f.sp triticale;Oïdium;;train;Oïdium;2024:02:14;11:30:26;nan;14;Triticale_Oïdium
Itc00057;../data/Bousset2_data/Images/Triticale/Oïdium/Itc00057.jpg;Triticale;Oïdium;Triticale_Oïdium;Triticale;ERYSGR;Blumeria graminis f.sp triticale;Oïdium;;train;Oïdium;2024:02:14;11:30:55;nan;14;Triticale_Oïdium
Itc00062;../data/Bousset2_data/Images/Triticale/Oïdium/Itc00062.jpg;Triticale;Oïdium;Triticale_Oïdium;Triticale;ERYSGR;Blumeria graminis f.sp triticale;Oïdium;;train;Oïdium;2024:02:14;11:31:23;nan;14;Triticale_Oïdium
Itc00063;../data/Bousset2_data/Images/Triticale/Oïdium/Itc00063.jpg;Triticale;Oïdium;Triticale_Oïdium;Triticale;ERYSGR;Blumeria graminis f.sp triticale;Oïdium;;train;Oïdium;2024:02:14;11:31:28;nan;14;Triticale_Oïdium
Itc00064;../data/Bousset2_data/Images/Triticale/Oïdium/Itc00064.jpg;Triticale;Oïdium;Triticale_Oïdium;Triticale;ERYSGR;Blumeria graminis f.sp triticale;Oïdium;;train;Oïdium;2024:02:14;11:31:37;nan;14;Triticale_Oïdium
Itc00068;../data/Bousset2_data/Images/Triticale/Oïdium/Itc00068.jpg;Triticale;Oïdium;Triticale_Oïdium;Triticale;ERYSGR;Blumeria graminis f.sp triticale;Oïdium;;train;Oïdium;2024:02:14;11:32:09;nan;14;Triticale_Oïdium
Itc00071;../data/Bousset2_data/Images/Triticale/Oïdium/Itc00071.jpg;Triticale;Oïdium;Triticale_Oïdium;Triticale;ERYSGR;Blumeria graminis f.sp triticale;Oïdium;;train;Oïdium;2024:02:14;11:32:43;nan;14;Triticale_Oïdium
Itc00072;../data/Bousset2_data/Images/Triticale/Oïdium/Itc00072.jpg;Triticale;Oïdium;Triticale_Oïdium;Triticale;ERYSGR;Blumeria graminis f.sp triticale;Oïdium;;train;Oïdium;2024:02:14;11:32:46;nan;14;Triticale_Oïdium
Itc00073;../data/Bousset2_data/Images/Triticale/Oïdium/Itc00073.jpg;Triticale;Oïdium;Triticale_Oïdium;Triticale;ERYSGR;Blumeria graminis f.sp triticale;Oïdium;;train;Oïdium;2024:02:14;11:33:09;nan;14;Triticale_Oïdium
Itc00074;../data/Bousset2_data/Images/Triticale/Oïdium/Itc00074.jpg;Triticale;Oïdium;Triticale_Oïdium;Triticale;ERYSGR;Blumeria graminis f.sp triticale;Oïdium;;train;Oïdium;2024:02:14;11:33:20;nan;14;Triticale_Oïdium
Itc00075;../data/Bousset2_data/Images/Triticale/Oïdium/Itc00075.jpg;Triticale;Oïdium;Triticale_Oïdium;Triticale;ERYSGR;Blumeria graminis f.sp triticale;Oïdium;;train;Oïdium;2024:02:14;11:33:38;nan;14;Triticale_Oïdium
Itc00076;../data/Bousset2_data/Images/Triticale/Oïdium/Itc00076.jpg;Triticale;Oïdium;Triticale_Oïdium;Triticale;ERYSGR;Blumeria graminis f.sp triticale;Oïdium;;train;Oïdium;2024:02:14;11:34:23;nan;14;Triticale_Oïdium
Itc00077;../data/Bousset2_data/Images/Triticale/Oïdium/Itc00077.jpg;Triticale;Oïdium;Triticale_Oïdium;Triticale;ERYSGR;Blumeria graminis f.sp triticale;Oïdium;;train;Oïdium;2024:02:14;11:34:30;nan;14;Triticale_Oïdium
Itc00078;../data/Bousset2_data/Images/Triticale/Oïdium/Itc00078.jpg;Triticale;Oïdium;Triticale_Oïdium;Triticale;ERYSGR;Blumeria graminis f.sp triticale;Oïdium;;train;Oïdium;2024:02:14;11:34:44;nan;14;Triticale_Oïdium
Itc00079;../data/Bousset2_data/Images/Triticale/Oïdium/Itc00079.jpg;Triticale;Oïdium;Triticale_Oïdium;Triticale;ERYSGR;Blumeria graminis f.sp triticale;Oïdium;;train;Oïdium;2024:02:14;11:35:08;nan;14;Triticale_Oïdium
Itc00080;../data/Bousset2_data/Images/Triticale/Oïdium/Itc00080.jpg;Triticale;Oïdium;Triticale_Oïdium;Triticale;ERYSGR;Blumeria graminis f.sp triticale;Oïdium;;train;Oïdium;2024:02:14;11:35:17;nan;14;Triticale_Oïdium
Itc00088;../data/Bousset2_data/Images/Triticale/Oïdium/Itc00088.jpg;Triticale;Oïdium;Triticale_Oïdium;Triticale;ERYSGR;Blumeria graminis f.sp triticale;Oïdium;;train;Oïdium;2024:02:14;11:36:33;nan;14;Triticale_Oïdium
Itc00089;../data/Bousset2_data/Images/Triticale/Oïdium/Itc00089.jpg;Triticale;Oïdium;Triticale_Oïdium;Triticale;ERYSGR;Blumeria graminis f.sp triticale;Oïdium;;train;Oïdium;2024:02:14;11:36:48;nan;14;Triticale_Oïdium
Itc00091;../data/Bousset2_data/Images/Triticale/Oïdium/Itc00091.jpg;Triticale;Oïdium;Triticale_Oïdium;Triticale;ERYSGR;Blumeria graminis f.sp triticale;Oïdium;;train;Oïdium;2024:02:14;11:42:09;nan;14;Triticale_Oïdium
Itc00092;../data/Bousset2_data/Images/Triticale/Oïdium/Itc00092.jpg;Triticale;Oïdium;Triticale_Oïdium;Triticale;ERYSGR;Blumeria graminis f.sp triticale;Oïdium;;train;Oïdium;2024:02:14;11:42:12;nan;14;Triticale_Oïdium
Itc00093;../data/Bousset2_data/Images/Triticale/Oïdium/Itc00093.jpg;Triticale;Oïdium;Triticale_Oïdium;Triticale;ERYSGR;Blumeria graminis f.sp triticale;Oïdium;;train;Oïdium;2024:03:01;11:39:26;nan;14;Triticale_Oïdium
Itc00096;../data/Bousset2_data/Images/Triticale/Oïdium/Itc00096.jpg;Triticale;Oïdium;Triticale_Oïdium;Triticale;ERYSGR;Blumeria graminis f.sp triticale;Oïdium;;train;Oïdium;2024:03:01;11:39:46;nan;14;Triticale_Oïdium
Itc00097;../data/Bousset2_data/Images/Triticale/Oïdium/Itc00097.jpg;Triticale;Oïdium;Triticale_Oïdium;Triticale;ERYSGR;Blumeria graminis f.sp triticale;Oïdium;;train;Oïdium;2024:03:01;11:39:52;nan;14;Triticale_Oïdium
Itc00098;../data/Bousset2_data/Images/Triticale/Oïdium/Itc00098.jpg;Triticale;Oïdium;Triticale_Oïdium;Triticale;ERYSGR;Blumeria graminis f.sp triticale;Oïdium;;train;Oïdium;2024:03:01;11:39:57;nan;14;Triticale_Oïdium
Itc00105;../data/Bousset2_data/Images/Triticale/Oïdium/Itc00105.jpg;Triticale;Oïdium;Triticale_Oïdium;Triticale;ERYSGR;Blumeria graminis f.sp triticale;Oïdium;;train;Oïdium;2024:03:01;11:40:45;nan;14;Triticale_Oïdium
Itc00107;../data/Bousset2_data/Images/Triticale/Oïdium/Itc00107.jpg;Triticale;Oïdium;Triticale_Oïdium;Triticale;ERYSGR;Blumeria graminis f.sp triticale;Oïdium;;train;Oïdium;2024:03:01;11:41:10;nan;14;Triticale_Oïdium
Itc00108;../data/Bousset2_data/Images/Triticale/Oïdium/Itc00108.jpg;Triticale;Oïdium;Triticale_Oïdium;Triticale;ERYSGR;Blumeria graminis f.sp triticale;Oïdium;;train;Oïdium;2024:03:01;11:41:20;nan;14;Triticale_Oïdium
Itc00109;../data/Bousset2_data/Images/Triticale/Oïdium/Itc00109.jpg;Triticale;Oïdium;Triticale_Oïdium;Triticale;ERYSGR;Blumeria graminis f.sp triticale;Oïdium;;train;Oïdium;2024:03:01;11:41:24;nan;14;Triticale_Oïdium
Itc00111;../data/Bousset2_data/Images/Triticale/Oïdium/Itc00111.jpg;Triticale;Oïdium;Triticale_Oïdium;Triticale;ERYSGR;Blumeria graminis f.sp triticale;Oïdium;;train;Oïdium;2024:03:01;11:41:55;nan;14;Triticale_Oïdium
Itc00113;../data/Bousset2_data/Images/Triticale/Oïdium/Itc00113.jpg;Triticale;Oïdium;Triticale_Oïdium;Triticale;ERYSGR;Blumeria graminis f.sp triticale;Oïdium;;train;Oïdium;2024:03:01;11:42:16;nan;14;Triticale_Oïdium
Itc00114;../data/Bousset2_data/Images/Triticale/Oïdium/Itc00114.jpg;Triticale;Oïdium;Triticale_Oïdium;Triticale;ERYSGR;Blumeria graminis f.sp triticale;Oïdium;;train;Oïdium;2024:03:08;13:51:15;nan;14;Triticale_Oïdium
Itc00117;../data/Bousset2_data/Images/Triticale/Oïdium/Itc00117.jpg;Triticale;Oïdium;Triticale_Oïdium;Triticale;ERYSGR;Blumeria graminis f.sp triticale;Oïdium;;train;Oïdium;2024:03:08;13:51:37;nan;14;Triticale_Oïdium
Itc00118;../data/Bousset2_data/Images/Triticale/Oïdium/Itc00118.jpg;Triticale;Oïdium;Triticale_Oïdium;Triticale;ERYSGR;Blumeria graminis f.sp triticale;Oïdium;;train;Oïdium;2024:03:08;13:51:44;nan;14;Triticale_Oïdium
Itc00119;../data/Bousset2_data/Images/Triticale/Oïdium/Itc00119.jpg;Triticale;Oïdium;Triticale_Oïdium;Triticale;ERYSGR;Blumeria graminis f.sp triticale;Oïdium;;train;Oïdium;2024:03:08;13:51:53;nan;14;Triticale_Oïdium
Itc00126;../data/Bousset2_data/Images/Triticale/Oïdium/Itc00126.jpg;Triticale;Oïdium;Triticale_Oïdium;Triticale;ERYSGR;Blumeria graminis f.sp triticale;Oïdium;;train;Oïdium;2024:03:08;13:53:09;nan;14;Triticale_Oïdium
Itc00128;../data/Bousset2_data/Images/Triticale/Oïdium/Itc00128.jpg;Triticale;Oïdium;Triticale_Oïdium;Triticale;ERYSGR;Blumeria graminis f.sp triticale;Oïdium;;train;Oïdium;2024:03:08;13:53:33;nan;14;Triticale_Oïdium
Itc00130;../data/Bousset2_data/Images/Triticale/Oïdium/Itc00130.jpg;Triticale;Oïdium;Triticale_Oïdium;Triticale;ERYSGR;Blumeria graminis f.sp triticale;Oïdium;;train;Oïdium;2024:03:08;13:54:17;nan;14;Triticale_Oïdium
Itc00132;../data/Bousset2_data/Images/Triticale/Oïdium/Itc00132.jpg;Triticale;Oïdium;Triticale_Oïdium;Triticale;ERYSGR;Blumeria graminis f.sp triticale;Oïdium;;train;Oïdium;2024:03:08;13:54:49;nan;14;Triticale_Oïdium
Itc00133;../data/Bousset2_data/Images/Triticale/Oïdium/Itc00133.jpg;Triticale;Oïdium;Triticale_Oïdium;Triticale;ERYSGR;Blumeria graminis f.sp triticale;Oïdium;;train;Oïdium;2024:03:08;13:54:54;nan;14;Triticale_Oïdium
Itc00134;../data/Bousset2_data/Images/Triticale/Oïdium/Itc00134.jpg;Triticale;Oïdium;Triticale_Oïdium;Triticale;ERYSGR;Blumeria graminis f.sp triticale;Oïdium;;train;Oïdium;2024:03:08;13:55:09;nan;14;Triticale_Oïdium
Itc00135;../data/Bousset2_data/Images/Triticale/Oïdium/Itc00135.jpg;Triticale;Oïdium;Triticale_Oïdium;Triticale;ERYSGR;Blumeria graminis f.sp triticale;Oïdium;;train;Oïdium;2024:03:08;13:56:47;nan;14;Triticale_Oïdium
Itc00136;../data/Bousset2_data/Images/Triticale/Oïdium/Itc00136.jpg;Triticale;Oïdium;Triticale_Oïdium;Triticale;ERYSGR;Blumeria graminis f.sp triticale;Oïdium;;train;Oïdium;2024:03:08;13:56:52;nan;14;Triticale_Oïdium
Itc00137;../data/Bousset2_data/Images/Triticale/Oïdium/Itc00137.jpg;Triticale;Oïdium;Triticale_Oïdium;Triticale;ERYSGR;Blumeria graminis f.sp triticale;Oïdium;;train;Oïdium;2024:03:08;13:58:02;nan;14;Triticale_Oïdium
Itc00138;../data/Bousset2_data/Images/Triticale/Oïdium/Itc00138.jpg;Triticale;Oïdium;Triticale_Oïdium;Triticale;ERYSGR;Blumeria graminis f.sp triticale;Oïdium;;train;Oïdium;2024:03:08;13:58:07;nan;14;Triticale_Oïdium
Itc00139;../data/Bousset2_data/Images/Triticale/Oïdium/Itc00139.jpg;Triticale;Oïdium;Triticale_Oïdium;Triticale;ERYSGR;Blumeria graminis f.sp triticale;Oïdium;;train;Oïdium;2024:03:08;13:59:23;nan;14;Triticale_Oïdium
Itc00140;../data/Bousset2_data/Images/Triticale/Oïdium/Itc00140.jpg;Triticale;Oïdium;Triticale_Oïdium;Triticale;ERYSGR;Blumeria graminis f.sp triticale;Oïdium;;train;Oïdium;2024:03:08;13:59:32;nan;14;Triticale_Oïdium
Itc00141;../data/Bousset2_data/Images/Triticale/Oïdium/Itc00141.jpg;Triticale;Oïdium;Triticale_Oïdium;Triticale;ERYSGR;Blumeria graminis f.sp triticale;Oïdium;;train;Oïdium;2024:03:08;14:00:18;nan;14;Triticale_Oïdium
Itc00142;../data/Bousset2_data/Images/Triticale/Oïdium/Itc00142.jpg;Triticale;Oïdium;Triticale_Oïdium;Triticale;ERYSGR;Blumeria graminis f.sp triticale;Oïdium;;train;Oïdium;2024:03:08;14:00:25;nan;14;Triticale_Oïdium
Itc00143;../data/Bousset2_data/Images/Triticale/Oïdium/Itc00143.jpg;Triticale;Oïdium;Triticale_Oïdium;Triticale;ERYSGR;Blumeria graminis f.sp triticale;Oïdium;;train;Oïdium;2024:03:08;14:00:31;nan;14;Triticale_Oïdium
Itc00145;../data/Bousset2_data/Images/Triticale/Oïdium/Itc00145.jpg;Triticale;Oïdium;Triticale_Oïdium;Triticale;ERYSGR;Blumeria graminis f.sp triticale;Oïdium;;train;Oïdium;2024:03:08;14:00:55;nan;14;Triticale_Oïdium
Itc00147;../data/Bousset2_data/Images/Triticale/Oïdium/Itc00147.jpg;Triticale;Oïdium;Triticale_Oïdium;Triticale;ERYSGR;Blumeria graminis f.sp triticale;Oïdium;;train;Oïdium;2024:03:08;14:01:26;nan;14;Triticale_Oïdium
Itc00148;../data/Bousset2_data/Images/Triticale/Oïdium/Itc00148.jpg;Triticale;Oïdium;Triticale_Oïdium;Triticale;ERYSGR;Blumeria graminis f.sp triticale;Oïdium;;train;Oïdium;2024:03:08;14:01:33;nan;14;Triticale_Oïdium
Itc00149;../data/Bousset2_data/Images/Triticale/Oïdium/Itc00149.jpg;Triticale;Oïdium;Triticale_Oïdium;Triticale;ERYSGR;Blumeria graminis f.sp triticale;Oïdium;;train;Oïdium;2024:03:08;14:01:39;nan;14;Triticale_Oïdium
Itc00150;../data/Bousset2_data/Images/Triticale/Oïdium/Itc00150.jpg;Triticale;Oïdium;Triticale_Oïdium;Triticale;ERYSGR;Blumeria graminis f.sp triticale;Oïdium;;train;Oïdium;2024:03:08;14:02:06;nan;14;Triticale_Oïdium
Itc00151;../data/Bousset2_data/Images/Triticale/Oïdium/Itc00151.jpg;Triticale;Oïdium;Triticale_Oïdium;Triticale;ERYSGR;Blumeria graminis f.sp triticale;Oïdium;;train;Oïdium;2024:03:08;14:02:18;nan;14;Triticale_Oïdium
Itc00152;../data/Bousset2_data/Images/Triticale/Oïdium/Itc00152.jpg;Triticale;Oïdium;Triticale_Oïdium;Triticale;ERYSGR;Blumeria graminis f.sp triticale;Oïdium;;train;Oïdium;2024:03:08;14:02:34;nan;14;Triticale_Oïdium
Itc00153;../data/Bousset2_data/Images/Triticale/Oïdium/Itc00153.jpg;Triticale;Oïdium;Triticale_Oïdium;Triticale;ERYSGR;Blumeria graminis f.sp triticale;Oïdium;;train;Oïdium;2024:03:19;13:43:35;nan;14;Triticale_Oïdium
Itc00162;../data/Bousset2_data/Images/Triticale/Oïdium/Itc00162.jpg;Triticale;Oïdium;Triticale_Oïdium;Triticale;ERYSGR;Blumeria graminis f.sp triticale;Oïdium;;train;Oïdium;2024:03:19;13:51:01;nan;14;Triticale_Oïdium
Itc00165;../data/Bousset2_data/Images/Triticale/Oïdium/Itc00165.jpg;Triticale;Oïdium;Triticale_Oïdium;Triticale;ERYSGR;Blumeria graminis f.sp triticale;Oïdium;;train;Oïdium;2024:03:19;13:51:47;nan;14;Triticale_Oïdium
Itc00166;../data/Bousset2_data/Images/Triticale/Oïdium/Itc00166.jpg;Triticale;Oïdium;Triticale_Oïdium;Triticale;ERYSGR;Blumeria graminis f.sp triticale;Oïdium;;train;Oïdium;2024:03:19;13:52:02;nan;14;Triticale_Oïdium
Itc00168;../data/Bousset2_data/Images/Triticale/Oïdium/Itc00168.jpg;Triticale;Oïdium;Triticale_Oïdium;Triticale;ERYSGR;Blumeria graminis f.sp triticale;Oïdium;;train;Oïdium;2024:03:19;13:52:21;nan;14;Triticale_Oïdium
Itc00169;../data/Bousset2_data/Images/Triticale/Oïdium/Itc00169.jpg;Triticale;Oïdium;Triticale_Oïdium;Triticale;ERYSGR;Blumeria graminis f.sp triticale;Oïdium;;train;Oïdium;2024:03:19;13:52:55;nan;14;Triticale_Oïdium
Itc00191;../data/Bousset2_data/Images/Triticale/Oïdium/Itc00191.jpg;Triticale;Oïdium;Triticale_Oïdium;Triticale;ERYSGR;Blumeria graminis f.sp triticale;Oïdium;;train;Oïdium;2024:04:15;13:33:50;nan;14;Triticale_Oïdium
Itc00192;../data/Bousset2_data/Images/Triticale/Oïdium/Itc00192.jpg;Triticale;Oïdium;Triticale_Oïdium;Triticale;ERYSGR;Blumeria graminis f.sp triticale;Oïdium;;train;Oïdium;2024:04:15;13:33:54;nan;14;Triticale_Oïdium
Itc00193;../data/Bousset2_data/Images/Triticale/Oïdium/Itc00193.jpg;Triticale;Oïdium;Triticale_Oïdium;Triticale;ERYSGR;Blumeria graminis f.sp triticale;Oïdium;;train;Oïdium;2024:04:15;13:33:57;nan;14;Triticale_Oïdium
Itc00194;../data/Bousset2_data/Images/Triticale/Oïdium/Itc00194.jpg;Triticale;Oïdium;Triticale_Oïdium;Triticale;ERYSGR;Blumeria graminis f.sp triticale;Oïdium;;train;Oïdium;2024:04:15;13:34:06;nan;14;Triticale_Oïdium
Itc00195;../data/Bousset2_data/Images/Triticale/Oïdium/Itc00195.jpg;Triticale;Oïdium;Triticale_Oïdium;Triticale;ERYSGR;Blumeria graminis f.sp triticale;Oïdium;;train;Oïdium;2024:04:15;13:34:19;nan;14;Triticale_Oïdium
Itc00226;../data/VAULT/Bousset2_data/Images/Triticale/Oïdium/Itc00226.jpg;Triticale;Oïdium;Triticale_Oïdium;Triticale;ERYSGR;Blumeria graminis f.sp triticale;Oïdium;;vault;Oïdium;2024:04:22;13:43:56;nan;14;Triticale_Oïdium
Itc00227;../data/VAULT/Bousset2_data/Images/Triticale/Oïdium/Itc00227.jpg;Triticale;Oïdium;Triticale_Oïdium;Triticale;ERYSGR;Blumeria graminis f.sp triticale;Oïdium;;vault;Oïdium;2024:04:22;13:44:05;nan;14;Triticale_Oïdium
Itc00228;../data/VAULT/Bousset2_data/Images/Triticale/Oïdium/Itc00228.jpg;Triticale;Oïdium;Triticale_Oïdium;Triticale;ERYSGR;Blumeria graminis f.sp triticale;Oïdium;;vault;Oïdium;2024:04:22;13:44:09;nan;14;Triticale_Oïdium
Itc00229;../data/VAULT/Bousset2_data/Images/Triticale/Oïdium/Itc00229.jpg;Triticale;Oïdium;Triticale_Oïdium;Triticale;ERYSGR;Blumeria graminis f.sp triticale;Oïdium;;vault;Oïdium;2024:04:22;13:44:16;nan;14;Triticale_Oïdium
Itc00230;../data/VAULT/Bousset2_data/Images/Triticale/Oïdium/Itc00230.jpg;Triticale;Oïdium;Triticale_Oïdium;Triticale;ERYSGR;Blumeria graminis f.sp triticale;Oïdium;;vault;Oïdium;2024:04:22;13:44:19;nan;14;Triticale_Oïdium
Itc00250;../data/VAULT/Bousset2_data/Images/Triticale/Oïdium/Itc00250.jpg;Triticale;Oïdium;Triticale_Oïdium;Triticale;ERYSGR;Blumeria graminis f.sp triticale;Oïdium;;vault;Oïdium;2024:04:22;13:48:19;nan;14;Triticale_Oïdium
Itc00251;../data/VAULT/Bousset2_data/Images/Triticale/Oïdium/Itc00251.jpg;Triticale;Oïdium;Triticale_Oïdium;Triticale;ERYSGR;Blumeria graminis f.sp triticale;Oïdium;;vault;Oïdium;2024:04:22;13:48:26;nan;14;Triticale_Oïdium
Itc00252;../data/VAULT/Bousset2_data/Images/Triticale/Oïdium/Itc00252.jpg;Triticale;Oïdium;Triticale_Oïdium;Triticale;ERYSGR;Blumeria graminis f.sp triticale;Oïdium;;vault;Oïdium;2024:04:22;13:48:40;nan;14;Triticale_Oïdium
Itc00253;../data/VAULT/Bousset2_data/Images/Triticale/Oïdium/Itc00253.jpg;Triticale;Oïdium;Triticale_Oïdium;Triticale;ERYSGR;Blumeria graminis f.sp triticale;Oïdium;;vault;Oïdium;2024:04:22;13:48:49;nan;14;Triticale_Oïdium
Itc00254;../data/VAULT/Bousset2_data/Images/Triticale/Oïdium/Itc00254.jpg;Triticale;Oïdium;Triticale_Oïdium;Triticale;ERYSGR;Blumeria graminis f.sp triticale;Oïdium;;vault;Oïdium;2024:04:22;13:49:00;nan;14;Triticale_Oïdium
Itc00255;../data/VAULT/Bousset2_data/Images/Triticale/Oïdium/Itc00255.jpg;Triticale;Oïdium;Triticale_Oïdium;Triticale;ERYSGR;Blumeria graminis f.sp triticale;Oïdium;;vault;Oïdium;2024:04:22;13:49:03;nan;14;Triticale_Oïdium
Itc00256;../data/VAULT/Bousset2_data/Images/Triticale/Oïdium/Itc00256.jpg;Triticale;Oïdium;Triticale_Oïdium;Triticale;ERYSGR;Blumeria graminis f.sp triticale;Oïdium;;vault;Oïdium;2024:04:22;13:49:10;nan;14;Triticale_Oïdium
Itc00257;../data/VAULT/Bousset2_data/Images/Triticale/Oïdium/Itc00257.jpg;Triticale;Oïdium;Triticale_Oïdium;Triticale;ERYSGR;Blumeria graminis f.sp triticale;Oïdium;;vault;Oïdium;2024:04:22;13:49:24;nan;14;Triticale_Oïdium
Itc00258;../data/VAULT/Bousset2_data/Images/Triticale/Oïdium/Itc00258.jpg;Triticale;Oïdium;Triticale_Oïdium;Triticale;ERYSGR;Blumeria graminis f.sp triticale;Oïdium;;vault;Oïdium;2024:04:22;13:49:29;nan;14;Triticale_Oïdium
Itc00264;../data/VAULT/Bousset2_data/Images/Triticale/Oïdium/Itc00264.jpg;Triticale;Oïdium;Triticale_Oïdium;Triticale;ERYSGR;Blumeria graminis f.sp triticale;Oïdium;;vault;Oïdium;2024:04:22;13:50:22;nan;14;Triticale_Oïdium
Itc00275;../data/VAULT/Bousset2_data/Images/Triticale/Oïdium/Itc00275.jpg;Triticale;Oïdium;Triticale_Oïdium;Triticale;ERYSGR;Blumeria graminis f.sp triticale;Oïdium;;vault;Oïdium;2024:04:22;14:15:15;nan;14;Triticale_Oïdium
Itc00279;../data/VAULT/Bousset2_data/Images/Triticale/Oïdium/Itc00279.jpg;Triticale;Oïdium;Triticale_Oïdium;Triticale;ERYSGR;Blumeria graminis f.sp triticale;Oïdium;;vault;Oïdium;2024:04:22;14:16:35;nan;14;Triticale_Oïdium
Itc00280;../data/VAULT/Bousset2_data/Images/Triticale/Oïdium/Itc00280.jpg;Triticale;Oïdium;Triticale_Oïdium;Triticale;ERYSGR;Blumeria graminis f.sp triticale;Oïdium;;vault;Oïdium;2024:04:22;14:16:42;nan;14;Triticale_Oïdium
Itc00287;../data/VAULT/Bousset2_data/Images/Triticale/Oïdium/Itc00287.jpg;Triticale;Oïdium;Triticale_Oïdium;Triticale;ERYSGR;Blumeria graminis f.sp triticale;Oïdium;;vault;Oïdium;2024:04:22;14:18:25;nan;14;Triticale_Oïdium
Itc00288;../data/VAULT/Bousset2_data/Images/Triticale/Oïdium/Itc00288.jpg;Triticale;Oïdium;Triticale_Oïdium;Triticale;ERYSGR;Blumeria graminis f.sp triticale;Oïdium;;vault;Oïdium;2024:04:22;14:23:07;nan;14;Triticale_Oïdium
Itc00300;../data/VAULT/Bousset2_data/Images/Triticale/Oïdium/Itc00300.jpg;Triticale;Oïdium;Triticale_Oïdium;Triticale;ERYSGR;Blumeria graminis f.sp triticale;Oïdium;;vault;Oïdium;2024:04:22;14:38:45;nan;14;Triticale_Oïdium
Itc00302;../data/VAULT/Bousset2_data/Images/Triticale/Oïdium/Itc00302.jpg;Triticale;Oïdium;Triticale_Oïdium;Triticale;ERYSGR;Blumeria graminis f.sp triticale;Oïdium;;vault;Oïdium;2024:04:22;14:39:06;nan;14;Triticale_Oïdium
Itc00331;../data/Bousset2_data/Images/Triticale/Oïdium/Itc00331.jpg;Triticale;Oïdium;Triticale_Oïdium;Triticale;ERYSGR;Blumeria graminis f.sp triticale;Oïdium;;train;Oïdium;2024:05:03;13:44:45;nan;14;Triticale_Oïdium
Itc00333;../data/Bousset2_data/Images/Triticale/Oïdium/Itc00333.jpg;Triticale;Oïdium;Triticale_Oïdium;Triticale;ERYSGR;Blumeria graminis f.sp triticale;Oïdium;;train;Oïdium;2024:05:03;13:44:57;nan;14;Triticale_Oïdium
Itc00335;../data/Bousset2_data/Images/Triticale/Oïdium/Itc00335.jpg;Triticale;Oïdium;Triticale_Oïdium;Triticale;ERYSGR;Blumeria graminis f.sp triticale;Oïdium;;train;Oïdium;2024:05:03;13:45:16;nan;14;Triticale_Oïdium
Itc00336;../data/Bousset2_data/Images/Triticale/Oïdium/Itc00336.jpg;Triticale;Oïdium;Triticale_Oïdium;Triticale;ERYSGR;Blumeria graminis f.sp triticale;Oïdium;;train;Oïdium;2024:05:03;13:45:20;nan;14;Triticale_Oïdium
Itc00339;../data/Bousset2_data/Images/Triticale/Oïdium/Itc00339.jpg;Triticale;Oïdium;Triticale_Oïdium;Triticale;ERYSGR;Blumeria graminis f.sp triticale;Oïdium;;train;Oïdium;2024:05:03;13:45:31;nan;14;Triticale_Oïdium
Itc00340;../data/Bousset2_data/Images/Triticale/Oïdium/Itc00340.jpg;Triticale;Oïdium;Triticale_Oïdium;Triticale;ERYSGR;Blumeria graminis f.sp triticale;Oïdium;;train;Oïdium;2024:05:03;13:45:46;nan;14;Triticale_Oïdium
Itc00341;../data/Bousset2_data/Images/Triticale/Oïdium/Itc00341.jpg;Triticale;Oïdium;Triticale_Oïdium;Triticale;ERYSGR;Blumeria graminis f.sp triticale;Oïdium;;train;Oïdium;2024:05:03;13:45:49;nan;14;Triticale_Oïdium
Itc00346;../data/Bousset2_data/Images/Triticale/Oïdium/Itc00346.jpg;Triticale;Oïdium;Triticale_Oïdium;Triticale;ERYSGR;Blumeria graminis f.sp triticale;Oïdium;;train;Oïdium;2024:05:03;13:47:02;nan;14;Triticale_Oïdium
Itc00347;../data/Bousset2_data/Images/Triticale/Oïdium/Itc00347.jpg;Triticale;Oïdium;Triticale_Oïdium;Triticale;ERYSGR;Blumeria graminis f.sp triticale;Oïdium;;train;Oïdium;2024:05:03;13:47:04;nan;14;Triticale_Oïdium
Itc00349;../data/Bousset2_data/Images/Triticale/Oïdium/Itc00349.jpg;Triticale;Oïdium;Triticale_Oïdium;Triticale;ERYSGR;Blumeria graminis f.sp triticale;Oïdium;;train;Oïdium;2024:05:03;13:51:34;nan;14;Triticale_Oïdium
Itc00368;../data/Bousset2_data/Images/Triticale/Oïdium/Itc00368.jpg;Triticale;Oïdium;Triticale_Oïdium;Triticale;ERYSGR;Blumeria graminis f.sp triticale;Oïdium;;train;Oïdium;2024:05:03;13:55:49;nan;14;Triticale_Oïdium
Itc00370;../data/Bousset2_data/Images/Triticale/Oïdium/Itc00370.jpg;Triticale;Oïdium;Triticale_Oïdium;Triticale;ERYSGR;Blumeria graminis f.sp triticale;Oïdium;;train;Oïdium;2024:05:03;13:56:25;nan;14;Triticale_Oïdium
Itc00392;../data/Bousset2_data/Images/Triticale/Oïdium/Itc00392.jpg;Triticale;Oïdium;Triticale_Oïdium;Triticale;ERYSGR;Blumeria graminis f.sp triticale;Oïdium;;train;Oïdium;2024:05:03;14:01:24;nan;14;Triticale_Oïdium
Itc00406;../data/Bousset2_data/Images/Triticale/Oïdium/Itc00406.jpg;Triticale;Oïdium;Triticale_Oïdium;Triticale;ERYSGR;Blumeria graminis f.sp triticale;Oïdium;;train;Oïdium;2024:05:23;11:56:36;nan;14;Triticale_Oïdium
Itc00409;../data/Bousset2_data/Images/Triticale/Oïdium/Itc00409.jpg;Triticale;Oïdium;Triticale_Oïdium;Triticale;ERYSGR;Blumeria graminis f.sp triticale;Oïdium;;train;Oïdium;2024:05:23;11:57:04;nan;14;Triticale_Oïdium
Itc00410;../data/Bousset2_data/Images/Triticale/Oïdium/Itc00410.jpg;Triticale;Oïdium;Triticale_Oïdium;Triticale;ERYSGR;Blumeria graminis f.sp triticale;Oïdium;;train;Oïdium;2024:05:23;11:57:07;nan;14;Triticale_Oïdium
Itc00414;../data/Bousset2_data/Images/Triticale/Oïdium/Itc00414.jpg;Triticale;Oïdium;Triticale_Oïdium;Triticale;ERYSGR;Blumeria graminis f.sp triticale;Oïdium;;train;Oïdium;2024:05:23;11:57:38;nan;14;Triticale_Oïdium
Itc00416;../data/Bousset2_data/Images/Triticale/Oïdium/Itc00416.jpg;Triticale;Oïdium;Triticale_Oïdium;Triticale;ERYSGR;Blumeria graminis f.sp triticale;Oïdium;;train;Oïdium;2024:05:23;11:57:59;nan;14;Triticale_Oïdium
Itc00428;../data/Bousset2_data/Images/Triticale/Oïdium/Itc00428.jpg;Triticale;Oïdium;Triticale_Oïdium;Triticale;ERYSGR;Blumeria graminis f.sp triticale;Oïdium;;train;Oïdium;2024:05:23;12:00:06;nan;14;Triticale_Oïdium
Itc00561;../data/Bousset2_data/Images/Triticale/Oïdium/Itc00561.jpg;Triticale;Oïdium;Triticale_Oïdium;Triticale;ERYSGR;Blumeria graminis f.sp triticale;Oïdium;;train;Oïdium;2024:05:23;13:07:32;nan;14;Triticale_Oïdium
Itc00563;../data/Bousset2_data/Images/Triticale/Oïdium/Itc00563.jpg;Triticale;Oïdium;Triticale_Oïdium;Triticale;ERYSGR;Blumeria graminis f.sp triticale;Oïdium;;train;Oïdium;2024:05:23;13:08:04;nan;14;Triticale_Oïdium
Itc00564;../data/Bousset2_data/Images/Triticale/Oïdium/Itc00564.jpg;Triticale;Oïdium;Triticale_Oïdium;Triticale;ERYSGR;Blumeria graminis f.sp triticale;Oïdium;;train;Oïdium;2024:05:23;13:08:11;nan;14;Triticale_Oïdium
Itc00621;../data/Bousset2_data/Images/Triticale/Oïdium/Itc00621.jpg;Triticale;Oïdium;Triticale_Oïdium;Triticale;ERYSGR;Blumeria graminis f.sp triticale;Oïdium;;train;Oïdium;2024:05:27;13:17:36;nan;14;Triticale_Oïdium
Itc00622;../data/Bousset2_data/Images/Triticale/Oïdium/Itc00622.jpg;Triticale;Oïdium;Triticale_Oïdium;Triticale;ERYSGR;Blumeria graminis f.sp triticale;Oïdium;;train;Oïdium;2024:05:27;13:18:11;nan;14;Triticale_Oïdium
Itc00624;../data/Bousset2_data/Images/Triticale/Oïdium/Itc00624.jpg;Triticale;Oïdium;Triticale_Oïdium;Triticale;ERYSGR;Blumeria graminis f.sp triticale;Oïdium;;train;Oïdium;2024:05:27;13:18:33;nan;14;Triticale_Oïdium
Itc00625;../data/Bousset2_data/Images/Triticale/Oïdium/Itc00625.jpg;Triticale;Oïdium;Triticale_Oïdium;Triticale;ERYSGR;Blumeria graminis f.sp triticale;Oïdium;;train;Oïdium;2024:05:27;13:18:41;nan;14;Triticale_Oïdium
Itc00626;../data/Bousset2_data/Images/Triticale/Oïdium/Itc00626.jpg;Triticale;Oïdium;Triticale_Oïdium;Triticale;ERYSGR;Blumeria graminis f.sp triticale;Oïdium;;train;Oïdium;2024:05:27;13:18:47;nan;14;Triticale_Oïdium
Itc00627;../data/Bousset2_data/Images/Triticale/Oïdium/Itc00627.jpg;Triticale;Oïdium;Triticale_Oïdium;Triticale;ERYSGR;Blumeria graminis f.sp triticale;Oïdium;;train;Oïdium;2024:05:27;13:19:01;nan;14;Triticale_Oïdium
Itc00628;../data/Bousset2_data/Images/Triticale/Oïdium/Itc00628.jpg;Triticale;Oïdium;Triticale_Oïdium;Triticale;ERYSGR;Blumeria graminis f.sp triticale;Oïdium;;train;Oïdium;2024:05:27;13:19:12;nan;14;Triticale_Oïdium
Itc00629;../data/Bousset2_data/Images/Triticale/Oïdium/Itc00629.jpg;Triticale;Oïdium;Triticale_Oïdium;Triticale;ERYSGR;Blumeria graminis f.sp triticale;Oïdium;;train;Oïdium;2024:05:27;13:19:16;nan;14;Triticale_Oïdium
Itc00630;../data/Bousset2_data/Images/Triticale/Oïdium/Itc00630.jpg;Triticale;Oïdium;Triticale_Oïdium;Triticale;ERYSGR;Blumeria graminis f.sp triticale;Oïdium;;train;Oïdium;2024:05:27;13:19:20;nan;14;Triticale_Oïdium
Itc00632;../data/Bousset2_data/Images/Triticale/Oïdium/Itc00632.jpg;Triticale;Oïdium;Triticale_Oïdium;Triticale;ERYSGR;Blumeria graminis f.sp triticale;Oïdium;;train;Oïdium;2024:05:27;13:19:31;nan;14;Triticale_Oïdium
Itc00633;../data/Bousset2_data/Images/Triticale/Oïdium/Itc00633.jpg;Triticale;Oïdium;Triticale_Oïdium;Triticale;ERYSGR;Blumeria graminis f.sp triticale;Oïdium;;train;Oïdium;2024:06:07;15:13:32;nan;14;Triticale_Oïdium
Itc00634;../data/Bousset2_data/Images/Triticale/Oïdium/Itc00634.jpg;Triticale;Oïdium;Triticale_Oïdium;Triticale;ERYSGR;Blumeria graminis f.sp triticale;Oïdium;;train;Oïdium;2024:06:07;15:14:20;nan;14;Triticale_Oïdium
Itc00635;../data/Bousset2_data/Images/Triticale/Oïdium/Itc00635.jpg;Triticale;Oïdium;Triticale_Oïdium;Triticale;ERYSGR;Blumeria graminis f.sp triticale;Oïdium;;train;Oïdium;2024:06:07;15:14:34;nan;14;Triticale_Oïdium
Itc00173;../data/Bousset2_data/Images/Triticale/Rhynchosporiose/Itc00173.jpg;Triticale;Rhynchosporiose;Triticale_Rhynchosporiose;Triticale;RHYNSE;Rhynchosporium secale;Rhynchosporiose;;train;Rhynchosporiose;2024:04:15;13:30:53;nan;8;Triticale_Rhynchosporiose
Itc00174;../data/Bousset2_data/Images/Triticale/Rhynchosporiose/Itc00174.jpg;Triticale;Rhynchosporiose;Triticale_Rhynchosporiose;Triticale;RHYNSE;Rhynchosporium secale;Rhynchosporiose;;train;Rhynchosporiose;2024:04:15;13:31:17;nan;8;Triticale_Rhynchosporiose
Itc00175;../data/Bousset2_data/Images/Triticale/Rhynchosporiose/Itc00175.jpg;Triticale;Rhynchosporiose;Triticale_Rhynchosporiose;Triticale;RHYNSE;Rhynchosporium secale;Rhynchosporiose;;train;Rhynchosporiose;2024:04:15;13:31:19;nan;8;Triticale_Rhynchosporiose
Itc00176;../data/Bousset2_data/Images/Triticale/Rhynchosporiose/Itc00176.jpg;Triticale;Rhynchosporiose;Triticale_Rhynchosporiose;Triticale;RHYNSE;Rhynchosporium secale;Rhynchosporiose;;train;Rhynchosporiose;2024:04:15;13:31:35;nan;8;Triticale_Rhynchosporiose
Itc00179;../data/Bousset2_data/Images/Triticale/Rhynchosporiose/Itc00179.jpg;Triticale;Rhynchosporiose;Triticale_Rhynchosporiose;Triticale;RHYNSE;Rhynchosporium secale;Rhynchosporiose;;train;Rhynchosporiose;2024:04:15;13:32:07;nan;8;Triticale_Rhynchosporiose
Itc00180;../data/Bousset2_data/Images/Triticale/Rhynchosporiose/Itc00180.jpg;Triticale;Rhynchosporiose;Triticale_Rhynchosporiose;Triticale;RHYNSE;Rhynchosporium secale;Rhynchosporiose;;train;Rhynchosporiose;2024:04:15;13:32:25;nan;8;Triticale_Rhynchosporiose
Itc00181;../data/Bousset2_data/Images/Triticale/Rhynchosporiose/Itc00181.jpg;Triticale;Rhynchosporiose;Triticale_Rhynchosporiose;Triticale;RHYNSE;Rhynchosporium secale;Rhynchosporiose;;train;Rhynchosporiose;2024:04:15;13:32:31;nan;8;Triticale_Rhynchosporiose
Itc00203;../data/Bousset2_data/Images/Triticale/Rhynchosporiose/Itc00203.jpg;Triticale;Rhynchosporiose;Triticale_Rhynchosporiose;Triticale;RHYNSE;Rhynchosporium secale;Rhynchosporiose;;train;Rhynchosporiose;2024:04:15;13:35:55;nan;8;Triticale_Rhynchosporiose
Itc00204;../data/Bousset2_data/Images/Triticale/Rhynchosporiose/Itc00204.jpg;Triticale;Rhynchosporiose;Triticale_Rhynchosporiose;Triticale;RHYNSE;Rhynchosporium secale;Rhynchosporiose;;train;Rhynchosporiose;2024:04:15;13:35:58;nan;8;Triticale_Rhynchosporiose
Itc00206;../data/Bousset2_data/Images/Triticale/Rhynchosporiose/Itc00206.jpg;Triticale;Rhynchosporiose;Triticale_Rhynchosporiose;Triticale;RHYNSE;Rhynchosporium secale;Rhynchosporiose;;train;Rhynchosporiose;2024:04:15;13:36:21;nan;8;Triticale_Rhynchosporiose
Itc00207;../data/Bousset2_data/Images/Triticale/Rhynchosporiose/Itc00207.jpg;Triticale;Rhynchosporiose;Triticale_Rhynchosporiose;Triticale;RHYNSE;Rhynchosporium secale;Rhynchosporiose;;train;Rhynchosporiose;2024:04:15;13:36:26;nan;8;Triticale_Rhynchosporiose
Itc00219;../data/Bousset2_data/Images/Triticale/Rhynchosporiose/Itc00219.jpg;Triticale;Rhynchosporiose;Triticale_Rhynchosporiose;Triticale;RHYNSE;Rhynchosporium secale;Rhynchosporiose;;train;Rhynchosporiose;2024:04:15;13:40:30;nan;8;Triticale_Rhynchosporiose
Itc00231;../data/Bousset2_data/Images/Triticale/Rhynchosporiose/Itc00231.jpg;Triticale;Rhynchosporiose;Triticale_Rhynchosporiose;Triticale;RHYNSE;Rhynchosporium secale;Rhynchosporiose;;train;Rhynchosporiose;2024:04:22;13:44:35;nan;8;Triticale_Rhynchosporiose
Itc00232;../data/Bousset2_data/Images/Triticale/Rhynchosporiose/Itc00232.jpg;Triticale;Rhynchosporiose;Triticale_Rhynchosporiose;Triticale;RHYNSE;Rhynchosporium secale;Rhynchosporiose;;train;Rhynchosporiose;2024:04:22;13:44:38;nan;8;Triticale_Rhynchosporiose
Itc00233;../data/Bousset2_data/Images/Triticale/Rhynchosporiose/Itc00233.jpg;Triticale;Rhynchosporiose;Triticale_Rhynchosporiose;Triticale;RHYNSE;Rhynchosporium secale;Rhynchosporiose;;train;Rhynchosporiose;2024:04:22;13:44:47;nan;8;Triticale_Rhynchosporiose
Itc00234;../data/Bousset2_data/Images/Triticale/Rhynchosporiose/Itc00234.jpg;Triticale;Rhynchosporiose;Triticale_Rhynchosporiose;Triticale;RHYNSE;Rhynchosporium secale;Rhynchosporiose;;train;Rhynchosporiose;2024:04:22;13:44:52;nan;8;Triticale_Rhynchosporiose
Itc00236;../data/Bousset2_data/Images/Triticale/Rhynchosporiose/Itc00236.jpg;Triticale;Rhynchosporiose;Triticale_Rhynchosporiose;Triticale;RHYNSE;Rhynchosporium secale;Rhynchosporiose;;train;Rhynchosporiose;2024:04:22;13:45:03;nan;8;Triticale_Rhynchosporiose
Itc00239;../data/Bousset2_data/Images/Triticale/Rhynchosporiose/Itc00239.jpg;Triticale;Rhynchosporiose;Triticale_Rhynchosporiose;Triticale;RHYNSE;Rhynchosporium secale;Rhynchosporiose;;train;Rhynchosporiose;2024:04:22;13:45:33;nan;8;Triticale_Rhynchosporiose
Itc00244;../data/Bousset2_data/Images/Triticale/Rhynchosporiose/Itc00244.jpg;Triticale;Rhynchosporiose;Triticale_Rhynchosporiose;Triticale;RHYNSE;Rhynchosporium secale;Rhynchosporiose;;train;Rhynchosporiose;2024:04:22;13:46:26;nan;8;Triticale_Rhynchosporiose
Itc00245;../data/Bousset2_data/Images/Triticale/Rhynchosporiose/Itc00245.jpg;Triticale;Rhynchosporiose;Triticale_Rhynchosporiose;Triticale;RHYNSE;Rhynchosporium secale;Rhynchosporiose;;train;Rhynchosporiose;2024:04:22;13:46:45;nan;8;Triticale_Rhynchosporiose
Itc00246;../data/Bousset2_data/Images/Triticale/Rhynchosporiose/Itc00246.jpg;Triticale;Rhynchosporiose;Triticale_Rhynchosporiose;Triticale;RHYNSE;Rhynchosporium secale;Rhynchosporiose;;train;Rhynchosporiose;2024:04:22;13:46:55;nan;8;Triticale_Rhynchosporiose
Itc00259;../data/Bousset2_data/Images/Triticale/Rhynchosporiose/Itc00259.jpg;Triticale;Rhynchosporiose;Triticale_Rhynchosporiose;Triticale;RHYNSE;Rhynchosporium secale;Rhynchosporiose;;train;Rhynchosporiose;2024:04:22;13:49:38;nan;8;Triticale_Rhynchosporiose
Itc00263;../data/Bousset2_data/Images/Triticale/Rhynchosporiose/Itc00263.jpg;Triticale;Rhynchosporiose;Triticale_Rhynchosporiose;Triticale;RHYNSE;Rhynchosporium secale;Rhynchosporiose;;train;Rhynchosporiose;2024:04:22;13:50:10;nan;8;Triticale_Rhynchosporiose
Itc00265;../data/Bousset2_data/Images/Triticale/Rhynchosporiose/Itc00265.jpg;Triticale;Rhynchosporiose;Triticale_Rhynchosporiose;Triticale;RHYNSE;Rhynchosporium secale;Rhynchosporiose;;train;Rhynchosporiose;2024:04:22;13:51:22;nan;8;Triticale_Rhynchosporiose
Itc00266;../data/Bousset2_data/Images/Triticale/Rhynchosporiose/Itc00266.jpg;Triticale;Rhynchosporiose;Triticale_Rhynchosporiose;Triticale;RHYNSE;Rhynchosporium secale;Rhynchosporiose;;train;Rhynchosporiose;2024:04:22;13:51:28;nan;8;Triticale_Rhynchosporiose
Itc00267;../data/Bousset2_data/Images/Triticale/Rhynchosporiose/Itc00267.jpg;Triticale;Rhynchosporiose;Triticale_Rhynchosporiose;Triticale;RHYNSE;Rhynchosporium secale;Rhynchosporiose;;train;Rhynchosporiose;2024:04:22;13:51:47;nan;8;Triticale_Rhynchosporiose
Itc00282;../data/Bousset2_data/Images/Triticale/Rhynchosporiose/Itc00282.jpg;Triticale;Rhynchosporiose;Triticale_Rhynchosporiose;Triticale;RHYNSE;Rhynchosporium secale;Rhynchosporiose;;train;Rhynchosporiose;2024:04:22;14:17:20;nan;8;Triticale_Rhynchosporiose
Itc00324;../data/VAULT/Bousset2_data/Images/Triticale/Rhynchosporiose/Itc00324.jpg;Triticale;Rhynchosporiose;Triticale_Rhynchosporiose;Triticale;RHYNSE;Rhynchosporium secale;Rhynchosporiose;;vault;Rhynchosporiose;2024:05:03;13:43:54;nan;8;Triticale_Rhynchosporiose
Itc00328;../data/VAULT/Bousset2_data/Images/Triticale/Rhynchosporiose/Itc00328.jpg;Triticale;Rhynchosporiose;Triticale_Rhynchosporiose;Triticale;RHYNSE;Rhynchosporium secale;Rhynchosporiose;;vault;Rhynchosporiose;2024:05:03;13:44:24;nan;8;Triticale_Rhynchosporiose
Itc00359;../data/VAULT/Bousset2_data/Images/Triticale/Rhynchosporiose/Itc00359.jpg;Triticale;Rhynchosporiose;Triticale_Rhynchosporiose;Triticale;RHYNSE;Rhynchosporium secale;Rhynchosporiose;;vault;Rhynchosporiose;2024:05:03;13:53:56;nan;8;Triticale_Rhynchosporiose
Itc00360;../data/VAULT/Bousset2_data/Images/Triticale/Rhynchosporiose/Itc00360.jpg;Triticale;Rhynchosporiose;Triticale_Rhynchosporiose;Triticale;RHYNSE;Rhynchosporium secale;Rhynchosporiose;;vault;Rhynchosporiose;2024:05:03;13:54:07;nan;8;Triticale_Rhynchosporiose
Itc00363;../data/VAULT/Bousset2_data/Images/Triticale/Rhynchosporiose/Itc00363.jpg;Triticale;Rhynchosporiose;Triticale_Rhynchosporiose;Triticale;RHYNSE;Rhynchosporium secale;Rhynchosporiose;;vault;Rhynchosporiose;2024:05:03;13:55:16;nan;8;Triticale_Rhynchosporiose
Itc00371;../data/VAULT/Bousset2_data/Images/Triticale/Rhynchosporiose/Itc00371.jpg;Triticale;Rhynchosporiose;Triticale_Rhynchosporiose;Triticale;RHYNSE;Rhynchosporium secale;Rhynchosporiose;;vault;Rhynchosporiose;2024:05:03;13:56:50;nan;8;Triticale_Rhynchosporiose
Itc00385;../data/VAULT/Bousset2_data/Images/Triticale/Rhynchosporiose/Itc00385.jpg;Triticale;Rhynchosporiose;Triticale_Rhynchosporiose;Triticale;RHYNSE;Rhynchosporium secale;Rhynchosporiose;;vault;Rhynchosporiose;2024:05:03;14:00:10;nan;8;Triticale_Rhynchosporiose
Itc00423;../data/Bousset2_data/Images/Triticale/Rhynchosporiose/Itc00423.jpg;Triticale;Rhynchosporiose;Triticale_Rhynchosporiose;Triticale;RHYNSE;Rhynchosporium secale;Rhynchosporiose;;train;Rhynchosporiose;2024:05:23;11:59:28;nan;8;Triticale_Rhynchosporiose
Itc00429;../data/Bousset2_data/Images/Triticale/Rhynchosporiose/Itc00429.jpg;Triticale;Rhynchosporiose;Triticale_Rhynchosporiose;Triticale;RHYNSE;Rhynchosporium secale;Rhynchosporiose;;train;Rhynchosporiose;2024:05:23;12:00:28;nan;8;Triticale_Rhynchosporiose
Itc00432;../data/Bousset2_data/Images/Triticale/Rhynchosporiose/Itc00432.jpg;Triticale;Rhynchosporiose;Triticale_Rhynchosporiose;Triticale;RHYNSE;Rhynchosporium secale;Rhynchosporiose;;train;Rhynchosporiose;2024:05:23;12:01:07;nan;8;Triticale_Rhynchosporiose
Itc00436;../data/Bousset2_data/Images/Triticale/Rhynchosporiose/Itc00436.jpg;Triticale;Rhynchosporiose;Triticale_Rhynchosporiose;Triticale;RHYNSE;Rhynchosporium secale;Rhynchosporiose;;train;Rhynchosporiose;2024:05:23;12:02:02;nan;8;Triticale_Rhynchosporiose
Itc00438;../data/Bousset2_data/Images/Triticale/Rhynchosporiose/Itc00438.jpg;Triticale;Rhynchosporiose;Triticale_Rhynchosporiose;Triticale;RHYNSE;Rhynchosporium secale;Rhynchosporiose;;train;Rhynchosporiose;2024:05:23;12:03:04;nan;8;Triticale_Rhynchosporiose
Itc00439;../data/Bousset2_data/Images/Triticale/Rhynchosporiose/Itc00439.jpg;Triticale;Rhynchosporiose;Triticale_Rhynchosporiose;Triticale;RHYNSE;Rhynchosporium secale;Rhynchosporiose;;train;Rhynchosporiose;2024:05:23;12:03:09;nan;8;Triticale_Rhynchosporiose
Itc00440;../data/Bousset2_data/Images/Triticale/Rhynchosporiose/Itc00440.jpg;Triticale;Rhynchosporiose;Triticale_Rhynchosporiose;Triticale;RHYNSE;Rhynchosporium secale;Rhynchosporiose;;train;Rhynchosporiose;2024:05:23;12:03:15;nan;8;Triticale_Rhynchosporiose
Itc00441;../data/Bousset2_data/Images/Triticale/Rhynchosporiose/Itc00441.jpg;Triticale;Rhynchosporiose;Triticale_Rhynchosporiose;Triticale;RHYNSE;Rhynchosporium secale;Rhynchosporiose;;train;Rhynchosporiose;2024:05:23;12:03:24;nan;8;Triticale_Rhynchosporiose
Itc00443;../data/Bousset2_data/Images/Triticale/Rhynchosporiose/Itc00443.jpg;Triticale;Rhynchosporiose;Triticale_Rhynchosporiose;Triticale;RHYNSE;Rhynchosporium secale;Rhynchosporiose;;train;Rhynchosporiose;2024:05:23;12:03:38;nan;8;Triticale_Rhynchosporiose
Itc00451;../data/Bousset2_data/Images/Triticale/Rhynchosporiose/Itc00451.jpg;Triticale;Rhynchosporiose;Triticale_Rhynchosporiose;Triticale;RHYNSE;Rhynchosporium secale;Rhynchosporiose;;train;Rhynchosporiose;2024:05:23;12:05:13;nan;8;Triticale_Rhynchosporiose
Itc00452;../data/Bousset2_data/Images/Triticale/Rhynchosporiose/Itc00452.jpg;Triticale;Rhynchosporiose;Triticale_Rhynchosporiose;Triticale;RHYNSE;Rhynchosporium secale;Rhynchosporiose;;train;Rhynchosporiose;2024:05:23;12:05:42;nan;8;Triticale_Rhynchosporiose
Itc00453;../data/Bousset2_data/Images/Triticale/Rhynchosporiose/Itc00453.jpg;Triticale;Rhynchosporiose;Triticale_Rhynchosporiose;Triticale;RHYNSE;Rhynchosporium secale;Rhynchosporiose;;train;Rhynchosporiose;2024:05:23;12:05:49;nan;8;Triticale_Rhynchosporiose
Itc00454;../data/Bousset2_data/Images/Triticale/Rhynchosporiose/Itc00454.jpg;Triticale;Rhynchosporiose;Triticale_Rhynchosporiose;Triticale;RHYNSE;Rhynchosporium secale;Rhynchosporiose;;train;Rhynchosporiose;2024:05:23;12:05:54;nan;8;Triticale_Rhynchosporiose
Itc00455;../data/Bousset2_data/Images/Triticale/Rhynchosporiose/Itc00455.jpg;Triticale;Rhynchosporiose;Triticale_Rhynchosporiose;Triticale;RHYNSE;Rhynchosporium secale;Rhynchosporiose;;train;Rhynchosporiose;2024:05:23;12:05:57;nan;8;Triticale_Rhynchosporiose
Itc00456;../data/Bousset2_data/Images/Triticale/Rhynchosporiose/Itc00456.jpg;Triticale;Rhynchosporiose;Triticale_Rhynchosporiose;Triticale;RHYNSE;Rhynchosporium secale;Rhynchosporiose;;train;Rhynchosporiose;2024:05:23;12:06:01;nan;8;Triticale_Rhynchosporiose
Itc00457;../data/Bousset2_data/Images/Triticale/Rhynchosporiose/Itc00457.jpg;Triticale;Rhynchosporiose;Triticale_Rhynchosporiose;Triticale;RHYNSE;Rhynchosporium secale;Rhynchosporiose;;train;Rhynchosporiose;2024:05:23;12:06:12;nan;8;Triticale_Rhynchosporiose
Itc00458;../data/Bousset2_data/Images/Triticale/Rhynchosporiose/Itc00458.jpg;Triticale;Rhynchosporiose;Triticale_Rhynchosporiose;Triticale;RHYNSE;Rhynchosporium secale;Rhynchosporiose;;train;Rhynchosporiose;2024:05:23;12:06:19;nan;8;Triticale_Rhynchosporiose
Itc00459;../data/Bousset2_data/Images/Triticale/Rhynchosporiose/Itc00459.jpg;Triticale;Rhynchosporiose;Triticale_Rhynchosporiose;Triticale;RHYNSE;Rhynchosporium secale;Rhynchosporiose;;train;Rhynchosporiose;2024:05:23;12:06:24;nan;8;Triticale_Rhynchosporiose
Itc00460;../data/Bousset2_data/Images/Triticale/Rhynchosporiose/Itc00460.jpg;Triticale;Rhynchosporiose;Triticale_Rhynchosporiose;Triticale;RHYNSE;Rhynchosporium secale;Rhynchosporiose;;train;Rhynchosporiose;2024:05:23;12:06:48;nan;8;Triticale_Rhynchosporiose
Itc00461;../data/Bousset2_data/Images/Triticale/Rhynchosporiose/Itc00461.jpg;Triticale;Rhynchosporiose;Triticale_Rhynchosporiose;Triticale;RHYNSE;Rhynchosporium secale;Rhynchosporiose;;train;Rhynchosporiose;2024:05:23;12:06:56;nan;8;Triticale_Rhynchosporiose
Itc00466;../data/Bousset2_data/Images/Triticale/Rhynchosporiose/Itc00466.jpg;Triticale;Rhynchosporiose;Triticale_Rhynchosporiose;Triticale;RHYNSE;Rhynchosporium secale;Rhynchosporiose;;train;Rhynchosporiose;2024:05:23;12:08:24;nan;8;Triticale_Rhynchosporiose
Itc00467;../data/Bousset2_data/Images/Triticale/Rhynchosporiose/Itc00467.jpg;Triticale;Rhynchosporiose;Triticale_Rhynchosporiose;Triticale;RHYNSE;Rhynchosporium secale;Rhynchosporiose;;train;Rhynchosporiose;2024:05:23;12:08:38;nan;8;Triticale_Rhynchosporiose
Itc00469;../data/Bousset2_data/Images/Triticale/Rhynchosporiose/Itc00469.jpg;Triticale;Rhynchosporiose;Triticale_Rhynchosporiose;Triticale;RHYNSE;Rhynchosporium secale;Rhynchosporiose;;train;Rhynchosporiose;2024:05:23;12:08:55;nan;8;Triticale_Rhynchosporiose
Itc00540;../data/Bousset2_data/Images/Triticale/Rhynchosporiose/Itc00540.jpg;Triticale;Rhynchosporiose;Triticale_Rhynchosporiose;Triticale;RHYNSE;Rhynchosporium secale;Rhynchosporiose;;train;Rhynchosporiose;2024:05:23;13:03:58;nan;8;Triticale_Rhynchosporiose
Itc00541;../data/Bousset2_data/Images/Triticale/Rhynchosporiose/Itc00541.jpg;Triticale;Rhynchosporiose;Triticale_Rhynchosporiose;Triticale;RHYNSE;Rhynchosporium secale;Rhynchosporiose;;train;Rhynchosporiose;2024:05:23;13:04:03;nan;8;Triticale_Rhynchosporiose
Itc00542;../data/Bousset2_data/Images/Triticale/Rhynchosporiose/Itc00542.jpg;Triticale;Rhynchosporiose;Triticale_Rhynchosporiose;Triticale;RHYNSE;Rhynchosporium secale;Rhynchosporiose;;train;Rhynchosporiose;2024:05:23;13:04:08;nan;8;Triticale_Rhynchosporiose
Itc00543;../data/Bousset2_data/Images/Triticale/Rhynchosporiose/Itc00543.jpg;Triticale;Rhynchosporiose;Triticale_Rhynchosporiose;Triticale;RHYNSE;Rhynchosporium secale;Rhynchosporiose;;train;Rhynchosporiose;2024:05:23;13:04:22;nan;8;Triticale_Rhynchosporiose
Itc00544;../data/Bousset2_data/Images/Triticale/Rhynchosporiose/Itc00544.jpg;Triticale;Rhynchosporiose;Triticale_Rhynchosporiose;Triticale;RHYNSE;Rhynchosporium secale;Rhynchosporiose;;train;Rhynchosporiose;2024:05:23;13:04:26;nan;8;Triticale_Rhynchosporiose
Itc00545;../data/Bousset2_data/Images/Triticale/Rhynchosporiose/Itc00545.jpg;Triticale;Rhynchosporiose;Triticale_Rhynchosporiose;Triticale;RHYNSE;Rhynchosporium secale;Rhynchosporiose;;train;Rhynchosporiose;2024:05:23;13:04:33;nan;8;Triticale_Rhynchosporiose
Itc00546;../data/Bousset2_data/Images/Triticale/Rhynchosporiose/Itc00546.jpg;Triticale;Rhynchosporiose;Triticale_Rhynchosporiose;Triticale;RHYNSE;Rhynchosporium secale;Rhynchosporiose;;train;Rhynchosporiose;2024:05:23;13:04:48;nan;8;Triticale_Rhynchosporiose
Itc00550;../data/Bousset2_data/Images/Triticale/Rhynchosporiose/Itc00550.jpg;Triticale;Rhynchosporiose;Triticale_Rhynchosporiose;Triticale;RHYNSE;Rhynchosporium secale;Rhynchosporiose;;train;Rhynchosporiose;2024:05:23;13:05:21;nan;8;Triticale_Rhynchosporiose
Itc00551;../data/Bousset2_data/Images/Triticale/Rhynchosporiose/Itc00551.jpg;Triticale;Rhynchosporiose;Triticale_Rhynchosporiose;Triticale;RHYNSE;Rhynchosporium secale;Rhynchosporiose;;train;Rhynchosporiose;2024:05:23;13:05:36;nan;8;Triticale_Rhynchosporiose
Itc00552;../data/Bousset2_data/Images/Triticale/Rhynchosporiose/Itc00552.jpg;Triticale;Rhynchosporiose;Triticale_Rhynchosporiose;Triticale;RHYNSE;Rhynchosporium secale;Rhynchosporiose;;train;Rhynchosporiose;2024:05:23;13:05:47;nan;8;Triticale_Rhynchosporiose
Itc00553;../data/Bousset2_data/Images/Triticale/Rhynchosporiose/Itc00553.jpg;Triticale;Rhynchosporiose;Triticale_Rhynchosporiose;Triticale;RHYNSE;Rhynchosporium secale;Rhynchosporiose;;train;Rhynchosporiose;2024:05:23;13:05:52;nan;8;Triticale_Rhynchosporiose
Itc00554;../data/Bousset2_data/Images/Triticale/Rhynchosporiose/Itc00554.jpg;Triticale;Rhynchosporiose;Triticale_Rhynchosporiose;Triticale;RHYNSE;Rhynchosporium secale;Rhynchosporiose;;train;Rhynchosporiose;2024:05:23;13:05:57;nan;8;Triticale_Rhynchosporiose
Itc00555;../data/Bousset2_data/Images/Triticale/Rhynchosporiose/Itc00555.jpg;Triticale;Rhynchosporiose;Triticale_Rhynchosporiose;Triticale;RHYNSE;Rhynchosporium secale;Rhynchosporiose;;train;Rhynchosporiose;2024:05:23;13:06:24;nan;8;Triticale_Rhynchosporiose
Itc00557;../data/Bousset2_data/Images/Triticale/Rhynchosporiose/Itc00557.jpg;Triticale;Rhynchosporiose;Triticale_Rhynchosporiose;Triticale;RHYNSE;Rhynchosporium secale;Rhynchosporiose;;train;Rhynchosporiose;2024:05:23;13:06:41;nan;8;Triticale_Rhynchosporiose
Itc00558;../data/Bousset2_data/Images/Triticale/Rhynchosporiose/Itc00558.jpg;Triticale;Rhynchosporiose;Triticale_Rhynchosporiose;Triticale;RHYNSE;Rhynchosporium secale;Rhynchosporiose;;train;Rhynchosporiose;2024:05:23;13:06:49;nan;8;Triticale_Rhynchosporiose
Itc00559;../data/Bousset2_data/Images/Triticale/Rhynchosporiose/Itc00559.jpg;Triticale;Rhynchosporiose;Triticale_Rhynchosporiose;Triticale;RHYNSE;Rhynchosporium secale;Rhynchosporiose;;train;Rhynchosporiose;2024:05:23;13:06:52;nan;8;Triticale_Rhynchosporiose
Itc00560;../data/Bousset2_data/Images/Triticale/Rhynchosporiose/Itc00560.jpg;Triticale;Rhynchosporiose;Triticale_Rhynchosporiose;Triticale;RHYNSE;Rhynchosporium secale;Rhynchosporiose;;train;Rhynchosporiose;2024:05:23;13:07:01;nan;8;Triticale_Rhynchosporiose
Itc00565;../data/Bousset2_data/Images/Triticale/Rhynchosporiose/Itc00565.jpg;Triticale;Rhynchosporiose;Triticale_Rhynchosporiose;Triticale;RHYNSE;Rhynchosporium secale;Rhynchosporiose;;train;Rhynchosporiose;2024:05:23;13:08:26;nan;8;Triticale_Rhynchosporiose
Itc00566;../data/Bousset2_data/Images/Triticale/Rhynchosporiose/Itc00566.jpg;Triticale;Rhynchosporiose;Triticale_Rhynchosporiose;Triticale;RHYNSE;Rhynchosporium secale;Rhynchosporiose;;train;Rhynchosporiose;2024:05:23;13:08:38;nan;8;Triticale_Rhynchosporiose
Itc00567;../data/Bousset2_data/Images/Triticale/Rhynchosporiose/Itc00567.jpg;Triticale;Rhynchosporiose;Triticale_Rhynchosporiose;Triticale;RHYNSE;Rhynchosporium secale;Rhynchosporiose;;train;Rhynchosporiose;2024:05:23;13:08:44;nan;8;Triticale_Rhynchosporiose
Itc00570;../data/Bousset2_data/Images/Triticale/Rhynchosporiose/Itc00570.jpg;Triticale;Rhynchosporiose;Triticale_Rhynchosporiose;Triticale;RHYNSE;Rhynchosporium secale;Rhynchosporiose;;train;Rhynchosporiose;2024:05:27;12:44:12;nan;8;Triticale_Rhynchosporiose
Itc00574;../data/Bousset2_data/Images/Triticale/Rhynchosporiose/Itc00574.jpg;Triticale;Rhynchosporiose;Triticale_Rhynchosporiose;Triticale;RHYNSE;Rhynchosporium secale;Rhynchosporiose;;train;Rhynchosporiose;2024:05:27;12:45:19;nan;8;Triticale_Rhynchosporiose
Itc00575;../data/Bousset2_data/Images/Triticale/Rhynchosporiose/Itc00575.jpg;Triticale;Rhynchosporiose;Triticale_Rhynchosporiose;Triticale;RHYNSE;Rhynchosporium secale;Rhynchosporiose;;train;Rhynchosporiose;2024:05:27;12:45:25;nan;8;Triticale_Rhynchosporiose
Itc00577;../data/Bousset2_data/Images/Triticale/Rhynchosporiose/Itc00577.jpg;Triticale;Rhynchosporiose;Triticale_Rhynchosporiose;Triticale;RHYNSE;Rhynchosporium secale;Rhynchosporiose;;train;Rhynchosporiose;2024:05:27;12:45:49;nan;8;Triticale_Rhynchosporiose
Itc00578;../data/Bousset2_data/Images/Triticale/Rhynchosporiose/Itc00578.jpg;Triticale;Rhynchosporiose;Triticale_Rhynchosporiose;Triticale;RHYNSE;Rhynchosporium secale;Rhynchosporiose;;train;Rhynchosporiose;2024:05:27;12:46:03;nan;8;Triticale_Rhynchosporiose
Itc00580;../data/Bousset2_data/Images/Triticale/Rhynchosporiose/Itc00580.jpg;Triticale;Rhynchosporiose;Triticale_Rhynchosporiose;Triticale;RHYNSE;Rhynchosporium secale;Rhynchosporiose;;train;Rhynchosporiose;2024:05:27;12:46:49;nan;8;Triticale_Rhynchosporiose
Itc00581;../data/Bousset2_data/Images/Triticale/Rhynchosporiose/Itc00581.jpg;Triticale;Rhynchosporiose;Triticale_Rhynchosporiose;Triticale;RHYNSE;Rhynchosporium secale;Rhynchosporiose;;train;Rhynchosporiose;2024:05:27;12:47:09;nan;8;Triticale_Rhynchosporiose
Itc00582;../data/Bousset2_data/Images/Triticale/Rhynchosporiose/Itc00582.jpg;Triticale;Rhynchosporiose;Triticale_Rhynchosporiose;Triticale;RHYNSE;Rhynchosporium secale;Rhynchosporiose;;train;Rhynchosporiose;2024:05:27;12:47:19;nan;8;Triticale_Rhynchosporiose
Itc00583;../data/Bousset2_data/Images/Triticale/Rhynchosporiose/Itc00583.jpg;Triticale;Rhynchosporiose;Triticale_Rhynchosporiose;Triticale;RHYNSE;Rhynchosporium secale;Rhynchosporiose;;train;Rhynchosporiose;2024:05:27;12:47:30;nan;8;Triticale_Rhynchosporiose
Itc00586;../data/Bousset2_data/Images/Triticale/Rhynchosporiose/Itc00586.jpg;Triticale;Rhynchosporiose;Triticale_Rhynchosporiose;Triticale;RHYNSE;Rhynchosporium secale;Rhynchosporiose;;train;Rhynchosporiose;2024:05:27;12:48:03;nan;8;Triticale_Rhynchosporiose
Itc00587;../data/Bousset2_data/Images/Triticale/Rhynchosporiose/Itc00587.jpg;Triticale;Rhynchosporiose;Triticale_Rhynchosporiose;Triticale;RHYNSE;Rhynchosporium secale;Rhynchosporiose;;train;Rhynchosporiose;2024:05:27;12:48:17;nan;8;Triticale_Rhynchosporiose
Itc00588;../data/Bousset2_data/Images/Triticale/Rhynchosporiose/Itc00588.jpg;Triticale;Rhynchosporiose;Triticale_Rhynchosporiose;Triticale;RHYNSE;Rhynchosporium secale;Rhynchosporiose;;train;Rhynchosporiose;2024:05:27;12:48:25;nan;8;Triticale_Rhynchosporiose
Itc00591;../data/Bousset2_data/Images/Triticale/Rhynchosporiose/Itc00591.jpg;Triticale;Rhynchosporiose;Triticale_Rhynchosporiose;Triticale;RHYNSE;Rhynchosporium secale;Rhynchosporiose;;train;Rhynchosporiose;2024:05:27;12:48:48;nan;8;Triticale_Rhynchosporiose
Itc00592;../data/Bousset2_data/Images/Triticale/Rhynchosporiose/Itc00592.jpg;Triticale;Rhynchosporiose;Triticale_Rhynchosporiose;Triticale;RHYNSE;Rhynchosporium secale;Rhynchosporiose;;train;Rhynchosporiose;2024:05:27;12:48:56;nan;8;Triticale_Rhynchosporiose
Itc00594;../data/Bousset2_data/Images/Triticale/Rhynchosporiose/Itc00594.jpg;Triticale;Rhynchosporiose;Triticale_Rhynchosporiose;Triticale;RHYNSE;Rhynchosporium secale;Rhynchosporiose;;train;Rhynchosporiose;2024:05:27;12:49:22;nan;8;Triticale_Rhynchosporiose
Itc00596;../data/Bousset2_data/Images/Triticale/Rhynchosporiose/Itc00596.jpg;Triticale;Rhynchosporiose;Triticale_Rhynchosporiose;Triticale;RHYNSE;Rhynchosporium secale;Rhynchosporiose;;train;Rhynchosporiose;2024:05:27;12:49:40;nan;8;Triticale_Rhynchosporiose
Itc00598;../data/Bousset2_data/Images/Triticale/Rhynchosporiose/Itc00598.jpg;Triticale;Rhynchosporiose;Triticale_Rhynchosporiose;Triticale;RHYNSE;Rhynchosporium secale;Rhynchosporiose;;train;Rhynchosporiose;2024:05:27;12:50:07;nan;8;Triticale_Rhynchosporiose
Itc00599;../data/Bousset2_data/Images/Triticale/Rhynchosporiose/Itc00599.jpg;Triticale;Rhynchosporiose;Triticale_Rhynchosporiose;Triticale;RHYNSE;Rhynchosporium secale;Rhynchosporiose;;train;Rhynchosporiose;2024:05:27;13:13:17;nan;8;Triticale_Rhynchosporiose
Itc00600;../data/Bousset2_data/Images/Triticale/Rhynchosporiose/Itc00600.jpg;Triticale;Rhynchosporiose;Triticale_Rhynchosporiose;Triticale;RHYNSE;Rhynchosporium secale;Rhynchosporiose;;train;Rhynchosporiose;2024:05:27;13:13:25;nan;8;Triticale_Rhynchosporiose
Itc00601;../data/Bousset2_data/Images/Triticale/Rhynchosporiose/Itc00601.jpg;Triticale;Rhynchosporiose;Triticale_Rhynchosporiose;Triticale;RHYNSE;Rhynchosporium secale;Rhynchosporiose;;train;Rhynchosporiose;2024:05:27;13:13:38;nan;8;Triticale_Rhynchosporiose
Itc00602;../data/Bousset2_data/Images/Triticale/Rhynchosporiose/Itc00602.jpg;Triticale;Rhynchosporiose;Triticale_Rhynchosporiose;Triticale;RHYNSE;Rhynchosporium secale;Rhynchosporiose;;train;Rhynchosporiose;2024:05:27;13:13:45;nan;8;Triticale_Rhynchosporiose
Itc00603;../data/Bousset2_data/Images/Triticale/Rhynchosporiose/Itc00603.jpg;Triticale;Rhynchosporiose;Triticale_Rhynchosporiose;Triticale;RHYNSE;Rhynchosporium secale;Rhynchosporiose;;train;Rhynchosporiose;2024:05:27;13:14:00;nan;8;Triticale_Rhynchosporiose
Itc00604;../data/Bousset2_data/Images/Triticale/Rhynchosporiose/Itc00604.jpg;Triticale;Rhynchosporiose;Triticale_Rhynchosporiose;Triticale;RHYNSE;Rhynchosporium secale;Rhynchosporiose;;train;Rhynchosporiose;2024:05:27;13:14:02;nan;8;Triticale_Rhynchosporiose
Itc00605;../data/Bousset2_data/Images/Triticale/Rhynchosporiose/Itc00605.jpg;Triticale;Rhynchosporiose;Triticale_Rhynchosporiose;Triticale;RHYNSE;Rhynchosporium secale;Rhynchosporiose;;train;Rhynchosporiose;2024:05:27;13:14:08;nan;8;Triticale_Rhynchosporiose
Itc00606;../data/Bousset2_data/Images/Triticale/Rhynchosporiose/Itc00606.jpg;Triticale;Rhynchosporiose;Triticale_Rhynchosporiose;Triticale;RHYNSE;Rhynchosporium secale;Rhynchosporiose;;train;Rhynchosporiose;2024:05:27;13:14:14;nan;8;Triticale_Rhynchosporiose
Itc00607;../data/Bousset2_data/Images/Triticale/Rhynchosporiose/Itc00607.jpg;Triticale;Rhynchosporiose;Triticale_Rhynchosporiose;Triticale;RHYNSE;Rhynchosporium secale;Rhynchosporiose;;train;Rhynchosporiose;2024:05:27;13:14:18;nan;8;Triticale_Rhynchosporiose
Itc00608;../data/Bousset2_data/Images/Triticale/Rhynchosporiose/Itc00608.jpg;Triticale;Rhynchosporiose;Triticale_Rhynchosporiose;Triticale;RHYNSE;Rhynchosporium secale;Rhynchosporiose;;train;Rhynchosporiose;2024:05:27;13:14:33;nan;8;Triticale_Rhynchosporiose
Itc00609;../data/Bousset2_data/Images/Triticale/Rhynchosporiose/Itc00609.jpg;Triticale;Rhynchosporiose;Triticale_Rhynchosporiose;Triticale;RHYNSE;Rhynchosporium secale;Rhynchosporiose;;train;Rhynchosporiose;2024:05:27;13:14:37;nan;8;Triticale_Rhynchosporiose
Itc00610;../data/Bousset2_data/Images/Triticale/Rhynchosporiose/Itc00610.jpg;Triticale;Rhynchosporiose;Triticale_Rhynchosporiose;Triticale;RHYNSE;Rhynchosporium secale;Rhynchosporiose;;train;Rhynchosporiose;2024:05:27;13:14:51;nan;8;Triticale_Rhynchosporiose
Itc00611;../data/Bousset2_data/Images/Triticale/Rhynchosporiose/Itc00611.jpg;Triticale;Rhynchosporiose;Triticale_Rhynchosporiose;Triticale;RHYNSE;Rhynchosporium secale;Rhynchosporiose;;train;Rhynchosporiose;2024:05:27;13:14:56;nan;8;Triticale_Rhynchosporiose
Itc00612;../data/Bousset2_data/Images/Triticale/Rhynchosporiose/Itc00612.jpg;Triticale;Rhynchosporiose;Triticale_Rhynchosporiose;Triticale;RHYNSE;Rhynchosporium secale;Rhynchosporiose;;train;Rhynchosporiose;2024:05:27;13:14:59;nan;8;Triticale_Rhynchosporiose
Itc00613;../data/Bousset2_data/Images/Triticale/Rhynchosporiose/Itc00613.jpg;Triticale;Rhynchosporiose;Triticale_Rhynchosporiose;Triticale;RHYNSE;Rhynchosporium secale;Rhynchosporiose;;train;Rhynchosporiose;2024:05:27;13:15:20;nan;8;Triticale_Rhynchosporiose
Itc00646;../data/Bousset2_data/Images/Triticale/Rhynchosporiose/Itc00646.jpg;Triticale;Rhynchosporiose;Triticale_Rhynchosporiose;Triticale;RHYNSE;Rhynchosporium secale;Rhynchosporiose;;train;Rhynchosporiose;2024:06:07;15:16:59;nan;8;Triticale_Rhynchosporiose
Itc00648;../data/Bousset2_data/Images/Triticale/Rhynchosporiose/Itc00648.jpg;Triticale;Rhynchosporiose;Triticale_Rhynchosporiose;Triticale;RHYNSE;Rhynchosporium secale;Rhynchosporiose;;train;Rhynchosporiose;2024:06:07;15:17:20;nan;8;Triticale_Rhynchosporiose
Itc00655;../data/Bousset2_data/Images/Triticale/Rhynchosporiose/Itc00655.jpg;Triticale;Rhynchosporiose;Triticale_Rhynchosporiose;Triticale;RHYNSE;Rhynchosporium secale;Rhynchosporiose;;train;Rhynchosporiose;2024:06:07;15:19:11;nan;8;Triticale_Rhynchosporiose
Itc00656;../data/Bousset2_data/Images/Triticale/Rhynchosporiose/Itc00656.jpg;Triticale;Rhynchosporiose;Triticale_Rhynchosporiose;Triticale;RHYNSE;Rhynchosporium secale;Rhynchosporiose;;train;Rhynchosporiose;2024:06:07;15:19:44;nan;8;Triticale_Rhynchosporiose
Itc00658;../data/Bousset2_data/Images/Triticale/Rhynchosporiose/Itc00658.jpg;Triticale;Rhynchosporiose;Triticale_Rhynchosporiose;Triticale;RHYNSE;Rhynchosporium secale;Rhynchosporiose;;train;Rhynchosporiose;2024:06:07;15:20:33;nan;8;Triticale_Rhynchosporiose
Itc00663;../data/Bousset2_data/Images/Triticale/Rhynchosporiose/Itc00663.jpg;Triticale;Rhynchosporiose;Triticale_Rhynchosporiose;Triticale;RHYNSE;Rhynchosporium secale;Rhynchosporiose;;train;Rhynchosporiose;2024:06:07;15:41:32;nan;8;Triticale_Rhynchosporiose
Itc00728;../data/Bousset2_data/Images/Triticale/Rhynchosporiose/Itc00728.jpg;Triticale;Rhynchosporiose;Triticale_Rhynchosporiose;Triticale;RHYNSE;Rhynchosporium secale;Rhynchosporiose;;train;Rhynchosporiose;2024:06:24;14:41:09;nan;8;Triticale_Rhynchosporiose
Itc00305;../data/Bousset2_data/Images/Triticale/Rouille brune/Itc00305.jpg;Triticale;Rouille brune;Triticale_Rouille brune;Triticale;PUCCRE;Puccinia recondita;Rouille brune;;train;Rouille brune;2024:04:22;14:39:47;nan;9;Triticale_Rouille brune
Itc00310;../data/Bousset2_data/Images/Triticale/Rouille brune/Itc00310.jpg;Triticale;Rouille brune;Triticale_Rouille brune;Triticale;PUCCRE;Puccinia recondita;Rouille brune;;train;Rouille brune;2024:04:22;14:40:43;nan;9;Triticale_Rouille brune
Itc00312;../data/Bousset2_data/Images/Triticale/Rouille brune/Itc00312.jpg;Triticale;Rouille brune;Triticale_Rouille brune;Triticale;PUCCRE;Puccinia recondita;Rouille brune;;train;Rouille brune;2024:04:22;14:41:17;nan;9;Triticale_Rouille brune
Itc00313;../data/Bousset2_data/Images/Triticale/Rouille brune/Itc00313.jpg;Triticale;Rouille brune;Triticale_Rouille brune;Triticale;PUCCRE;Puccinia recondita;Rouille brune;;train;Rouille brune;2024:04:22;14:41:24;nan;9;Triticale_Rouille brune
Itc00314;../data/Bousset2_data/Images/Triticale/Rouille brune/Itc00314.jpg;Triticale;Rouille brune;Triticale_Rouille brune;Triticale;PUCCRE;Puccinia recondita;Rouille brune;;train;Rouille brune;2024:04:22;14:41:34;nan;9;Triticale_Rouille brune
Itc00315;../data/Bousset2_data/Images/Triticale/Rouille brune/Itc00315.jpg;Triticale;Rouille brune;Triticale_Rouille brune;Triticale;PUCCRE;Puccinia recondita;Rouille brune;;train;Rouille brune;2024:04:22;14:41:57;nan;9;Triticale_Rouille brune
Itc00378;../data/VAULT/Bousset2_data/Images/Triticale/Rouille brune/Itc00378.jpg;Triticale;Rouille brune;Triticale_Rouille brune;Triticale;PUCCRE;Puccinia recondita;Rouille brune;;vault;Rouille brune;2024:05:03;13:58:57;nan;9;Triticale_Rouille brune
Itc00379;../data/VAULT/Bousset2_data/Images/Triticale/Rouille brune/Itc00379.jpg;Triticale;Rouille brune;Triticale_Rouille brune;Triticale;PUCCRE;Puccinia recondita;Rouille brune;;vault;Rouille brune;2024:05:03;13:59:04;nan;9;Triticale_Rouille brune
Itc00380;../data/VAULT/Bousset2_data/Images/Triticale/Rouille brune/Itc00380.jpg;Triticale;Rouille brune;Triticale_Rouille brune;Triticale;PUCCRE;Puccinia recondita;Rouille brune;;vault;Rouille brune;2024:05:03;13:59:27;nan;9;Triticale_Rouille brune
Itc00381;../data/VAULT/Bousset2_data/Images/Triticale/Rouille brune/Itc00381.jpg;Triticale;Rouille brune;Triticale_Rouille brune;Triticale;PUCCRE;Puccinia recondita;Rouille brune;;vault;Rouille brune;2024:05:03;13:59:29;nan;9;Triticale_Rouille brune
Itc00383;../data/VAULT/Bousset2_data/Images/Triticale/Rouille brune/Itc00383.jpg;Triticale;Rouille brune;Triticale_Rouille brune;Triticale;PUCCRE;Puccinia recondita;Rouille brune;;vault;Rouille brune;2024:05:03;13:59:52;nan;9;Triticale_Rouille brune
Itc00384;../data/VAULT/Bousset2_data/Images/Triticale/Rouille brune/Itc00384.jpg;Triticale;Rouille brune;Triticale_Rouille brune;Triticale;PUCCRE;Puccinia recondita;Rouille brune;;vault;Rouille brune;2024:05:03;14:00:05;nan;9;Triticale_Rouille brune
Itc00387;../data/VAULT/Bousset2_data/Images/Triticale/Rouille brune/Itc00387.jpg;Triticale;Rouille brune;Triticale_Rouille brune;Triticale;PUCCRE;Puccinia recondita;Rouille brune;;vault;Rouille brune;2024:05:03;14:00:27;nan;9;Triticale_Rouille brune
Itc00482;../data/Bousset2_data/Images/Triticale/Rouille brune/Itc00482.jpg;Triticale;Rouille brune;Triticale_Rouille brune;Triticale;PUCCRE;Puccinia recondita;Rouille brune;;train;Rouille brune;2024:05:23;12:39:53;nan;9;Triticale_Rouille brune
Itc00484;../data/Bousset2_data/Images/Triticale/Rouille brune/Itc00484.jpg;Triticale;Rouille brune;Triticale_Rouille brune;Triticale;PUCCRE;Puccinia recondita;Rouille brune;;train;Rouille brune;2024:05:23;12:40:18;nan;9;Triticale_Rouille brune
Itc00491;../data/Bousset2_data/Images/Triticale/Rouille brune/Itc00491.jpg;Triticale;Rouille brune;Triticale_Rouille brune;Triticale;PUCCRE;Puccinia recondita;Rouille brune;;train;Rouille brune;2024:05:23;12:41:17;nan;9;Triticale_Rouille brune
Itc00504;../data/Bousset2_data/Images/Triticale/Rouille brune/Itc00504.jpg;Triticale;Rouille brune;Triticale_Rouille brune;Triticale;PUCCRE;Puccinia recondita;Rouille brune;;train;Rouille brune;2024:05:23;12:43:29;nan;9;Triticale_Rouille brune
Itc00505;../data/Bousset2_data/Images/Triticale/Rouille brune/Itc00505.jpg;Triticale;Rouille brune;Triticale_Rouille brune;Triticale;PUCCRE;Puccinia recondita;Rouille brune;;train;Rouille brune;2024:05:23;12:43:52;nan;9;Triticale_Rouille brune
Itc00506;../data/Bousset2_data/Images/Triticale/Rouille brune/Itc00506.jpg;Triticale;Rouille brune;Triticale_Rouille brune;Triticale;PUCCRE;Puccinia recondita;Rouille brune;;train;Rouille brune;2024:05:23;12:44:00;nan;9;Triticale_Rouille brune
Itc00507;../data/Bousset2_data/Images/Triticale/Rouille brune/Itc00507.jpg;Triticale;Rouille brune;Triticale_Rouille brune;Triticale;PUCCRE;Puccinia recondita;Rouille brune;;train;Rouille brune;2024:05:23;12:44:05;nan;9;Triticale_Rouille brune
Itc00508;../data/Bousset2_data/Images/Triticale/Rouille brune/Itc00508.jpg;Triticale;Rouille brune;Triticale_Rouille brune;Triticale;PUCCRE;Puccinia recondita;Rouille brune;;train;Rouille brune;2024:05:23;12:44:10;nan;9;Triticale_Rouille brune
Itc00509;../data/Bousset2_data/Images/Triticale/Rouille brune/Itc00509.jpg;Triticale;Rouille brune;Triticale_Rouille brune;Triticale;PUCCRE;Puccinia recondita;Rouille brune;;train;Rouille brune;2024:05:23;12:44:16;nan;9;Triticale_Rouille brune
Itc00510;../data/Bousset2_data/Images/Triticale/Rouille brune/Itc00510.jpg;Triticale;Rouille brune;Triticale_Rouille brune;Triticale;PUCCRE;Puccinia recondita;Rouille brune;;train;Rouille brune;2024:05:23;12:44:28;nan;9;Triticale_Rouille brune
Itc00511;../data/Bousset2_data/Images/Triticale/Rouille brune/Itc00511.jpg;Triticale;Rouille brune;Triticale_Rouille brune;Triticale;PUCCRE;Puccinia recondita;Rouille brune;;train;Rouille brune;2024:05:23;12:44:34;nan;9;Triticale_Rouille brune
Itc00512;../data/Bousset2_data/Images/Triticale/Rouille brune/Itc00512.jpg;Triticale;Rouille brune;Triticale_Rouille brune;Triticale;PUCCRE;Puccinia recondita;Rouille brune;;train;Rouille brune;2024:05:23;12:44:54;nan;9;Triticale_Rouille brune
Itc00515;../data/Bousset2_data/Images/Triticale/Rouille brune/Itc00515.jpg;Triticale;Rouille brune;Triticale_Rouille brune;Triticale;PUCCRE;Puccinia recondita;Rouille brune;;train;Rouille brune;2024:05:23;12:45:22;nan;9;Triticale_Rouille brune
Itc00517;../data/Bousset2_data/Images/Triticale/Rouille brune/Itc00517.jpg;Triticale;Rouille brune;Triticale_Rouille brune;Triticale;PUCCRE;Puccinia recondita;Rouille brune;;train;Rouille brune;2024:05:23;12:45:32;nan;9;Triticale_Rouille brune
Itc00521;../data/Bousset2_data/Images/Triticale/Rouille brune/Itc00521.jpg;Triticale;Rouille brune;Triticale_Rouille brune;Triticale;PUCCRE;Puccinia recondita;Rouille brune;;train;Rouille brune;2024:05:23;12:46:35;nan;9;Triticale_Rouille brune
Itc00522;../data/Bousset2_data/Images/Triticale/Rouille brune/Itc00522.jpg;Triticale;Rouille brune;Triticale_Rouille brune;Triticale;PUCCRE;Puccinia recondita;Rouille brune;;train;Rouille brune;2024:05:23;12:46:40;nan;9;Triticale_Rouille brune
Itc00534;../data/Bousset2_data/Images/Triticale/Rouille brune/Itc00534.jpg;Triticale;Rouille brune;Triticale_Rouille brune;Triticale;PUCCRE;Puccinia recondita;Rouille brune;;train;Rouille brune;2024:05:23;12:49:02;nan;9;Triticale_Rouille brune
Itc00640;../data/Bousset2_data/Images/Triticale/Rouille brune/Itc00640.jpg;Triticale;Rouille brune;Triticale_Rouille brune;Triticale;PUCCRE;Puccinia recondita;Rouille brune;;train;Rouille brune;2024:06:07;15:15:59;nan;9;Triticale_Rouille brune
Itc00641;../data/Bousset2_data/Images/Triticale/Rouille brune/Itc00641.jpg;Triticale;Rouille brune;Triticale_Rouille brune;Triticale;PUCCRE;Puccinia recondita;Rouille brune;;train;Rouille brune;2024:06:07;15:16:18;nan;9;Triticale_Rouille brune
Itc00643;../data/Bousset2_data/Images/Triticale/Rouille brune/Itc00643.jpg;Triticale;Rouille brune;Triticale_Rouille brune;Triticale;PUCCRE;Puccinia recondita;Rouille brune;;train;Rouille brune;2024:06:07;15:16:33;nan;9;Triticale_Rouille brune
Itc00644;../data/Bousset2_data/Images/Triticale/Rouille brune/Itc00644.jpg;Triticale;Rouille brune;Triticale_Rouille brune;Triticale;PUCCRE;Puccinia recondita;Rouille brune;;train;Rouille brune;2024:06:07;15:16:36;nan;9;Triticale_Rouille brune
Itc00645;../data/Bousset2_data/Images/Triticale/Rouille brune/Itc00645.jpg;Triticale;Rouille brune;Triticale_Rouille brune;Triticale;PUCCRE;Puccinia recondita;Rouille brune;;train;Rouille brune;2024:06:07;15:16:48;nan;9;Triticale_Rouille brune
Itc00652;../data/Bousset2_data/Images/Triticale/Rouille brune/Itc00652.jpg;Triticale;Rouille brune;Triticale_Rouille brune;Triticale;PUCCRE;Puccinia recondita;Rouille brune;;train;Rouille brune;2024:06:07;15:18:33;nan;9;Triticale_Rouille brune
Itc00653;../data/Bousset2_data/Images/Triticale/Rouille brune/Itc00653.jpg;Triticale;Rouille brune;Triticale_Rouille brune;Triticale;PUCCRE;Puccinia recondita;Rouille brune;;train;Rouille brune;2024:06:07;15:18:47;nan;9;Triticale_Rouille brune
Itc00654;../data/Bousset2_data/Images/Triticale/Rouille brune/Itc00654.jpg;Triticale;Rouille brune;Triticale_Rouille brune;Triticale;PUCCRE;Puccinia recondita;Rouille brune;;train;Rouille brune;2024:06:07;15:18:52;nan;9;Triticale_Rouille brune
Itc00662;../data/Bousset2_data/Images/Triticale/Rouille brune/Itc00662.jpg;Triticale;Rouille brune;Triticale_Rouille brune;Triticale;PUCCRE;Puccinia recondita;Rouille brune;;train;Rouille brune;2024:06:07;15:22:18;nan;9;Triticale_Rouille brune
Itc00664;../data/Bousset2_data/Images/Triticale/Rouille brune/Itc00664.jpg;Triticale;Rouille brune;Triticale_Rouille brune;Triticale;PUCCRE;Puccinia recondita;Rouille brune;;train;Rouille brune;2024:06:07;15:41:42;nan;9;Triticale_Rouille brune
Itc00666;../data/Bousset2_data/Images/Triticale/Rouille brune/Itc00666.jpg;Triticale;Rouille brune;Triticale_Rouille brune;Triticale;PUCCRE;Puccinia recondita;Rouille brune;;train;Rouille brune;2024:06:07;15:42:40;nan;9;Triticale_Rouille brune
Itc00668;../data/Bousset2_data/Images/Triticale/Rouille brune/Itc00668.jpg;Triticale;Rouille brune;Triticale_Rouille brune;Triticale;PUCCRE;Puccinia recondita;Rouille brune;;train;Rouille brune;2024:06:07;15:43:27;nan;9;Triticale_Rouille brune
Itc00671;../data/Bousset2_data/Images/Triticale/Rouille brune/Itc00671.jpg;Triticale;Rouille brune;Triticale_Rouille brune;Triticale;PUCCRE;Puccinia recondita;Rouille brune;;train;Rouille brune;2024:06:07;15:44:11;nan;9;Triticale_Rouille brune
Itc00700;../data/Bousset2_data/Images/Triticale/Rouille brune/Itc00700.jpg;Triticale;Rouille brune;Triticale_Rouille brune;Triticale;PUCCRE;Puccinia recondita;Rouille brune;;train;Rouille brune;2024:06:21;16:07:47;nan;9;Triticale_Rouille brune
Itc00762;../data/Bousset2_data/Images/Triticale/Rouille brune/Itc00762.jpg;Triticale;Rouille brune;Triticale_Rouille brune;Triticale;PUCCRE;Puccinia recondita;Rouille brune;;train;Rouille brune;2024:06:24;15:17:54;nan;9;Triticale_Rouille brune
Itc00272;../data/Bousset2_data/Images/Triticale/Rouille jaune/Itc00272.jpg;Triticale;Rouille jaune;Triticale_Rouille jaune;Triticale;PUCCST;Puccinia striiformis;Rouille jaune;;train;Rouille jaune;2024:04:22;14:14:22;nan;6;Triticale_Rouille jaune
Itc00281;../data/Bousset2_data/Images/Triticale/Rouille jaune/Itc00281.jpg;Triticale;Rouille jaune;Triticale_Rouille jaune;Triticale;PUCCST;Puccinia striiformis;Rouille jaune;;train;Rouille jaune;2024:04:22;14:17:02;nan;6;Triticale_Rouille jaune
Itc00289;../data/Bousset2_data/Images/Triticale/Rouille jaune/Itc00289.jpg;Triticale;Rouille jaune;Triticale_Rouille jaune;Triticale;PUCCST;Puccinia striiformis;Rouille jaune;;train;Rouille jaune;2024:04:22;14:23:30;nan;6;Triticale_Rouille jaune
Itc00290;../data/Bousset2_data/Images/Triticale/Rouille jaune/Itc00290.jpg;Triticale;Rouille jaune;Triticale_Rouille jaune;Triticale;PUCCST;Puccinia striiformis;Rouille jaune;;train;Rouille jaune;2024:04:22;14:23:37;nan;6;Triticale_Rouille jaune
Itc00291;../data/Bousset2_data/Images/Triticale/Rouille jaune/Itc00291.jpg;Triticale;Rouille jaune;Triticale_Rouille jaune;Triticale;PUCCST;Puccinia striiformis;Rouille jaune;;train;Rouille jaune;2024:04:22;14:23:46;nan;6;Triticale_Rouille jaune
Itc00292;../data/Bousset2_data/Images/Triticale/Rouille jaune/Itc00292.jpg;Triticale;Rouille jaune;Triticale_Rouille jaune;Triticale;PUCCST;Puccinia striiformis;Rouille jaune;;train;Rouille jaune;2024:04:22;14:23:49;nan;6;Triticale_Rouille jaune
Itc00293;../data/Bousset2_data/Images/Triticale/Rouille jaune/Itc00293.jpg;Triticale;Rouille jaune;Triticale_Rouille jaune;Triticale;PUCCST;Puccinia striiformis;Rouille jaune;;train;Rouille jaune;2024:04:22;14:23:54;nan;6;Triticale_Rouille jaune
Itc00294;../data/Bousset2_data/Images/Triticale/Rouille jaune/Itc00294.jpg;Triticale;Rouille jaune;Triticale_Rouille jaune;Triticale;PUCCST;Puccinia striiformis;Rouille jaune;;train;Rouille jaune;2024:04:22;14:24:02;nan;6;Triticale_Rouille jaune
Itc00295;../data/Bousset2_data/Images/Triticale/Rouille jaune/Itc00295.jpg;Triticale;Rouille jaune;Triticale_Rouille jaune;Triticale;PUCCST;Puccinia striiformis;Rouille jaune;;train;Rouille jaune;2024:04:22;14:24:19;nan;6;Triticale_Rouille jaune
Itc00296;../data/Bousset2_data/Images/Triticale/Rouille jaune/Itc00296.jpg;Triticale;Rouille jaune;Triticale_Rouille jaune;Triticale;PUCCST;Puccinia striiformis;Rouille jaune;;train;Rouille jaune;2024:04:22;14:24:28;nan;6;Triticale_Rouille jaune
Itc00351;../data/Bousset2_data/Images/Triticale/Rouille jaune/Itc00351.jpg;Triticale;Rouille jaune;Triticale_Rouille jaune;Triticale;PUCCST;Puccinia striiformis;Rouille jaune;;train;Rouille jaune;2024:05:03;13:52:06;nan;6;Triticale_Rouille jaune
Itc00352;../data/Bousset2_data/Images/Triticale/Rouille jaune/Itc00352.jpg;Triticale;Rouille jaune;Triticale_Rouille jaune;Triticale;PUCCST;Puccinia striiformis;Rouille jaune;;train;Rouille jaune;2024:05:03;13:52:19;nan;6;Triticale_Rouille jaune
Itc00353;../data/Bousset2_data/Images/Triticale/Rouille jaune/Itc00353.jpg;Triticale;Rouille jaune;Triticale_Rouille jaune;Triticale;PUCCST;Puccinia striiformis;Rouille jaune;;train;Rouille jaune;2024:05:03;13:52:22;nan;6;Triticale_Rouille jaune
Itc00354;../data/Bousset2_data/Images/Triticale/Rouille jaune/Itc00354.jpg;Triticale;Rouille jaune;Triticale_Rouille jaune;Triticale;PUCCST;Puccinia striiformis;Rouille jaune;;train;Rouille jaune;2024:05:03;13:52:29;nan;6;Triticale_Rouille jaune
Itc00355;../data/Bousset2_data/Images/Triticale/Rouille jaune/Itc00355.jpg;Triticale;Rouille jaune;Triticale_Rouille jaune;Triticale;PUCCST;Puccinia striiformis;Rouille jaune;;train;Rouille jaune;2024:05:03;13:53:13;nan;6;Triticale_Rouille jaune
Itc00356;../data/Bousset2_data/Images/Triticale/Rouille jaune/Itc00356.jpg;Triticale;Rouille jaune;Triticale_Rouille jaune;Triticale;PUCCST;Puccinia striiformis;Rouille jaune;;train;Rouille jaune;2024:05:03;13:53:23;nan;6;Triticale_Rouille jaune
Itc00397;../data/Bousset2_data/Images/Triticale/Rouille jaune/Itc00397.jpg;Triticale;Rouille jaune;Triticale_Rouille jaune;Triticale;PUCCST;Puccinia striiformis;Rouille jaune;;train;Rouille jaune;2024:05:03;14:02:39;nan;6;Triticale_Rouille jaune
Itc00398;../data/Bousset2_data/Images/Triticale/Rouille jaune/Itc00398.jpg;Triticale;Rouille jaune;Triticale_Rouille jaune;Triticale;PUCCST;Puccinia striiformis;Rouille jaune;;train;Rouille jaune;2024:05:03;14:02:43;nan;6;Triticale_Rouille jaune
Itc00399;../data/Bousset2_data/Images/Triticale/Rouille jaune/Itc00399.jpg;Triticale;Rouille jaune;Triticale_Rouille jaune;Triticale;PUCCST;Puccinia striiformis;Rouille jaune;;train;Rouille jaune;2024:05:03;14:02:51;nan;6;Triticale_Rouille jaune
Itc00400;../data/Bousset2_data/Images/Triticale/Rouille jaune/Itc00400.jpg;Triticale;Rouille jaune;Triticale_Rouille jaune;Triticale;PUCCST;Puccinia striiformis;Rouille jaune;;train;Rouille jaune;2024:05:03;14:02:54;nan;6;Triticale_Rouille jaune
Itc00401;../data/Bousset2_data/Images/Triticale/Rouille jaune/Itc00401.jpg;Triticale;Rouille jaune;Triticale_Rouille jaune;Triticale;PUCCST;Puccinia striiformis;Rouille jaune;;train;Rouille jaune;2024:05:03;14:02:59;nan;6;Triticale_Rouille jaune
Itc00402;../data/Bousset2_data/Images/Triticale/Rouille jaune/Itc00402.jpg;Triticale;Rouille jaune;Triticale_Rouille jaune;Triticale;PUCCST;Puccinia striiformis;Rouille jaune;;train;Rouille jaune;2024:05:03;14:03:04;nan;6;Triticale_Rouille jaune
Itc00403;../data/Bousset2_data/Images/Triticale/Rouille jaune/Itc00403.jpg;Triticale;Rouille jaune;Triticale_Rouille jaune;Triticale;PUCCST;Puccinia striiformis;Rouille jaune;;train;Rouille jaune;2024:05:03;14:03:24;nan;6;Triticale_Rouille jaune
Itc00404;../data/Bousset2_data/Images/Triticale/Rouille jaune/Itc00404.jpg;Triticale;Rouille jaune;Triticale_Rouille jaune;Triticale;PUCCST;Puccinia striiformis;Rouille jaune;;train;Rouille jaune;2024:05:03;14:03:26;nan;6;Triticale_Rouille jaune
Itc00474;../data/VAULT/Bousset2_data/Images/Triticale/Rouille jaune/Itc00474.jpg;Triticale;Rouille jaune;Triticale_Rouille jaune;Triticale;PUCCST;Puccinia striiformis;Rouille jaune;;vault;Rouille jaune;2024:05:23;12:38:42;nan;6;Triticale_Rouille jaune
Itc00475;../data/VAULT/Bousset2_data/Images/Triticale/Rouille jaune/Itc00475.jpg;Triticale;Rouille jaune;Triticale_Rouille jaune;Triticale;PUCCST;Puccinia striiformis;Rouille jaune;;vault;Rouille jaune;2024:05:23;12:38:46;nan;6;Triticale_Rouille jaune
Itc00476;../data/VAULT/Bousset2_data/Images/Triticale/Rouille jaune/Itc00476.jpg;Triticale;Rouille jaune;Triticale_Rouille jaune;Triticale;PUCCST;Puccinia striiformis;Rouille jaune;;vault;Rouille jaune;2024:05:23;12:38:54;nan;6;Triticale_Rouille jaune
Itc00477;../data/VAULT/Bousset2_data/Images/Triticale/Rouille jaune/Itc00477.jpg;Triticale;Rouille jaune;Triticale_Rouille jaune;Triticale;PUCCST;Puccinia striiformis;Rouille jaune;;vault;Rouille jaune;2024:05:23;12:39:03;nan;6;Triticale_Rouille jaune
Itc00478;../data/VAULT/Bousset2_data/Images/Triticale/Rouille jaune/Itc00478.jpg;Triticale;Rouille jaune;Triticale_Rouille jaune;Triticale;PUCCST;Puccinia striiformis;Rouille jaune;;vault;Rouille jaune;2024:05:23;12:39:07;nan;6;Triticale_Rouille jaune
Itc00487;../data/VAULT/Bousset2_data/Images/Triticale/Rouille jaune/Itc00487.jpg;Triticale;Rouille jaune;Triticale_Rouille jaune;Triticale;PUCCST;Puccinia striiformis;Rouille jaune;;vault;Rouille jaune;2024:05:23;12:40:46;nan;6;Triticale_Rouille jaune
Itc00488;../data/VAULT/Bousset2_data/Images/Triticale/Rouille jaune/Itc00488.jpg;Triticale;Rouille jaune;Triticale_Rouille jaune;Triticale;PUCCST;Puccinia striiformis;Rouille jaune;;vault;Rouille jaune;2024:05:23;12:40:54;nan;6;Triticale_Rouille jaune
Itc00498;../data/VAULT/Bousset2_data/Images/Triticale/Rouille jaune/Itc00498.jpg;Triticale;Rouille jaune;Triticale_Rouille jaune;Triticale;PUCCST;Puccinia striiformis;Rouille jaune;;vault;Rouille jaune;2024:05:23;12:42:49;nan;6;Triticale_Rouille jaune
Itc00500;../data/VAULT/Bousset2_data/Images/Triticale/Rouille jaune/Itc00500.jpg;Triticale;Rouille jaune;Triticale_Rouille jaune;Triticale;PUCCST;Puccinia striiformis;Rouille jaune;;vault;Rouille jaune;2024:05:23;12:43:03;nan;6;Triticale_Rouille jaune
Itc00513;../data/VAULT/Bousset2_data/Images/Triticale/Rouille jaune/Itc00513.jpg;Triticale;Rouille jaune;Triticale_Rouille jaune;Triticale;PUCCST;Puccinia striiformis;Rouille jaune;;vault;Rouille jaune;2024:05:23;12:44:59;nan;6;Triticale_Rouille jaune
Itc00675;../data/Bousset2_data/Images/Triticale/Rouille noire/Itc00675.jpg;Triticale;Rouille noire;Triticale_Rouille noire;Triticale;PUCCGR;Puccinia graminis;Rouille noire;;train;Rouille noire;2024:06:21;16:02:44;nan;4;Triticale_Rouille noire
Itc00676;../data/Bousset2_data/Images/Triticale/Rouille noire/Itc00676.jpg;Triticale;Rouille noire;Triticale_Rouille noire;Triticale;PUCCGR;Puccinia graminis;Rouille noire;;train;Rouille noire;2024:06:21;16:02:58;nan;4;Triticale_Rouille noire
Itc00678;../data/Bousset2_data/Images/Triticale/Rouille noire/Itc00678.jpg;Triticale;Rouille noire;Triticale_Rouille noire;Triticale;PUCCGR;Puccinia graminis;Rouille noire;;train;Rouille noire;2024:06:21;16:03:27;nan;4;Triticale_Rouille noire
Itc00679;../data/Bousset2_data/Images/Triticale/Rouille noire/Itc00679.jpg;Triticale;Rouille noire;Triticale_Rouille noire;Triticale;PUCCGR;Puccinia graminis;Rouille noire;;train;Rouille noire;2024:06:21;16:03:41;nan;4;Triticale_Rouille noire
Itc00680;../data/Bousset2_data/Images/Triticale/Rouille noire/Itc00680.jpg;Triticale;Rouille noire;Triticale_Rouille noire;Triticale;PUCCGR;Puccinia graminis;Rouille noire;;train;Rouille noire;2024:06:21;16:03:45;nan;4;Triticale_Rouille noire
Itc00681;../data/Bousset2_data/Images/Triticale/Rouille noire/Itc00681.jpg;Triticale;Rouille noire;Triticale_Rouille noire;Triticale;PUCCGR;Puccinia graminis;Rouille noire;;train;Rouille noire;2024:06:21;16:03:48;nan;4;Triticale_Rouille noire
Itc00682;../data/Bousset2_data/Images/Triticale/Rouille noire/Itc00682.jpg;Triticale;Rouille noire;Triticale_Rouille noire;Triticale;PUCCGR;Puccinia graminis;Rouille noire;;train;Rouille noire;2024:06:21;16:03:54;nan;4;Triticale_Rouille noire
Itc00690;../data/Bousset2_data/Images/Triticale/Rouille noire/Itc00690.jpg;Triticale;Rouille noire;Triticale_Rouille noire;Triticale;PUCCGR;Puccinia graminis;Rouille noire;;train;Rouille noire;2024:06:21;16:05:35;nan;4;Triticale_Rouille noire
Itc00691;../data/Bousset2_data/Images/Triticale/Rouille noire/Itc00691.jpg;Triticale;Rouille noire;Triticale_Rouille noire;Triticale;PUCCGR;Puccinia graminis;Rouille noire;;train;Rouille noire;2024:06:21;16:06:25;nan;4;Triticale_Rouille noire
Itc00696;../data/Bousset2_data/Images/Triticale/Rouille noire/Itc00696.jpg;Triticale;Rouille noire;Triticale_Rouille noire;Triticale;PUCCGR;Puccinia graminis;Rouille noire;;train;Rouille noire;2024:06:21;16:06:52;nan;4;Triticale_Rouille noire
Itc00703;../data/Bousset2_data/Images/Triticale/Rouille noire/Itc00703.jpg;Triticale;Rouille noire;Triticale_Rouille noire;Triticale;PUCCGR;Puccinia graminis;Rouille noire;;train;Rouille noire;2024:06:21;16:09:27;nan;4;Triticale_Rouille noire
Itc00708;../data/Bousset2_data/Images/Triticale/Rouille noire/Itc00708.jpg;Triticale;Rouille noire;Triticale_Rouille noire;Triticale;PUCCGR;Puccinia graminis;Rouille noire;;train;Rouille noire;2024:06:21;16:12:34;nan;4;Triticale_Rouille noire
Itc00709;../data/Bousset2_data/Images/Triticale/Rouille noire/Itc00709.jpg;Triticale;Rouille noire;Triticale_Rouille noire;Triticale;PUCCGR;Puccinia graminis;Rouille noire;;train;Rouille noire;2024:06:21;16:14:02;nan;4;Triticale_Rouille noire
Itc00711;../data/Bousset2_data/Images/Triticale/Rouille noire/Itc00711.jpg;Triticale;Rouille noire;Triticale_Rouille noire;Triticale;PUCCGR;Puccinia graminis;Rouille noire;;train;Rouille noire;2024:06:21;16:14:24;nan;4;Triticale_Rouille noire
Itc00712;../data/Bousset2_data/Images/Triticale/Rouille noire/Itc00712.jpg;Triticale;Rouille noire;Triticale_Rouille noire;Triticale;PUCCGR;Puccinia graminis;Rouille noire;;train;Rouille noire;2024:06:21;16:14:30;nan;4;Triticale_Rouille noire
Itc00715;../data/Bousset2_data/Images/Triticale/Rouille noire/Itc00715.jpg;Triticale;Rouille noire;Triticale_Rouille noire;Triticale;PUCCGR;Puccinia graminis;Rouille noire;;train;Rouille noire;2024:06:21;17:02:09;nan;4;Triticale_Rouille noire
Itc00716;../data/Bousset2_data/Images/Triticale/Rouille noire/Itc00716.jpg;Triticale;Rouille noire;Triticale_Rouille noire;Triticale;PUCCGR;Puccinia graminis;Rouille noire;;train;Rouille noire;2024:06:21;17:02:11;nan;4;Triticale_Rouille noire
Itc00717;../data/Bousset2_data/Images/Triticale/Rouille noire/Itc00717.jpg;Triticale;Rouille noire;Triticale_Rouille noire;Triticale;PUCCGR;Puccinia graminis;Rouille noire;;train;Rouille noire;2024:06:21;17:02:18;nan;4;Triticale_Rouille noire
Itc00718;../data/Bousset2_data/Images/Triticale/Rouille noire/Itc00718.jpg;Triticale;Rouille noire;Triticale_Rouille noire;Triticale;PUCCGR;Puccinia graminis;Rouille noire;;train;Rouille noire;2024:06:21;17:02:35;nan;4;Triticale_Rouille noire
Itc00739;../data/Bousset2_data/Images/Triticale/Rouille noire/Itc00739.jpg;Triticale;Rouille noire;Triticale_Rouille noire;Triticale;PUCCGR;Puccinia graminis;Rouille noire;;train;Rouille noire;2024:06:24;14:44:48;nan;4;Triticale_Rouille noire
Itc00741;../data/Bousset2_data/Images/Triticale/Rouille noire/Itc00741.jpg;Triticale;Rouille noire;Triticale_Rouille noire;Triticale;PUCCGR;Puccinia graminis;Rouille noire;;train;Rouille noire;2024:06:24;14:45:00;nan;4;Triticale_Rouille noire
Itc00742;../data/Bousset2_data/Images/Triticale/Rouille noire/Itc00742.jpg;Triticale;Rouille noire;Triticale_Rouille noire;Triticale;PUCCGR;Puccinia graminis;Rouille noire;;train;Rouille noire;2024:06:24;14:45:05;nan;4;Triticale_Rouille noire
Itc00743;../data/Bousset2_data/Images/Triticale/Rouille noire/Itc00743.jpg;Triticale;Rouille noire;Triticale_Rouille noire;Triticale;PUCCGR;Puccinia graminis;Rouille noire;;train;Rouille noire;2024:06:24;14:45:07;nan;4;Triticale_Rouille noire
Itc00744;../data/Bousset2_data/Images/Triticale/Rouille noire/Itc00744.jpg;Triticale;Rouille noire;Triticale_Rouille noire;Triticale;PUCCGR;Puccinia graminis;Rouille noire;;train;Rouille noire;2024:06:24;14:45:10;nan;4;Triticale_Rouille noire
Itc00746;../data/Bousset2_data/Images/Triticale/Rouille noire/Itc00746.jpg;Triticale;Rouille noire;Triticale_Rouille noire;Triticale;PUCCGR;Puccinia graminis;Rouille noire;;train;Rouille noire;2024:06:24;14:45:22;nan;4;Triticale_Rouille noire
Itc00749;../data/Bousset2_data/Images/Triticale/Rouille noire/Itc00749.jpg;Triticale;Rouille noire;Triticale_Rouille noire;Triticale;PUCCGR;Puccinia graminis;Rouille noire;;train;Rouille noire;2024:06:24;14:45:31;nan;4;Triticale_Rouille noire
Itc00750;../data/Bousset2_data/Images/Triticale/Rouille noire/Itc00750.jpg;Triticale;Rouille noire;Triticale_Rouille noire;Triticale;PUCCGR;Puccinia graminis;Rouille noire;;train;Rouille noire;2024:06:24;14:45:38;nan;4;Triticale_Rouille noire
Itc00170;../data/Bousset2_data/Images/Triticale/Septoriose/Itc00170.jpg;Triticale;Septoriose;Triticale_Septoriose;Triticale;SEPPTR;Zymospetoria tritici;Septoriose;;train;Septoriose;2024:04:15;13:29:50;nan;20;Triticale_Septoriose
Itc00177;../data/Bousset2_data/Images/Triticale/Septoriose/Itc00177.jpg;Triticale;Septoriose;Triticale_Septoriose;Triticale;SEPPTR;Zymospetoria tritici;Septoriose;;train;Septoriose;2024:04:15;13:31:52;nan;20;Triticale_Septoriose
Itc00184;../data/Bousset2_data/Images/Triticale/Septoriose/Itc00184.jpg;Triticale;Septoriose;Triticale_Septoriose;Triticale;SEPPTR;Zymospetoria tritici;Septoriose;;train;Septoriose;2024:04:15;13:32:55;nan;20;Triticale_Septoriose
Itc00186;../data/Bousset2_data/Images/Triticale/Septoriose/Itc00186.jpg;Triticale;Septoriose;Triticale_Septoriose;Triticale;SEPPTR;Zymospetoria tritici;Septoriose;;train;Septoriose;2024:04:15;13:33:09;nan;20;Triticale_Septoriose
Itc00187;../data/Bousset2_data/Images/Triticale/Septoriose/Itc00187.jpg;Triticale;Septoriose;Triticale_Septoriose;Triticale;SEPPTR;Zymospetoria tritici;Septoriose;;train;Septoriose;2024:04:15;13:33:12;nan;20;Triticale_Septoriose
Itc00188;../data/Bousset2_data/Images/Triticale/Septoriose/Itc00188.jpg;Triticale;Septoriose;Triticale_Septoriose;Triticale;SEPPTR;Zymospetoria tritici;Septoriose;;train;Septoriose;2024:04:15;13:33:14;nan;20;Triticale_Septoriose
Itc00189;../data/Bousset2_data/Images/Triticale/Septoriose/Itc00189.jpg;Triticale;Septoriose;Triticale_Septoriose;Triticale;SEPPTR;Zymospetoria tritici;Septoriose;;train;Septoriose;2024:04:15;13:33:25;nan;20;Triticale_Septoriose
Itc00190;../data/Bousset2_data/Images/Triticale/Septoriose/Itc00190.jpg;Triticale;Septoriose;Triticale_Septoriose;Triticale;SEPPTR;Zymospetoria tritici;Septoriose;;train;Septoriose;2024:04:15;13:33:28;nan;20;Triticale_Septoriose
Itc00208;../data/Bousset2_data/Images/Triticale/Septoriose/Itc00208.jpg;Triticale;Septoriose;Triticale_Septoriose;Triticale;SEPPTR;Zymospetoria tritici;Septoriose;;train;Septoriose;2024:04:15;13:36:59;nan;20;Triticale_Septoriose
Itc00218;../data/Bousset2_data/Images/Triticale/Septoriose/Itc00218.jpg;Triticale;Septoriose;Triticale_Septoriose;Triticale;SEPPTR;Zymospetoria tritici;Septoriose;;train;Septoriose;2024:04:15;13:40:09;nan;20;Triticale_Septoriose
Itc00220;../data/Bousset2_data/Images/Triticale/Septoriose/Itc00220.jpg;Triticale;Septoriose;Triticale_Septoriose;Triticale;SEPPTR;Zymospetoria tritici;Septoriose;;train;Septoriose;2024:04:15;13:40:38;nan;20;Triticale_Septoriose
Itc00224;../data/Bousset2_data/Images/Triticale/Septoriose/Itc00224.jpg;Triticale;Septoriose;Triticale_Septoriose;Triticale;SEPPTR;Zymospetoria tritici;Septoriose;;train;Septoriose;2024:04:22;13:43:41;nan;20;Triticale_Septoriose
Itc00225;../data/Bousset2_data/Images/Triticale/Septoriose/Itc00225.jpg;Triticale;Septoriose;Triticale_Septoriose;Triticale;SEPPTR;Zymospetoria tritici;Septoriose;;train;Septoriose;2024:04:22;13:43:47;nan;20;Triticale_Septoriose
Itc00235;../data/Bousset2_data/Images/Triticale/Septoriose/Itc00235.jpg;Triticale;Septoriose;Triticale_Septoriose;Triticale;SEPPTR;Zymospetoria tritici;Septoriose;;train;Septoriose;2024:04:22;13:44:55;nan;20;Triticale_Septoriose
Itc00240;../data/Bousset2_data/Images/Triticale/Septoriose/Itc00240.jpg;Triticale;Septoriose;Triticale_Septoriose;Triticale;SEPPTR;Zymospetoria tritici;Septoriose;;train;Septoriose;2024:04:22;13:45:43;nan;20;Triticale_Septoriose
Itc00241;../data/Bousset2_data/Images/Triticale/Septoriose/Itc00241.jpg;Triticale;Septoriose;Triticale_Septoriose;Triticale;SEPPTR;Zymospetoria tritici;Septoriose;;train;Septoriose;2024:04:22;13:45:57;nan;20;Triticale_Septoriose
Itc00242;../data/Bousset2_data/Images/Triticale/Septoriose/Itc00242.jpg;Triticale;Septoriose;Triticale_Septoriose;Triticale;SEPPTR;Zymospetoria tritici;Septoriose;;train;Septoriose;2024:04:22;13:45:59;nan;20;Triticale_Septoriose
Itc00269;../data/Bousset2_data/Images/Triticale/Septoriose/Itc00269.jpg;Triticale;Septoriose;Triticale_Septoriose;Triticale;SEPPTR;Zymospetoria tritici;Septoriose;;train;Septoriose;2024:04:22;13:52:12;nan;20;Triticale_Septoriose
Itc00270;../data/Bousset2_data/Images/Triticale/Septoriose/Itc00270.jpg;Triticale;Septoriose;Triticale_Septoriose;Triticale;SEPPTR;Zymospetoria tritici;Septoriose;;train;Septoriose;2024:04:22;13:52:40;nan;20;Triticale_Septoriose
Itc00273;../data/Bousset2_data/Images/Triticale/Septoriose/Itc00273.jpg;Triticale;Septoriose;Triticale_Septoriose;Triticale;SEPPTR;Zymospetoria tritici;Septoriose;;train;Septoriose;2024:04:22;14:14:46;nan;20;Triticale_Septoriose
Itc00317;../data/Bousset2_data/Images/Triticale/Septoriose/Itc00317.jpg;Triticale;Septoriose;Triticale_Septoriose;Triticale;SEPPTR;Zymospetoria tritici;Septoriose;;train;Septoriose;2024:05:03;13:42:55;nan;20;Triticale_Septoriose
Itc00318;../data/Bousset2_data/Images/Triticale/Septoriose/Itc00318.jpg;Triticale;Septoriose;Triticale_Septoriose;Triticale;SEPPTR;Zymospetoria tritici;Septoriose;;train;Septoriose;2024:05:03;13:42:57;nan;20;Triticale_Septoriose
Itc00319;../data/Bousset2_data/Images/Triticale/Septoriose/Itc00319.jpg;Triticale;Septoriose;Triticale_Septoriose;Triticale;SEPPTR;Zymospetoria tritici;Septoriose;;train;Septoriose;2024:05:03;13:43:05;nan;20;Triticale_Septoriose
Itc00325;../data/Bousset2_data/Images/Triticale/Septoriose/Itc00325.jpg;Triticale;Septoriose;Triticale_Septoriose;Triticale;SEPPTR;Zymospetoria tritici;Septoriose;;train;Septoriose;2024:05:03;13:43:59;nan;20;Triticale_Septoriose
Itc00326;../data/Bousset2_data/Images/Triticale/Septoriose/Itc00326.jpg;Triticale;Septoriose;Triticale_Septoriose;Triticale;SEPPTR;Zymospetoria tritici;Septoriose;;train;Septoriose;2024:05:03;13:44:04;nan;20;Triticale_Septoriose
Itc00327;../data/Bousset2_data/Images/Triticale/Septoriose/Itc00327.jpg;Triticale;Septoriose;Triticale_Septoriose;Triticale;SEPPTR;Zymospetoria tritici;Septoriose;;train;Septoriose;2024:05:03;13:44:15;nan;20;Triticale_Septoriose
Itc00358;../data/Bousset2_data/Images/Triticale/Septoriose/Itc00358.jpg;Triticale;Septoriose;Triticale_Septoriose;Triticale;SEPPTR;Zymospetoria tritici;Septoriose;;train;Septoriose;2024:05:03;13:53:53;nan;20;Triticale_Septoriose
Itc00362;../data/Bousset2_data/Images/Triticale/Septoriose/Itc00362.jpg;Triticale;Septoriose;Triticale_Septoriose;Triticale;SEPPTR;Zymospetoria tritici;Septoriose;;train;Septoriose;2024:05:03;13:55:01;nan;20;Triticale_Septoriose
Itc00365;../data/Bousset2_data/Images/Triticale/Septoriose/Itc00365.jpg;Triticale;Septoriose;Triticale_Septoriose;Triticale;SEPPTR;Zymospetoria tritici;Septoriose;;train;Septoriose;2024:05:03;13:55:22;nan;20;Triticale_Septoriose
Itc00366;../data/Bousset2_data/Images/Triticale/Septoriose/Itc00366.jpg;Triticale;Septoriose;Triticale_Septoriose;Triticale;SEPPTR;Zymospetoria tritici;Septoriose;;train;Septoriose;2024:05:03;13:55:23;nan;20;Triticale_Septoriose
Itc00367;../data/Bousset2_data/Images/Triticale/Septoriose/Itc00367.jpg;Triticale;Septoriose;Triticale_Septoriose;Triticale;SEPPTR;Zymospetoria tritici;Septoriose;;train;Septoriose;2024:05:03;13:55:33;nan;20;Triticale_Septoriose
Itc00372;../data/Bousset2_data/Images/Triticale/Septoriose/Itc00372.jpg;Triticale;Septoriose;Triticale_Septoriose;Triticale;SEPPTR;Zymospetoria tritici;Septoriose;;train;Septoriose;2024:05:03;13:56:55;nan;20;Triticale_Septoriose
Itc00377;../data/Bousset2_data/Images/Triticale/Septoriose/Itc00377.jpg;Triticale;Septoriose;Triticale_Septoriose;Triticale;SEPPTR;Zymospetoria tritici;Septoriose;;train;Septoriose;2024:05:03;13:58:31;nan;20;Triticale_Septoriose
Itc00422;../data/VAULT/Bousset2_data/Images/Triticale/Septoriose/Itc00422.jpg;Triticale;Septoriose;Triticale_Septoriose;Triticale;SEPPTR;Zymospetoria tritici;Septoriose;;vault;Septoriose;2024:05:23;11:59:20;nan;20;Triticale_Septoriose
Itc00427;../data/VAULT/Bousset2_data/Images/Triticale/Septoriose/Itc00427.jpg;Triticale;Septoriose;Triticale_Septoriose;Triticale;SEPPTR;Zymospetoria tritici;Septoriose;;vault;Septoriose;2024:05:23;11:59:51;nan;20;Triticale_Septoriose
Itc00430;../data/VAULT/Bousset2_data/Images/Triticale/Septoriose/Itc00430.jpg;Triticale;Septoriose;Triticale_Septoriose;Triticale;SEPPTR;Zymospetoria tritici;Septoriose;;vault;Septoriose;2024:05:23;12:00:35;nan;20;Triticale_Septoriose
Itc00431;../data/VAULT/Bousset2_data/Images/Triticale/Septoriose/Itc00431.jpg;Triticale;Septoriose;Triticale_Septoriose;Triticale;SEPPTR;Zymospetoria tritici;Septoriose;;vault;Septoriose;2024:05:23;12:00:42;nan;20;Triticale_Septoriose
Itc00433;../data/VAULT/Bousset2_data/Images/Triticale/Septoriose/Itc00433.jpg;Triticale;Septoriose;Triticale_Septoriose;Triticale;SEPPTR;Zymospetoria tritici;Septoriose;;vault;Septoriose;2024:05:23;12:01:11;nan;20;Triticale_Septoriose
Itc00434;../data/VAULT/Bousset2_data/Images/Triticale/Septoriose/Itc00434.jpg;Triticale;Septoriose;Triticale_Septoriose;Triticale;SEPPTR;Zymospetoria tritici;Septoriose;;vault;Septoriose;2024:05:23;12:01:14;nan;20;Triticale_Septoriose
Itc00442;../data/VAULT/Bousset2_data/Images/Triticale/Septoriose/Itc00442.jpg;Triticale;Septoriose;Triticale_Septoriose;Triticale;SEPPTR;Zymospetoria tritici;Septoriose;;vault;Septoriose;2024:05:23;12:03:28;nan;20;Triticale_Septoriose
Itc00463;../data/VAULT/Bousset2_data/Images/Triticale/Septoriose/Itc00463.jpg;Triticale;Septoriose;Triticale_Septoriose;Triticale;SEPPTR;Zymospetoria tritici;Septoriose;;vault;Septoriose;2024:05:23;12:08:02;nan;20;Triticale_Septoriose
Itc00464;../data/VAULT/Bousset2_data/Images/Triticale/Septoriose/Itc00464.jpg;Triticale;Septoriose;Triticale_Septoriose;Triticale;SEPPTR;Zymospetoria tritici;Septoriose;;vault;Septoriose;2024:05:23;12:08:05;nan;20;Triticale_Septoriose
Itc00465;../data/VAULT/Bousset2_data/Images/Triticale/Septoriose/Itc00465.jpg;Triticale;Septoriose;Triticale_Septoriose;Triticale;SEPPTR;Zymospetoria tritici;Septoriose;;vault;Septoriose;2024:05:23;12:08:08;nan;20;Triticale_Septoriose
Itc00471;../data/VAULT/Bousset2_data/Images/Triticale/Septoriose/Itc00471.jpg;Triticale;Septoriose;Triticale_Septoriose;Triticale;SEPPTR;Zymospetoria tritici;Septoriose;;vault;Septoriose;2024:05:23;12:09:42;nan;20;Triticale_Septoriose
Itc00472;../data/VAULT/Bousset2_data/Images/Triticale/Septoriose/Itc00472.jpg;Triticale;Septoriose;Triticale_Septoriose;Triticale;SEPPTR;Zymospetoria tritici;Septoriose;;vault;Septoriose;2024:05:23;12:09:47;nan;20;Triticale_Septoriose
Itc00496;../data/VAULT/Bousset2_data/Images/Triticale/Septoriose/Itc00496.jpg;Triticale;Septoriose;Triticale_Septoriose;Triticale;SEPPTR;Zymospetoria tritici;Septoriose;;vault;Septoriose;2024:05:23;12:42:04;nan;20;Triticale_Septoriose
Itc00548;../data/VAULT/Bousset2_data/Images/Triticale/Septoriose/Itc00548.jpg;Triticale;Septoriose;Triticale_Septoriose;Triticale;SEPPTR;Zymospetoria tritici;Septoriose;;vault;Septoriose;2024:05:23;13:05:08;nan;20;Triticale_Septoriose
Itc00549;../data/VAULT/Bousset2_data/Images/Triticale/Septoriose/Itc00549.jpg;Triticale;Septoriose;Triticale_Septoriose;Triticale;SEPPTR;Zymospetoria tritici;Septoriose;;vault;Septoriose;2024:05:23;13:05:14;nan;20;Triticale_Septoriose
Itc00579;../data/Bousset2_data/Images/Triticale/Septoriose/Itc00579.jpg;Triticale;Septoriose;Triticale_Septoriose;Triticale;SEPPTR;Zymospetoria tritici;Septoriose;;train;Septoriose;2024:05:27;12:46:20;nan;20;Triticale_Septoriose
Itc00589;../data/Bousset2_data/Images/Triticale/Septoriose/Itc00589.jpg;Triticale;Septoriose;Triticale_Septoriose;Triticale;SEPPTR;Zymospetoria tritici;Septoriose;;train;Septoriose;2024:05:27;12:48:33;nan;20;Triticale_Septoriose
Itc00590;../data/Bousset2_data/Images/Triticale/Septoriose/Itc00590.jpg;Triticale;Septoriose;Triticale_Septoriose;Triticale;SEPPTR;Zymospetoria tritici;Septoriose;;train;Septoriose;2024:05:27;12:48:36;nan;20;Triticale_Septoriose
Itc00620;../data/Bousset2_data/Images/Triticale/Septoriose/Itc00620.jpg;Triticale;Septoriose;Triticale_Septoriose;Triticale;SEPPTR;Zymospetoria tritici;Septoriose;;train;Septoriose;2024:05:27;13:17:19;nan;20;Triticale_Septoriose
Itc00659;../data/Bousset2_data/Images/Triticale/Septoriose/Itc00659.jpg;Triticale;Septoriose;Triticale_Septoriose;Triticale;SEPPTR;Zymospetoria tritici;Septoriose;;train;Septoriose;2024:06:07;15:20:54;nan;20;Triticale_Septoriose
Itc00702;../data/Bousset2_data/Images/Triticale/Septoriose/Itc00702.jpg;Triticale;Septoriose;Triticale_Septoriose;Triticale;SEPPTR;Zymospetoria tritici;Septoriose;;train;Septoriose;2024:06:21;16:08:58;nan;20;Triticale_Septoriose
Itc00704;../data/Bousset2_data/Images/Triticale/Septoriose/Itc00704.jpg;Triticale;Septoriose;Triticale_Septoriose;Triticale;SEPPTR;Zymospetoria tritici;Septoriose;;train;Septoriose;2024:06:21;16:10:13;nan;20;Triticale_Septoriose
Itc00706;../data/Bousset2_data/Images/Triticale/Septoriose/Itc00706.jpg;Triticale;Septoriose;Triticale_Septoriose;Triticale;SEPPTR;Zymospetoria tritici;Septoriose;;train;Septoriose;2024:06:21;16:12:15;nan;20;Triticale_Septoriose
Itc00727;../data/Bousset2_data/Images/Triticale/Septoriose/Itc00727.jpg;Triticale;Septoriose;Triticale_Septoriose;Triticale;SEPPTR;Zymospetoria tritici;Septoriose;;train;Septoriose;2024:06:24;14:41:07;nan;20;Triticale_Septoriose
Itc00729;../data/Bousset2_data/Images/Triticale/Septoriose/Itc00729.jpg;Triticale;Septoriose;Triticale_Septoriose;Triticale;SEPPTR;Zymospetoria tritici;Septoriose;;train;Septoriose;2024:06:24;14:41:12;nan;20;Triticale_Septoriose
Itc00730;../data/Bousset2_data/Images/Triticale/Septoriose/Itc00730.jpg;Triticale;Septoriose;Triticale_Septoriose;Triticale;SEPPTR;Zymospetoria tritici;Septoriose;;train;Septoriose;2024:06:24;14:41:44;nan;20;Triticale_Septoriose
Itc00732;../data/Bousset2_data/Images/Triticale/Septoriose/Itc00732.jpg;Triticale;Septoriose;Triticale_Septoriose;Triticale;SEPPTR;Zymospetoria tritici;Septoriose;;train;Septoriose;2024:06:24;14:41:53;nan;20;Triticale_Septoriose
Itc00733;../data/Bousset2_data/Images/Triticale/Septoriose/Itc00733.jpg;Triticale;Septoriose;Triticale_Septoriose;Triticale;SEPPTR;Zymospetoria tritici;Septoriose;;train;Septoriose;2024:06:24;14:42:01;nan;20;Triticale_Septoriose
Itc00734;../data/Bousset2_data/Images/Triticale/Septoriose/Itc00734.jpg;Triticale;Septoriose;Triticale_Septoriose;Triticale;SEPPTR;Zymospetoria tritici;Septoriose;;train;Septoriose;2024:06:24;14:42:29;nan;20;Triticale_Septoriose
Itc00735;../data/Bousset2_data/Images/Triticale/Septoriose/Itc00735.jpg;Triticale;Septoriose;Triticale_Septoriose;Triticale;SEPPTR;Zymospetoria tritici;Septoriose;;train;Septoriose;2024:06:24;14:42:31;nan;20;Triticale_Septoriose
Itc00764;../data/Bousset2_data/Images/Triticale/Septoriose/Itc00764.jpg;Triticale;Septoriose;Triticale_Septoriose;Triticale;SEPPTR;Zymospetoria tritici;Septoriose;;train;Septoriose;2024:06:24;15:18:08;nan;20;Triticale_Septoriose
Itc00196;../data/Bousset2_data/Images/Triticale/Virus JNO/Itc00196.jpg;Triticale;Virus JNO;Triticale_Virus JNO;Triticale;BYDV00;;Virus JNO;;train;Virus JNO;2024:04:15;13:35:05;nan;8;Triticale_Virus JNO
Itc00205;../data/Bousset2_data/Images/Triticale/Virus JNO/Itc00205.jpg;Triticale;Virus JNO;Triticale_Virus JNO;Triticale;BYDV00;;Virus JNO;;train;Virus JNO;2024:04:15;13:36:04;nan;8;Triticale_Virus JNO
Itc00373;../data/Bousset2_data/Images/Triticale/Virus JNO/Itc00373.jpg;Triticale;Virus JNO;Triticale_Virus JNO;Triticale;BYDV00;;Virus JNO;;train;Virus JNO;2024:05:03;13:57:12;nan;8;Triticale_Virus JNO
Itc00393;../data/Bousset2_data/Images/Triticale/Virus JNO/Itc00393.jpg;Triticale;Virus JNO;Triticale_Virus JNO;Triticale;BYDV00;;Virus JNO;;train;Virus JNO;2024:05:03;14:01:46;nan;8;Triticale_Virus JNO
Itc00394;../data/Bousset2_data/Images/Triticale/Virus JNO/Itc00394.jpg;Triticale;Virus JNO;Triticale_Virus JNO;Triticale;BYDV00;;Virus JNO;;train;Virus JNO;2024:05:03;14:01:50;nan;8;Triticale_Virus JNO
Itc00396;../data/Bousset2_data/Images/Triticale/Virus JNO/Itc00396.jpg;Triticale;Virus JNO;Triticale_Virus JNO;Triticale;BYDV00;;Virus JNO;;train;Virus JNO;2024:05:03;14:02:19;nan;8;Triticale_Virus JNO
Itc00435;../data/Bousset2_data/Images/Triticale/Virus JNO/Itc00435.jpg;Triticale;Virus JNO;Triticale_Virus JNO;Triticale;BYDV00;;Virus JNO;;train;Virus JNO;2024:05:23;12:01:44;nan;8;Triticale_Virus JNO
Itc00444;../data/Bousset2_data/Images/Triticale/Virus JNO/Itc00444.jpg;Triticale;Virus JNO;Triticale_Virus JNO;Triticale;BYDV00;;Virus JNO;;train;Virus JNO;2024:05:23;12:03:53;nan;8;Triticale_Virus JNO
Itc00445;../data/Bousset2_data/Images/Triticale/Virus JNO/Itc00445.jpg;Triticale;Virus JNO;Triticale_Virus JNO;Triticale;BYDV00;;Virus JNO;;train;Virus JNO;2024:05:23;12:03:58;nan;8;Triticale_Virus JNO
Itc00450;../data/Bousset2_data/Images/Triticale/Virus JNO/Itc00450.jpg;Triticale;Virus JNO;Triticale_Virus JNO;Triticale;BYDV00;;Virus JNO;;train;Virus JNO;2024:05:23;12:04:51;nan;8;Triticale_Virus JNO
Itc00462;../data/Bousset2_data/Images/Triticale/Virus JNO/Itc00462.jpg;Triticale;Virus JNO;Triticale_Virus JNO;Triticale;BYDV00;;Virus JNO;;train;Virus JNO;2024:05:23;12:07:17;nan;8;Triticale_Virus JNO
Ifv01002.JPG;../data/Bousset2_data/Images/Féverole/Rouille/Ifv01002.JPG;Féverole;Rouille;Féverole_Rouille;Féverole;UROMVF;Uromyces fabae;Rouille;;train;Rouille;2024:04:20;13:25:30;                                    ;11;Féverole_Rouille
Ifv01003.JPG;../data/Bousset2_data/Images/Féverole/Rouille/Ifv01003.JPG;Féverole;Rouille;Féverole_Rouille;Féverole;UROMVF;Uromyces fabae;Rouille;;train;Rouille;2024:04:20;13:25:31;                                    ;11;Féverole_Rouille
Ifv01004.JPG;../data/Bousset2_data/Images/Féverole/Rouille/Ifv01004.JPG;Féverole;Rouille;Féverole_Rouille;Féverole;UROMVF;Uromyces fabae;Rouille;;train;Rouille;2024:04:20;13:25:34;                                    ;11;Féverole_Rouille
Ifv01008.JPG;../data/Bousset2_data/Images/Féverole/Rouille/Ifv01008.JPG;Féverole;Rouille;Féverole_Rouille;Féverole;UROMVF;Uromyces fabae;Rouille;;train;Rouille;2024:04:20;13:26:13;                                    ;11;Féverole_Rouille
Ifv01009.JPG;../data/Bousset2_data/Images/Féverole/Rouille/Ifv01009.JPG;Féverole;Rouille;Féverole_Rouille;Féverole;UROMVF;Uromyces fabae;Rouille;;train;Rouille;2024:04:20;13:26:28;                                    ;11;Féverole_Rouille
Ifv01010.JPG;../data/Bousset2_data/Images/Féverole/Rouille/Ifv01010.JPG;Féverole;Rouille;Féverole_Rouille;Féverole;UROMVF;Uromyces fabae;Rouille;;train;Rouille;2024:04:20;13:26:38;                                    ;11;Féverole_Rouille
Ifv01011.JPG;../data/Bousset2_data/Images/Féverole/Rouille/Ifv01011.JPG;Féverole;Rouille;Féverole_Rouille;Féverole;UROMVF;Uromyces fabae;Rouille;;train;Rouille;2024:04:20;13:26:41;                                    ;11;Féverole_Rouille
Ifv01012.JPG;../data/Bousset2_data/Images/Féverole/Rouille/Ifv01012.JPG;Féverole;Rouille;Féverole_Rouille;Féverole;UROMVF;Uromyces fabae;Rouille;;train;Rouille;2024:04:20;13:26:51;                                    ;11;Féverole_Rouille
Ifv01013.JPG;../data/Bousset2_data/Images/Féverole/Rouille/Ifv01013.JPG;Féverole;Rouille;Féverole_Rouille;Féverole;UROMVF;Uromyces fabae;Rouille;;train;Rouille;2024:04:20;13:27:14;                                    ;11;Féverole_Rouille
Ifv01015.JPG;../data/Bousset2_data/Images/Féverole/Rouille/Ifv01015.JPG;Féverole;Rouille;Féverole_Rouille;Féverole;UROMVF;Uromyces fabae;Rouille;;train;Rouille;2024:04:20;13:27:35;                                    ;11;Féverole_Rouille
Ifv01017.JPG;../data/Bousset2_data/Images/Féverole/Rouille/Ifv01017.JPG;Féverole;Rouille;Féverole_Rouille;Féverole;UROMVF;Uromyces fabae;Rouille;;train;Rouille;2024:04:20;13:27:53;                                    ;11;Féverole_Rouille
Ifv01018.JPG;../data/Bousset2_data/Images/Féverole/Rouille/Ifv01018.JPG;Féverole;Rouille;Féverole_Rouille;Féverole;UROMVF;Uromyces fabae;Rouille;;train;Rouille;2024:04:20;13:29:00;                                    ;11;Féverole_Rouille
Ifv01019.JPG;../data/Bousset2_data/Images/Féverole/Rouille/Ifv01019.JPG;Féverole;Rouille;Féverole_Rouille;Féverole;UROMVF;Uromyces fabae;Rouille;;train;Rouille;2024:04:20;13:29:04;                                    ;11;Féverole_Rouille
Ifv01020.JPG;../data/Bousset2_data/Images/Féverole/Rouille/Ifv01020.JPG;Féverole;Rouille;Féverole_Rouille;Féverole;UROMVF;Uromyces fabae;Rouille;;train;Rouille;2024:04:20;13:29:23;                                    ;11;Féverole_Rouille
Ifv01021.JPG;../data/Bousset2_data/Images/Féverole/Rouille/Ifv01021.JPG;Féverole;Rouille;Féverole_Rouille;Féverole;UROMVF;Uromyces fabae;Rouille;;train;Rouille;2024:04:20;13:29:35;                                    ;11;Féverole_Rouille
Ifv01022.JPG;../data/Bousset2_data/Images/Féverole/Rouille/Ifv01022.JPG;Féverole;Rouille;Féverole_Rouille;Féverole;UROMVF;Uromyces fabae;Rouille;;train;Rouille;2024:04:20;13:29:43;                                    ;11;Féverole_Rouille
Ifv01023.JPG;../data/Bousset2_data/Images/Féverole/Rouille/Ifv01023.JPG;Féverole;Rouille;Féverole_Rouille;Féverole;UROMVF;Uromyces fabae;Rouille;;train;Rouille;2024:04:20;13:29:55;                                    ;11;Féverole_Rouille
Ifv01024.JPG;../data/Bousset2_data/Images/Féverole/Rouille/Ifv01024.JPG;Féverole;Rouille;Féverole_Rouille;Féverole;UROMVF;Uromyces fabae;Rouille;;train;Rouille;2024:04:20;13:29:57;                                    ;11;Féverole_Rouille
Ifv01025.JPG;../data/Bousset2_data/Images/Féverole/Rouille/Ifv01025.JPG;Féverole;Rouille;Féverole_Rouille;Féverole;UROMVF;Uromyces fabae;Rouille;;train;Rouille;2024:04:20;13:32:14;                                    ;11;Féverole_Rouille
Ifv01026.JPG;../data/Bousset2_data/Images/Féverole/Rouille/Ifv01026.JPG;Féverole;Rouille;Féverole_Rouille;Féverole;UROMVF;Uromyces fabae;Rouille;;train;Rouille;2024:04:20;13:32:18;                                    ;11;Féverole_Rouille
Ifv01028.JPG;../data/Bousset2_data/Images/Féverole/Rouille/Ifv01028.JPG;Féverole;Rouille;Féverole_Rouille;Féverole;UROMVF;Uromyces fabae;Rouille;;train;Rouille;2024:04:20;13:32:30;                                    ;11;Féverole_Rouille
Ifv01029.JPG;../data/Bousset2_data/Images/Féverole/Rouille/Ifv01029.JPG;Féverole;Rouille;Féverole_Rouille;Féverole;UROMVF;Uromyces fabae;Rouille;;train;Rouille;2024:04:20;13:32:32;                                    ;11;Féverole_Rouille
Ifv01030.JPG;../data/Bousset2_data/Images/Féverole/Rouille/Ifv01030.JPG;Féverole;Rouille;Féverole_Rouille;Féverole;UROMVF;Uromyces fabae;Rouille;;train;Rouille;2024:04:20;13:32:40;                                    ;11;Féverole_Rouille
Ifv01031.JPG;../data/Bousset2_data/Images/Féverole/Rouille/Ifv01031.JPG;Féverole;Rouille;Féverole_Rouille;Féverole;UROMVF;Uromyces fabae;Rouille;;train;Rouille;2024:04:20;13:32:52;                                    ;11;Féverole_Rouille
Ifv01032.JPG;../data/Bousset2_data/Images/Féverole/Rouille/Ifv01032.JPG;Féverole;Rouille;Féverole_Rouille;Féverole;UROMVF;Uromyces fabae;Rouille;;train;Rouille;2024:04:20;13:32:57;                                    ;11;Féverole_Rouille
Ifv01033.JPG;../data/Bousset2_data/Images/Féverole/Rouille/Ifv01033.JPG;Féverole;Rouille;Féverole_Rouille;Féverole;UROMVF;Uromyces fabae;Rouille;;train;Rouille;2024:04:20;13:33:52;                                    ;11;Féverole_Rouille
Ifv01034.JPG;../data/Bousset2_data/Images/Féverole/Rouille/Ifv01034.JPG;Féverole;Rouille;Féverole_Rouille;Féverole;UROMVF;Uromyces fabae;Rouille;;train;Rouille;2024:04:20;13:33:56;                                    ;11;Féverole_Rouille
Ifv01037.JPG;../data/Bousset2_data/Images/Féverole/Rouille/Ifv01037.JPG;Féverole;Rouille;Féverole_Rouille;Féverole;UROMVF;Uromyces fabae;Rouille;;train;Rouille;2024:04:20;13:34:35;                                    ;11;Féverole_Rouille
Ifv01038.JPG;../data/Bousset2_data/Images/Féverole/Rouille/Ifv01038.JPG;Féverole;Rouille;Féverole_Rouille;Féverole;UROMVF;Uromyces fabae;Rouille;;train;Rouille;2024:04:20;13:36:32;                                    ;11;Féverole_Rouille
Ifv01039.JPG;../data/Bousset2_data/Images/Féverole/Rouille/Ifv01039.JPG;Féverole;Rouille;Féverole_Rouille;Féverole;UROMVF;Uromyces fabae;Rouille;;train;Rouille;2024:04:20;13:36:35;                                    ;11;Féverole_Rouille
Ifv01040.JPG;../data/Bousset2_data/Images/Féverole/Rouille/Ifv01040.JPG;Féverole;Rouille;Féverole_Rouille;Féverole;UROMVF;Uromyces fabae;Rouille;;train;Rouille;2024:04:20;13:36:42;                                    ;11;Féverole_Rouille
Ifv01041.JPG;../data/Bousset2_data/Images/Féverole/Rouille/Ifv01041.JPG;Féverole;Rouille;Féverole_Rouille;Féverole;UROMVF;Uromyces fabae;Rouille;;train;Rouille;2024:04:20;13:37:06;                                    ;11;Féverole_Rouille
Ifv01042.JPG;../data/Bousset2_data/Images/Féverole/Rouille/Ifv01042.JPG;Féverole;Rouille;Féverole_Rouille;Féverole;UROMVF;Uromyces fabae;Rouille;;train;Rouille;2024:04:20;13:37:08;                                    ;11;Féverole_Rouille
Ifv01044.JPG;../data/Bousset2_data/Images/Féverole/Rouille/Ifv01044.JPG;Féverole;Rouille;Féverole_Rouille;Féverole;UROMVF;Uromyces fabae;Rouille;;train;Rouille;2024:04:20;13:43:24;                                    ;11;Féverole_Rouille
Ifv01045.JPG;../data/Bousset2_data/Images/Féverole/Rouille/Ifv01045.JPG;Féverole;Rouille;Féverole_Rouille;Féverole;UROMVF;Uromyces fabae;Rouille;;train;Rouille;2024:04:20;13:43:26;                                    ;11;Féverole_Rouille
Ifv01046.JPG;../data/Bousset2_data/Images/Féverole/Rouille/Ifv01046.JPG;Féverole;Rouille;Féverole_Rouille;Féverole;UROMVF;Uromyces fabae;Rouille;;train;Rouille;2024:04:20;13:43:29;                                    ;11;Féverole_Rouille
